20000 39998
1 1 2 2 5575 0
2 2 1 1 3615 0
1 1 3 3 5629 0
3 3 1 1 3691 0
1 1 4 4 5683 0
4 4 1 1 3767 0
1 1 5 5 5737 0
5 5 1 1 3843 0
1 1 6 6 5791 0
6 6 1 1 3919 0
1 1 7 7 5845 0
7 7 1 1 3995 0
1 1 8 8 5899 0
8 8 1 1 4071 0
1 1 9 9 5953 0
9 9 1 1 4147 0
1 1 10 10 6007 0
10 10 1 1 4223 0
1 1 11 11 6061 0
11 11 1 1 4299 0
1 1 12 12 6115 0
12 12 1 1 4375 0
1 1 13 13 6169 0
13 13 1 1 4451 0
1 1 14 14 6223 0
14 14 1 1 4527 0
1 1 15 15 6277 0
15 15 1 1 4603 0
1 1 16 16 6331 0
16 16 1 1 4679 0
1 1 17 17 6385 0
17 17 1 1 4755 0
1 1 18 18 6439 0
18 18 1 1 4831 0
1 1 19 19 6493 0
19 19 1 1 4907 0
1 1 20 20 6547 0
20 20 1 1 4983 0
1 1 21 21 6601 0
21 21 1 1 5059 0
1 1 22 22 6655 0
22 22 1 1 5135 0
1 1 23 23 6709 0
23 23 1 1 5211 0
1 1 24 24 6763 0
24 24 1 1 5287 0
1 1 25 25 6817 0
25 25 1 1 5363 0
1 1 26 26 6871 0
26 26 1 1 5439 0
1 1 27 27 6925 0
27 27 1 1 5515 0
1 1 28 28 6979 0
28 28 1 1 5591 0
1 1 29 29 7033 0
29 29 1 1 5667 0
1 1 30 30 7087 0
30 30 1 1 5743 0
1 1 31 31 7141 0
31 31 1 1 5819 0
1 1 32 32 7195 0
32 32 1 1 5895 0
1 1 33 33 7249 0
33 33 1 1 5971 0
1 1 34 34 7303 0
34 34 1 1 6047 0
1 1 35 35 7357 0
35 35 1 1 6123 0
1 1 36 36 7411 0
36 36 1 1 6199 0
1 1 37 37 7465 0
37 37 1 1 6275 0
1 1 38 38 7519 0
38 38 1 1 6351 0
1 1 39 39 7573 0
39 39 1 1 6427 0
1 1 40 40 7627 0
40 40 1 1 6503 0
1 1 41 41 7681 0
41 41 1 1 6579 0
1 1 42 42 7735 0
42 42 1 1 6655 0
1 1 43 43 7789 0
43 43 1 1 6731 0
1 1 44 44 7843 0
44 44 1 1 6807 0
1 1 45 45 7897 0
45 45 1 1 6883 0
1 1 46 46 7951 0
46 46 1 1 6959 0
1 1 47 47 8005 0
47 47 1 1 7035 0
1 1 48 48 8059 0
48 48 1 1 7111 0
1 1 49 49 8113 0
49 49 1 1 7187 0
1 1 50 50 8167 0
50 50 1 1 7263 0
1 1 51 51 8221 0
51 51 1 1 7339 0
1 1 52 52 8275 0
52 52 1 1 7415 0
1 1 53 53 8329 0
53 53 1 1 7491 0
1 1 54 54 8383 0
54 54 1 1 7567 0
1 1 55 55 8437 0
55 55 1 1 7643 0
1 1 56 56 8491 0
56 56 1 1 7719 0
1 1 57 57 8545 0
57 57 1 1 7795 0
1 1 58 58 8599 0
58 58 1 1 7871 0
1 1 59 59 8653 0
59 59 1 1 7947 0
1 1 60 60 8707 0
60 60 1 1 8023 0
1 1 61 61 8761 0
61 61 1 1 8099 0
1 1 62 62 8815 0
62 62 1 1 8175 0
1 1 63 63 8869 0
63 63 1 1 8251 0
1 1 64 64 8923 0
64 64 1 1 8327 0
1 1 65 65 8977 0
65 65 1 1 8403 0
1 1 66 66 9031 0
66 66 1 1 8479 0
1 1 67 67 9085 0
67 67 1 1 8555 0
1 1 68 68 9139 0
68 68 1 1 8631 0
1 1 69 69 9193 0
69 69 1 1 8707 0
1 1 70 70 9247 0
70 70 1 1 8783 0
1 1 71 71 9301 0
71 71 1 1 8859 0
1 1 72 72 9355 0
72 72 1 1 8935 0
1 1 73 73 9409 0
73 73 1 1 9011 0
1 1 74 74 9463 0
74 74 1 1 9087 0
1 1 75 75 9517 0
75 75 1 1 9163 0
1 1 76 76 9571 0
76 76 1 1 9239 0
1 1 77 77 9625 0
77 77 1 1 9315 0
1 1 78 78 9679 0
78 78 1 1 9391 0
1 1 79 79 9733 0
79 79 1 1 9467 0
1 1 80 80 9787 0
80 80 1 1 9543 0
1 1 81 81 9841 0
81 81 1 1 9619 0
1 1 82 82 9895 0
82 82 1 1 9695 0
1 1 83 83 9949 0
83 83 1 1 9771 0
1 1 84 84 10003 0
84 84 1 1 9847 0
1 1 85 85 10057 0
85 85 1 1 9923 0
1 1 86 86 10111 0
86 86 1 1 9999 0
1 1 87 87 10165 0
87 87 1 1 10075 0
1 1 88 88 10219 0
88 88 1 1 10151 0
1 1 89 89 10273 0
89 89 1 1 8180 0
1 1 90 90 10327 0
90 90 1 1 8256 0
1 1 91 91 10381 0
91 91 1 1 8332 0
1 1 92 92 10435 0
92 92 1 1 8408 0
1 1 93 93 10489 0
93 93 1 1 8484 0
1 1 94 94 10543 0
94 94 1 1 8560 0
1 1 95 95 10597 0
95 95 1 1 8636 0
1 1 96 96 10651 0
96 96 1 1 8712 0
1 1 97 97 9056 0
97 97 1 1 8788 0
1 1 98 98 9110 0
98 98 1 1 8864 0
1 1 99 99 9164 0
99 99 1 1 8940 0
1 1 100 100 9218 0
100 100 1 1 9016 0
1 1 101 101 9272 0
101 101 1 1 9092 0
1 1 102 102 9326 0
102 102 1 1 9168 0
1 1 103 103 9380 0
103 103 1 1 9244 0
1 1 104 104 9434 0
104 104 1 1 9320 0
1 1 105 105 9488 0
105 105 1 1 9396 0
1 1 106 106 9542 0
106 106 1 1 9472 0
1 1 107 107 9596 0
107 107 1 1 9548 0
1 1 108 108 9650 0
108 108 1 1 9624 0
1 1 109 109 9704 0
109 109 1 1 9700 0
1 1 110 110 9758 0
110 110 1 1 9776 0
1 1 111 111 9812 0
111 111 1 1 9852 0
1 1 112 112 9866 0
112 112 1 1 9928 0
1 1 113 113 9920 0
113 113 1 1 10004 0
1 1 114 114 9974 0
114 114 1 1 10080 0
1 1 115 115 10028 0
115 115 1 1 10156 0
1 1 116 116 10082 0
116 116 1 1 10232 0
1 1 117 117 10136 0
117 117 1 1 10308 0
1 1 118 118 10190 0
118 118 1 1 10384 0
1 1 119 119 10244 0
119 119 1 1 10460 0
1 1 120 120 10298 0
120 120 1 1 10536 0
1 1 121 121 10352 0
121 121 1 1 10612 0
1 1 122 122 10406 0
122 122 1 1 10688 0
1 1 123 123 10460 0
123 123 1 1 10764 0
1 1 124 124 10514 0
124 124 1 1 10840 0
1 1 125 125 10568 0
125 125 1 1 10916 0
1 1 126 126 10622 0
126 126 1 1 10992 0
1 1 127 127 10676 0
127 127 1 1 11068 0
1 1 128 128 10730 0
128 128 1 1 11144 0
1 1 129 129 10784 0
129 129 1 1 11220 0
1 1 130 130 10838 0
130 130 1 1 11296 0
1 1 131 131 10892 0
131 131 1 1 11372 0
1 1 132 132 10946 0
132 132 1 1 11448 0
1 1 133 133 11000 0
133 133 1 1 11524 0
1 1 134 134 11054 0
134 134 1 1 11600 0
1 1 135 135 11108 0
135 135 1 1 11676 0
1 1 136 136 11162 0
136 136 1 1 11752 0
1 1 137 137 11216 0
137 137 1 1 11828 0
1 1 138 138 11270 0
138 138 1 1 11904 0
1 1 139 139 11324 0
139 139 1 1 11980 0
1 1 140 140 11378 0
140 140 1 1 12056 0
1 1 141 141 11432 0
141 141 1 1 12132 0
1 1 142 142 11486 0
142 142 1 1 12208 0
1 1 143 143 11540 0
143 143 1 1 12284 0
1 1 144 144 11594 0
144 144 1 1 12360 0
1 1 145 145 11648 0
145 145 1 1 12436 0
1 1 146 146 11702 0
146 146 1 1 12512 0
1 1 147 147 11756 0
147 147 1 1 12588 0
1 1 148 148 11810 0
148 148 1 1 12664 0
1 1 149 149 11864 0
149 149 1 1 12740 0
1 1 150 150 11918 0
150 150 1 1 12816 0
1 1 151 151 11972 0
151 151 1 1 12892 0
1 1 152 152 12026 0
152 152 1 1 12968 0
1 1 153 153 12080 0
153 153 1 1 13044 0
1 1 154 154 12134 0
154 154 1 1 13120 0
1 1 155 155 12188 0
155 155 1 1 13196 0
1 1 156 156 12242 0
156 156 1 1 13272 0
1 1 157 157 12296 0
157 157 1 1 13348 0
1 1 158 158 12350 0
158 158 1 1 13424 0
1 1 159 159 12404 0
159 159 1 1 13500 0
1 1 160 160 12458 0
160 160 1 1 13576 0
1 1 161 161 12512 0
161 161 1 1 13652 0
1 1 162 162 12566 0
162 162 1 1 13728 0
1 1 163 163 12620 0
163 163 1 1 13804 0
1 1 164 164 12674 0
164 164 1 1 13880 0
1 1 165 165 12728 0
165 165 1 1 13956 0
1 1 166 166 12782 0
166 166 1 1 14032 0
1 1 167 167 12836 0
167 167 1 1 14108 0
1 1 168 168 12890 0
168 168 1 1 14184 0
1 1 169 169 12944 0
169 169 1 1 14260 0
1 1 170 170 12998 0
170 170 1 1 14336 0
1 1 171 171 13052 0
171 171 1 1 14412 0
1 1 172 172 13106 0
172 172 1 1 14488 0
1 1 173 173 13160 0
173 173 1 1 14564 0
1 1 174 174 13214 0
174 174 1 1 14640 0
1 1 175 175 13268 0
175 175 1 1 14716 0
1 1 176 176 13322 0
176 176 1 1 14792 0
1 1 177 177 13376 0
177 177 1 1 14868 0
1 1 178 178 13430 0
178 178 1 1 12897 0
1 1 179 179 13484 0
179 179 1 1 12973 0
1 1 180 180 13538 0
180 180 1 1 13049 0
1 1 181 181 13592 0
181 181 1 1 13125 0
1 1 182 182 13646 0
182 182 1 1 13201 0
1 1 183 183 13700 0
183 183 1 1 13277 0
1 1 184 184 13754 0
184 184 1 1 13353 0
1 1 185 185 13808 0
185 185 1 1 13429 0
1 1 186 186 13862 0
186 186 1 1 13505 0
1 1 187 187 13916 0
187 187 1 1 13581 0
1 1 188 188 13970 0
188 188 1 1 13657 0
1 1 189 189 14024 0
189 189 1 1 13733 0
1 1 190 190 14078 0
190 190 1 1 13809 0
1 1 191 191 14132 0
191 191 1 1 13885 0
1 1 192 192 14186 0
192 192 1 1 13961 0
1 1 193 193 14240 0
193 193 1 1 14037 0
1 1 194 194 12645 0
194 194 1 1 14113 0
1 1 195 195 12699 0
195 195 1 1 14189 0
1 1 196 196 12753 0
196 196 1 1 14265 0
1 1 197 197 12807 0
197 197 1 1 14341 0
1 1 198 198 12861 0
198 198 1 1 14417 0
1 1 199 199 12915 0
199 199 1 1 14493 0
1 1 200 200 12969 0
200 200 1 1 14569 0
1 1 201 201 13023 0
201 201 1 1 14645 0
1 1 202 202 13077 0
202 202 1 1 14721 0
1 1 203 203 13131 0
203 203 1 1 14797 0
1 1 204 204 13185 0
204 204 1 1 14873 0
1 1 205 205 13239 0
205 205 1 1 14949 0
1 1 206 206 13293 0
206 206 1 1 15025 0
1 1 207 207 13347 0
207 207 1 1 15101 0
1 1 208 208 13401 0
208 208 1 1 15177 0
1 1 209 209 13455 0
209 209 1 1 15253 0
1 1 210 210 13509 0
210 210 1 1 15329 0
1 1 211 211 13563 0
211 211 1 1 15405 0
1 1 212 212 13617 0
212 212 1 1 15481 0
1 1 213 213 13671 0
213 213 1 1 15557 0
1 1 214 214 13725 0
214 214 1 1 15633 0
1 1 215 215 13779 0
215 215 1 1 15709 0
1 1 216 216 13833 0
216 216 1 1 15785 0
1 1 217 217 13887 0
217 217 1 1 15861 0
1 1 218 218 13941 0
218 218 1 1 15937 0
1 1 219 219 13995 0
219 219 1 1 16013 0
1 1 220 220 14049 0
220 220 1 1 16089 0
1 1 221 221 14103 0
221 221 1 1 16165 0
1 1 222 222 14157 0
222 222 1 1 16241 0
1 1 223 223 14211 0
223 223 1 1 16317 0
1 1 224 224 14265 0
224 224 1 1 16393 0
1 1 225 225 14319 0
225 225 1 1 16469 0
1 1 226 226 14373 0
226 226 1 1 16545 0
1 1 227 227 14427 0
227 227 1 1 16621 0
1 1 228 228 14481 0
228 228 1 1 16697 0
1 1 229 229 14535 0
229 229 1 1 16773 0
1 1 230 230 14589 0
230 230 1 1 16849 0
1 1 231 231 14643 0
231 231 1 1 16925 0
1 1 232 232 14697 0
232 232 1 1 17001 0
1 1 233 233 14751 0
233 233 1 1 17077 0
1 1 234 234 14805 0
234 234 1 1 17153 0
1 1 235 235 14859 0
235 235 1 1 17229 0
1 1 236 236 14913 0
236 236 1 1 17305 0
1 1 237 237 14967 0
237 237 1 1 17381 0
1 1 238 238 15021 0
238 238 1 1 17457 0
1 1 239 239 15075 0
239 239 1 1 17533 0
1 1 240 240 15129 0
240 240 1 1 17609 0
1 1 241 241 15183 0
241 241 1 1 17685 0
1 1 242 242 15237 0
242 242 1 1 17761 0
1 1 243 243 15291 0
243 243 1 1 17837 0
1 1 244 244 15345 0
244 244 1 1 17913 0
1 1 245 245 15399 0
245 245 1 1 17989 0
1 1 246 246 15453 0
246 246 1 1 18065 0
1 1 247 247 15507 0
247 247 1 1 18141 0
1 1 248 248 15561 0
248 248 1 1 18217 0
1 1 249 249 15615 0
249 249 1 1 18293 0
1 1 250 250 15669 0
250 250 1 1 18369 0
1 1 251 251 15723 0
251 251 1 1 18445 0
1 1 252 252 15777 0
252 252 1 1 18521 0
1 1 253 253 15831 0
253 253 1 1 18597 0
1 1 254 254 15885 0
254 254 1 1 18673 0
1 1 255 255 15939 0
255 255 1 1 18749 0
1 1 256 256 15993 0
256 256 1 1 18825 0
1 1 257 257 16047 0
257 257 1 1 18901 0
1 1 258 258 16101 0
258 258 1 1 18977 0
1 1 259 259 16155 0
259 259 1 1 19053 0
1 1 260 260 16209 0
260 260 1 1 19129 0
1 1 261 261 16263 0
261 261 1 1 19205 0
1 1 262 262 16317 0
262 262 1 1 19281 0
1 1 263 263 16371 0
263 263 1 1 19357 0
1 1 264 264 16425 0
264 264 1 1 19433 0
1 1 265 265 16479 0
265 265 1 1 19509 0
1 1 266 266 16533 0
266 266 1 1 19585 0
1 1 267 267 16587 0
267 267 1 1 17614 0
1 1 268 268 16641 0
268 268 1 1 17690 0
1 1 269 269 16695 0
269 269 1 1 17766 0
1 1 270 270 16749 0
270 270 1 1 17842 0
1 1 271 271 16803 0
271 271 1 1 17918 0
1 1 272 272 16857 0
272 272 1 1 17994 0
1 1 273 273 16911 0
273 273 1 1 18070 0
1 1 274 274 16965 0
274 274 1 1 18146 0
1 1 275 275 17019 0
275 275 1 1 18222 0
1 1 276 276 17073 0
276 276 1 1 18298 0
1 1 277 277 17127 0
277 277 1 1 18374 0
1 1 278 278 17181 0
278 278 1 1 18450 0
1 1 279 279 17235 0
279 279 1 1 18526 0
1 1 280 280 17289 0
280 280 1 1 18602 0
1 1 281 281 17343 0
281 281 1 1 18678 0
1 1 282 282 17397 0
282 282 1 1 18754 0
1 1 283 283 17451 0
283 283 1 1 18830 0
1 1 284 284 17505 0
284 284 1 1 18906 0
1 1 285 285 17559 0
285 285 1 1 18982 0
1 1 286 286 17613 0
286 286 1 1 19058 0
1 1 287 287 17667 0
287 287 1 1 19134 0
1 1 288 288 17721 0
288 288 1 1 19210 0
1 1 289 289 17775 0
289 289 1 1 19286 0
1 1 290 290 17829 0
290 290 1 1 19362 0
1 1 291 291 16234 0
291 291 1 1 19438 0
1 1 292 292 16288 0
292 292 1 1 19514 0
1 1 293 293 16342 0
293 293 1 1 19590 0
1 1 294 294 16396 0
294 294 1 1 19666 0
1 1 295 295 16450 0
295 295 1 1 19742 0
1 1 296 296 16504 0
296 296 1 1 19818 0
1 1 297 297 16558 0
297 297 1 1 19894 0
1 1 298 298 16612 0
298 298 1 1 19970 0
1 1 299 299 16666 0
299 299 1 1 20046 0
1 1 300 300 16720 0
300 300 1 1 20122 0
1 1 301 301 16774 0
301 301 1 1 20198 0
1 1 302 302 16828 0
302 302 1 1 20274 0
1 1 303 303 16882 0
303 303 1 1 20350 0
1 1 304 304 16936 0
304 304 1 1 20426 0
1 1 305 305 16990 0
305 305 1 1 20502 0
1 1 306 306 17044 0
306 306 1 1 20578 0
1 1 307 307 17098 0
307 307 1 1 20654 0
1 1 308 308 17152 0
308 308 1 1 20730 0
1 1 309 309 17206 0
309 309 1 1 20806 0
1 1 310 310 17260 0
310 310 1 1 20882 0
1 1 311 311 17314 0
311 311 1 1 20958 0
1 1 312 312 17368 0
312 312 1 1 21034 0
1 1 313 313 17422 0
313 313 1 1 21110 0
1 1 314 314 17476 0
314 314 1 1 21186 0
1 1 315 315 17530 0
315 315 1 1 21262 0
1 1 316 316 17584 0
316 316 1 1 21338 0
1 1 317 317 17638 0
317 317 1 1 21414 0
1 1 318 318 17692 0
318 318 1 1 21490 0
1 1 319 319 17746 0
319 319 1 1 21566 0
1 1 320 320 17800 0
320 320 1 1 21642 0
1 1 321 321 17854 0
321 321 1 1 21718 0
1 1 322 322 17908 0
322 322 1 1 21794 0
1 1 323 323 17962 0
323 323 1 1 21870 0
1 1 324 324 18016 0
324 324 1 1 21946 0
1 1 325 325 18070 0
325 325 1 1 22022 0
1 1 326 326 18124 0
326 326 1 1 22098 0
1 1 327 327 18178 0
327 327 1 1 22174 0
1 1 328 328 18232 0
328 328 1 1 22250 0
1 1 329 329 18286 0
329 329 1 1 22326 0
1 1 330 330 18340 0
330 330 1 1 22402 0
1 1 331 331 18394 0
331 331 1 1 22478 0
1 1 332 332 18448 0
332 332 1 1 22554 0
1 1 333 333 18502 0
333 333 1 1 22630 0
1 1 334 334 18556 0
334 334 1 1 22706 0
1 1 335 335 18610 0
335 335 1 1 22782 0
1 1 336 336 18664 0
336 336 1 1 22858 0
1 1 337 337 18718 0
337 337 1 1 22934 0
1 1 338 338 18772 0
338 338 1 1 23010 0
1 1 339 339 18826 0
339 339 1 1 23086 0
1 1 340 340 18880 0
340 340 1 1 23162 0
1 1 341 341 18934 0
341 341 1 1 23238 0
1 1 342 342 18988 0
342 342 1 1 23314 0
1 1 343 343 19042 0
343 343 1 1 23390 0
1 1 344 344 19096 0
344 344 1 1 23466 0
1 1 345 345 19150 0
345 345 1 1 23542 0
1 1 346 346 19204 0
346 346 1 1 23618 0
1 1 347 347 19258 0
347 347 1 1 23694 0
1 1 348 348 19312 0
348 348 1 1 23770 0
1 1 349 349 19366 0
349 349 1 1 23846 0
1 1 350 350 19420 0
350 350 1 1 23922 0
1 1 351 351 19474 0
351 351 1 1 23998 0
1 1 352 352 19528 0
352 352 1 1 24074 0
1 1 353 353 19582 0
353 353 1 1 24150 0
1 1 354 354 19636 0
354 354 1 1 24226 0
1 1 355 355 19690 0
355 355 1 1 24302 0
1 1 356 356 19744 0
356 356 1 1 22331 0
1 1 357 357 19798 0
357 357 1 1 22407 0
1 1 358 358 19852 0
358 358 1 1 22483 0
1 1 359 359 19906 0
359 359 1 1 22559 0
1 1 360 360 19960 0
360 360 1 1 22635 0
1 1 361 361 20014 0
361 361 1 1 22711 0
1 1 362 362 20068 0
362 362 1 1 22787 0
1 1 363 363 20122 0
363 363 1 1 22863 0
1 1 364 364 20176 0
364 364 1 1 22939 0
1 1 365 365 20230 0
365 365 1 1 23015 0
1 1 366 366 20284 0
366 366 1 1 23091 0
1 1 367 367 20338 0
367 367 1 1 23167 0
1 1 368 368 20392 0
368 368 1 1 23243 0
1 1 369 369 20446 0
369 369 1 1 23319 0
1 1 370 370 20500 0
370 370 1 1 23395 0
1 1 371 371 20554 0
371 371 1 1 23471 0
1 1 372 372 20608 0
372 372 1 1 23547 0
1 1 373 373 20662 0
373 373 1 1 23623 0
1 1 374 374 20716 0
374 374 1 1 23699 0
1 1 375 375 20770 0
375 375 1 1 23775 0
1 1 376 376 20824 0
376 376 1 1 23851 0
1 1 377 377 20878 0
377 377 1 1 23927 0
1 1 378 378 20932 0
378 378 1 1 24003 0
1 1 379 379 20986 0
379 379 1 1 24079 0
1 1 380 380 21040 0
380 380 1 1 24155 0
1 1 381 381 21094 0
381 381 1 1 24231 0
1 1 382 382 21148 0
382 382 1 1 24307 0
1 1 383 383 21202 0
383 383 1 1 24383 0
1 1 384 384 21256 0
384 384 1 1 24459 0
1 1 385 385 21310 0
385 385 1 1 24535 0
1 1 386 386 21364 0
386 386 1 1 24611 0
1 1 387 387 21418 0
387 387 1 1 24687 0
1 1 388 388 19823 0
388 388 1 1 24763 0
1 1 389 389 19877 0
389 389 1 1 24839 0
1 1 390 390 19931 0
390 390 1 1 24915 0
1 1 391 391 19985 0
391 391 1 1 24991 0
1 1 392 392 20039 0
392 392 1 1 25067 0
1 1 393 393 20093 0
393 393 1 1 25143 0
1 1 394 394 20147 0
394 394 1 1 25219 0
1 1 395 395 20201 0
395 395 1 1 25295 0
1 1 396 396 20255 0
396 396 1 1 25371 0
1 1 397 397 20309 0
397 397 1 1 25447 0
1 1 398 398 20363 0
398 398 1 1 25523 0
1 1 399 399 20417 0
399 399 1 1 25599 0
1 1 400 400 20471 0
400 400 1 1 25675 0
1 1 401 401 20525 0
401 401 1 1 25751 0
1 1 402 402 20579 0
402 402 1 1 25827 0
1 1 403 403 20633 0
403 403 1 1 25903 0
1 1 404 404 20687 0
404 404 1 1 25979 0
1 1 405 405 20741 0
405 405 1 1 26055 0
1 1 406 406 20795 0
406 406 1 1 26131 0
1 1 407 407 20849 0
407 407 1 1 26207 0
1 1 408 408 20903 0
408 408 1 1 26283 0
1 1 409 409 20957 0
409 409 1 1 26359 0
1 1 410 410 21011 0
410 410 1 1 26435 0
1 1 411 411 21065 0
411 411 1 1 26511 0
1 1 412 412 21119 0
412 412 1 1 26587 0
1 1 413 413 21173 0
413 413 1 1 26663 0
1 1 414 414 21227 0
414 414 1 1 26739 0
1 1 415 415 21281 0
415 415 1 1 26815 0
1 1 416 416 21335 0
416 416 1 1 26891 0
1 1 417 417 21389 0
417 417 1 1 26967 0
1 1 418 418 21443 0
418 418 1 1 27043 0
1 1 419 419 21497 0
419 419 1 1 27119 0
1 1 420 420 21551 0
420 420 1 1 27195 0
1 1 421 421 21605 0
421 421 1 1 27271 0
1 1 422 422 21659 0
422 422 1 1 27347 0
1 1 423 423 21713 0
423 423 1 1 27423 0
1 1 424 424 21767 0
424 424 1 1 27499 0
1 1 425 425 21821 0
425 425 1 1 27575 0
1 1 426 426 21875 0
426 426 1 1 27651 0
1 1 427 427 21929 0
427 427 1 1 27727 0
1 1 428 428 21983 0
428 428 1 1 27803 0
1 1 429 429 22037 0
429 429 1 1 27879 0
1 1 430 430 22091 0
430 430 1 1 27955 0
1 1 431 431 22145 0
431 431 1 1 28031 0
1 1 432 432 22199 0
432 432 1 1 28107 0
1 1 433 433 22253 0
433 433 1 1 28183 0
1 1 434 434 22307 0
434 434 1 1 28259 0
1 1 435 435 22361 0
435 435 1 1 28335 0
1 1 436 436 22415 0
436 436 1 1 28411 0
1 1 437 437 22469 0
437 437 1 1 28487 0
1 1 438 438 22523 0
438 438 1 1 28563 0
1 1 439 439 22577 0
439 439 1 1 28639 0
1 1 440 440 22631 0
440 440 1 1 28715 0
1 1 441 441 22685 0
441 441 1 1 28791 0
1 1 442 442 22739 0
442 442 1 1 28867 0
1 1 443 443 22793 0
443 443 1 1 28943 0
1 1 444 444 22847 0
444 444 1 1 29019 0
1 1 445 445 22901 0
445 445 1 1 27048 0
1 1 446 446 22955 0
446 446 1 1 27124 0
1 1 447 447 23009 0
447 447 1 1 27200 0
1 1 448 448 23063 0
448 448 1 1 27276 0
1 1 449 449 23117 0
449 449 1 1 27352 0
1 1 450 450 23171 0
450 450 1 1 27428 0
1 1 451 451 23225 0
451 451 1 1 27504 0
1 1 452 452 23279 0
452 452 1 1 27580 0
1 1 453 453 23333 0
453 453 1 1 27656 0
1 1 454 454 23387 0
454 454 1 1 27732 0
1 1 455 455 23441 0
455 455 1 1 27808 0
1 1 456 456 23495 0
456 456 1 1 27884 0
1 1 457 457 23549 0
457 457 1 1 27960 0
1 1 458 458 23603 0
458 458 1 1 28036 0
1 1 459 459 23657 0
459 459 1 1 28112 0
1 1 460 460 23711 0
460 460 1 1 28188 0
1 1 461 461 23765 0
461 461 1 1 28264 0
1 1 462 462 23819 0
462 462 1 1 28340 0
1 1 463 463 23873 0
463 463 1 1 28416 0
1 1 464 464 23927 0
464 464 1 1 28492 0
1 1 465 465 23981 0
465 465 1 1 28568 0
1 1 466 466 24035 0
466 466 1 1 28644 0
1 1 467 467 24089 0
467 467 1 1 28720 0
1 1 468 468 24143 0
468 468 1 1 28796 0
1 1 469 469 24197 0
469 469 1 1 28872 0
1 1 470 470 24251 0
470 470 1 1 28948 0
1 1 471 471 24305 0
471 471 1 1 29024 0
1 1 472 472 24359 0
472 472 1 1 29100 0
1 1 473 473 24413 0
473 473 1 1 29176 0
1 1 474 474 24467 0
474 474 1 1 29252 0
1 1 475 475 24521 0
475 475 1 1 29328 0
1 1 476 476 24575 0
476 476 1 1 29404 0
1 1 477 477 24629 0
477 477 1 1 29480 0
1 1 478 478 24683 0
478 478 1 1 29556 0
1 1 479 479 24737 0
479 479 1 1 29632 0
1 1 480 480 24791 0
480 480 1 1 29708 0
1 1 481 481 24845 0
481 481 1 1 29784 0
1 1 482 482 24899 0
482 482 1 1 29860 0
1 1 483 483 24953 0
483 483 1 1 29936 0
1 1 484 484 25007 0
484 484 1 1 30012 0
1 1 485 485 23412 0
485 485 1 1 30088 0
1 1 486 486 23466 0
486 486 1 1 30164 0
1 1 487 487 23520 0
487 487 1 1 30240 0
1 1 488 488 23574 0
488 488 1 1 30316 0
1 1 489 489 23628 0
489 489 1 1 30392 0
1 1 490 490 23682 0
490 490 1 1 30468 0
1 1 491 491 23736 0
491 491 1 1 30544 0
1 1 492 492 23790 0
492 492 1 1 30620 0
1 1 493 493 23844 0
493 493 1 1 30696 0
1 1 494 494 23898 0
494 494 1 1 30772 0
1 1 495 495 23952 0
495 495 1 1 30848 0
1 1 496 496 24006 0
496 496 1 1 30924 0
1 1 497 497 24060 0
497 497 1 1 31000 0
1 1 498 498 24114 0
498 498 1 1 31076 0
1 1 499 499 24168 0
499 499 1 1 31152 0
1 1 500 500 24222 0
500 500 1 1 31228 0
1 1 501 501 24276 0
501 501 1 1 31304 0
1 1 502 502 24330 0
502 502 1 1 31380 0
1 1 503 503 24384 0
503 503 1 1 31456 0
1 1 504 504 24438 0
504 504 1 1 31532 0
1 1 505 505 24492 0
505 505 1 1 31608 0
1 1 506 506 24546 0
506 506 1 1 31684 0
1 1 507 507 24600 0
507 507 1 1 31760 0
1 1 508 508 24654 0
508 508 1 1 31836 0
1 1 509 509 24708 0
509 509 1 1 31912 0
1 1 510 510 24762 0
510 510 1 1 31988 0
1 1 511 511 24816 0
511 511 1 1 32064 0
1 1 512 512 24870 0
512 512 1 1 32140 0
1 1 513 513 24924 0
513 513 1 1 32216 0
1 1 514 514 24978 0
514 514 1 1 32292 0
1 1 515 515 25032 0
515 515 1 1 32368 0
1 1 516 516 25086 0
516 516 1 1 32444 0
1 1 517 517 25140 0
517 517 1 1 32520 0
1 1 518 518 25194 0
518 518 1 1 32596 0
1 1 519 519 25248 0
519 519 1 1 32672 0
1 1 520 520 25302 0
520 520 1 1 32748 0
1 1 521 521 25356 0
521 521 1 1 32824 0
1 1 522 522 25410 0
522 522 1 1 32900 0
1 1 523 523 25464 0
523 523 1 1 32976 0
1 1 524 524 25518 0
524 524 1 1 33052 0
1 1 525 525 25572 0
525 525 1 1 33128 0
1 1 526 526 25626 0
526 526 1 1 33204 0
1 1 527 527 25680 0
527 527 1 1 33280 0
1 1 528 528 25734 0
528 528 1 1 33356 0
1 1 529 529 25788 0
529 529 1 1 33432 0
1 1 530 530 25842 0
530 530 1 1 33508 0
1 1 531 531 25896 0
531 531 1 1 33584 0
1 1 532 532 25950 0
532 532 1 1 33660 0
1 1 533 533 26004 0
533 533 1 1 33736 0
1 1 534 534 26058 0
534 534 1 1 31765 0
1 1 535 535 26112 0
535 535 1 1 31841 0
1 1 536 536 26166 0
536 536 1 1 31917 0
1 1 537 537 26220 0
537 537 1 1 31993 0
1 1 538 538 26274 0
538 538 1 1 32069 0
1 1 539 539 26328 0
539 539 1 1 32145 0
1 1 540 540 26382 0
540 540 1 1 32221 0
1 1 541 541 26436 0
541 541 1 1 32297 0
1 1 542 542 26490 0
542 542 1 1 32373 0
1 1 543 543 26544 0
543 543 1 1 32449 0
1 1 544 544 26598 0
544 544 1 1 32525 0
1 1 545 545 26652 0
545 545 1 1 32601 0
1 1 546 546 26706 0
546 546 1 1 32677 0
1 1 547 547 26760 0
547 547 1 1 32753 0
1 1 548 548 26814 0
548 548 1 1 32829 0
1 1 549 549 26868 0
549 549 1 1 32905 0
1 1 550 550 26922 0
550 550 1 1 32981 0
1 1 551 551 26976 0
551 551 1 1 33057 0
1 1 552 552 27030 0
552 552 1 1 33133 0
1 1 553 553 27084 0
553 553 1 1 33209 0
1 1 554 554 27138 0
554 554 1 1 33285 0
1 1 555 555 27192 0
555 555 1 1 33361 0
1 1 556 556 27246 0
556 556 1 1 33437 0
1 1 557 557 27300 0
557 557 1 1 33513 0
1 1 558 558 27354 0
558 558 1 1 33589 0
1 1 559 559 27408 0
559 559 1 1 33665 0
1 1 560 560 27462 0
560 560 1 1 33741 0
1 1 561 561 27516 0
561 561 1 1 33817 0
1 1 562 562 27570 0
562 562 1 1 33893 0
1 1 563 563 27624 0
563 563 1 1 33969 0
1 1 564 564 27678 0
564 564 1 1 34045 0
1 1 565 565 27732 0
565 565 1 1 34121 0
1 1 566 566 27786 0
566 566 1 1 34197 0
1 1 567 567 27840 0
567 567 1 1 34273 0
1 1 568 568 27894 0
568 568 1 1 34349 0
1 1 569 569 27948 0
569 569 1 1 34425 0
1 1 570 570 28002 0
570 570 1 1 34501 0
1 1 571 571 28056 0
571 571 1 1 34577 0
1 1 572 572 28110 0
572 572 1 1 34653 0
1 1 573 573 28164 0
573 573 1 1 34729 0
1 1 574 574 28218 0
574 574 1 1 34805 0
1 1 575 575 28272 0
575 575 1 1 34881 0
1 1 576 576 28326 0
576 576 1 1 34957 0
1 1 577 577 28380 0
577 577 1 1 35033 0
1 1 578 578 28434 0
578 578 1 1 35109 0
1 1 579 579 28488 0
579 579 1 1 35185 0
1 1 580 580 28542 0
580 580 1 1 35261 0
1 1 581 581 28596 0
581 581 1 1 35337 0
1 1 582 582 27001 0
582 582 1 1 35413 0
1 1 583 583 27055 0
583 583 1 1 35489 0
1 1 584 584 27109 0
584 584 1 1 35565 0
1 1 585 585 27163 0
585 585 1 1 35641 0
1 1 586 586 27217 0
586 586 1 1 35717 0
1 1 587 587 27271 0
587 587 1 1 35793 0
1 1 588 588 27325 0
588 588 1 1 35869 0
1 1 589 589 27379 0
589 589 1 1 35945 0
1 1 590 590 27433 0
590 590 1 1 36021 0
1 1 591 591 27487 0
591 591 1 1 36097 0
1 1 592 592 27541 0
592 592 1 1 36173 0
1 1 593 593 27595 0
593 593 1 1 36249 0
1 1 594 594 27649 0
594 594 1 1 36325 0
1 1 595 595 27703 0
595 595 1 1 36401 0
1 1 596 596 27757 0
596 596 1 1 36477 0
1 1 597 597 27811 0
597 597 1 1 36553 0
1 1 598 598 27865 0
598 598 1 1 36629 0
1 1 599 599 27919 0
599 599 1 1 36705 0
1 1 600 600 27973 0
600 600 1 1 36781 0
1 1 601 601 28027 0
601 601 1 1 36857 0
1 1 602 602 28081 0
602 602 1 1 36933 0
1 1 603 603 28135 0
603 603 1 1 37009 0
1 1 604 604 28189 0
604 604 1 1 37085 0
1 1 605 605 28243 0
605 605 1 1 37161 0
1 1 606 606 28297 0
606 606 1 1 37237 0
1 1 607 607 28351 0
607 607 1 1 37313 0
1 1 608 608 28405 0
608 608 1 1 37389 0
1 1 609 609 28459 0
609 609 1 1 37465 0
1 1 610 610 28513 0
610 610 1 1 37541 0
1 1 611 611 28567 0
611 611 1 1 37617 0
1 1 612 612 28621 0
612 612 1 1 37693 0
1 1 613 613 28675 0
613 613 1 1 37769 0
1 1 614 614 28729 0
614 614 1 1 37845 0
1 1 615 615 28783 0
615 615 1 1 37921 0
1 1 616 616 28837 0
616 616 1 1 37997 0
1 1 617 617 28891 0
617 617 1 1 38073 0
1 1 618 618 28945 0
618 618 1 1 38149 0
1 1 619 619 28999 0
619 619 1 1 38225 0
1 1 620 620 29053 0
620 620 1 1 38301 0
1 1 621 621 29107 0
621 621 1 1 38377 0
1 1 622 622 29161 0
622 622 1 1 38453 0
1 1 623 623 29215 0
623 623 1 1 36482 0
1 1 624 624 29269 0
624 624 1 1 36558 0
1 1 625 625 29323 0
625 625 1 1 36634 0
1 1 626 626 29377 0
626 626 1 1 36710 0
1 1 627 627 29431 0
627 627 1 1 36786 0
1 1 628 628 29485 0
628 628 1 1 36862 0
1 1 629 629 29539 0
629 629 1 1 36938 0
1 1 630 630 29593 0
630 630 1 1 37014 0
1 1 631 631 29647 0
631 631 1 1 37090 0
1 1 632 632 29701 0
632 632 1 1 37166 0
1 1 633 633 29755 0
633 633 1 1 37242 0
1 1 634 634 29809 0
634 634 1 1 37318 0
1 1 635 635 29863 0
635 635 1 1 37394 0
1 1 636 636 29917 0
636 636 1 1 37470 0
1 1 637 637 29971 0
637 637 1 1 37546 0
1 1 638 638 30025 0
638 638 1 1 37622 0
1 1 639 639 30079 0
639 639 1 1 37698 0
1 1 640 640 30133 0
640 640 1 1 37774 0
1 1 641 641 30187 0
641 641 1 1 37850 0
1 1 642 642 30241 0
642 642 1 1 37926 0
1 1 643 643 30295 0
643 643 1 1 38002 0
1 1 644 644 30349 0
644 644 1 1 38078 0
1 1 645 645 30403 0
645 645 1 1 38154 0
1 1 646 646 30457 0
646 646 1 1 38230 0
1 1 647 647 30511 0
647 647 1 1 38306 0
1 1 648 648 30565 0
648 648 1 1 38382 0
1 1 649 649 30619 0
649 649 1 1 38458 0
1 1 650 650 30673 0
650 650 1 1 38534 0
1 1 651 651 30727 0
651 651 1 1 38610 0
1 1 652 652 30781 0
652 652 1 1 38686 0
1 1 653 653 30835 0
653 653 1 1 38762 0
1 1 654 654 30889 0
654 654 1 1 38838 0
1 1 655 655 30943 0
655 655 1 1 38914 0
1 1 656 656 30997 0
656 656 1 1 38990 0
1 1 657 657 31051 0
657 657 1 1 39066 0
1 1 658 658 31105 0
658 658 1 1 39142 0
1 1 659 659 31159 0
659 659 1 1 39218 0
1 1 660 660 31213 0
660 660 1 1 39294 0
1 1 661 661 31267 0
661 661 1 1 39370 0
1 1 662 662 31321 0
662 662 1 1 39446 0
1 1 663 663 31375 0
663 663 1 1 39522 0
1 1 664 664 31429 0
664 664 1 1 39598 0
1 1 665 665 31483 0
665 665 1 1 39674 0
1 1 666 666 31537 0
666 666 1 1 39750 0
1 1 667 667 31591 0
667 667 1 1 39826 0
1 1 668 668 31645 0
668 668 1 1 39902 0
1 1 669 669 31699 0
669 669 1 1 39978 0
1 1 670 670 31753 0
670 670 1 1 40054 0
1 1 671 671 31807 0
671 671 1 1 40130 0
1 1 672 672 31861 0
672 672 1 1 40206 0
1 1 673 673 31915 0
673 673 1 1 40282 0
1 1 674 674 31969 0
674 674 1 1 40358 0
1 1 675 675 32023 0
675 675 1 1 40434 0
1 1 676 676 32077 0
676 676 1 1 40510 0
1 1 677 677 32131 0
677 677 1 1 40586 0
1 1 678 678 32185 0
678 678 1 1 40662 0
1 1 679 679 30590 0
679 679 1 1 40738 0
1 1 680 680 30644 0
680 680 1 1 40814 0
1 1 681 681 30698 0
681 681 1 1 40890 0
1 1 682 682 30752 0
682 682 1 1 40966 0
1 1 683 683 30806 0
683 683 1 1 41042 0
1 1 684 684 30860 0
684 684 1 1 41118 0
1 1 685 685 30914 0
685 685 1 1 41194 0
1 1 686 686 30968 0
686 686 1 1 41270 0
1 1 687 687 31022 0
687 687 1 1 41346 0
1 1 688 688 31076 0
688 688 1 1 41422 0
1 1 689 689 31130 0
689 689 1 1 41498 0
1 1 690 690 31184 0
690 690 1 1 41574 0
1 1 691 691 31238 0
691 691 1 1 41650 0
1 1 692 692 31292 0
692 692 1 1 41726 0
1 1 693 693 31346 0
693 693 1 1 41802 0
1 1 694 694 31400 0
694 694 1 1 41878 0
1 1 695 695 31454 0
695 695 1 1 41954 0
1 1 696 696 31508 0
696 696 1 1 42030 0
1 1 697 697 31562 0
697 697 1 1 42106 0
1 1 698 698 31616 0
698 698 1 1 42182 0
1 1 699 699 31670 0
699 699 1 1 42258 0
1 1 700 700 31724 0
700 700 1 1 42334 0
1 1 701 701 31778 0
701 701 1 1 42410 0
1 1 702 702 31832 0
702 702 1 1 42486 0
1 1 703 703 31886 0
703 703 1 1 42562 0
1 1 704 704 31940 0
704 704 1 1 42638 0
1 1 705 705 31994 0
705 705 1 1 42714 0
1 1 706 706 32048 0
706 706 1 1 42790 0
1 1 707 707 32102 0
707 707 1 1 42866 0
1 1 708 708 32156 0
708 708 1 1 42942 0
1 1 709 709 32210 0
709 709 1 1 43018 0
1 1 710 710 32264 0
710 710 1 1 43094 0
1 1 711 711 32318 0
711 711 1 1 43170 0
1 1 712 712 32372 0
712 712 1 1 41199 0
1 1 713 713 32426 0
713 713 1 1 41275 0
1 1 714 714 32480 0
714 714 1 1 41351 0
1 1 715 715 32534 0
715 715 1 1 41427 0
1 1 716 716 32588 0
716 716 1 1 41503 0
1 1 717 717 32642 0
717 717 1 1 41579 0
1 1 718 718 32696 0
718 718 1 1 41655 0
1 1 719 719 32750 0
719 719 1 1 41731 0
1 1 720 720 32804 0
720 720 1 1 41807 0
1 1 721 721 32858 0
721 721 1 1 41883 0
1 1 722 722 32912 0
722 722 1 1 41959 0
1 1 723 723 32966 0
723 723 1 1 42035 0
1 1 724 724 33020 0
724 724 1 1 42111 0
1 1 725 725 33074 0
725 725 1 1 42187 0
1 1 726 726 33128 0
726 726 1 1 42263 0
1 1 727 727 33182 0
727 727 1 1 42339 0
1 1 728 728 33236 0
728 728 1 1 42415 0
1 1 729 729 33290 0
729 729 1 1 42491 0
1 1 730 730 33344 0
730 730 1 1 42567 0
1 1 731 731 33398 0
731 731 1 1 42643 0
1 1 732 732 33452 0
732 732 1 1 42719 0
1 1 733 733 33506 0
733 733 1 1 42795 0
1 1 734 734 33560 0
734 734 1 1 42871 0
1 1 735 735 33614 0
735 735 1 1 42947 0
1 1 736 736 33668 0
736 736 1 1 43023 0
1 1 737 737 33722 0
737 737 1 1 43099 0
1 1 738 738 33776 0
738 738 1 1 43175 0
1 1 739 739 33830 0
739 739 1 1 43251 0
1 1 740 740 33884 0
740 740 1 1 43327 0
1 1 741 741 33938 0
741 741 1 1 43403 0
1 1 742 742 33992 0
742 742 1 1 43479 0
1 1 743 743 34046 0
743 743 1 1 43555 0
1 1 744 744 34100 0
744 744 1 1 43631 0
1 1 745 745 34154 0
745 745 1 1 43707 0
1 1 746 746 34208 0
746 746 1 1 43783 0
1 1 747 747 34262 0
747 747 1 1 43859 0
1 1 748 748 34316 0
748 748 1 1 43935 0
1 1 749 749 34370 0
749 749 1 1 44011 0
1 1 750 750 34424 0
750 750 1 1 44087 0
1 1 751 751 34478 0
751 751 1 1 44163 0
1 1 752 752 34532 0
752 752 1 1 44239 0
1 1 753 753 34586 0
753 753 1 1 44315 0
1 1 754 754 34640 0
754 754 1 1 44391 0
1 1 755 755 34694 0
755 755 1 1 44467 0
1 1 756 756 34748 0
756 756 1 1 44543 0
1 1 757 757 34802 0
757 757 1 1 44619 0
1 1 758 758 34856 0
758 758 1 1 44695 0
1 1 759 759 34910 0
759 759 1 1 44771 0
1 1 760 760 34964 0
760 760 1 1 44847 0
1 1 761 761 35018 0
761 761 1 1 44923 0
1 1 762 762 35072 0
762 762 1 1 44999 0
1 1 763 763 35126 0
763 763 1 1 45075 0
1 1 764 764 35180 0
764 764 1 1 45151 0
1 1 765 765 35234 0
765 765 1 1 45227 0
1 1 766 766 35288 0
766 766 1 1 45303 0
1 1 767 767 35342 0
767 767 1 1 45379 0
1 1 768 768 35396 0
768 768 1 1 45455 0
1 1 769 769 35450 0
769 769 1 1 45531 0
1 1 770 770 35504 0
770 770 1 1 45607 0
1 1 771 771 35558 0
771 771 1 1 45683 0
1 1 772 772 35612 0
772 772 1 1 45759 0
1 1 773 773 35666 0
773 773 1 1 45835 0
1 1 774 774 35720 0
774 774 1 1 45911 0
1 1 775 775 35774 0
775 775 1 1 45987 0
1 1 776 776 34179 0
776 776 1 1 46063 0
1 1 777 777 34233 0
777 777 1 1 46139 0
1 1 778 778 34287 0
778 778 1 1 46215 0
1 1 779 779 34341 0
779 779 1 1 46291 0
1 1 780 780 34395 0
780 780 1 1 46367 0
1 1 781 781 34449 0
781 781 1 1 46443 0
1 1 782 782 34503 0
782 782 1 1 46519 0
1 1 783 783 34557 0
783 783 1 1 46595 0
1 1 784 784 34611 0
784 784 1 1 46671 0
1 1 785 785 34665 0
785 785 1 1 46747 0
1 1 786 786 34719 0
786 786 1 1 46823 0
1 1 787 787 34773 0
787 787 1 1 46899 0
1 1 788 788 34827 0
788 788 1 1 46975 0
1 1 789 789 34881 0
789 789 1 1 47051 0
1 1 790 790 34935 0
790 790 1 1 47127 0
1 1 791 791 34989 0
791 791 1 1 47203 0
1 1 792 792 35043 0
792 792 1 1 47279 0
1 1 793 793 35097 0
793 793 1 1 47355 0
1 1 794 794 35151 0
794 794 1 1 47431 0
1 1 795 795 35205 0
795 795 1 1 47507 0
1 1 796 796 35259 0
796 796 1 1 47583 0
1 1 797 797 35313 0
797 797 1 1 47659 0
1 1 798 798 35367 0
798 798 1 1 47735 0
1 1 799 799 35421 0
799 799 1 1 47811 0
1 1 800 800 35475 0
800 800 1 1 47887 0
1 1 801 801 35529 0
801 801 1 1 45916 0
1 1 802 802 35583 0
802 802 1 1 45992 0
1 1 803 803 35637 0
803 803 1 1 46068 0
1 1 804 804 35691 0
804 804 1 1 46144 0
1 1 805 805 35745 0
805 805 1 1 46220 0
1 1 806 806 35799 0
806 806 1 1 46296 0
1 1 807 807 35853 0
807 807 1 1 46372 0
1 1 808 808 35907 0
808 808 1 1 46448 0
1 1 809 809 35961 0
809 809 1 1 46524 0
1 1 810 810 36015 0
810 810 1 1 46600 0
1 1 811 811 36069 0
811 811 1 1 46676 0
1 1 812 812 36123 0
812 812 1 1 46752 0
1 1 813 813 36177 0
813 813 1 1 46828 0
1 1 814 814 36231 0
814 814 1 1 46904 0
1 1 815 815 36285 0
815 815 1 1 46980 0
1 1 816 816 36339 0
816 816 1 1 47056 0
1 1 817 817 36393 0
817 817 1 1 47132 0
1 1 818 818 36447 0
818 818 1 1 47208 0
1 1 819 819 36501 0
819 819 1 1 47284 0
1 1 820 820 36555 0
820 820 1 1 47360 0
1 1 821 821 36609 0
821 821 1 1 47436 0
1 1 822 822 36663 0
822 822 1 1 47512 0
1 1 823 823 36717 0
823 823 1 1 47588 0
1 1 824 824 36771 0
824 824 1 1 47664 0
1 1 825 825 36825 0
825 825 1 1 47740 0
1 1 826 826 36879 0
826 826 1 1 47816 0
1 1 827 827 36933 0
827 827 1 1 47892 0
1 1 828 828 36987 0
828 828 1 1 47968 0
1 1 829 829 37041 0
829 829 1 1 48044 0
1 1 830 830 37095 0
830 830 1 1 48120 0
1 1 831 831 37149 0
831 831 1 1 48196 0
1 1 832 832 37203 0
832 832 1 1 48272 0
1 1 833 833 37257 0
833 833 1 1 48348 0
1 1 834 834 37311 0
834 834 1 1 48424 0
1 1 835 835 37365 0
835 835 1 1 48500 0
1 1 836 836 37419 0
836 836 1 1 48576 0
1 1 837 837 37473 0
837 837 1 1 48652 0
1 1 838 838 37527 0
838 838 1 1 48728 0
1 1 839 839 37581 0
839 839 1 1 48804 0
1 1 840 840 37635 0
840 840 1 1 48880 0
1 1 841 841 37689 0
841 841 1 1 48956 0
1 1 842 842 37743 0
842 842 1 1 49032 0
1 1 843 843 37797 0
843 843 1 1 49108 0
1 1 844 844 37851 0
844 844 1 1 49184 0
1 1 845 845 37905 0
845 845 1 1 49260 0
1 1 846 846 37959 0
846 846 1 1 49336 0
1 1 847 847 38013 0
847 847 1 1 49412 0
1 1 848 848 38067 0
848 848 1 1 49488 0
1 1 849 849 38121 0
849 849 1 1 49564 0
1 1 850 850 38175 0
850 850 1 1 49640 0
1 1 851 851 38229 0
851 851 1 1 49716 0
1 1 852 852 38283 0
852 852 1 1 49792 0
1 1 853 853 38337 0
853 853 1 1 49868 0
1 1 854 854 38391 0
854 854 1 1 49944 0
1 1 855 855 38445 0
855 855 1 1 50020 0
1 1 856 856 38499 0
856 856 1 1 50096 0
1 1 857 857 38553 0
857 857 1 1 50172 0
1 1 858 858 38607 0
858 858 1 1 50248 0
1 1 859 859 38661 0
859 859 1 1 50324 0
1 1 860 860 38715 0
860 860 1 1 50400 0
1 1 861 861 38769 0
861 861 1 1 50476 0
1 1 862 862 38823 0
862 862 1 1 50552 0
1 1 863 863 38877 0
863 863 1 1 50628 0
1 1 864 864 38931 0
864 864 1 1 50704 0
1 1 865 865 38985 0
865 865 1 1 50780 0
1 1 866 866 39039 0
866 866 1 1 50856 0
1 1 867 867 39093 0
867 867 1 1 50932 0
1 1 868 868 39147 0
868 868 1 1 51008 0
1 1 869 869 39201 0
869 869 1 1 51084 0
1 1 870 870 39255 0
870 870 1 1 51160 0
1 1 871 871 39309 0
871 871 1 1 51236 0
1 1 872 872 39363 0
872 872 1 1 51312 0
1 1 873 873 37768 0
873 873 1 1 51388 0
1 1 874 874 37822 0
874 874 1 1 51464 0
1 1 875 875 37876 0
875 875 1 1 51540 0
1 1 876 876 37930 0
876 876 1 1 51616 0
1 1 877 877 37984 0
877 877 1 1 51692 0
1 1 878 878 38038 0
878 878 1 1 51768 0
1 1 879 879 38092 0
879 879 1 1 51844 0
1 1 880 880 38146 0
880 880 1 1 51920 0
1 1 881 881 38200 0
881 881 1 1 51996 0
1 1 882 882 38254 0
882 882 1 1 52072 0
1 1 883 883 38308 0
883 883 1 1 52148 0
1 1 884 884 38362 0
884 884 1 1 52224 0
1 1 885 885 38416 0
885 885 1 1 52300 0
1 1 886 886 38470 0
886 886 1 1 52376 0
1 1 887 887 38524 0
887 887 1 1 52452 0
1 1 888 888 38578 0
888 888 1 1 52528 0
1 1 889 889 38632 0
889 889 1 1 52604 0
1 1 890 890 38686 0
890 890 1 1 50633 0
1 1 891 891 38740 0
891 891 1 1 50709 0
1 1 892 892 38794 0
892 892 1 1 50785 0
1 1 893 893 38848 0
893 893 1 1 50861 0
1 1 894 894 38902 0
894 894 1 1 50937 0
1 1 895 895 38956 0
895 895 1 1 51013 0
1 1 896 896 39010 0
896 896 1 1 51089 0
1 1 897 897 39064 0
897 897 1 1 51165 0
1 1 898 898 39118 0
898 898 1 1 51241 0
1 1 899 899 39172 0
899 899 1 1 51317 0
1 1 900 900 39226 0
900 900 1 1 51393 0
1 1 901 901 39280 0
901 901 1 1 51469 0
1 1 902 902 39334 0
902 902 1 1 51545 0
1 1 903 903 39388 0
903 903 1 1 51621 0
1 1 904 904 39442 0
904 904 1 1 51697 0
1 1 905 905 39496 0
905 905 1 1 51773 0
1 1 906 906 39550 0
906 906 1 1 51849 0
1 1 907 907 39604 0
907 907 1 1 51925 0
1 1 908 908 39658 0
908 908 1 1 52001 0
1 1 909 909 39712 0
909 909 1 1 52077 0
1 1 910 910 39766 0
910 910 1 1 52153 0
1 1 911 911 39820 0
911 911 1 1 52229 0
1 1 912 912 39874 0
912 912 1 1 52305 0
1 1 913 913 39928 0
913 913 1 1 52381 0
1 1 914 914 39982 0
914 914 1 1 52457 0
1 1 915 915 40036 0
915 915 1 1 52533 0
1 1 916 916 40090 0
916 916 1 1 52609 0
1 1 917 917 40144 0
917 917 1 1 52685 0
1 1 918 918 40198 0
918 918 1 1 52761 0
1 1 919 919 40252 0
919 919 1 1 52837 0
1 1 920 920 40306 0
920 920 1 1 52913 0
1 1 921 921 40360 0
921 921 1 1 52989 0
1 1 922 922 40414 0
922 922 1 1 53065 0
1 1 923 923 40468 0
923 923 1 1 53141 0
1 1 924 924 40522 0
924 924 1 1 53217 0
1 1 925 925 40576 0
925 925 1 1 53293 0
1 1 926 926 40630 0
926 926 1 1 53369 0
1 1 927 927 40684 0
927 927 1 1 53445 0
1 1 928 928 40738 0
928 928 1 1 53521 0
1 1 929 929 40792 0
929 929 1 1 53597 0
1 1 930 930 40846 0
930 930 1 1 53673 0
1 1 931 931 40900 0
931 931 1 1 53749 0
1 1 932 932 40954 0
932 932 1 1 53825 0
1 1 933 933 41008 0
933 933 1 1 53901 0
1 1 934 934 41062 0
934 934 1 1 53977 0
1 1 935 935 41116 0
935 935 1 1 54053 0
1 1 936 936 41170 0
936 936 1 1 54129 0
1 1 937 937 41224 0
937 937 1 1 54205 0
1 1 938 938 41278 0
938 938 1 1 54281 0
1 1 939 939 41332 0
939 939 1 1 54357 0
1 1 940 940 41386 0
940 940 1 1 54433 0
1 1 941 941 41440 0
941 941 1 1 54509 0
1 1 942 942 41494 0
942 942 1 1 54585 0
1 1 943 943 41548 0
943 943 1 1 54661 0
1 1 944 944 41602 0
944 944 1 1 54737 0
1 1 945 945 41656 0
945 945 1 1 54813 0
1 1 946 946 41710 0
946 946 1 1 54889 0
1 1 947 947 41764 0
947 947 1 1 54965 0
1 1 948 948 41818 0
948 948 1 1 55041 0
1 1 949 949 41872 0
949 949 1 1 55117 0
1 1 950 950 41926 0
950 950 1 1 55193 0
1 1 951 951 41980 0
951 951 1 1 55269 0
1 1 952 952 42034 0
952 952 1 1 55345 0
1 1 953 953 42088 0
953 953 1 1 55421 0
1 1 954 954 42142 0
954 954 1 1 55497 0
1 1 955 955 42196 0
955 955 1 1 55573 0
1 1 956 956 42250 0
956 956 1 1 55649 0
1 1 957 957 42304 0
957 957 1 1 55725 0
1 1 958 958 42358 0
958 958 1 1 55801 0
1 1 959 959 42412 0
959 959 1 1 55877 0
1 1 960 960 42466 0
960 960 1 1 55953 0
1 1 961 961 42520 0
961 961 1 1 56029 0
1 1 962 962 42574 0
962 962 1 1 56105 0
1 1 963 963 42628 0
963 963 1 1 56181 0
1 1 964 964 42682 0
964 964 1 1 56257 0
1 1 965 965 42736 0
965 965 1 1 56333 0
1 1 966 966 42790 0
966 966 1 1 56409 0
1 1 967 967 42844 0
967 967 1 1 56485 0
1 1 968 968 42898 0
968 968 1 1 56561 0
1 1 969 969 42952 0
969 969 1 1 56637 0
1 1 970 970 41357 0
970 970 1 1 56713 0
1 1 971 971 41411 0
971 971 1 1 56789 0
1 1 972 972 41465 0
972 972 1 1 56865 0
1 1 973 973 41519 0
973 973 1 1 56941 0
1 1 974 974 41573 0
974 974 1 1 57017 0
1 1 975 975 41627 0
975 975 1 1 57093 0
1 1 976 976 41681 0
976 976 1 1 57169 0
1 1 977 977 41735 0
977 977 1 1 57245 0
1 1 978 978 41789 0
978 978 1 1 57321 0
1 1 979 979 41843 0
979 979 1 1 55350 0
1 1 980 980 41897 0
980 980 1 1 55426 0
1 1 981 981 41951 0
981 981 1 1 55502 0
1 1 982 982 42005 0
982 982 1 1 55578 0
1 1 983 983 42059 0
983 983 1 1 55654 0
1 1 984 984 42113 0
984 984 1 1 55730 0
1 1 985 985 42167 0
985 985 1 1 55806 0
1 1 986 986 42221 0
986 986 1 1 55882 0
1 1 987 987 42275 0
987 987 1 1 55958 0
1 1 988 988 42329 0
988 988 1 1 56034 0
1 1 989 989 42383 0
989 989 1 1 56110 0
1 1 990 990 42437 0
990 990 1 1 56186 0
1 1 991 991 42491 0
991 991 1 1 56262 0
1 1 992 992 42545 0
992 992 1 1 56338 0
1 1 993 993 42599 0
993 993 1 1 56414 0
1 1 994 994 42653 0
994 994 1 1 56490 0
1 1 995 995 42707 0
995 995 1 1 56566 0
1 1 996 996 42761 0
996 996 1 1 56642 0
1 1 997 997 42815 0
997 997 1 1 56718 0
1 1 998 998 42869 0
998 998 1 1 56794 0
1 1 999 999 42923 0
999 999 1 1 56870 0
1 1 1000 1000 42977 0
1000 1000 1 1 56946 0
1 1 1001 1001 43031 0
1001 1001 1 1 57022 0
1 1 1002 1002 43085 0
1002 1002 1 1 57098 0
1 1 1003 1003 43139 0
1003 1003 1 1 57174 0
1 1 1004 1004 43193 0
1004 1004 1 1 57250 0
1 1 1005 1005 43247 0
1005 1005 1 1 57326 0
1 1 1006 1006 43301 0
1006 1006 1 1 57402 0
1 1 1007 1007 43355 0
1007 1007 1 1 57478 0
1 1 1008 1008 43409 0
1008 1008 1 1 57554 0
1 1 1009 1009 43463 0
1009 1009 1 1 57630 0
1 1 1010 1010 43517 0
1010 1010 1 1 57706 0
1 1 1011 1011 43571 0
1011 1011 1 1 57782 0
1 1 1012 1012 43625 0
1012 1012 1 1 57858 0
1 1 1013 1013 43679 0
1013 1013 1 1 57934 0
1 1 1014 1014 43733 0
1014 1014 1 1 58010 0
1 1 1015 1015 43787 0
1015 1015 1 1 58086 0
1 1 1016 1016 43841 0
1016 1016 1 1 58162 0
1 1 1017 1017 43895 0
1017 1017 1 1 58238 0
1 1 1018 1018 43949 0
1018 1018 1 1 58314 0
1 1 1019 1019 44003 0
1019 1019 1 1 58390 0
1 1 1020 1020 44057 0
1020 1020 1 1 58466 0
1 1 1021 1021 44111 0
1021 1021 1 1 58542 0
1 1 1022 1022 44165 0
1022 1022 1 1 58618 0
1 1 1023 1023 44219 0
1023 1023 1 1 58694 0
1 1 1024 1024 44273 0
1024 1024 1 1 58770 0
1 1 1025 1025 44327 0
1025 1025 1 1 58846 0
1 1 1026 1026 44381 0
1026 1026 1 1 58922 0
1 1 1027 1027 44435 0
1027 1027 1 1 58998 0
1 1 1028 1028 44489 0
1028 1028 1 1 59074 0
1 1 1029 1029 44543 0
1029 1029 1 1 59150 0
1 1 1030 1030 44597 0
1030 1030 1 1 59226 0
1 1 1031 1031 44651 0
1031 1031 1 1 59302 0
1 1 1032 1032 44705 0
1032 1032 1 1 59378 0
1 1 1033 1033 44759 0
1033 1033 1 1 59454 0
1 1 1034 1034 44813 0
1034 1034 1 1 59530 0
1 1 1035 1035 44867 0
1035 1035 1 1 59606 0
1 1 1036 1036 44921 0
1036 1036 1 1 59682 0
1 1 1037 1037 44975 0
1037 1037 1 1 59758 0
1 1 1038 1038 45029 0
1038 1038 1 1 59834 0
1 1 1039 1039 45083 0
1039 1039 1 1 59910 0
1 1 1040 1040 45137 0
1040 1040 1 1 59986 0
1 1 1041 1041 45191 0
1041 1041 1 1 60062 0
1 1 1042 1042 45245 0
1042 1042 1 1 60138 0
1 1 1043 1043 45299 0
1043 1043 1 1 60214 0
1 1 1044 1044 45353 0
1044 1044 1 1 60290 0
1 1 1045 1045 45407 0
1045 1045 1 1 60366 0
1 1 1046 1046 45461 0
1046 1046 1 1 60442 0
1 1 1047 1047 45515 0
1047 1047 1 1 60518 0
1 1 1048 1048 45569 0
1048 1048 1 1 60594 0
1 1 1049 1049 45623 0
1049 1049 1 1 60670 0
1 1 1050 1050 45677 0
1050 1050 1 1 60746 0
1 1 1051 1051 45731 0
1051 1051 1 1 60822 0
1 1 1052 1052 45785 0
1052 1052 1 1 60898 0
1 1 1053 1053 45839 0
1053 1053 1 1 60974 0
1 1 1054 1054 45893 0
1054 1054 1 1 61050 0
1 1 1055 1055 45947 0
1055 1055 1 1 61126 0
1 1 1056 1056 46001 0
1056 1056 1 1 61202 0
1 1 1057 1057 46055 0
1057 1057 1 1 61278 0
1 1 1058 1058 46109 0
1058 1058 1 1 61354 0
1 1 1059 1059 46163 0
1059 1059 1 1 61430 0
1 1 1060 1060 46217 0
1060 1060 1 1 61506 0
1 1 1061 1061 46271 0
1061 1061 1 1 61582 0
1 1 1062 1062 46325 0
1062 1062 1 1 61658 0
1 1 1063 1063 46379 0
1063 1063 1 1 61734 0
1 1 1064 1064 46433 0
1064 1064 1 1 61810 0
1 1 1065 1065 46487 0
1065 1065 1 1 61886 0
1 1 1066 1066 46541 0
1066 1066 1 1 61962 0
1 1 1067 1067 44946 0
1067 1067 1 1 62038 0
1 1 1068 1068 45000 0
1068 1068 1 1 60067 0
1 1 1069 1069 45054 0
1069 1069 1 1 60143 0
1 1 1070 1070 45108 0
1070 1070 1 1 60219 0
1 1 1071 1071 45162 0
1071 1071 1 1 60295 0
1 1 1072 1072 45216 0
1072 1072 1 1 60371 0
1 1 1073 1073 45270 0
1073 1073 1 1 60447 0
1 1 1074 1074 45324 0
1074 1074 1 1 60523 0
1 1 1075 1075 45378 0
1075 1075 1 1 60599 0
1 1 1076 1076 45432 0
1076 1076 1 1 60675 0
1 1 1077 1077 45486 0
1077 1077 1 1 60751 0
1 1 1078 1078 45540 0
1078 1078 1 1 60827 0
1 1 1079 1079 45594 0
1079 1079 1 1 60903 0
1 1 1080 1080 45648 0
1080 1080 1 1 60979 0
1 1 1081 1081 45702 0
1081 1081 1 1 61055 0
1 1 1082 1082 45756 0
1082 1082 1 1 61131 0
1 1 1083 1083 45810 0
1083 1083 1 1 61207 0
1 1 1084 1084 45864 0
1084 1084 1 1 61283 0
1 1 1085 1085 45918 0
1085 1085 1 1 61359 0
1 1 1086 1086 45972 0
1086 1086 1 1 61435 0
1 1 1087 1087 46026 0
1087 1087 1 1 61511 0
1 1 1088 1088 46080 0
1088 1088 1 1 61587 0
1 1 1089 1089 46134 0
1089 1089 1 1 61663 0
1 1 1090 1090 46188 0
1090 1090 1 1 61739 0
1 1 1091 1091 46242 0
1091 1091 1 1 61815 0
1 1 1092 1092 46296 0
1092 1092 1 1 61891 0
1 1 1093 1093 46350 0
1093 1093 1 1 61967 0
1 1 1094 1094 46404 0
1094 1094 1 1 62043 0
1 1 1095 1095 46458 0
1095 1095 1 1 62119 0
1 1 1096 1096 46512 0
1096 1096 1 1 62195 0
1 1 1097 1097 46566 0
1097 1097 1 1 62271 0
1 1 1098 1098 46620 0
1098 1098 1 1 62347 0
1 1 1099 1099 46674 0
1099 1099 1 1 62423 0
1 1 1100 1100 46728 0
1100 1100 1 1 62499 0
1 1 1101 1101 46782 0
1101 1101 1 1 62575 0
1 1 1102 1102 46836 0
1102 1102 1 1 62651 0
1 1 1103 1103 46890 0
1103 1103 1 1 62727 0
1 1 1104 1104 46944 0
1104 1104 1 1 62803 0
1 1 1105 1105 46998 0
1105 1105 1 1 62879 0
1 1 1106 1106 47052 0
1106 1106 1 1 62955 0
1 1 1107 1107 47106 0
1107 1107 1 1 63031 0
1 1 1108 1108 47160 0
1108 1108 1 1 63107 0
1 1 1109 1109 47214 0
1109 1109 1 1 63183 0
1 1 1110 1110 47268 0
1110 1110 1 1 63259 0
1 1 1111 1111 47322 0
1111 1111 1 1 63335 0
1 1 1112 1112 47376 0
1112 1112 1 1 63411 0
1 1 1113 1113 47430 0
1113 1113 1 1 63487 0
1 1 1114 1114 47484 0
1114 1114 1 1 63563 0
1 1 1115 1115 47538 0
1115 1115 1 1 63639 0
1 1 1116 1116 47592 0
1116 1116 1 1 63715 0
1 1 1117 1117 47646 0
1117 1117 1 1 63791 0
1 1 1118 1118 47700 0
1118 1118 1 1 63867 0
1 1 1119 1119 47754 0
1119 1119 1 1 63943 0
1 1 1120 1120 47808 0
1120 1120 1 1 64019 0
1 1 1121 1121 47862 0
1121 1121 1 1 64095 0
1 1 1122 1122 47916 0
1122 1122 1 1 64171 0
1 1 1123 1123 47970 0
1123 1123 1 1 64247 0
1 1 1124 1124 48024 0
1124 1124 1 1 64323 0
1 1 1125 1125 48078 0
1125 1125 1 1 64399 0
1 1 1126 1126 48132 0
1126 1126 1 1 64475 0
1 1 1127 1127 48186 0
1127 1127 1 1 64551 0
1 1 1128 1128 48240 0
1128 1128 1 1 64627 0
1 1 1129 1129 48294 0
1129 1129 1 1 64703 0
1 1 1130 1130 48348 0
1130 1130 1 1 64779 0
1 1 1131 1131 48402 0
1131 1131 1 1 64855 0
1 1 1132 1132 48456 0
1132 1132 1 1 64931 0
1 1 1133 1133 48510 0
1133 1133 1 1 65007 0
1 1 1134 1134 48564 0
1134 1134 1 1 65083 0
1 1 1135 1135 48618 0
1135 1135 1 1 65159 0
1 1 1136 1136 48672 0
1136 1136 1 1 65235 0
1 1 1137 1137 48726 0
1137 1137 1 1 65311 0
1 1 1138 1138 48780 0
1138 1138 1 1 65387 0
1 1 1139 1139 48834 0
1139 1139 1 1 65463 0
1 1 1140 1140 48888 0
1140 1140 1 1 65539 0
1 1 1141 1141 48942 0
1141 1141 1 1 65615 0
1 1 1142 1142 48996 0
1142 1142 1 1 65691 0
1 1 1143 1143 49050 0
1143 1143 1 1 65767 0
1 1 1144 1144 49104 0
1144 1144 1 1 65843 0
1 1 1145 1145 49158 0
1145 1145 1 1 65919 0
1 1 1146 1146 49212 0
1146 1146 1 1 65995 0
1 1 1147 1147 49266 0
1147 1147 1 1 66071 0
1 1 1148 1148 49320 0
1148 1148 1 1 66147 0
1 1 1149 1149 49374 0
1149 1149 1 1 66223 0
1 1 1150 1150 49428 0
1150 1150 1 1 66299 0
1 1 1151 1151 49482 0
1151 1151 1 1 66375 0
1 1 1152 1152 49536 0
1152 1152 1 1 66451 0
1 1 1153 1153 49590 0
1153 1153 1 1 66527 0
1 1 1154 1154 49644 0
1154 1154 1 1 66603 0
1 1 1155 1155 49698 0
1155 1155 1 1 66679 0
1 1 1156 1156 49752 0
1156 1156 1 1 66755 0
1 1 1157 1157 49806 0
1157 1157 1 1 64784 0
1 1 1158 1158 49860 0
1158 1158 1 1 64860 0
1 1 1159 1159 49914 0
1159 1159 1 1 64936 0
1 1 1160 1160 49968 0
1160 1160 1 1 65012 0
1 1 1161 1161 50022 0
1161 1161 1 1 65088 0
1 1 1162 1162 50076 0
1162 1162 1 1 65164 0
1 1 1163 1163 50130 0
1163 1163 1 1 65240 0
1 1 1164 1164 48535 0
1164 1164 1 1 65316 0
1 1 1165 1165 48589 0
1165 1165 1 1 65392 0
1 1 1166 1166 48643 0
1166 1166 1 1 65468 0
1 1 1167 1167 48697 0
1167 1167 1 1 65544 0
1 1 1168 1168 48751 0
1168 1168 1 1 65620 0
1 1 1169 1169 48805 0
1169 1169 1 1 65696 0
1 1 1170 1170 48859 0
1170 1170 1 1 65772 0
1 1 1171 1171 48913 0
1171 1171 1 1 65848 0
1 1 1172 1172 48967 0
1172 1172 1 1 65924 0
1 1 1173 1173 49021 0
1173 1173 1 1 66000 0
1 1 1174 1174 49075 0
1174 1174 1 1 66076 0
1 1 1175 1175 49129 0
1175 1175 1 1 66152 0
1 1 1176 1176 49183 0
1176 1176 1 1 66228 0
1 1 1177 1177 49237 0
1177 1177 1 1 66304 0
1 1 1178 1178 49291 0
1178 1178 1 1 66380 0
1 1 1179 1179 49345 0
1179 1179 1 1 66456 0
1 1 1180 1180 49399 0
1180 1180 1 1 66532 0
1 1 1181 1181 49453 0
1181 1181 1 1 66608 0
1 1 1182 1182 49507 0
1182 1182 1 1 66684 0
1 1 1183 1183 49561 0
1183 1183 1 1 66760 0
1 1 1184 1184 49615 0
1184 1184 1 1 66836 0
1 1 1185 1185 49669 0
1185 1185 1 1 66912 0
1 1 1186 1186 49723 0
1186 1186 1 1 66988 0
1 1 1187 1187 49777 0
1187 1187 1 1 67064 0
1 1 1188 1188 49831 0
1188 1188 1 1 67140 0
1 1 1189 1189 49885 0
1189 1189 1 1 67216 0
1 1 1190 1190 49939 0
1190 1190 1 1 67292 0
1 1 1191 1191 49993 0
1191 1191 1 1 67368 0
1 1 1192 1192 50047 0
1192 1192 1 1 67444 0
1 1 1193 1193 50101 0
1193 1193 1 1 67520 0
1 1 1194 1194 50155 0
1194 1194 1 1 67596 0
1 1 1195 1195 50209 0
1195 1195 1 1 67672 0
1 1 1196 1196 50263 0
1196 1196 1 1 67748 0
1 1 1197 1197 50317 0
1197 1197 1 1 67824 0
1 1 1198 1198 50371 0
1198 1198 1 1 67900 0
1 1 1199 1199 50425 0
1199 1199 1 1 67976 0
1 1 1200 1200 50479 0
1200 1200 1 1 68052 0
1 1 1201 1201 50533 0
1201 1201 1 1 68128 0
1 1 1202 1202 50587 0
1202 1202 1 1 68204 0
1 1 1203 1203 50641 0
1203 1203 1 1 68280 0
1 1 1204 1204 50695 0
1204 1204 1 1 68356 0
1 1 1205 1205 50749 0
1205 1205 1 1 68432 0
1 1 1206 1206 50803 0
1206 1206 1 1 68508 0
1 1 1207 1207 50857 0
1207 1207 1 1 68584 0
1 1 1208 1208 50911 0
1208 1208 1 1 68660 0
1 1 1209 1209 50965 0
1209 1209 1 1 68736 0
1 1 1210 1210 51019 0
1210 1210 1 1 68812 0
1 1 1211 1211 51073 0
1211 1211 1 1 68888 0
1 1 1212 1212 51127 0
1212 1212 1 1 68964 0
1 1 1213 1213 51181 0
1213 1213 1 1 69040 0
1 1 1214 1214 51235 0
1214 1214 1 1 69116 0
1 1 1215 1215 51289 0
1215 1215 1 1 69192 0
1 1 1216 1216 51343 0
1216 1216 1 1 69268 0
1 1 1217 1217 51397 0
1217 1217 1 1 69344 0
1 1 1218 1218 51451 0
1218 1218 1 1 69420 0
1 1 1219 1219 51505 0
1219 1219 1 1 69496 0
1 1 1220 1220 51559 0
1220 1220 1 1 69572 0
1 1 1221 1221 51613 0
1221 1221 1 1 69648 0
1 1 1222 1222 51667 0
1222 1222 1 1 69724 0
1 1 1223 1223 51721 0
1223 1223 1 1 69800 0
1 1 1224 1224 51775 0
1224 1224 1 1 69876 0
1 1 1225 1225 51829 0
1225 1225 1 1 69952 0
1 1 1226 1226 51883 0
1226 1226 1 1 70028 0
1 1 1227 1227 51937 0
1227 1227 1 1 70104 0
1 1 1228 1228 51991 0
1228 1228 1 1 70180 0
1 1 1229 1229 52045 0
1229 1229 1 1 70256 0
1 1 1230 1230 52099 0
1230 1230 1 1 70332 0
1 1 1231 1231 52153 0
1231 1231 1 1 70408 0
1 1 1232 1232 52207 0
1232 1232 1 1 70484 0
1 1 1233 1233 52261 0
1233 1233 1 1 70560 0
1 1 1234 1234 52315 0
1234 1234 1 1 70636 0
1 1 1235 1235 52369 0
1235 1235 1 1 70712 0
1 1 1236 1236 52423 0
1236 1236 1 1 70788 0
1 1 1237 1237 52477 0
1237 1237 1 1 70864 0
1 1 1238 1238 52531 0
1238 1238 1 1 70940 0
1 1 1239 1239 52585 0
1239 1239 1 1 71016 0
1 1 1240 1240 52639 0
1240 1240 1 1 71092 0
1 1 1241 1241 52693 0
1241 1241 1 1 71168 0
1 1 1242 1242 52747 0
1242 1242 1 1 71244 0
1 1 1243 1243 52801 0
1243 1243 1 1 71320 0
1 1 1244 1244 52855 0
1244 1244 1 1 71396 0
1 1 1245 1245 52909 0
1245 1245 1 1 71472 0
1 1 1246 1246 52963 0
1246 1246 1 1 69501 0
1 1 1247 1247 53017 0
1247 1247 1 1 69577 0
1 1 1248 1248 53071 0
1248 1248 1 1 69653 0
1 1 1249 1249 53125 0
1249 1249 1 1 69729 0
1 1 1250 1250 53179 0
1250 1250 1 1 69805 0
1 1 1251 1251 53233 0
1251 1251 1 1 69881 0
1 1 1252 1252 53287 0
1252 1252 1 1 69957 0
1 1 1253 1253 53341 0
1253 1253 1 1 70033 0
1 1 1254 1254 53395 0
1254 1254 1 1 70109 0
1 1 1255 1255 53449 0
1255 1255 1 1 70185 0
1 1 1256 1256 53503 0
1256 1256 1 1 70261 0
1 1 1257 1257 53557 0
1257 1257 1 1 70337 0
1 1 1258 1258 53611 0
1258 1258 1 1 70413 0
1 1 1259 1259 53665 0
1259 1259 1 1 70489 0
1 1 1260 1260 53719 0
1260 1260 1 1 70565 0
1 1 1261 1261 52124 0
1261 1261 1 1 70641 0
1 1 1262 1262 52178 0
1262 1262 1 1 70717 0
1 1 1263 1263 52232 0
1263 1263 1 1 70793 0
1 1 1264 1264 52286 0
1264 1264 1 1 70869 0
1 1 1265 1265 52340 0
1265 1265 1 1 70945 0
1 1 1266 1266 52394 0
1266 1266 1 1 71021 0
1 1 1267 1267 52448 0
1267 1267 1 1 71097 0
1 1 1268 1268 52502 0
1268 1268 1 1 71173 0
1 1 1269 1269 52556 0
1269 1269 1 1 71249 0
1 1 1270 1270 52610 0
1270 1270 1 1 71325 0
1 1 1271 1271 52664 0
1271 1271 1 1 71401 0
1 1 1272 1272 52718 0
1272 1272 1 1 71477 0
1 1 1273 1273 52772 0
1273 1273 1 1 71553 0
1 1 1274 1274 52826 0
1274 1274 1 1 71629 0
1 1 1275 1275 52880 0
1275 1275 1 1 71705 0
1 1 1276 1276 52934 0
1276 1276 1 1 71781 0
1 1 1277 1277 52988 0
1277 1277 1 1 71857 0
1 1 1278 1278 53042 0
1278 1278 1 1 71933 0
1 1 1279 1279 53096 0
1279 1279 1 1 72009 0
1 1 1280 1280 53150 0
1280 1280 1 1 72085 0
1 1 1281 1281 53204 0
1281 1281 1 1 72161 0
1 1 1282 1282 53258 0
1282 1282 1 1 72237 0
1 1 1283 1283 53312 0
1283 1283 1 1 72313 0
1 1 1284 1284 53366 0
1284 1284 1 1 72389 0
1 1 1285 1285 53420 0
1285 1285 1 1 72465 0
1 1 1286 1286 53474 0
1286 1286 1 1 72541 0
1 1 1287 1287 53528 0
1287 1287 1 1 72617 0
1 1 1288 1288 53582 0
1288 1288 1 1 72693 0
1 1 1289 1289 53636 0
1289 1289 1 1 72769 0
1 1 1290 1290 53690 0
1290 1290 1 1 72845 0
1 1 1291 1291 53744 0
1291 1291 1 1 72921 0
1 1 1292 1292 53798 0
1292 1292 1 1 72997 0
1 1 1293 1293 53852 0
1293 1293 1 1 73073 0
1 1 1294 1294 53906 0
1294 1294 1 1 73149 0
1 1 1295 1295 53960 0
1295 1295 1 1 73225 0
1 1 1296 1296 54014 0
1296 1296 1 1 73301 0
1 1 1297 1297 54068 0
1297 1297 1 1 73377 0
1 1 1298 1298 54122 0
1298 1298 1 1 73453 0
1 1 1299 1299 54176 0
1299 1299 1 1 73529 0
1 1 1300 1300 54230 0
1300 1300 1 1 73605 0
1 1 1301 1301 54284 0
1301 1301 1 1 73681 0
1 1 1302 1302 54338 0
1302 1302 1 1 73757 0
1 1 1303 1303 54392 0
1303 1303 1 1 73833 0
1 1 1304 1304 54446 0
1304 1304 1 1 73909 0
1 1 1305 1305 54500 0
1305 1305 1 1 73985 0
1 1 1306 1306 54554 0
1306 1306 1 1 74061 0
1 1 1307 1307 54608 0
1307 1307 1 1 74137 0
1 1 1308 1308 54662 0
1308 1308 1 1 74213 0
1 1 1309 1309 54716 0
1309 1309 1 1 74289 0
1 1 1310 1310 54770 0
1310 1310 1 1 74365 0
1 1 1311 1311 54824 0
1311 1311 1 1 74441 0
1 1 1312 1312 54878 0
1312 1312 1 1 74517 0
1 1 1313 1313 54932 0
1313 1313 1 1 74593 0
1 1 1314 1314 54986 0
1314 1314 1 1 74669 0
1 1 1315 1315 55040 0
1315 1315 1 1 74745 0
1 1 1316 1316 55094 0
1316 1316 1 1 74821 0
1 1 1317 1317 55148 0
1317 1317 1 1 74897 0
1 1 1318 1318 55202 0
1318 1318 1 1 74973 0
1 1 1319 1319 55256 0
1319 1319 1 1 75049 0
1 1 1320 1320 55310 0
1320 1320 1 1 75125 0
1 1 1321 1321 55364 0
1321 1321 1 1 75201 0
1 1 1322 1322 55418 0
1322 1322 1 1 75277 0
1 1 1323 1323 55472 0
1323 1323 1 1 75353 0
1 1 1324 1324 55526 0
1324 1324 1 1 75429 0
1 1 1325 1325 55580 0
1325 1325 1 1 75505 0
1 1 1326 1326 55634 0
1326 1326 1 1 75581 0
1 1 1327 1327 55688 0
1327 1327 1 1 75657 0
1 1 1328 1328 55742 0
1328 1328 1 1 75733 0
1 1 1329 1329 55796 0
1329 1329 1 1 75809 0
1 1 1330 1330 55850 0
1330 1330 1 1 75885 0
1 1 1331 1331 55904 0
1331 1331 1 1 75961 0
1 1 1332 1332 55958 0
1332 1332 1 1 76037 0
1 1 1333 1333 56012 0
1333 1333 1 1 76113 0
1 1 1334 1334 56066 0
1334 1334 1 1 76189 0
1 1 1335 1335 56120 0
1335 1335 1 1 74218 0
1 1 1336 1336 56174 0
1336 1336 1 1 74294 0
1 1 1337 1337 56228 0
1337 1337 1 1 74370 0
1 1 1338 1338 56282 0
1338 1338 1 1 74446 0
1 1 1339 1339 56336 0
1339 1339 1 1 74522 0
1 1 1340 1340 56390 0
1340 1340 1 1 74598 0
1 1 1341 1341 56444 0
1341 1341 1 1 74674 0
1 1 1342 1342 56498 0
1342 1342 1 1 74750 0
1 1 1343 1343 56552 0
1343 1343 1 1 74826 0
1 1 1344 1344 56606 0
1344 1344 1 1 74902 0
1 1 1345 1345 56660 0
1345 1345 1 1 74978 0
1 1 1346 1346 56714 0
1346 1346 1 1 75054 0
1 1 1347 1347 56768 0
1347 1347 1 1 75130 0
1 1 1348 1348 56822 0
1348 1348 1 1 75206 0
1 1 1349 1349 56876 0
1349 1349 1 1 75282 0
1 1 1350 1350 56930 0
1350 1350 1 1 75358 0
1 1 1351 1351 56984 0
1351 1351 1 1 75434 0
1 1 1352 1352 57038 0
1352 1352 1 1 75510 0
1 1 1353 1353 57092 0
1353 1353 1 1 75586 0
1 1 1354 1354 57146 0
1354 1354 1 1 75662 0
1 1 1355 1355 57200 0
1355 1355 1 1 75738 0
1 1 1356 1356 57254 0
1356 1356 1 1 75814 0
1 1 1357 1357 57308 0
1357 1357 1 1 75890 0
1 1 1358 1358 55713 0
1358 1358 1 1 75966 0
1 1 1359 1359 55767 0
1359 1359 1 1 76042 0
1 1 1360 1360 55821 0
1360 1360 1 1 76118 0
1 1 1361 1361 55875 0
1361 1361 1 1 76194 0
1 1 1362 1362 55929 0
1362 1362 1 1 76270 0
1 1 1363 1363 55983 0
1363 1363 1 1 76346 0
1 1 1364 1364 56037 0
1364 1364 1 1 76422 0
1 1 1365 1365 56091 0
1365 1365 1 1 76498 0
1 1 1366 1366 56145 0
1366 1366 1 1 76574 0
1 1 1367 1367 56199 0
1367 1367 1 1 76650 0
1 1 1368 1368 56253 0
1368 1368 1 1 76726 0
1 1 1369 1369 56307 0
1369 1369 1 1 76802 0
1 1 1370 1370 56361 0
1370 1370 1 1 76878 0
1 1 1371 1371 56415 0
1371 1371 1 1 76954 0
1 1 1372 1372 56469 0
1372 1372 1 1 77030 0
1 1 1373 1373 56523 0
1373 1373 1 1 77106 0
1 1 1374 1374 56577 0
1374 1374 1 1 77182 0
1 1 1375 1375 56631 0
1375 1375 1 1 77258 0
1 1 1376 1376 56685 0
1376 1376 1 1 77334 0
1 1 1377 1377 56739 0
1377 1377 1 1 77410 0
1 1 1378 1378 56793 0
1378 1378 1 1 77486 0
1 1 1379 1379 56847 0
1379 1379 1 1 77562 0
1 1 1380 1380 56901 0
1380 1380 1 1 77638 0
1 1 1381 1381 56955 0
1381 1381 1 1 77714 0
1 1 1382 1382 57009 0
1382 1382 1 1 77790 0
1 1 1383 1383 57063 0
1383 1383 1 1 77866 0
1 1 1384 1384 57117 0
1384 1384 1 1 77942 0
1 1 1385 1385 57171 0
1385 1385 1 1 78018 0
1 1 1386 1386 57225 0
1386 1386 1 1 78094 0
1 1 1387 1387 57279 0
1387 1387 1 1 78170 0
1 1 1388 1388 57333 0
1388 1388 1 1 78246 0
1 1 1389 1389 57387 0
1389 1389 1 1 78322 0
1 1 1390 1390 57441 0
1390 1390 1 1 78398 0
1 1 1391 1391 57495 0
1391 1391 1 1 78474 0
1 1 1392 1392 57549 0
1392 1392 1 1 78550 0
1 1 1393 1393 57603 0
1393 1393 1 1 78626 0
1 1 1394 1394 57657 0
1394 1394 1 1 78702 0
1 1 1395 1395 57711 0
1395 1395 1 1 78778 0
1 1 1396 1396 57765 0
1396 1396 1 1 78854 0
1 1 1397 1397 57819 0
1397 1397 1 1 78930 0
1 1 1398 1398 57873 0
1398 1398 1 1 79006 0
1 1 1399 1399 57927 0
1399 1399 1 1 79082 0
1 1 1400 1400 57981 0
1400 1400 1 1 79158 0
1 1 1401 1401 58035 0
1401 1401 1 1 79234 0
1 1 1402 1402 58089 0
1402 1402 1 1 79310 0
1 1 1403 1403 58143 0
1403 1403 1 1 79386 0
1 1 1404 1404 58197 0
1404 1404 1 1 79462 0
1 1 1405 1405 58251 0
1405 1405 1 1 79538 0
1 1 1406 1406 58305 0
1406 1406 1 1 79614 0
1 1 1407 1407 58359 0
1407 1407 1 1 79690 0
1 1 1408 1408 58413 0
1408 1408 1 1 79766 0
1 1 1409 1409 58467 0
1409 1409 1 1 79842 0
1 1 1410 1410 58521 0
1410 1410 1 1 79918 0
1 1 1411 1411 58575 0
1411 1411 1 1 79994 0
1 1 1412 1412 58629 0
1412 1412 1 1 80070 0
1 1 1413 1413 58683 0
1413 1413 1 1 80146 0
1 1 1414 1414 58737 0
1414 1414 1 1 80222 0
1 1 1415 1415 58791 0
1415 1415 1 1 80298 0
1 1 1416 1416 58845 0
1416 1416 1 1 80374 0
1 1 1417 1417 58899 0
1417 1417 1 1 80450 0
1 1 1418 1418 58953 0
1418 1418 1 1 80526 0
1 1 1419 1419 59007 0
1419 1419 1 1 80602 0
1 1 1420 1420 59061 0
1420 1420 1 1 80678 0
1 1 1421 1421 59115 0
1421 1421 1 1 80754 0
1 1 1422 1422 59169 0
1422 1422 1 1 80830 0
1 1 1423 1423 59223 0
1423 1423 1 1 80906 0
1 1 1424 1424 59277 0
1424 1424 1 1 78935 0
1 1 1425 1425 59331 0
1425 1425 1 1 79011 0
1 1 1426 1426 59385 0
1426 1426 1 1 79087 0
1 1 1427 1427 59439 0
1427 1427 1 1 79163 0
1 1 1428 1428 59493 0
1428 1428 1 1 79239 0
1 1 1429 1429 59547 0
1429 1429 1 1 79315 0
1 1 1430 1430 59601 0
1430 1430 1 1 79391 0
1 1 1431 1431 59655 0
1431 1431 1 1 79467 0
1 1 1432 1432 59709 0
1432 1432 1 1 79543 0
1 1 1433 1433 59763 0
1433 1433 1 1 79619 0
1 1 1434 1434 59817 0
1434 1434 1 1 79695 0
1 1 1435 1435 59871 0
1435 1435 1 1 79771 0
1 1 1436 1436 59925 0
1436 1436 1 1 79847 0
1 1 1437 1437 59979 0
1437 1437 1 1 79923 0
1 1 1438 1438 60033 0
1438 1438 1 1 79999 0
1 1 1439 1439 60087 0
1439 1439 1 1 80075 0
1 1 1440 1440 60141 0
1440 1440 1 1 80151 0
1 1 1441 1441 60195 0
1441 1441 1 1 80227 0
1 1 1442 1442 60249 0
1442 1442 1 1 80303 0
1 1 1443 1443 60303 0
1443 1443 1 1 80379 0
1 1 1444 1444 60357 0
1444 1444 1 1 80455 0
1 1 1445 1445 60411 0
1445 1445 1 1 80531 0
1 1 1446 1446 60465 0
1446 1446 1 1 80607 0
1 1 1447 1447 60519 0
1447 1447 1 1 80683 0
1 1 1448 1448 60573 0
1448 1448 1 1 80759 0
1 1 1449 1449 60627 0
1449 1449 1 1 80835 0
1 1 1450 1450 60681 0
1450 1450 1 1 80911 0
1 1 1451 1451 60735 0
1451 1451 1 1 80987 0
1 1 1452 1452 60789 0
1452 1452 1 1 81063 0
1 1 1453 1453 60843 0
1453 1453 1 1 81139 0
1 1 1454 1454 60897 0
1454 1454 1 1 81215 0
1 1 1455 1455 59302 0
1455 1455 1 1 81291 0
1 1 1456 1456 59356 0
1456 1456 1 1 81367 0
1 1 1457 1457 59410 0
1457 1457 1 1 81443 0
1 1 1458 1458 59464 0
1458 1458 1 1 81519 0
1 1 1459 1459 59518 0
1459 1459 1 1 81595 0
1 1 1460 1460 59572 0
1460 1460 1 1 81671 0
1 1 1461 1461 59626 0
1461 1461 1 1 81747 0
1 1 1462 1462 59680 0
1462 1462 1 1 81823 0
1 1 1463 1463 59734 0
1463 1463 1 1 81899 0
1 1 1464 1464 59788 0
1464 1464 1 1 81975 0
1 1 1465 1465 59842 0
1465 1465 1 1 82051 0
1 1 1466 1466 59896 0
1466 1466 1 1 82127 0
1 1 1467 1467 59950 0
1467 1467 1 1 82203 0
1 1 1468 1468 60004 0
1468 1468 1 1 82279 0
1 1 1469 1469 60058 0
1469 1469 1 1 82355 0
1 1 1470 1470 60112 0
1470 1470 1 1 82431 0
1 1 1471 1471 60166 0
1471 1471 1 1 82507 0
1 1 1472 1472 60220 0
1472 1472 1 1 82583 0
1 1 1473 1473 60274 0
1473 1473 1 1 82659 0
1 1 1474 1474 60328 0
1474 1474 1 1 82735 0
1 1 1475 1475 60382 0
1475 1475 1 1 82811 0
1 1 1476 1476 60436 0
1476 1476 1 1 82887 0
1 1 1477 1477 60490 0
1477 1477 1 1 82963 0
1 1 1478 1478 60544 0
1478 1478 1 1 83039 0
1 1 1479 1479 60598 0
1479 1479 1 1 83115 0
1 1 1480 1480 60652 0
1480 1480 1 1 83191 0
1 1 1481 1481 60706 0
1481 1481 1 1 83267 0
1 1 1482 1482 60760 0
1482 1482 1 1 83343 0
1 1 1483 1483 60814 0
1483 1483 1 1 83419 0
1 1 1484 1484 60868 0
1484 1484 1 1 83495 0
1 1 1485 1485 60922 0
1485 1485 1 1 83571 0
1 1 1486 1486 60976 0
1486 1486 1 1 83647 0
1 1 1487 1487 61030 0
1487 1487 1 1 83723 0
1 1 1488 1488 61084 0
1488 1488 1 1 83799 0
1 1 1489 1489 61138 0
1489 1489 1 1 83875 0
1 1 1490 1490 61192 0
1490 1490 1 1 83951 0
1 1 1491 1491 61246 0
1491 1491 1 1 84027 0
1 1 1492 1492 61300 0
1492 1492 1 1 84103 0
1 1 1493 1493 61354 0
1493 1493 1 1 84179 0
1 1 1494 1494 61408 0
1494 1494 1 1 84255 0
1 1 1495 1495 61462 0
1495 1495 1 1 84331 0
1 1 1496 1496 61516 0
1496 1496 1 1 84407 0
1 1 1497 1497 61570 0
1497 1497 1 1 84483 0
1 1 1498 1498 61624 0
1498 1498 1 1 84559 0
1 1 1499 1499 61678 0
1499 1499 1 1 84635 0
1 1 1500 1500 61732 0
1500 1500 1 1 84711 0
1 1 1501 1501 61786 0
1501 1501 1 1 84787 0
1 1 1502 1502 61840 0
1502 1502 1 1 84863 0
1 1 1503 1503 61894 0
1503 1503 1 1 84939 0
1 1 1504 1504 61948 0
1504 1504 1 1 85015 0
1 1 1505 1505 62002 0
1505 1505 1 1 85091 0
1 1 1506 1506 62056 0
1506 1506 1 1 85167 0
1 1 1507 1507 62110 0
1507 1507 1 1 85243 0
1 1 1508 1508 62164 0
1508 1508 1 1 85319 0
1 1 1509 1509 62218 0
1509 1509 1 1 85395 0
1 1 1510 1510 62272 0
1510 1510 1 1 85471 0
1 1 1511 1511 62326 0
1511 1511 1 1 85547 0
1 1 1512 1512 62380 0
1512 1512 1 1 85623 0
1 1 1513 1513 62434 0
1513 1513 1 1 83652 0
1 1 1514 1514 62488 0
1514 1514 1 1 83728 0
1 1 1515 1515 62542 0
1515 1515 1 1 83804 0
1 1 1516 1516 62596 0
1516 1516 1 1 83880 0
1 1 1517 1517 62650 0
1517 1517 1 1 83956 0
1 1 1518 1518 62704 0
1518 1518 1 1 84032 0
1 1 1519 1519 62758 0
1519 1519 1 1 84108 0
1 1 1520 1520 62812 0
1520 1520 1 1 84184 0
1 1 1521 1521 62866 0
1521 1521 1 1 84260 0
1 1 1522 1522 62920 0
1522 1522 1 1 84336 0
1 1 1523 1523 62974 0
1523 1523 1 1 84412 0
1 1 1524 1524 63028 0
1524 1524 1 1 84488 0
1 1 1525 1525 63082 0
1525 1525 1 1 84564 0
1 1 1526 1526 63136 0
1526 1526 1 1 84640 0
1 1 1527 1527 63190 0
1527 1527 1 1 84716 0
1 1 1528 1528 63244 0
1528 1528 1 1 84792 0
1 1 1529 1529 63298 0
1529 1529 1 1 84868 0
1 1 1530 1530 63352 0
1530 1530 1 1 84944 0
1 1 1531 1531 63406 0
1531 1531 1 1 85020 0
1 1 1532 1532 63460 0
1532 1532 1 1 85096 0
1 1 1533 1533 63514 0
1533 1533 1 1 85172 0
1 1 1534 1534 63568 0
1534 1534 1 1 85248 0
1 1 1535 1535 63622 0
1535 1535 1 1 85324 0
1 1 1536 1536 63676 0
1536 1536 1 1 85400 0
1 1 1537 1537 63730 0
1537 1537 1 1 85476 0
1 1 1538 1538 63784 0
1538 1538 1 1 85552 0
1 1 1539 1539 63838 0
1539 1539 1 1 85628 0
1 1 1540 1540 63892 0
1540 1540 1 1 85704 0
1 1 1541 1541 63946 0
1541 1541 1 1 85780 0
1 1 1542 1542 64000 0
1542 1542 1 1 85856 0
1 1 1543 1543 64054 0
1543 1543 1 1 85932 0
1 1 1544 1544 64108 0
1544 1544 1 1 86008 0
1 1 1545 1545 64162 0
1545 1545 1 1 86084 0
1 1 1546 1546 64216 0
1546 1546 1 1 86160 0
1 1 1547 1547 64270 0
1547 1547 1 1 86236 0
1 1 1548 1548 64324 0
1548 1548 1 1 86312 0
1 1 1549 1549 64378 0
1549 1549 1 1 86388 0
1 1 1550 1550 64432 0
1550 1550 1 1 86464 0
1 1 1551 1551 64486 0
1551 1551 1 1 86540 0
1 1 1552 1552 62891 0
1552 1552 1 1 86616 0
1 1 1553 1553 62945 0
1553 1553 1 1 86692 0
1 1 1554 1554 62999 0
1554 1554 1 1 86768 0
1 1 1555 1555 63053 0
1555 1555 1 1 86844 0
1 1 1556 1556 63107 0
1556 1556 1 1 86920 0
1 1 1557 1557 63161 0
1557 1557 1 1 86996 0
1 1 1558 1558 63215 0
1558 1558 1 1 87072 0
1 1 1559 1559 63269 0
1559 1559 1 1 87148 0
1 1 1560 1560 63323 0
1560 1560 1 1 87224 0
1 1 1561 1561 63377 0
1561 1561 1 1 87300 0
1 1 1562 1562 63431 0
1562 1562 1 1 87376 0
1 1 1563 1563 63485 0
1563 1563 1 1 87452 0
1 1 1564 1564 63539 0
1564 1564 1 1 87528 0
1 1 1565 1565 63593 0
1565 1565 1 1 87604 0
1 1 1566 1566 63647 0
1566 1566 1 1 87680 0
1 1 1567 1567 63701 0
1567 1567 1 1 87756 0
1 1 1568 1568 63755 0
1568 1568 1 1 87832 0
1 1 1569 1569 63809 0
1569 1569 1 1 87908 0
1 1 1570 1570 63863 0
1570 1570 1 1 87984 0
1 1 1571 1571 63917 0
1571 1571 1 1 88060 0
1 1 1572 1572 63971 0
1572 1572 1 1 88136 0
1 1 1573 1573 64025 0
1573 1573 1 1 88212 0
1 1 1574 1574 64079 0
1574 1574 1 1 88288 0
1 1 1575 1575 64133 0
1575 1575 1 1 88364 0
1 1 1576 1576 64187 0
1576 1576 1 1 88440 0
1 1 1577 1577 64241 0
1577 1577 1 1 88516 0
1 1 1578 1578 64295 0
1578 1578 1 1 88592 0
1 1 1579 1579 64349 0
1579 1579 1 1 88668 0
1 1 1580 1580 64403 0
1580 1580 1 1 88744 0
1 1 1581 1581 64457 0
1581 1581 1 1 88820 0
1 1 1582 1582 64511 0
1582 1582 1 1 88896 0
1 1 1583 1583 64565 0
1583 1583 1 1 88972 0
1 1 1584 1584 64619 0
1584 1584 1 1 89048 0
1 1 1585 1585 64673 0
1585 1585 1 1 89124 0
1 1 1586 1586 64727 0
1586 1586 1 1 89200 0
1 1 1587 1587 64781 0
1587 1587 1 1 89276 0
1 1 1588 1588 64835 0
1588 1588 1 1 89352 0
1 1 1589 1589 64889 0
1589 1589 1 1 89428 0
1 1 1590 1590 64943 0
1590 1590 1 1 89504 0
1 1 1591 1591 64997 0
1591 1591 1 1 89580 0
1 1 1592 1592 65051 0
1592 1592 1 1 89656 0
1 1 1593 1593 65105 0
1593 1593 1 1 89732 0
1 1 1594 1594 65159 0
1594 1594 1 1 89808 0
1 1 1595 1595 65213 0
1595 1595 1 1 89884 0
1 1 1596 1596 65267 0
1596 1596 1 1 89960 0
1 1 1597 1597 65321 0
1597 1597 1 1 90036 0
1 1 1598 1598 65375 0
1598 1598 1 1 90112 0
1 1 1599 1599 65429 0
1599 1599 1 1 90188 0
1 1 1600 1600 65483 0
1600 1600 1 1 90264 0
1 1 1601 1601 65537 0
1601 1601 1 1 90340 0
1 1 1602 1602 65591 0
1602 1602 1 1 88369 0
1 1 1603 1603 65645 0
1603 1603 1 1 88445 0
1 1 1604 1604 65699 0
1604 1604 1 1 88521 0
1 1 1605 1605 65753 0
1605 1605 1 1 88597 0
1 1 1606 1606 65807 0
1606 1606 1 1 88673 0
1 1 1607 1607 65861 0
1607 1607 1 1 88749 0
1 1 1608 1608 65915 0
1608 1608 1 1 88825 0
1 1 1609 1609 65969 0
1609 1609 1 1 88901 0
1 1 1610 1610 66023 0
1610 1610 1 1 88977 0
1 1 1611 1611 66077 0
1611 1611 1 1 89053 0
1 1 1612 1612 66131 0
1612 1612 1 1 89129 0
1 1 1613 1613 66185 0
1613 1613 1 1 89205 0
1 1 1614 1614 66239 0
1614 1614 1 1 89281 0
1 1 1615 1615 66293 0
1615 1615 1 1 89357 0
1 1 1616 1616 66347 0
1616 1616 1 1 89433 0
1 1 1617 1617 66401 0
1617 1617 1 1 89509 0
1 1 1618 1618 66455 0
1618 1618 1 1 89585 0
1 1 1619 1619 66509 0
1619 1619 1 1 89661 0
1 1 1620 1620 66563 0
1620 1620 1 1 89737 0
1 1 1621 1621 66617 0
1621 1621 1 1 89813 0
1 1 1622 1622 66671 0
1622 1622 1 1 89889 0
1 1 1623 1623 66725 0
1623 1623 1 1 89965 0
1 1 1624 1624 66779 0
1624 1624 1 1 90041 0
1 1 1625 1625 66833 0
1625 1625 1 1 90117 0
1 1 1626 1626 66887 0
1626 1626 1 1 90193 0
1 1 1627 1627 66941 0
1627 1627 1 1 90269 0
1 1 1628 1628 66995 0
1628 1628 1 1 90345 0
1 1 1629 1629 67049 0
1629 1629 1 1 90421 0
1 1 1630 1630 67103 0
1630 1630 1 1 90497 0
1 1 1631 1631 67157 0
1631 1631 1 1 90573 0
1 1 1632 1632 67211 0
1632 1632 1 1 90649 0
1 1 1633 1633 67265 0
1633 1633 1 1 90725 0
1 1 1634 1634 67319 0
1634 1634 1 1 90801 0
1 1 1635 1635 67373 0
1635 1635 1 1 90877 0
1 1 1636 1636 67427 0
1636 1636 1 1 90953 0
1 1 1637 1637 67481 0
1637 1637 1 1 91029 0
1 1 1638 1638 67535 0
1638 1638 1 1 91105 0
1 1 1639 1639 67589 0
1639 1639 1 1 91181 0
1 1 1640 1640 67643 0
1640 1640 1 1 91257 0
1 1 1641 1641 67697 0
1641 1641 1 1 91333 0
1 1 1642 1642 67751 0
1642 1642 1 1 91409 0
1 1 1643 1643 67805 0
1643 1643 1 1 91485 0
1 1 1644 1644 67859 0
1644 1644 1 1 91561 0
1 1 1645 1645 67913 0
1645 1645 1 1 91637 0
1 1 1646 1646 67967 0
1646 1646 1 1 91713 0
1 1 1647 1647 68021 0
1647 1647 1 1 91789 0
1 1 1648 1648 68075 0
1648 1648 1 1 91865 0
1 1 1649 1649 66480 0
1649 1649 1 1 91941 0
1 1 1650 1650 66534 0
1650 1650 1 1 92017 0
1 1 1651 1651 66588 0
1651 1651 1 1 92093 0
1 1 1652 1652 66642 0
1652 1652 1 1 92169 0
1 1 1653 1653 66696 0
1653 1653 1 1 92245 0
1 1 1654 1654 66750 0
1654 1654 1 1 92321 0
1 1 1655 1655 66804 0
1655 1655 1 1 92397 0
1 1 1656 1656 66858 0
1656 1656 1 1 92473 0
1 1 1657 1657 66912 0
1657 1657 1 1 92549 0
1 1 1658 1658 66966 0
1658 1658 1 1 92625 0
1 1 1659 1659 67020 0
1659 1659 1 1 92701 0
1 1 1660 1660 67074 0
1660 1660 1 1 92777 0
1 1 1661 1661 67128 0
1661 1661 1 1 92853 0
1 1 1662 1662 67182 0
1662 1662 1 1 92929 0
1 1 1663 1663 67236 0
1663 1663 1 1 93005 0
1 1 1664 1664 67290 0
1664 1664 1 1 93081 0
1 1 1665 1665 67344 0
1665 1665 1 1 93157 0
1 1 1666 1666 67398 0
1666 1666 1 1 93233 0
1 1 1667 1667 67452 0
1667 1667 1 1 93309 0
1 1 1668 1668 67506 0
1668 1668 1 1 93385 0
1 1 1669 1669 67560 0
1669 1669 1 1 93461 0
1 1 1670 1670 67614 0
1670 1670 1 1 93537 0
1 1 1671 1671 67668 0
1671 1671 1 1 93613 0
1 1 1672 1672 67722 0
1672 1672 1 1 93689 0
1 1 1673 1673 67776 0
1673 1673 1 1 93765 0
1 1 1674 1674 67830 0
1674 1674 1 1 93841 0
1 1 1675 1675 67884 0
1675 1675 1 1 93917 0
1 1 1676 1676 67938 0
1676 1676 1 1 93993 0
1 1 1677 1677 67992 0
1677 1677 1 1 94069 0
1 1 1678 1678 68046 0
1678 1678 1 1 94145 0
1 1 1679 1679 68100 0
1679 1679 1 1 94221 0
1 1 1680 1680 68154 0
1680 1680 1 1 94297 0
1 1 1681 1681 68208 0
1681 1681 1 1 94373 0
1 1 1682 1682 68262 0
1682 1682 1 1 94449 0
1 1 1683 1683 68316 0
1683 1683 1 1 94525 0
1 1 1684 1684 68370 0
1684 1684 1 1 94601 0
1 1 1685 1685 68424 0
1685 1685 1 1 94677 0
1 1 1686 1686 68478 0
1686 1686 1 1 94753 0
1 1 1687 1687 68532 0
1687 1687 1 1 94829 0
1 1 1688 1688 68586 0
1688 1688 1 1 94905 0
1 1 1689 1689 68640 0
1689 1689 1 1 94981 0
1 1 1690 1690 68694 0
1690 1690 1 1 95057 0
1 1 1691 1691 68748 0
1691 1691 1 1 93086 0
1 1 1692 1692 68802 0
1692 1692 1 1 93162 0
1 1 1693 1693 68856 0
1693 1693 1 1 93238 0
1 1 1694 1694 68910 0
1694 1694 1 1 93314 0
1 1 1695 1695 68964 0
1695 1695 1 1 93390 0
1 1 1696 1696 69018 0
1696 1696 1 1 93466 0
1 1 1697 1697 69072 0
1697 1697 1 1 93542 0
1 1 1698 1698 69126 0
1698 1698 1 1 93618 0
1 1 1699 1699 69180 0
1699 1699 1 1 93694 0
1 1 1700 1700 69234 0
1700 1700 1 1 93770 0
1 1 1701 1701 69288 0
1701 1701 1 1 93846 0
1 1 1702 1702 69342 0
1702 1702 1 1 93922 0
1 1 1703 1703 69396 0
1703 1703 1 1 93998 0
1 1 1704 1704 69450 0
1704 1704 1 1 94074 0
1 1 1705 1705 69504 0
1705 1705 1 1 94150 0
1 1 1706 1706 69558 0
1706 1706 1 1 94226 0
1 1 1707 1707 69612 0
1707 1707 1 1 94302 0
1 1 1708 1708 69666 0
1708 1708 1 1 94378 0
1 1 1709 1709 69720 0
1709 1709 1 1 94454 0
1 1 1710 1710 69774 0
1710 1710 1 1 94530 0
1 1 1711 1711 69828 0
1711 1711 1 1 94606 0
1 1 1712 1712 69882 0
1712 1712 1 1 94682 0
1 1 1713 1713 69936 0
1713 1713 1 1 94758 0
1 1 1714 1714 69990 0
1714 1714 1 1 94834 0
1 1 1715 1715 70044 0
1715 1715 1 1 94910 0
1 1 1716 1716 70098 0
1716 1716 1 1 94986 0
1 1 1717 1717 70152 0
1717 1717 1 1 95062 0
1 1 1718 1718 70206 0
1718 1718 1 1 95138 0
1 1 1719 1719 70260 0
1719 1719 1 1 95214 0
1 1 1720 1720 70314 0
1720 1720 1 1 95290 0
1 1 1721 1721 70368 0
1721 1721 1 1 95366 0
1 1 1722 1722 70422 0
1722 1722 1 1 95442 0
1 1 1723 1723 70476 0
1723 1723 1 1 95518 0
1 1 1724 1724 70530 0
1724 1724 1 1 95594 0
1 1 1725 1725 70584 0
1725 1725 1 1 95670 0
1 1 1726 1726 70638 0
1726 1726 1 1 95746 0
1 1 1727 1727 70692 0
1727 1727 1 1 95822 0
1 1 1728 1728 70746 0
1728 1728 1 1 95898 0
1 1 1729 1729 70800 0
1729 1729 1 1 95974 0
1 1 1730 1730 70854 0
1730 1730 1 1 96050 0
1 1 1731 1731 70908 0
1731 1731 1 1 96126 0
1 1 1732 1732 70962 0
1732 1732 1 1 96202 0
1 1 1733 1733 71016 0
1733 1733 1 1 96278 0
1 1 1734 1734 71070 0
1734 1734 1 1 96354 0
1 1 1735 1735 71124 0
1735 1735 1 1 96430 0
1 1 1736 1736 71178 0
1736 1736 1 1 96506 0
1 1 1737 1737 71232 0
1737 1737 1 1 96582 0
1 1 1738 1738 71286 0
1738 1738 1 1 96658 0
1 1 1739 1739 71340 0
1739 1739 1 1 96734 0
1 1 1740 1740 71394 0
1740 1740 1 1 96810 0
1 1 1741 1741 71448 0
1741 1741 1 1 96886 0
1 1 1742 1742 71502 0
1742 1742 1 1 96962 0
1 1 1743 1743 71556 0
1743 1743 1 1 97038 0
1 1 1744 1744 71610 0
1744 1744 1 1 97114 0
1 1 1745 1745 71664 0
1745 1745 1 1 97190 0
1 1 1746 1746 70069 0
1746 1746 1 1 97266 0
1 1 1747 1747 70123 0
1747 1747 1 1 97342 0
1 1 1748 1748 70177 0
1748 1748 1 1 97418 0
1 1 1749 1749 70231 0
1749 1749 1 1 97494 0
1 1 1750 1750 70285 0
1750 1750 1 1 97570 0
1 1 1751 1751 70339 0
1751 1751 1 1 97646 0
1 1 1752 1752 70393 0
1752 1752 1 1 97722 0
1 1 1753 1753 70447 0
1753 1753 1 1 97798 0
1 1 1754 1754 70501 0
1754 1754 1 1 97874 0
1 1 1755 1755 70555 0
1755 1755 1 1 97950 0
1 1 1756 1756 70609 0
1756 1756 1 1 98026 0
1 1 1757 1757 70663 0
1757 1757 1 1 98102 0
1 1 1758 1758 70717 0
1758 1758 1 1 98178 0
1 1 1759 1759 70771 0
1759 1759 1 1 98254 0
1 1 1760 1760 70825 0
1760 1760 1 1 98330 0
1 1 1761 1761 70879 0
1761 1761 1 1 98406 0
1 1 1762 1762 70933 0
1762 1762 1 1 98482 0
1 1 1763 1763 70987 0
1763 1763 1 1 98558 0
1 1 1764 1764 71041 0
1764 1764 1 1 98634 0
1 1 1765 1765 71095 0
1765 1765 1 1 98710 0
1 1 1766 1766 71149 0
1766 1766 1 1 98786 0
1 1 1767 1767 71203 0
1767 1767 1 1 98862 0
1 1 1768 1768 71257 0
1768 1768 1 1 98938 0
1 1 1769 1769 71311 0
1769 1769 1 1 99014 0
1 1 1770 1770 71365 0
1770 1770 1 1 99090 0
1 1 1771 1771 71419 0
1771 1771 1 1 99166 0
1 1 1772 1772 71473 0
1772 1772 1 1 99242 0
1 1 1773 1773 71527 0
1773 1773 1 1 99318 0
1 1 1774 1774 71581 0
1774 1774 1 1 99394 0
1 1 1775 1775 71635 0
1775 1775 1 1 99470 0
1 1 1776 1776 71689 0
1776 1776 1 1 99546 0
1 1 1777 1777 71743 0
1777 1777 1 1 99622 0
1 1 1778 1778 71797 0
1778 1778 1 1 99698 0
1 1 1779 1779 71851 0
1779 1779 1 1 99774 0
1 1 1780 1780 71905 0
1780 1780 1 1 97803 0
1 1 1781 1781 71959 0
1781 1781 1 1 97879 0
1 1 1782 1782 72013 0
1782 1782 1 1 97955 0
1 1 1783 1783 72067 0
1783 1783 1 1 98031 0
1 1 1784 1784 72121 0
1784 1784 1 1 98107 0
1 1 1785 1785 72175 0
1785 1785 1 1 98183 0
1 1 1786 1786 72229 0
1786 1786 1 1 98259 0
1 1 1787 1787 72283 0
1787 1787 1 1 98335 0
1 1 1788 1788 72337 0
1788 1788 1 1 98411 0
1 1 1789 1789 72391 0
1789 1789 1 1 98487 0
1 1 1790 1790 72445 0
1790 1790 1 1 98563 0
1 1 1791 1791 72499 0
1791 1791 1 1 98639 0
1 1 1792 1792 72553 0
1792 1792 1 1 98715 0
1 1 1793 1793 72607 0
1793 1793 1 1 98791 0
1 1 1794 1794 72661 0
1794 1794 1 1 98867 0
1 1 1795 1795 72715 0
1795 1795 1 1 98943 0
1 1 1796 1796 72769 0
1796 1796 1 1 99019 0
1 1 1797 1797 72823 0
1797 1797 1 1 99095 0
1 1 1798 1798 72877 0
1798 1798 1 1 99171 0
1 1 1799 1799 72931 0
1799 1799 1 1 99247 0
1 1 1800 1800 72985 0
1800 1800 1 1 99323 0
1 1 1801 1801 73039 0
1801 1801 1 1 99399 0
1 1 1802 1802 73093 0
1802 1802 1 1 99475 0
1 1 1803 1803 73147 0
1803 1803 1 1 99551 0
1 1 1804 1804 73201 0
1804 1804 1 1 99627 0
1 1 1805 1805 73255 0
1805 1805 1 1 99703 0
1 1 1806 1806 73309 0
1806 1806 1 1 99779 0
1 1 1807 1807 73363 0
1807 1807 1 1 99855 0
1 1 1808 1808 73417 0
1808 1808 1 1 99931 0
1 1 1809 1809 73471 0
1809 1809 1 1 100007 0
1 1 1810 1810 73525 0
1810 1810 1 1 100083 0
1 1 1811 1811 73579 0
1811 1811 1 1 100159 0
1 1 1812 1812 73633 0
1812 1812 1 1 100235 0
1 1 1813 1813 73687 0
1813 1813 1 1 100311 0
1 1 1814 1814 73741 0
1814 1814 1 1 100387 0
1 1 1815 1815 73795 0
1815 1815 1 1 100463 0
1 1 1816 1816 73849 0
1816 1816 1 1 100539 0
1 1 1817 1817 73903 0
1817 1817 1 1 100615 0
1 1 1818 1818 73957 0
1818 1818 1 1 100691 0
1 1 1819 1819 74011 0
1819 1819 1 1 100767 0
1 1 1820 1820 74065 0
1820 1820 1 1 100843 0
1 1 1821 1821 74119 0
1821 1821 1 1 100919 0
1 1 1822 1822 74173 0
1822 1822 1 1 100995 0
1 1 1823 1823 74227 0
1823 1823 1 1 101071 0
1 1 1824 1824 74281 0
1824 1824 1 1 101147 0
1 1 1825 1825 74335 0
1825 1825 1 1 101223 0
1 1 1826 1826 74389 0
1826 1826 1 1 101299 0
1 1 1827 1827 74443 0
1827 1827 1 1 101375 0
1 1 1828 1828 74497 0
1828 1828 1 1 101451 0
1 1 1829 1829 74551 0
1829 1829 1 1 101527 0
1 1 1830 1830 74605 0
1830 1830 1 1 101603 0
1 1 1831 1831 74659 0
1831 1831 1 1 101679 0
1 1 1832 1832 74713 0
1832 1832 1 1 101755 0
1 1 1833 1833 74767 0
1833 1833 1 1 101831 0
1 1 1834 1834 74821 0
1834 1834 1 1 101907 0
1 1 1835 1835 74875 0
1835 1835 1 1 101983 0
1 1 1836 1836 74929 0
1836 1836 1 1 102059 0
1 1 1837 1837 74983 0
1837 1837 1 1 102135 0
1 1 1838 1838 75037 0
1838 1838 1 1 102211 0
1 1 1839 1839 75091 0
1839 1839 1 1 102287 0
1 1 1840 1840 75145 0
1840 1840 1 1 102363 0
1 1 1841 1841 75199 0
1841 1841 1 1 102439 0
1 1 1842 1842 75253 0
1842 1842 1 1 102515 0
1 1 1843 1843 73658 0
1843 1843 1 1 102591 0
1 1 1844 1844 73712 0
1844 1844 1 1 102667 0
1 1 1845 1845 73766 0
1845 1845 1 1 102743 0
1 1 1846 1846 73820 0
1846 1846 1 1 102819 0
1 1 1847 1847 73874 0
1847 1847 1 1 102895 0
1 1 1848 1848 73928 0
1848 1848 1 1 102971 0
1 1 1849 1849 73982 0
1849 1849 1 1 103047 0
1 1 1850 1850 74036 0
1850 1850 1 1 103123 0
1 1 1851 1851 74090 0
1851 1851 1 1 103199 0
1 1 1852 1852 74144 0
1852 1852 1 1 103275 0
1 1 1853 1853 74198 0
1853 1853 1 1 103351 0
1 1 1854 1854 74252 0
1854 1854 1 1 103427 0
1 1 1855 1855 74306 0
1855 1855 1 1 103503 0
1 1 1856 1856 74360 0
1856 1856 1 1 103579 0
1 1 1857 1857 74414 0
1857 1857 1 1 103655 0
1 1 1858 1858 74468 0
1858 1858 1 1 103731 0
1 1 1859 1859 74522 0
1859 1859 1 1 103807 0
1 1 1860 1860 74576 0
1860 1860 1 1 103883 0
1 1 1861 1861 74630 0
1861 1861 1 1 103959 0
1 1 1862 1862 74684 0
1862 1862 1 1 104035 0
1 1 1863 1863 74738 0
1863 1863 1 1 104111 0
1 1 1864 1864 74792 0
1864 1864 1 1 104187 0
1 1 1865 1865 74846 0
1865 1865 1 1 104263 0
1 1 1866 1866 74900 0
1866 1866 1 1 104339 0
1 1 1867 1867 74954 0
1867 1867 1 1 104415 0
1 1 1868 1868 75008 0
1868 1868 1 1 104491 0
1 1 1869 1869 75062 0
1869 1869 1 1 102520 0
1 1 1870 1870 75116 0
1870 1870 1 1 102596 0
1 1 1871 1871 75170 0
1871 1871 1 1 102672 0
1 1 1872 1872 75224 0
1872 1872 1 1 102748 0
1 1 1873 1873 75278 0
1873 1873 1 1 102824 0
1 1 1874 1874 75332 0
1874 1874 1 1 102900 0
1 1 1875 1875 75386 0
1875 1875 1 1 102976 0
1 1 1876 1876 75440 0
1876 1876 1 1 103052 0
1 1 1877 1877 75494 0
1877 1877 1 1 103128 0
1 1 1878 1878 75548 0
1878 1878 1 1 103204 0
1 1 1879 1879 75602 0
1879 1879 1 1 103280 0
1 1 1880 1880 75656 0
1880 1880 1 1 103356 0
1 1 1881 1881 75710 0
1881 1881 1 1 103432 0
1 1 1882 1882 75764 0
1882 1882 1 1 103508 0
1 1 1883 1883 75818 0
1883 1883 1 1 103584 0
1 1 1884 1884 75872 0
1884 1884 1 1 103660 0
1 1 1885 1885 75926 0
1885 1885 1 1 103736 0
1 1 1886 1886 75980 0
1886 1886 1 1 103812 0
1 1 1887 1887 76034 0
1887 1887 1 1 103888 0
1 1 1888 1888 76088 0
1888 1888 1 1 103964 0
1 1 1889 1889 76142 0
1889 1889 1 1 104040 0
1 1 1890 1890 76196 0
1890 1890 1 1 104116 0
1 1 1891 1891 76250 0
1891 1891 1 1 104192 0
1 1 1892 1892 76304 0
1892 1892 1 1 104268 0
1 1 1893 1893 76358 0
1893 1893 1 1 104344 0
1 1 1894 1894 76412 0
1894 1894 1 1 104420 0
1 1 1895 1895 76466 0
1895 1895 1 1 104496 0
1 1 1896 1896 76520 0
1896 1896 1 1 104572 0
1 1 1897 1897 76574 0
1897 1897 1 1 104648 0
1 1 1898 1898 76628 0
1898 1898 1 1 104724 0
1 1 1899 1899 76682 0
1899 1899 1 1 104800 0
1 1 1900 1900 76736 0
1900 1900 1 1 104876 0
1 1 1901 1901 76790 0
1901 1901 1 1 104952 0
1 1 1902 1902 76844 0
1902 1902 1 1 105028 0
1 1 1903 1903 76898 0
1903 1903 1 1 105104 0
1 1 1904 1904 76952 0
1904 1904 1 1 105180 0
1 1 1905 1905 77006 0
1905 1905 1 1 105256 0
1 1 1906 1906 77060 0
1906 1906 1 1 105332 0
1 1 1907 1907 77114 0
1907 1907 1 1 105408 0
1 1 1908 1908 77168 0
1908 1908 1 1 105484 0
1 1 1909 1909 77222 0
1909 1909 1 1 105560 0
1 1 1910 1910 77276 0
1910 1910 1 1 105636 0
1 1 1911 1911 77330 0
1911 1911 1 1 105712 0
1 1 1912 1912 77384 0
1912 1912 1 1 105788 0
1 1 1913 1913 77438 0
1913 1913 1 1 105864 0
1 1 1914 1914 77492 0
1914 1914 1 1 105940 0
1 1 1915 1915 77546 0
1915 1915 1 1 106016 0
1 1 1916 1916 77600 0
1916 1916 1 1 106092 0
1 1 1917 1917 77654 0
1917 1917 1 1 106168 0
1 1 1918 1918 77708 0
1918 1918 1 1 106244 0
1 1 1919 1919 77762 0
1919 1919 1 1 106320 0
1 1 1920 1920 77816 0
1920 1920 1 1 106396 0
1 1 1921 1921 77870 0
1921 1921 1 1 106472 0
1 1 1922 1922 77924 0
1922 1922 1 1 106548 0
1 1 1923 1923 77978 0
1923 1923 1 1 106624 0
1 1 1924 1924 78032 0
1924 1924 1 1 106700 0
1 1 1925 1925 78086 0
1925 1925 1 1 106776 0
1 1 1926 1926 78140 0
1926 1926 1 1 106852 0
1 1 1927 1927 78194 0
1927 1927 1 1 106928 0
1 1 1928 1928 78248 0
1928 1928 1 1 107004 0
1 1 1929 1929 78302 0
1929 1929 1 1 107080 0
1 1 1930 1930 78356 0
1930 1930 1 1 107156 0
1 1 1931 1931 78410 0
1931 1931 1 1 107232 0
1 1 1932 1932 78464 0
1932 1932 1 1 107308 0
1 1 1933 1933 78518 0
1933 1933 1 1 107384 0
1 1 1934 1934 78572 0
1934 1934 1 1 107460 0
1 1 1935 1935 78626 0
1935 1935 1 1 107536 0
1 1 1936 1936 78680 0
1936 1936 1 1 107612 0
1 1 1937 1937 78734 0
1937 1937 1 1 107688 0
1 1 1938 1938 78788 0
1938 1938 1 1 107764 0
1 1 1939 1939 78842 0
1939 1939 1 1 107840 0
1 1 1940 1940 77247 0
1940 1940 1 1 107916 0
1 1 1941 1941 77301 0
1941 1941 1 1 107992 0
1 1 1942 1942 77355 0
1942 1942 1 1 108068 0
1 1 1943 1943 77409 0
1943 1943 1 1 108144 0
1 1 1944 1944 77463 0
1944 1944 1 1 108220 0
1 1 1945 1945 77517 0
1945 1945 1 1 108296 0
1 1 1946 1946 77571 0
1946 1946 1 1 108372 0
1 1 1947 1947 77625 0
1947 1947 1 1 108448 0
1 1 1948 1948 77679 0
1948 1948 1 1 108524 0
1 1 1949 1949 77733 0
1949 1949 1 1 108600 0
1 1 1950 1950 77787 0
1950 1950 1 1 108676 0
1 1 1951 1951 77841 0
1951 1951 1 1 108752 0
1 1 1952 1952 77895 0
1952 1952 1 1 108828 0
1 1 1953 1953 77949 0
1953 1953 1 1 108904 0
1 1 1954 1954 78003 0
1954 1954 1 1 108980 0
1 1 1955 1955 78057 0
1955 1955 1 1 109056 0
1 1 1956 1956 78111 0
1956 1956 1 1 109132 0
1 1 1957 1957 78165 0
1957 1957 1 1 109208 0
1 1 1958 1958 78219 0
1958 1958 1 1 107237 0
1 1 1959 1959 78273 0
1959 1959 1 1 107313 0
1 1 1960 1960 78327 0
1960 1960 1 1 107389 0
1 1 1961 1961 78381 0
1961 1961 1 1 107465 0
1 1 1962 1962 78435 0
1962 1962 1 1 107541 0
1 1 1963 1963 78489 0
1963 1963 1 1 107617 0
1 1 1964 1964 78543 0
1964 1964 1 1 107693 0
1 1 1965 1965 78597 0
1965 1965 1 1 107769 0
1 1 1966 1966 78651 0
1966 1966 1 1 107845 0
1 1 1967 1967 78705 0
1967 1967 1 1 107921 0
1 1 1968 1968 78759 0
1968 1968 1 1 107997 0
1 1 1969 1969 78813 0
1969 1969 1 1 108073 0
1 1 1970 1970 78867 0
1970 1970 1 1 108149 0
1 1 1971 1971 78921 0
1971 1971 1 1 108225 0
1 1 1972 1972 78975 0
1972 1972 1 1 108301 0
1 1 1973 1973 79029 0
1973 1973 1 1 108377 0
1 1 1974 1974 79083 0
1974 1974 1 1 108453 0
1 1 1975 1975 79137 0
1975 1975 1 1 108529 0
1 1 1976 1976 79191 0
1976 1976 1 1 108605 0
1 1 1977 1977 79245 0
1977 1977 1 1 108681 0
1 1 1978 1978 79299 0
1978 1978 1 1 108757 0
1 1 1979 1979 79353 0
1979 1979 1 1 108833 0
1 1 1980 1980 79407 0
1980 1980 1 1 108909 0
1 1 1981 1981 79461 0
1981 1981 1 1 108985 0
1 1 1982 1982 79515 0
1982 1982 1 1 109061 0
1 1 1983 1983 79569 0
1983 1983 1 1 109137 0
1 1 1984 1984 79623 0
1984 1984 1 1 109213 0
1 1 1985 1985 79677 0
1985 1985 1 1 109289 0
1 1 1986 1986 79731 0
1986 1986 1 1 109365 0
1 1 1987 1987 79785 0
1987 1987 1 1 109441 0
1 1 1988 1988 79839 0
1988 1988 1 1 109517 0
1 1 1989 1989 79893 0
1989 1989 1 1 109593 0
1 1 1990 1990 79947 0
1990 1990 1 1 109669 0
1 1 1991 1991 80001 0
1991 1991 1 1 109745 0
1 1 1992 1992 80055 0
1992 1992 1 1 109821 0
1 1 1993 1993 80109 0
1993 1993 1 1 109897 0
1 1 1994 1994 80163 0
1994 1994 1 1 109973 0
1 1 1995 1995 80217 0
1995 1995 1 1 110049 0
1 1 1996 1996 80271 0
1996 1996 1 1 110125 0
1 1 1997 1997 80325 0
1997 1997 1 1 110201 0
1 1 1998 1998 80379 0
1998 1998 1 1 110277 0
1 1 1999 1999 80433 0
1999 1999 1 1 110353 0
1 1 2000 2000 80487 0
2000 2000 1 1 110429 0
1 1 2001 2001 80541 0
2001 2001 1 1 110505 0
1 1 2002 2002 80595 0
2002 2002 1 1 110581 0
1 1 2003 2003 80649 0
2003 2003 1 1 110657 0
1 1 2004 2004 80703 0
2004 2004 1 1 110733 0
1 1 2005 2005 80757 0
2005 2005 1 1 110809 0
1 1 2006 2006 80811 0
2006 2006 1 1 110885 0
1 1 2007 2007 80865 0
2007 2007 1 1 110961 0
1 1 2008 2008 80919 0
2008 2008 1 1 111037 0
1 1 2009 2009 80973 0
2009 2009 1 1 111113 0
1 1 2010 2010 81027 0
2010 2010 1 1 111189 0
1 1 2011 2011 81081 0
2011 2011 1 1 111265 0
1 1 2012 2012 81135 0
2012 2012 1 1 111341 0
1 1 2013 2013 81189 0
2013 2013 1 1 111417 0
1 1 2014 2014 81243 0
2014 2014 1 1 111493 0
1 1 2015 2015 81297 0
2015 2015 1 1 111569 0
1 1 2016 2016 81351 0
2016 2016 1 1 111645 0
1 1 2017 2017 81405 0
2017 2017 1 1 111721 0
1 1 2018 2018 81459 0
2018 2018 1 1 111797 0
1 1 2019 2019 81513 0
2019 2019 1 1 111873 0
1 1 2020 2020 81567 0
2020 2020 1 1 111949 0
1 1 2021 2021 81621 0
2021 2021 1 1 112025 0
1 1 2022 2022 81675 0
2022 2022 1 1 112101 0
1 1 2023 2023 81729 0
2023 2023 1 1 112177 0
1 1 2024 2024 81783 0
2024 2024 1 1 112253 0
1 1 2025 2025 81837 0
2025 2025 1 1 112329 0
1 1 2026 2026 81891 0
2026 2026 1 1 112405 0
1 1 2027 2027 81945 0
2027 2027 1 1 112481 0
1 1 2028 2028 81999 0
2028 2028 1 1 112557 0
1 1 2029 2029 82053 0
2029 2029 1 1 112633 0
1 1 2030 2030 82107 0
2030 2030 1 1 112709 0
1 1 2031 2031 82161 0
2031 2031 1 1 112785 0
1 1 2032 2032 82215 0
2032 2032 1 1 112861 0
1 1 2033 2033 82269 0
2033 2033 1 1 112937 0
1 1 2034 2034 82323 0
2034 2034 1 1 113013 0
1 1 2035 2035 82377 0
2035 2035 1 1 113089 0
1 1 2036 2036 82431 0
2036 2036 1 1 113165 0
1 1 2037 2037 80836 0
2037 2037 1 1 113241 0
1 1 2038 2038 80890 0
2038 2038 1 1 113317 0
1 1 2039 2039 80944 0
2039 2039 1 1 113393 0
1 1 2040 2040 80998 0
2040 2040 1 1 113469 0
1 1 2041 2041 81052 0
2041 2041 1 1 113545 0
1 1 2042 2042 81106 0
2042 2042 1 1 113621 0
1 1 2043 2043 81160 0
2043 2043 1 1 113697 0
1 1 2044 2044 81214 0
2044 2044 1 1 113773 0
1 1 2045 2045 81268 0
2045 2045 1 1 113849 0
1 1 2046 2046 81322 0
2046 2046 1 1 113925 0
1 1 2047 2047 81376 0
2047 2047 1 1 111954 0
1 1 2048 2048 81430 0
2048 2048 1 1 112030 0
1 1 2049 2049 81484 0
2049 2049 1 1 112106 0
1 1 2050 2050 81538 0
2050 2050 1 1 112182 0
1 1 2051 2051 81592 0
2051 2051 1 1 112258 0
1 1 2052 2052 81646 0
2052 2052 1 1 112334 0
1 1 2053 2053 81700 0
2053 2053 1 1 112410 0
1 1 2054 2054 81754 0
2054 2054 1 1 112486 0
1 1 2055 2055 81808 0
2055 2055 1 1 112562 0
1 1 2056 2056 81862 0
2056 2056 1 1 112638 0
1 1 2057 2057 81916 0
2057 2057 1 1 112714 0
1 1 2058 2058 81970 0
2058 2058 1 1 112790 0
1 1 2059 2059 82024 0
2059 2059 1 1 112866 0
1 1 2060 2060 82078 0
2060 2060 1 1 112942 0
1 1 2061 2061 82132 0
2061 2061 1 1 113018 0
1 1 2062 2062 82186 0
2062 2062 1 1 113094 0
1 1 2063 2063 82240 0
2063 2063 1 1 113170 0
1 1 2064 2064 82294 0
2064 2064 1 1 113246 0
1 1 2065 2065 82348 0
2065 2065 1 1 113322 0
1 1 2066 2066 82402 0
2066 2066 1 1 113398 0
1 1 2067 2067 82456 0
2067 2067 1 1 113474 0
1 1 2068 2068 82510 0
2068 2068 1 1 113550 0
1 1 2069 2069 82564 0
2069 2069 1 1 113626 0
1 1 2070 2070 82618 0
2070 2070 1 1 113702 0
1 1 2071 2071 82672 0
2071 2071 1 1 113778 0
1 1 2072 2072 82726 0
2072 2072 1 1 113854 0
1 1 2073 2073 82780 0
2073 2073 1 1 113930 0
1 1 2074 2074 82834 0
2074 2074 1 1 114006 0
1 1 2075 2075 82888 0
2075 2075 1 1 114082 0
1 1 2076 2076 82942 0
2076 2076 1 1 114158 0
1 1 2077 2077 82996 0
2077 2077 1 1 114234 0
1 1 2078 2078 83050 0
2078 2078 1 1 114310 0
1 1 2079 2079 83104 0
2079 2079 1 1 114386 0
1 1 2080 2080 83158 0
2080 2080 1 1 114462 0
1 1 2081 2081 83212 0
2081 2081 1 1 114538 0
1 1 2082 2082 83266 0
2082 2082 1 1 114614 0
1 1 2083 2083 83320 0
2083 2083 1 1 114690 0
1 1 2084 2084 83374 0
2084 2084 1 1 114766 0
1 1 2085 2085 83428 0
2085 2085 1 1 114842 0
1 1 2086 2086 83482 0
2086 2086 1 1 114918 0
1 1 2087 2087 83536 0
2087 2087 1 1 114994 0
1 1 2088 2088 83590 0
2088 2088 1 1 115070 0
1 1 2089 2089 83644 0
2089 2089 1 1 115146 0
1 1 2090 2090 83698 0
2090 2090 1 1 115222 0
1 1 2091 2091 83752 0
2091 2091 1 1 115298 0
1 1 2092 2092 83806 0
2092 2092 1 1 115374 0
1 1 2093 2093 83860 0
2093 2093 1 1 115450 0
1 1 2094 2094 83914 0
2094 2094 1 1 115526 0
1 1 2095 2095 83968 0
2095 2095 1 1 115602 0
1 1 2096 2096 84022 0
2096 2096 1 1 115678 0
1 1 2097 2097 84076 0
2097 2097 1 1 115754 0
1 1 2098 2098 84130 0
2098 2098 1 1 115830 0
1 1 2099 2099 84184 0
2099 2099 1 1 115906 0
1 1 2100 2100 84238 0
2100 2100 1 1 115982 0
1 1 2101 2101 84292 0
2101 2101 1 1 116058 0
1 1 2102 2102 84346 0
2102 2102 1 1 116134 0
1 1 2103 2103 84400 0
2103 2103 1 1 116210 0
1 1 2104 2104 84454 0
2104 2104 1 1 116286 0
1 1 2105 2105 84508 0
2105 2105 1 1 116362 0
1 1 2106 2106 84562 0
2106 2106 1 1 116438 0
1 1 2107 2107 84616 0
2107 2107 1 1 116514 0
1 1 2108 2108 84670 0
2108 2108 1 1 116590 0
1 1 2109 2109 84724 0
2109 2109 1 1 116666 0
1 1 2110 2110 84778 0
2110 2110 1 1 116742 0
1 1 2111 2111 84832 0
2111 2111 1 1 116818 0
1 1 2112 2112 84886 0
2112 2112 1 1 116894 0
1 1 2113 2113 84940 0
2113 2113 1 1 116970 0
1 1 2114 2114 84994 0
2114 2114 1 1 117046 0
1 1 2115 2115 85048 0
2115 2115 1 1 117122 0
1 1 2116 2116 85102 0
2116 2116 1 1 117198 0
1 1 2117 2117 85156 0
2117 2117 1 1 117274 0
1 1 2118 2118 85210 0
2118 2118 1 1 117350 0
1 1 2119 2119 85264 0
2119 2119 1 1 117426 0
1 1 2120 2120 85318 0
2120 2120 1 1 117502 0
1 1 2121 2121 85372 0
2121 2121 1 1 117578 0
1 1 2122 2122 85426 0
2122 2122 1 1 117654 0
1 1 2123 2123 85480 0
2123 2123 1 1 117730 0
1 1 2124 2124 85534 0
2124 2124 1 1 117806 0
1 1 2125 2125 85588 0
2125 2125 1 1 117882 0
1 1 2126 2126 85642 0
2126 2126 1 1 117958 0
1 1 2127 2127 85696 0
2127 2127 1 1 118034 0
1 1 2128 2128 85750 0
2128 2128 1 1 118110 0
1 1 2129 2129 85804 0
2129 2129 1 1 118186 0
1 1 2130 2130 85858 0
2130 2130 1 1 118262 0
1 1 2131 2131 85912 0
2131 2131 1 1 118338 0
1 1 2132 2132 85966 0
2132 2132 1 1 118414 0
1 1 2133 2133 86020 0
2133 2133 1 1 118490 0
1 1 2134 2134 84425 0
2134 2134 1 1 118566 0
1 1 2135 2135 84479 0
2135 2135 1 1 118642 0
1 1 2136 2136 84533 0
2136 2136 1 1 116671 0
1 1 2137 2137 84587 0
2137 2137 1 1 116747 0
1 1 2138 2138 84641 0
2138 2138 1 1 116823 0
1 1 2139 2139 84695 0
2139 2139 1 1 116899 0
1 1 2140 2140 84749 0
2140 2140 1 1 116975 0
1 1 2141 2141 84803 0
2141 2141 1 1 117051 0
1 1 2142 2142 84857 0
2142 2142 1 1 117127 0
1 1 2143 2143 84911 0
2143 2143 1 1 117203 0
1 1 2144 2144 84965 0
2144 2144 1 1 117279 0
1 1 2145 2145 85019 0
2145 2145 1 1 117355 0
1 1 2146 2146 85073 0
2146 2146 1 1 117431 0
1 1 2147 2147 85127 0
2147 2147 1 1 117507 0
1 1 2148 2148 85181 0
2148 2148 1 1 117583 0
1 1 2149 2149 85235 0
2149 2149 1 1 117659 0
1 1 2150 2150 85289 0
2150 2150 1 1 117735 0
1 1 2151 2151 85343 0
2151 2151 1 1 117811 0
1 1 2152 2152 85397 0
2152 2152 1 1 117887 0
1 1 2153 2153 85451 0
2153 2153 1 1 117963 0
1 1 2154 2154 85505 0
2154 2154 1 1 118039 0
1 1 2155 2155 85559 0
2155 2155 1 1 118115 0
1 1 2156 2156 85613 0
2156 2156 1 1 118191 0
1 1 2157 2157 85667 0
2157 2157 1 1 118267 0
1 1 2158 2158 85721 0
2158 2158 1 1 118343 0
1 1 2159 2159 85775 0
2159 2159 1 1 118419 0
1 1 2160 2160 85829 0
2160 2160 1 1 118495 0
1 1 2161 2161 85883 0
2161 2161 1 1 118571 0
1 1 2162 2162 85937 0
2162 2162 1 1 118647 0
1 1 2163 2163 85991 0
2163 2163 1 1 118723 0
1 1 2164 2164 86045 0
2164 2164 1 1 118799 0
1 1 2165 2165 86099 0
2165 2165 1 1 118875 0
1 1 2166 2166 86153 0
2166 2166 1 1 118951 0
1 1 2167 2167 86207 0
2167 2167 1 1 119027 0
1 1 2168 2168 86261 0
2168 2168 1 1 119103 0
1 1 2169 2169 86315 0
2169 2169 1 1 119179 0
1 1 2170 2170 86369 0
2170 2170 1 1 119255 0
1 1 2171 2171 86423 0
2171 2171 1 1 119331 0
1 1 2172 2172 86477 0
2172 2172 1 1 119407 0
1 1 2173 2173 86531 0
2173 2173 1 1 119483 0
1 1 2174 2174 86585 0
2174 2174 1 1 119559 0
1 1 2175 2175 86639 0
2175 2175 1 1 119635 0
1 1 2176 2176 86693 0
2176 2176 1 1 119711 0
1 1 2177 2177 86747 0
2177 2177 1 1 119787 0
1 1 2178 2178 86801 0
2178 2178 1 1 119863 0
1 1 2179 2179 86855 0
2179 2179 1 1 119939 0
1 1 2180 2180 86909 0
2180 2180 1 1 120015 0
1 1 2181 2181 86963 0
2181 2181 1 1 120091 0
1 1 2182 2182 87017 0
2182 2182 1 1 120167 0
1 1 2183 2183 87071 0
2183 2183 1 1 120243 0
1 1 2184 2184 87125 0
2184 2184 1 1 120319 0
1 1 2185 2185 87179 0
2185 2185 1 1 120395 0
1 1 2186 2186 87233 0
2186 2186 1 1 120471 0
1 1 2187 2187 87287 0
2187 2187 1 1 120547 0
1 1 2188 2188 87341 0
2188 2188 1 1 120623 0
1 1 2189 2189 87395 0
2189 2189 1 1 120699 0
1 1 2190 2190 87449 0
2190 2190 1 1 120775 0
1 1 2191 2191 87503 0
2191 2191 1 1 120851 0
1 1 2192 2192 87557 0
2192 2192 1 1 120927 0
1 1 2193 2193 87611 0
2193 2193 1 1 121003 0
1 1 2194 2194 87665 0
2194 2194 1 1 121079 0
1 1 2195 2195 87719 0
2195 2195 1 1 121155 0
1 1 2196 2196 87773 0
2196 2196 1 1 121231 0
1 1 2197 2197 87827 0
2197 2197 1 1 121307 0
1 1 2198 2198 87881 0
2198 2198 1 1 121383 0
1 1 2199 2199 87935 0
2199 2199 1 1 121459 0
1 1 2200 2200 87989 0
2200 2200 1 1 121535 0
1 1 2201 2201 88043 0
2201 2201 1 1 121611 0
1 1 2202 2202 88097 0
2202 2202 1 1 121687 0
1 1 2203 2203 88151 0
2203 2203 1 1 121763 0
1 1 2204 2204 88205 0
2204 2204 1 1 121839 0
1 1 2205 2205 88259 0
2205 2205 1 1 121915 0
1 1 2206 2206 88313 0
2206 2206 1 1 121991 0
1 1 2207 2207 88367 0
2207 2207 1 1 122067 0
1 1 2208 2208 88421 0
2208 2208 1 1 122143 0
1 1 2209 2209 88475 0
2209 2209 1 1 122219 0
1 1 2210 2210 88529 0
2210 2210 1 1 122295 0
1 1 2211 2211 88583 0
2211 2211 1 1 122371 0
1 1 2212 2212 88637 0
2212 2212 1 1 122447 0
1 1 2213 2213 88691 0
2213 2213 1 1 122523 0
1 1 2214 2214 88745 0
2214 2214 1 1 122599 0
1 1 2215 2215 88799 0
2215 2215 1 1 122675 0
1 1 2216 2216 88853 0
2216 2216 1 1 122751 0
1 1 2217 2217 88907 0
2217 2217 1 1 122827 0
1 1 2218 2218 88961 0
2218 2218 1 1 122903 0
1 1 2219 2219 89015 0
2219 2219 1 1 122979 0
1 1 2220 2220 89069 0
2220 2220 1 1 123055 0
1 1 2221 2221 89123 0
2221 2221 1 1 123131 0
1 1 2222 2222 89177 0
2222 2222 1 1 123207 0
1 1 2223 2223 89231 0
2223 2223 1 1 123283 0
1 1 2224 2224 89285 0
2224 2224 1 1 123359 0
1 1 2225 2225 89339 0
2225 2225 1 1 121388 0
1 1 2226 2226 89393 0
2226 2226 1 1 121464 0
1 1 2227 2227 89447 0
2227 2227 1 1 121540 0
1 1 2228 2228 89501 0
2228 2228 1 1 121616 0
1 1 2229 2229 89555 0
2229 2229 1 1 121692 0
1 1 2230 2230 89609 0
2230 2230 1 1 121768 0
1 1 2231 2231 88014 0
2231 2231 1 1 121844 0
1 1 2232 2232 88068 0
2232 2232 1 1 121920 0
1 1 2233 2233 88122 0
2233 2233 1 1 121996 0
1 1 2234 2234 88176 0
2234 2234 1 1 122072 0
1 1 2235 2235 88230 0
2235 2235 1 1 122148 0
1 1 2236 2236 88284 0
2236 2236 1 1 122224 0
1 1 2237 2237 88338 0
2237 2237 1 1 122300 0
1 1 2238 2238 88392 0
2238 2238 1 1 122376 0
1 1 2239 2239 88446 0
2239 2239 1 1 122452 0
1 1 2240 2240 88500 0
2240 2240 1 1 122528 0
1 1 2241 2241 88554 0
2241 2241 1 1 122604 0
1 1 2242 2242 88608 0
2242 2242 1 1 122680 0
1 1 2243 2243 88662 0
2243 2243 1 1 122756 0
1 1 2244 2244 88716 0
2244 2244 1 1 122832 0
1 1 2245 2245 88770 0
2245 2245 1 1 122908 0
1 1 2246 2246 88824 0
2246 2246 1 1 122984 0
1 1 2247 2247 88878 0
2247 2247 1 1 123060 0
1 1 2248 2248 88932 0
2248 2248 1 1 123136 0
1 1 2249 2249 88986 0
2249 2249 1 1 123212 0
1 1 2250 2250 89040 0
2250 2250 1 1 123288 0
1 1 2251 2251 89094 0
2251 2251 1 1 123364 0
1 1 2252 2252 89148 0
2252 2252 1 1 123440 0
1 1 2253 2253 89202 0
2253 2253 1 1 123516 0
1 1 2254 2254 89256 0
2254 2254 1 1 123592 0
1 1 2255 2255 89310 0
2255 2255 1 1 123668 0
1 1 2256 2256 89364 0
2256 2256 1 1 123744 0
1 1 2257 2257 89418 0
2257 2257 1 1 123820 0
1 1 2258 2258 89472 0
2258 2258 1 1 123896 0
1 1 2259 2259 89526 0
2259 2259 1 1 123972 0
1 1 2260 2260 89580 0
2260 2260 1 1 124048 0
1 1 2261 2261 89634 0
2261 2261 1 1 124124 0
1 1 2262 2262 89688 0
2262 2262 1 1 124200 0
1 1 2263 2263 89742 0
2263 2263 1 1 124276 0
1 1 2264 2264 89796 0
2264 2264 1 1 124352 0
1 1 2265 2265 89850 0
2265 2265 1 1 124428 0
1 1 2266 2266 89904 0
2266 2266 1 1 124504 0
1 1 2267 2267 89958 0
2267 2267 1 1 124580 0
1 1 2268 2268 90012 0
2268 2268 1 1 124656 0
1 1 2269 2269 90066 0
2269 2269 1 1 124732 0
1 1 2270 2270 90120 0
2270 2270 1 1 124808 0
1 1 2271 2271 90174 0
2271 2271 1 1 124884 0
1 1 2272 2272 90228 0
2272 2272 1 1 124960 0
1 1 2273 2273 90282 0
2273 2273 1 1 125036 0
1 1 2274 2274 90336 0
2274 2274 1 1 125112 0
1 1 2275 2275 90390 0
2275 2275 1 1 125188 0
1 1 2276 2276 90444 0
2276 2276 1 1 125264 0
1 1 2277 2277 90498 0
2277 2277 1 1 125340 0
1 1 2278 2278 90552 0
2278 2278 1 1 125416 0
1 1 2279 2279 90606 0
2279 2279 1 1 125492 0
1 1 2280 2280 90660 0
2280 2280 1 1 125568 0
1 1 2281 2281 90714 0
2281 2281 1 1 125644 0
1 1 2282 2282 90768 0
2282 2282 1 1 125720 0
1 1 2283 2283 90822 0
2283 2283 1 1 125796 0
1 1 2284 2284 90876 0
2284 2284 1 1 125872 0
1 1 2285 2285 90930 0
2285 2285 1 1 125948 0
1 1 2286 2286 90984 0
2286 2286 1 1 126024 0
1 1 2287 2287 91038 0
2287 2287 1 1 126100 0
1 1 2288 2288 91092 0
2288 2288 1 1 126176 0
1 1 2289 2289 91146 0
2289 2289 1 1 126252 0
1 1 2290 2290 91200 0
2290 2290 1 1 126328 0
1 1 2291 2291 91254 0
2291 2291 1 1 126404 0
1 1 2292 2292 91308 0
2292 2292 1 1 126480 0
1 1 2293 2293 91362 0
2293 2293 1 1 126556 0
1 1 2294 2294 91416 0
2294 2294 1 1 126632 0
1 1 2295 2295 91470 0
2295 2295 1 1 126708 0
1 1 2296 2296 91524 0
2296 2296 1 1 126784 0
1 1 2297 2297 91578 0
2297 2297 1 1 126860 0
1 1 2298 2298 91632 0
2298 2298 1 1 126936 0
1 1 2299 2299 91686 0
2299 2299 1 1 127012 0
1 1 2300 2300 91740 0
2300 2300 1 1 127088 0
1 1 2301 2301 91794 0
2301 2301 1 1 127164 0
1 1 2302 2302 91848 0
2302 2302 1 1 127240 0
1 1 2303 2303 91902 0
2303 2303 1 1 127316 0
1 1 2304 2304 91956 0
2304 2304 1 1 127392 0
1 1 2305 2305 92010 0
2305 2305 1 1 127468 0
1 1 2306 2306 92064 0
2306 2306 1 1 127544 0
1 1 2307 2307 92118 0
2307 2307 1 1 127620 0
1 1 2308 2308 92172 0
2308 2308 1 1 127696 0
1 1 2309 2309 92226 0
2309 2309 1 1 127772 0
1 1 2310 2310 92280 0
2310 2310 1 1 127848 0
1 1 2311 2311 92334 0
2311 2311 1 1 127924 0
1 1 2312 2312 92388 0
2312 2312 1 1 128000 0
1 1 2313 2313 92442 0
2313 2313 1 1 128076 0
1 1 2314 2314 92496 0
2314 2314 1 1 126105 0
1 1 2315 2315 92550 0
2315 2315 1 1 126181 0
1 1 2316 2316 92604 0
2316 2316 1 1 126257 0
1 1 2317 2317 92658 0
2317 2317 1 1 126333 0
1 1 2318 2318 92712 0
2318 2318 1 1 126409 0
1 1 2319 2319 92766 0
2319 2319 1 1 126485 0
1 1 2320 2320 92820 0
2320 2320 1 1 126561 0
1 1 2321 2321 92874 0
2321 2321 1 1 126637 0
1 1 2322 2322 92928 0
2322 2322 1 1 126713 0
1 1 2323 2323 92982 0
2323 2323 1 1 126789 0
1 1 2324 2324 93036 0
2324 2324 1 1 126865 0
1 1 2325 2325 93090 0
2325 2325 1 1 126941 0
1 1 2326 2326 93144 0
2326 2326 1 1 127017 0
1 1 2327 2327 93198 0
2327 2327 1 1 127093 0
1 1 2328 2328 91603 0
2328 2328 1 1 127169 0
1 1 2329 2329 91657 0
2329 2329 1 1 127245 0
1 1 2330 2330 91711 0
2330 2330 1 1 127321 0
1 1 2331 2331 91765 0
2331 2331 1 1 127397 0
1 1 2332 2332 91819 0
2332 2332 1 1 127473 0
1 1 2333 2333 91873 0
2333 2333 1 1 127549 0
1 1 2334 2334 91927 0
2334 2334 1 1 127625 0
1 1 2335 2335 91981 0
2335 2335 1 1 127701 0
1 1 2336 2336 92035 0
2336 2336 1 1 127777 0
1 1 2337 2337 92089 0
2337 2337 1 1 127853 0
1 1 2338 2338 92143 0
2338 2338 1 1 127929 0
1 1 2339 2339 92197 0
2339 2339 1 1 128005 0
1 1 2340 2340 92251 0
2340 2340 1 1 128081 0
1 1 2341 2341 92305 0
2341 2341 1 1 128157 0
1 1 2342 2342 92359 0
2342 2342 1 1 128233 0
1 1 2343 2343 92413 0
2343 2343 1 1 128309 0
1 1 2344 2344 92467 0
2344 2344 1 1 128385 0
1 1 2345 2345 92521 0
2345 2345 1 1 128461 0
1 1 2346 2346 92575 0
2346 2346 1 1 128537 0
1 1 2347 2347 92629 0
2347 2347 1 1 128613 0
1 1 2348 2348 92683 0
2348 2348 1 1 128689 0
1 1 2349 2349 92737 0
2349 2349 1 1 128765 0
1 1 2350 2350 92791 0
2350 2350 1 1 128841 0
1 1 2351 2351 92845 0
2351 2351 1 1 128917 0
1 1 2352 2352 92899 0
2352 2352 1 1 128993 0
1 1 2353 2353 92953 0
2353 2353 1 1 129069 0
1 1 2354 2354 93007 0
2354 2354 1 1 129145 0
1 1 2355 2355 93061 0
2355 2355 1 1 129221 0
1 1 2356 2356 93115 0
2356 2356 1 1 129297 0
1 1 2357 2357 93169 0
2357 2357 1 1 129373 0
1 1 2358 2358 93223 0
2358 2358 1 1 129449 0
1 1 2359 2359 93277 0
2359 2359 1 1 129525 0
1 1 2360 2360 93331 0
2360 2360 1 1 129601 0
1 1 2361 2361 93385 0
2361 2361 1 1 129677 0
1 1 2362 2362 93439 0
2362 2362 1 1 129753 0
1 1 2363 2363 93493 0
2363 2363 1 1 129829 0
1 1 2364 2364 93547 0
2364 2364 1 1 129905 0
1 1 2365 2365 93601 0
2365 2365 1 1 129981 0
1 1 2366 2366 93655 0
2366 2366 1 1 130057 0
1 1 2367 2367 93709 0
2367 2367 1 1 130133 0
1 1 2368 2368 93763 0
2368 2368 1 1 130209 0
1 1 2369 2369 93817 0
2369 2369 1 1 130285 0
1 1 2370 2370 93871 0
2370 2370 1 1 130361 0
1 1 2371 2371 93925 0
2371 2371 1 1 130437 0
1 1 2372 2372 93979 0
2372 2372 1 1 130513 0
1 1 2373 2373 94033 0
2373 2373 1 1 130589 0
1 1 2374 2374 94087 0
2374 2374 1 1 130665 0
1 1 2375 2375 94141 0
2375 2375 1 1 130741 0
1 1 2376 2376 94195 0
2376 2376 1 1 130817 0
1 1 2377 2377 94249 0
2377 2377 1 1 130893 0
1 1 2378 2378 94303 0
2378 2378 1 1 130969 0
1 1 2379 2379 94357 0
2379 2379 1 1 131045 0
1 1 2380 2380 94411 0
2380 2380 1 1 131121 0
1 1 2381 2381 94465 0
2381 2381 1 1 131197 0
1 1 2382 2382 94519 0
2382 2382 1 1 131273 0
1 1 2383 2383 94573 0
2383 2383 1 1 131349 0
1 1 2384 2384 94627 0
2384 2384 1 1 131425 0
1 1 2385 2385 94681 0
2385 2385 1 1 131501 0
1 1 2386 2386 94735 0
2386 2386 1 1 131577 0
1 1 2387 2387 94789 0
2387 2387 1 1 131653 0
1 1 2388 2388 94843 0
2388 2388 1 1 131729 0
1 1 2389 2389 94897 0
2389 2389 1 1 131805 0
1 1 2390 2390 94951 0
2390 2390 1 1 131881 0
1 1 2391 2391 95005 0
2391 2391 1 1 131957 0
1 1 2392 2392 95059 0
2392 2392 1 1 132033 0
1 1 2393 2393 95113 0
2393 2393 1 1 132109 0
1 1 2394 2394 95167 0
2394 2394 1 1 132185 0
1 1 2395 2395 95221 0
2395 2395 1 1 132261 0
1 1 2396 2396 95275 0
2396 2396 1 1 132337 0
1 1 2397 2397 95329 0
2397 2397 1 1 132413 0
1 1 2398 2398 95383 0
2398 2398 1 1 132489 0
1 1 2399 2399 95437 0
2399 2399 1 1 132565 0
1 1 2400 2400 95491 0
2400 2400 1 1 132641 0
1 1 2401 2401 95545 0
2401 2401 1 1 132717 0
1 1 2402 2402 95599 0
2402 2402 1 1 132793 0
1 1 2403 2403 95653 0
2403 2403 1 1 130822 0
1 1 2404 2404 95707 0
2404 2404 1 1 130898 0
1 1 2405 2405 95761 0
2405 2405 1 1 130974 0
1 1 2406 2406 95815 0
2406 2406 1 1 131050 0
1 1 2407 2407 95869 0
2407 2407 1 1 131126 0
1 1 2408 2408 95923 0
2408 2408 1 1 131202 0
1 1 2409 2409 95977 0
2409 2409 1 1 131278 0
1 1 2410 2410 96031 0
2410 2410 1 1 131354 0
1 1 2411 2411 96085 0
2411 2411 1 1 131430 0
1 1 2412 2412 96139 0
2412 2412 1 1 131506 0
1 1 2413 2413 96193 0
2413 2413 1 1 131582 0
1 1 2414 2414 96247 0
2414 2414 1 1 131658 0
1 1 2415 2415 96301 0
2415 2415 1 1 131734 0
1 1 2416 2416 96355 0
2416 2416 1 1 131810 0
1 1 2417 2417 96409 0
2417 2417 1 1 131886 0
1 1 2418 2418 96463 0
2418 2418 1 1 131962 0
1 1 2419 2419 96517 0
2419 2419 1 1 132038 0
1 1 2420 2420 96571 0
2420 2420 1 1 132114 0
1 1 2421 2421 96625 0
2421 2421 1 1 132190 0
1 1 2422 2422 96679 0
2422 2422 1 1 132266 0
1 1 2423 2423 96733 0
2423 2423 1 1 132342 0
1 1 2424 2424 96787 0
2424 2424 1 1 132418 0
1 1 2425 2425 95192 0
2425 2425 1 1 132494 0
1 1 2426 2426 95246 0
2426 2426 1 1 132570 0
1 1 2427 2427 95300 0
2427 2427 1 1 132646 0
1 1 2428 2428 95354 0
2428 2428 1 1 132722 0
1 1 2429 2429 95408 0
2429 2429 1 1 132798 0
1 1 2430 2430 95462 0
2430 2430 1 1 132874 0
1 1 2431 2431 95516 0
2431 2431 1 1 132950 0
1 1 2432 2432 95570 0
2432 2432 1 1 133026 0
1 1 2433 2433 95624 0
2433 2433 1 1 133102 0
1 1 2434 2434 95678 0
2434 2434 1 1 133178 0
1 1 2435 2435 95732 0
2435 2435 1 1 133254 0
1 1 2436 2436 95786 0
2436 2436 1 1 133330 0
1 1 2437 2437 95840 0
2437 2437 1 1 133406 0
1 1 2438 2438 95894 0
2438 2438 1 1 133482 0
1 1 2439 2439 95948 0
2439 2439 1 1 133558 0
1 1 2440 2440 96002 0
2440 2440 1 1 133634 0
1 1 2441 2441 96056 0
2441 2441 1 1 133710 0
1 1 2442 2442 96110 0
2442 2442 1 1 133786 0
1 1 2443 2443 96164 0
2443 2443 1 1 133862 0
1 1 2444 2444 96218 0
2444 2444 1 1 133938 0
1 1 2445 2445 96272 0
2445 2445 1 1 134014 0
1 1 2446 2446 96326 0
2446 2446 1 1 134090 0
1 1 2447 2447 96380 0
2447 2447 1 1 134166 0
1 1 2448 2448 96434 0
2448 2448 1 1 134242 0
1 1 2449 2449 96488 0
2449 2449 1 1 134318 0
1 1 2450 2450 96542 0
2450 2450 1 1 134394 0
1 1 2451 2451 96596 0
2451 2451 1 1 134470 0
1 1 2452 2452 96650 0
2452 2452 1 1 134546 0
1 1 2453 2453 96704 0
2453 2453 1 1 134622 0
1 1 2454 2454 96758 0
2454 2454 1 1 134698 0
1 1 2455 2455 96812 0
2455 2455 1 1 134774 0
1 1 2456 2456 96866 0
2456 2456 1 1 134850 0
1 1 2457 2457 96920 0
2457 2457 1 1 134926 0
1 1 2458 2458 96974 0
2458 2458 1 1 135002 0
1 1 2459 2459 97028 0
2459 2459 1 1 135078 0
1 1 2460 2460 97082 0
2460 2460 1 1 135154 0
1 1 2461 2461 97136 0
2461 2461 1 1 135230 0
1 1 2462 2462 97190 0
2462 2462 1 1 135306 0
1 1 2463 2463 97244 0
2463 2463 1 1 135382 0
1 1 2464 2464 97298 0
2464 2464 1 1 135458 0
1 1 2465 2465 97352 0
2465 2465 1 1 135534 0
1 1 2466 2466 97406 0
2466 2466 1 1 135610 0
1 1 2467 2467 97460 0
2467 2467 1 1 135686 0
1 1 2468 2468 97514 0
2468 2468 1 1 135762 0
1 1 2469 2469 97568 0
2469 2469 1 1 135838 0
1 1 2470 2470 97622 0
2470 2470 1 1 135914 0
1 1 2471 2471 97676 0
2471 2471 1 1 135990 0
1 1 2472 2472 97730 0
2472 2472 1 1 136066 0
1 1 2473 2473 97784 0
2473 2473 1 1 136142 0
1 1 2474 2474 97838 0
2474 2474 1 1 136218 0
1 1 2475 2475 97892 0
2475 2475 1 1 136294 0
1 1 2476 2476 97946 0
2476 2476 1 1 136370 0
1 1 2477 2477 98000 0
2477 2477 1 1 136446 0
1 1 2478 2478 98054 0
2478 2478 1 1 136522 0
1 1 2479 2479 98108 0
2479 2479 1 1 136598 0
1 1 2480 2480 98162 0
2480 2480 1 1 136674 0
1 1 2481 2481 98216 0
2481 2481 1 1 136750 0
1 1 2482 2482 98270 0
2482 2482 1 1 136826 0
1 1 2483 2483 98324 0
2483 2483 1 1 136902 0
1 1 2484 2484 98378 0
2484 2484 1 1 136978 0
1 1 2485 2485 98432 0
2485 2485 1 1 137054 0
1 1 2486 2486 98486 0
2486 2486 1 1 137130 0
1 1 2487 2487 98540 0
2487 2487 1 1 137206 0
1 1 2488 2488 98594 0
2488 2488 1 1 137282 0
1 1 2489 2489 98648 0
2489 2489 1 1 137358 0
1 1 2490 2490 98702 0
2490 2490 1 1 137434 0
1 1 2491 2491 98756 0
2491 2491 1 1 137510 0
1 1 2492 2492 98810 0
2492 2492 1 1 135539 0
1 1 2493 2493 98864 0
2493 2493 1 1 135615 0
1 1 2494 2494 98918 0
2494 2494 1 1 135691 0
1 1 2495 2495 98972 0
2495 2495 1 1 135767 0
1 1 2496 2496 99026 0
2496 2496 1 1 135843 0
1 1 2497 2497 99080 0
2497 2497 1 1 135919 0
1 1 2498 2498 99134 0
2498 2498 1 1 135995 0
1 1 2499 2499 99188 0
2499 2499 1 1 136071 0
1 1 2500 2500 99242 0
2500 2500 1 1 136147 0
1 1 2501 2501 99296 0
2501 2501 1 1 136223 0
1 1 2502 2502 99350 0
2502 2502 1 1 136299 0
1 1 2503 2503 99404 0
2503 2503 1 1 136375 0
1 1 2504 2504 99458 0
2504 2504 1 1 136451 0
1 1 2505 2505 99512 0
2505 2505 1 1 136527 0
1 1 2506 2506 99566 0
2506 2506 1 1 136603 0
1 1 2507 2507 99620 0
2507 2507 1 1 136679 0
1 1 2508 2508 99674 0
2508 2508 1 1 136755 0
1 1 2509 2509 99728 0
2509 2509 1 1 136831 0
1 1 2510 2510 99782 0
2510 2510 1 1 136907 0
1 1 2511 2511 99836 0
2511 2511 1 1 136983 0
1 1 2512 2512 99890 0
2512 2512 1 1 137059 0
1 1 2513 2513 99944 0
2513 2513 1 1 137135 0
1 1 2514 2514 99998 0
2514 2514 1 1 137211 0
1 1 2515 2515 100052 0
2515 2515 1 1 137287 0
1 1 2516 2516 100106 0
2516 2516 1 1 137363 0
1 1 2517 2517 100160 0
2517 2517 1 1 137439 0
1 1 2518 2518 100214 0
2518 2518 1 1 137515 0
1 1 2519 2519 100268 0
2519 2519 1 1 137591 0
1 1 2520 2520 100322 0
2520 2520 1 1 137667 0
1 1 2521 2521 100376 0
2521 2521 1 1 137743 0
1 1 2522 2522 98781 0
2522 2522 1 1 137819 0
1 1 2523 2523 98835 0
2523 2523 1 1 137895 0
1 1 2524 2524 98889 0
2524 2524 1 1 137971 0
1 1 2525 2525 98943 0
2525 2525 1 1 138047 0
1 1 2526 2526 98997 0
2526 2526 1 1 138123 0
1 1 2527 2527 99051 0
2527 2527 1 1 138199 0
1 1 2528 2528 99105 0
2528 2528 1 1 138275 0
1 1 2529 2529 99159 0
2529 2529 1 1 138351 0
1 1 2530 2530 99213 0
2530 2530 1 1 138427 0
1 1 2531 2531 99267 0
2531 2531 1 1 138503 0
1 1 2532 2532 99321 0
2532 2532 1 1 138579 0
1 1 2533 2533 99375 0
2533 2533 1 1 138655 0
1 1 2534 2534 99429 0
2534 2534 1 1 138731 0
1 1 2535 2535 99483 0
2535 2535 1 1 138807 0
1 1 2536 2536 99537 0
2536 2536 1 1 138883 0
1 1 2537 2537 99591 0
2537 2537 1 1 138959 0
1 1 2538 2538 99645 0
2538 2538 1 1 139035 0
1 1 2539 2539 99699 0
2539 2539 1 1 139111 0
1 1 2540 2540 99753 0
2540 2540 1 1 139187 0
1 1 2541 2541 99807 0
2541 2541 1 1 139263 0
1 1 2542 2542 99861 0
2542 2542 1 1 139339 0
1 1 2543 2543 99915 0
2543 2543 1 1 139415 0
1 1 2544 2544 99969 0
2544 2544 1 1 139491 0
1 1 2545 2545 100023 0
2545 2545 1 1 139567 0
1 1 2546 2546 100077 0
2546 2546 1 1 139643 0
1 1 2547 2547 100131 0
2547 2547 1 1 139719 0
1 1 2548 2548 100185 0
2548 2548 1 1 139795 0
1 1 2549 2549 100239 0
2549 2549 1 1 139871 0
1 1 2550 2550 100293 0
2550 2550 1 1 139947 0
1 1 2551 2551 100347 0
2551 2551 1 1 140023 0
1 1 2552 2552 100401 0
2552 2552 1 1 140099 0
1 1 2553 2553 100455 0
2553 2553 1 1 140175 0
1 1 2554 2554 100509 0
2554 2554 1 1 140251 0
1 1 2555 2555 100563 0
2555 2555 1 1 140327 0
1 1 2556 2556 100617 0
2556 2556 1 1 140403 0
1 1 2557 2557 100671 0
2557 2557 1 1 140479 0
1 1 2558 2558 100725 0
2558 2558 1 1 140555 0
1 1 2559 2559 100779 0
2559 2559 1 1 140631 0
1 1 2560 2560 100833 0
2560 2560 1 1 140707 0
1 1 2561 2561 100887 0
2561 2561 1 1 140783 0
1 1 2562 2562 100941 0
2562 2562 1 1 140859 0
1 1 2563 2563 100995 0
2563 2563 1 1 140935 0
1 1 2564 2564 101049 0
2564 2564 1 1 141011 0
1 1 2565 2565 101103 0
2565 2565 1 1 141087 0
1 1 2566 2566 101157 0
2566 2566 1 1 141163 0
1 1 2567 2567 101211 0
2567 2567 1 1 141239 0
1 1 2568 2568 101265 0
2568 2568 1 1 141315 0
1 1 2569 2569 101319 0
2569 2569 1 1 141391 0
1 1 2570 2570 101373 0
2570 2570 1 1 141467 0
1 1 2571 2571 101427 0
2571 2571 1 1 141543 0
1 1 2572 2572 101481 0
2572 2572 1 1 141619 0
1 1 2573 2573 101535 0
2573 2573 1 1 141695 0
1 1 2574 2574 101589 0
2574 2574 1 1 141771 0
1 1 2575 2575 101643 0
2575 2575 1 1 141847 0
1 1 2576 2576 101697 0
2576 2576 1 1 141923 0
1 1 2577 2577 101751 0
2577 2577 1 1 141999 0
1 1 2578 2578 101805 0
2578 2578 1 1 142075 0
1 1 2579 2579 101859 0
2579 2579 1 1 142151 0
1 1 2580 2580 101913 0
2580 2580 1 1 142227 0
1 1 2581 2581 101967 0
2581 2581 1 1 140256 0
1 1 2582 2582 102021 0
2582 2582 1 1 140332 0
1 1 2583 2583 102075 0
2583 2583 1 1 140408 0
1 1 2584 2584 102129 0
2584 2584 1 1 140484 0
1 1 2585 2585 102183 0
2585 2585 1 1 140560 0
1 1 2586 2586 102237 0
2586 2586 1 1 140636 0
1 1 2587 2587 102291 0
2587 2587 1 1 140712 0
1 1 2588 2588 102345 0
2588 2588 1 1 140788 0
1 1 2589 2589 102399 0
2589 2589 1 1 140864 0
1 1 2590 2590 102453 0
2590 2590 1 1 140940 0
1 1 2591 2591 102507 0
2591 2591 1 1 141016 0
1 1 2592 2592 102561 0
2592 2592 1 1 141092 0
1 1 2593 2593 102615 0
2593 2593 1 1 141168 0
1 1 2594 2594 102669 0
2594 2594 1 1 141244 0
1 1 2595 2595 102723 0
2595 2595 1 1 141320 0
1 1 2596 2596 102777 0
2596 2596 1 1 141396 0
1 1 2597 2597 102831 0
2597 2597 1 1 141472 0
1 1 2598 2598 102885 0
2598 2598 1 1 141548 0
1 1 2599 2599 102939 0
2599 2599 1 1 141624 0
1 1 2600 2600 102993 0
2600 2600 1 1 141700 0
1 1 2601 2601 103047 0
2601 2601 1 1 141776 0
1 1 2602 2602 103101 0
2602 2602 1 1 141852 0
1 1 2603 2603 103155 0
2603 2603 1 1 141928 0
1 1 2604 2604 103209 0
2604 2604 1 1 142004 0
1 1 2605 2605 103263 0
2605 2605 1 1 142080 0
1 1 2606 2606 103317 0
2606 2606 1 1 142156 0
1 1 2607 2607 103371 0
2607 2607 1 1 142232 0
1 1 2608 2608 103425 0
2608 2608 1 1 142308 0
1 1 2609 2609 103479 0
2609 2609 1 1 142384 0
1 1 2610 2610 103533 0
2610 2610 1 1 142460 0
1 1 2611 2611 103587 0
2611 2611 1 1 142536 0
1 1 2612 2612 103641 0
2612 2612 1 1 142612 0
1 1 2613 2613 103695 0
2613 2613 1 1 142688 0
1 1 2614 2614 103749 0
2614 2614 1 1 142764 0
1 1 2615 2615 103803 0
2615 2615 1 1 142840 0
1 1 2616 2616 103857 0
2616 2616 1 1 142916 0
1 1 2617 2617 103911 0
2617 2617 1 1 142992 0
1 1 2618 2618 103965 0
2618 2618 1 1 143068 0
1 1 2619 2619 102370 0
2619 2619 1 1 143144 0
1 1 2620 2620 102424 0
2620 2620 1 1 143220 0
1 1 2621 2621 102478 0
2621 2621 1 1 143296 0
1 1 2622 2622 102532 0
2622 2622 1 1 143372 0
1 1 2623 2623 102586 0
2623 2623 1 1 143448 0
1 1 2624 2624 102640 0
2624 2624 1 1 143524 0
1 1 2625 2625 102694 0
2625 2625 1 1 143600 0
1 1 2626 2626 102748 0
2626 2626 1 1 143676 0
1 1 2627 2627 102802 0
2627 2627 1 1 143752 0
1 1 2628 2628 102856 0
2628 2628 1 1 143828 0
1 1 2629 2629 102910 0
2629 2629 1 1 143904 0
1 1 2630 2630 102964 0
2630 2630 1 1 143980 0
1 1 2631 2631 103018 0
2631 2631 1 1 144056 0
1 1 2632 2632 103072 0
2632 2632 1 1 144132 0
1 1 2633 2633 103126 0
2633 2633 1 1 144208 0
1 1 2634 2634 103180 0
2634 2634 1 1 144284 0
1 1 2635 2635 103234 0
2635 2635 1 1 144360 0
1 1 2636 2636 103288 0
2636 2636 1 1 144436 0
1 1 2637 2637 103342 0
2637 2637 1 1 144512 0
1 1 2638 2638 103396 0
2638 2638 1 1 144588 0
1 1 2639 2639 103450 0
2639 2639 1 1 144664 0
1 1 2640 2640 103504 0
2640 2640 1 1 144740 0
1 1 2641 2641 103558 0
2641 2641 1 1 144816 0
1 1 2642 2642 103612 0
2642 2642 1 1 144892 0
1 1 2643 2643 103666 0
2643 2643 1 1 144968 0
1 1 2644 2644 103720 0
2644 2644 1 1 145044 0
1 1 2645 2645 103774 0
2645 2645 1 1 145120 0
1 1 2646 2646 103828 0
2646 2646 1 1 145196 0
1 1 2647 2647 103882 0
2647 2647 1 1 145272 0
1 1 2648 2648 103936 0
2648 2648 1 1 145348 0
1 1 2649 2649 103990 0
2649 2649 1 1 145424 0
1 1 2650 2650 104044 0
2650 2650 1 1 145500 0
1 1 2651 2651 104098 0
2651 2651 1 1 145576 0
1 1 2652 2652 104152 0
2652 2652 1 1 145652 0
1 1 2653 2653 104206 0
2653 2653 1 1 145728 0
1 1 2654 2654 104260 0
2654 2654 1 1 145804 0
1 1 2655 2655 104314 0
2655 2655 1 1 145880 0
1 1 2656 2656 104368 0
2656 2656 1 1 145956 0
1 1 2657 2657 104422 0
2657 2657 1 1 146032 0
1 1 2658 2658 104476 0
2658 2658 1 1 146108 0
1 1 2659 2659 104530 0
2659 2659 1 1 146184 0
1 1 2660 2660 104584 0
2660 2660 1 1 146260 0
1 1 2661 2661 104638 0
2661 2661 1 1 146336 0
1 1 2662 2662 104692 0
2662 2662 1 1 146412 0
1 1 2663 2663 104746 0
2663 2663 1 1 146488 0
1 1 2664 2664 104800 0
2664 2664 1 1 146564 0
1 1 2665 2665 104854 0
2665 2665 1 1 146640 0
1 1 2666 2666 104908 0
2666 2666 1 1 146716 0
1 1 2667 2667 104962 0
2667 2667 1 1 146792 0
1 1 2668 2668 105016 0
2668 2668 1 1 146868 0
1 1 2669 2669 105070 0
2669 2669 1 1 146944 0
1 1 2670 2670 105124 0
2670 2670 1 1 144973 0
1 1 2671 2671 105178 0
2671 2671 1 1 145049 0
1 1 2672 2672 105232 0
2672 2672 1 1 145125 0
1 1 2673 2673 105286 0
2673 2673 1 1 145201 0
1 1 2674 2674 105340 0
2674 2674 1 1 145277 0
1 1 2675 2675 105394 0
2675 2675 1 1 145353 0
1 1 2676 2676 105448 0
2676 2676 1 1 145429 0
1 1 2677 2677 105502 0
2677 2677 1 1 145505 0
1 1 2678 2678 105556 0
2678 2678 1 1 145581 0
1 1 2679 2679 105610 0
2679 2679 1 1 145657 0
1 1 2680 2680 105664 0
2680 2680 1 1 145733 0
1 1 2681 2681 105718 0
2681 2681 1 1 145809 0
1 1 2682 2682 105772 0
2682 2682 1 1 145885 0
1 1 2683 2683 105826 0
2683 2683 1 1 145961 0
1 1 2684 2684 105880 0
2684 2684 1 1 146037 0
1 1 2685 2685 105934 0
2685 2685 1 1 146113 0
1 1 2686 2686 105988 0
2686 2686 1 1 146189 0
1 1 2687 2687 106042 0
2687 2687 1 1 146265 0
1 1 2688 2688 106096 0
2688 2688 1 1 146341 0
1 1 2689 2689 106150 0
2689 2689 1 1 146417 0
1 1 2690 2690 106204 0
2690 2690 1 1 146493 0
1 1 2691 2691 106258 0
2691 2691 1 1 146569 0
1 1 2692 2692 106312 0
2692 2692 1 1 146645 0
1 1 2693 2693 106366 0
2693 2693 1 1 146721 0
1 1 2694 2694 106420 0
2694 2694 1 1 146797 0
1 1 2695 2695 106474 0
2695 2695 1 1 146873 0
1 1 2696 2696 106528 0
2696 2696 1 1 146949 0
1 1 2697 2697 106582 0
2697 2697 1 1 147025 0
1 1 2698 2698 106636 0
2698 2698 1 1 147101 0
1 1 2699 2699 106690 0
2699 2699 1 1 147177 0
1 1 2700 2700 106744 0
2700 2700 1 1 147253 0
1 1 2701 2701 106798 0
2701 2701 1 1 147329 0
1 1 2702 2702 106852 0
2702 2702 1 1 147405 0
1 1 2703 2703 106906 0
2703 2703 1 1 147481 0
1 1 2704 2704 106960 0
2704 2704 1 1 147557 0
1 1 2705 2705 107014 0
2705 2705 1 1 147633 0
1 1 2706 2706 107068 0
2706 2706 1 1 147709 0
1 1 2707 2707 107122 0
2707 2707 1 1 147785 0
1 1 2708 2708 107176 0
2708 2708 1 1 147861 0
1 1 2709 2709 107230 0
2709 2709 1 1 147937 0
1 1 2710 2710 107284 0
2710 2710 1 1 148013 0
1 1 2711 2711 107338 0
2711 2711 1 1 148089 0
1 1 2712 2712 107392 0
2712 2712 1 1 148165 0
1 1 2713 2713 107446 0
2713 2713 1 1 148241 0
1 1 2714 2714 107500 0
2714 2714 1 1 148317 0
1 1 2715 2715 107554 0
2715 2715 1 1 148393 0
1 1 2716 2716 105959 0
2716 2716 1 1 148469 0
1 1 2717 2717 106013 0
2717 2717 1 1 148545 0
1 1 2718 2718 106067 0
2718 2718 1 1 148621 0
1 1 2719 2719 106121 0
2719 2719 1 1 148697 0
1 1 2720 2720 106175 0
2720 2720 1 1 148773 0
1 1 2721 2721 106229 0
2721 2721 1 1 148849 0
1 1 2722 2722 106283 0
2722 2722 1 1 148925 0
1 1 2723 2723 106337 0
2723 2723 1 1 149001 0
1 1 2724 2724 106391 0
2724 2724 1 1 149077 0
1 1 2725 2725 106445 0
2725 2725 1 1 149153 0
1 1 2726 2726 106499 0
2726 2726 1 1 149229 0
1 1 2727 2727 106553 0
2727 2727 1 1 149305 0
1 1 2728 2728 106607 0
2728 2728 1 1 149381 0
1 1 2729 2729 106661 0
2729 2729 1 1 149457 0
1 1 2730 2730 106715 0
2730 2730 1 1 149533 0
1 1 2731 2731 106769 0
2731 2731 1 1 149609 0
1 1 2732 2732 106823 0
2732 2732 1 1 149685 0
1 1 2733 2733 106877 0
2733 2733 1 1 149761 0
1 1 2734 2734 106931 0
2734 2734 1 1 149837 0
1 1 2735 2735 106985 0
2735 2735 1 1 149913 0
1 1 2736 2736 107039 0
2736 2736 1 1 149989 0
1 1 2737 2737 107093 0
2737 2737 1 1 150065 0
1 1 2738 2738 107147 0
2738 2738 1 1 150141 0
1 1 2739 2739 107201 0
2739 2739 1 1 150217 0
1 1 2740 2740 107255 0
2740 2740 1 1 150293 0
1 1 2741 2741 107309 0
2741 2741 1 1 150369 0
1 1 2742 2742 107363 0
2742 2742 1 1 150445 0
1 1 2743 2743 107417 0
2743 2743 1 1 150521 0
1 1 2744 2744 107471 0
2744 2744 1 1 150597 0
1 1 2745 2745 107525 0
2745 2745 1 1 150673 0
1 1 2746 2746 107579 0
2746 2746 1 1 150749 0
1 1 2747 2747 107633 0
2747 2747 1 1 150825 0
1 1 2748 2748 107687 0
2748 2748 1 1 150901 0
1 1 2749 2749 107741 0
2749 2749 1 1 150977 0
1 1 2750 2750 107795 0
2750 2750 1 1 151053 0
1 1 2751 2751 107849 0
2751 2751 1 1 151129 0
1 1 2752 2752 107903 0
2752 2752 1 1 151205 0
1 1 2753 2753 107957 0
2753 2753 1 1 151281 0
1 1 2754 2754 108011 0
2754 2754 1 1 151357 0
1 1 2755 2755 108065 0
2755 2755 1 1 151433 0
1 1 2756 2756 108119 0
2756 2756 1 1 151509 0
1 1 2757 2757 108173 0
2757 2757 1 1 151585 0
1 1 2758 2758 108227 0
2758 2758 1 1 151661 0
1 1 2759 2759 108281 0
2759 2759 1 1 149690 0
1 1 2760 2760 108335 0
2760 2760 1 1 149766 0
1 1 2761 2761 108389 0
2761 2761 1 1 149842 0
1 1 2762 2762 108443 0
2762 2762 1 1 149918 0
1 1 2763 2763 108497 0
2763 2763 1 1 149994 0
1 1 2764 2764 108551 0
2764 2764 1 1 150070 0
1 1 2765 2765 108605 0
2765 2765 1 1 150146 0
1 1 2766 2766 108659 0
2766 2766 1 1 150222 0
1 1 2767 2767 108713 0
2767 2767 1 1 150298 0
1 1 2768 2768 108767 0
2768 2768 1 1 150374 0
1 1 2769 2769 108821 0
2769 2769 1 1 150450 0
1 1 2770 2770 108875 0
2770 2770 1 1 150526 0
1 1 2771 2771 108929 0
2771 2771 1 1 150602 0
1 1 2772 2772 108983 0
2772 2772 1 1 150678 0
1 1 2773 2773 109037 0
2773 2773 1 1 150754 0
1 1 2774 2774 109091 0
2774 2774 1 1 150830 0
1 1 2775 2775 109145 0
2775 2775 1 1 150906 0
1 1 2776 2776 109199 0
2776 2776 1 1 150982 0
1 1 2777 2777 109253 0
2777 2777 1 1 151058 0
1 1 2778 2778 109307 0
2778 2778 1 1 151134 0
1 1 2779 2779 109361 0
2779 2779 1 1 151210 0
1 1 2780 2780 109415 0
2780 2780 1 1 151286 0
1 1 2781 2781 109469 0
2781 2781 1 1 151362 0
1 1 2782 2782 109523 0
2782 2782 1 1 151438 0
1 1 2783 2783 109577 0
2783 2783 1 1 151514 0
1 1 2784 2784 109631 0
2784 2784 1 1 151590 0
1 1 2785 2785 109685 0
2785 2785 1 1 151666 0
1 1 2786 2786 109739 0
2786 2786 1 1 151742 0
1 1 2787 2787 109793 0
2787 2787 1 1 151818 0
1 1 2788 2788 109847 0
2788 2788 1 1 151894 0
1 1 2789 2789 109901 0
2789 2789 1 1 151970 0
1 1 2790 2790 109955 0
2790 2790 1 1 152046 0
1 1 2791 2791 110009 0
2791 2791 1 1 152122 0
1 1 2792 2792 110063 0
2792 2792 1 1 152198 0
1 1 2793 2793 110117 0
2793 2793 1 1 152274 0
1 1 2794 2794 110171 0
2794 2794 1 1 152350 0
1 1 2795 2795 110225 0
2795 2795 1 1 152426 0
1 1 2796 2796 110279 0
2796 2796 1 1 152502 0
1 1 2797 2797 110333 0
2797 2797 1 1 152578 0
1 1 2798 2798 110387 0
2798 2798 1 1 152654 0
1 1 2799 2799 110441 0
2799 2799 1 1 152730 0
1 1 2800 2800 110495 0
2800 2800 1 1 152806 0
1 1 2801 2801 110549 0
2801 2801 1 1 152882 0
1 1 2802 2802 110603 0
2802 2802 1 1 152958 0
1 1 2803 2803 110657 0
2803 2803 1 1 153034 0
1 1 2804 2804 110711 0
2804 2804 1 1 153110 0
1 1 2805 2805 110765 0
2805 2805 1 1 153186 0
1 1 2806 2806 110819 0
2806 2806 1 1 153262 0
1 1 2807 2807 110873 0
2807 2807 1 1 153338 0
1 1 2808 2808 110927 0
2808 2808 1 1 153414 0
1 1 2809 2809 110981 0
2809 2809 1 1 153490 0
1 1 2810 2810 111035 0
2810 2810 1 1 153566 0
1 1 2811 2811 111089 0
2811 2811 1 1 153642 0
1 1 2812 2812 111143 0
2812 2812 1 1 153718 0
1 1 2813 2813 109548 0
2813 2813 1 1 153794 0
1 1 2814 2814 109602 0
2814 2814 1 1 153870 0
1 1 2815 2815 109656 0
2815 2815 1 1 153946 0
1 1 2816 2816 109710 0
2816 2816 1 1 154022 0
1 1 2817 2817 109764 0
2817 2817 1 1 154098 0
1 1 2818 2818 109818 0
2818 2818 1 1 154174 0
1 1 2819 2819 109872 0
2819 2819 1 1 154250 0
1 1 2820 2820 109926 0
2820 2820 1 1 154326 0
1 1 2821 2821 109980 0
2821 2821 1 1 154402 0
1 1 2822 2822 110034 0
2822 2822 1 1 154478 0
1 1 2823 2823 110088 0
2823 2823 1 1 154554 0
1 1 2824 2824 110142 0
2824 2824 1 1 154630 0
1 1 2825 2825 110196 0
2825 2825 1 1 154706 0
1 1 2826 2826 110250 0
2826 2826 1 1 154782 0
1 1 2827 2827 110304 0
2827 2827 1 1 154858 0
1 1 2828 2828 110358 0
2828 2828 1 1 154934 0
1 1 2829 2829 110412 0
2829 2829 1 1 155010 0
1 1 2830 2830 110466 0
2830 2830 1 1 155086 0
1 1 2831 2831 110520 0
2831 2831 1 1 155162 0
1 1 2832 2832 110574 0
2832 2832 1 1 155238 0
1 1 2833 2833 110628 0
2833 2833 1 1 155314 0
1 1 2834 2834 110682 0
2834 2834 1 1 155390 0
1 1 2835 2835 110736 0
2835 2835 1 1 155466 0
1 1 2836 2836 110790 0
2836 2836 1 1 155542 0
1 1 2837 2837 110844 0
2837 2837 1 1 155618 0
1 1 2838 2838 110898 0
2838 2838 1 1 155694 0
1 1 2839 2839 110952 0
2839 2839 1 1 155770 0
1 1 2840 2840 111006 0
2840 2840 1 1 155846 0
1 1 2841 2841 111060 0
2841 2841 1 1 155922 0
1 1 2842 2842 111114 0
2842 2842 1 1 155998 0
1 1 2843 2843 111168 0
2843 2843 1 1 156074 0
1 1 2844 2844 111222 0
2844 2844 1 1 156150 0
1 1 2845 2845 111276 0
2845 2845 1 1 156226 0
1 1 2846 2846 111330 0
2846 2846 1 1 156302 0
1 1 2847 2847 111384 0
2847 2847 1 1 156378 0
1 1 2848 2848 111438 0
2848 2848 1 1 154407 0
1 1 2849 2849 111492 0
2849 2849 1 1 154483 0
1 1 2850 2850 111546 0
2850 2850 1 1 154559 0
1 1 2851 2851 111600 0
2851 2851 1 1 154635 0
1 1 2852 2852 111654 0
2852 2852 1 1 154711 0
1 1 2853 2853 111708 0
2853 2853 1 1 154787 0
1 1 2854 2854 111762 0
2854 2854 1 1 154863 0
1 1 2855 2855 111816 0
2855 2855 1 1 154939 0
1 1 2856 2856 111870 0
2856 2856 1 1 155015 0
1 1 2857 2857 111924 0
2857 2857 1 1 155091 0
1 1 2858 2858 111978 0
2858 2858 1 1 155167 0
1 1 2859 2859 112032 0
2859 2859 1 1 155243 0
1 1 2860 2860 112086 0
2860 2860 1 1 155319 0
1 1 2861 2861 112140 0
2861 2861 1 1 155395 0
1 1 2862 2862 112194 0
2862 2862 1 1 155471 0
1 1 2863 2863 112248 0
2863 2863 1 1 155547 0
1 1 2864 2864 112302 0
2864 2864 1 1 155623 0
1 1 2865 2865 112356 0
2865 2865 1 1 155699 0
1 1 2866 2866 112410 0
2866 2866 1 1 155775 0
1 1 2867 2867 112464 0
2867 2867 1 1 155851 0
1 1 2868 2868 112518 0
2868 2868 1 1 155927 0
1 1 2869 2869 112572 0
2869 2869 1 1 156003 0
1 1 2870 2870 112626 0
2870 2870 1 1 156079 0
1 1 2871 2871 112680 0
2871 2871 1 1 156155 0
1 1 2872 2872 112734 0
2872 2872 1 1 156231 0
1 1 2873 2873 112788 0
2873 2873 1 1 156307 0
1 1 2874 2874 112842 0
2874 2874 1 1 156383 0
1 1 2875 2875 112896 0
2875 2875 1 1 156459 0
1 1 2876 2876 112950 0
2876 2876 1 1 156535 0
1 1 2877 2877 113004 0
2877 2877 1 1 156611 0
1 1 2878 2878 113058 0
2878 2878 1 1 156687 0
1 1 2879 2879 113112 0
2879 2879 1 1 156763 0
1 1 2880 2880 113166 0
2880 2880 1 1 156839 0
1 1 2881 2881 113220 0
2881 2881 1 1 156915 0
1 1 2882 2882 113274 0
2882 2882 1 1 156991 0
1 1 2883 2883 113328 0
2883 2883 1 1 157067 0
1 1 2884 2884 113382 0
2884 2884 1 1 157143 0
1 1 2885 2885 113436 0
2885 2885 1 1 157219 0
1 1 2886 2886 113490 0
2886 2886 1 1 157295 0
1 1 2887 2887 113544 0
2887 2887 1 1 157371 0
1 1 2888 2888 113598 0
2888 2888 1 1 157447 0
1 1 2889 2889 113652 0
2889 2889 1 1 157523 0
1 1 2890 2890 113706 0
2890 2890 1 1 157599 0
1 1 2891 2891 113760 0
2891 2891 1 1 157675 0
1 1 2892 2892 113814 0
2892 2892 1 1 157751 0
1 1 2893 2893 113868 0
2893 2893 1 1 157827 0
1 1 2894 2894 113922 0
2894 2894 1 1 157903 0
1 1 2895 2895 113976 0
2895 2895 1 1 157979 0
1 1 2896 2896 114030 0
2896 2896 1 1 158055 0
1 1 2897 2897 114084 0
2897 2897 1 1 158131 0
1 1 2898 2898 114138 0
2898 2898 1 1 158207 0
1 1 2899 2899 114192 0
2899 2899 1 1 158283 0
1 1 2900 2900 114246 0
2900 2900 1 1 158359 0
1 1 2901 2901 114300 0
2901 2901 1 1 158435 0
1 1 2902 2902 114354 0
2902 2902 1 1 158511 0
1 1 2903 2903 114408 0
2903 2903 1 1 158587 0
1 1 2904 2904 114462 0
2904 2904 1 1 158663 0
1 1 2905 2905 114516 0
2905 2905 1 1 158739 0
1 1 2906 2906 114570 0
2906 2906 1 1 158815 0
1 1 2907 2907 114624 0
2907 2907 1 1 158891 0
1 1 2908 2908 114678 0
2908 2908 1 1 158967 0
1 1 2909 2909 114732 0
2909 2909 1 1 159043 0
1 1 2910 2910 113137 0
2910 2910 1 1 159119 0
1 1 2911 2911 113191 0
2911 2911 1 1 159195 0
1 1 2912 2912 113245 0
2912 2912 1 1 159271 0
1 1 2913 2913 113299 0
2913 2913 1 1 159347 0
1 1 2914 2914 113353 0
2914 2914 1 1 159423 0
1 1 2915 2915 113407 0
2915 2915 1 1 159499 0
1 1 2916 2916 113461 0
2916 2916 1 1 159575 0
1 1 2917 2917 113515 0
2917 2917 1 1 159651 0
1 1 2918 2918 113569 0
2918 2918 1 1 159727 0
1 1 2919 2919 113623 0
2919 2919 1 1 159803 0
1 1 2920 2920 113677 0
2920 2920 1 1 159879 0
1 1 2921 2921 113731 0
2921 2921 1 1 159955 0
1 1 2922 2922 113785 0
2922 2922 1 1 160031 0
1 1 2923 2923 113839 0
2923 2923 1 1 160107 0
1 1 2924 2924 113893 0
2924 2924 1 1 160183 0
1 1 2925 2925 113947 0
2925 2925 1 1 160259 0
1 1 2926 2926 114001 0
2926 2926 1 1 160335 0
1 1 2927 2927 114055 0
2927 2927 1 1 160411 0
1 1 2928 2928 114109 0
2928 2928 1 1 160487 0
1 1 2929 2929 114163 0
2929 2929 1 1 160563 0
1 1 2930 2930 114217 0
2930 2930 1 1 160639 0
1 1 2931 2931 114271 0
2931 2931 1 1 160715 0
1 1 2932 2932 114325 0
2932 2932 1 1 160791 0
1 1 2933 2933 114379 0
2933 2933 1 1 160867 0
1 1 2934 2934 114433 0
2934 2934 1 1 160943 0
1 1 2935 2935 114487 0
2935 2935 1 1 161019 0
1 1 2936 2936 114541 0
2936 2936 1 1 161095 0
1 1 2937 2937 114595 0
2937 2937 1 1 159124 0
1 1 2938 2938 114649 0
2938 2938 1 1 159200 0
1 1 2939 2939 114703 0
2939 2939 1 1 159276 0
1 1 2940 2940 114757 0
2940 2940 1 1 159352 0
1 1 2941 2941 114811 0
2941 2941 1 1 159428 0
1 1 2942 2942 114865 0
2942 2942 1 1 159504 0
1 1 2943 2943 114919 0
2943 2943 1 1 159580 0
1 1 2944 2944 114973 0
2944 2944 1 1 159656 0
1 1 2945 2945 115027 0
2945 2945 1 1 159732 0
1 1 2946 2946 115081 0
2946 2946 1 1 159808 0
1 1 2947 2947 115135 0
2947 2947 1 1 159884 0
1 1 2948 2948 115189 0
2948 2948 1 1 159960 0
1 1 2949 2949 115243 0
2949 2949 1 1 160036 0
1 1 2950 2950 115297 0
2950 2950 1 1 160112 0
1 1 2951 2951 115351 0
2951 2951 1 1 160188 0
1 1 2952 2952 115405 0
2952 2952 1 1 160264 0
1 1 2953 2953 115459 0
2953 2953 1 1 160340 0
1 1 2954 2954 115513 0
2954 2954 1 1 160416 0
1 1 2955 2955 115567 0
2955 2955 1 1 160492 0
1 1 2956 2956 115621 0
2956 2956 1 1 160568 0
1 1 2957 2957 115675 0
2957 2957 1 1 160644 0
1 1 2958 2958 115729 0
2958 2958 1 1 160720 0
1 1 2959 2959 115783 0
2959 2959 1 1 160796 0
1 1 2960 2960 115837 0
2960 2960 1 1 160872 0
1 1 2961 2961 115891 0
2961 2961 1 1 160948 0
1 1 2962 2962 115945 0
2962 2962 1 1 161024 0
1 1 2963 2963 115999 0
2963 2963 1 1 161100 0
1 1 2964 2964 116053 0
2964 2964 1 1 161176 0
1 1 2965 2965 116107 0
2965 2965 1 1 161252 0
1 1 2966 2966 116161 0
2966 2966 1 1 161328 0
1 1 2967 2967 116215 0
2967 2967 1 1 161404 0
1 1 2968 2968 116269 0
2968 2968 1 1 161480 0
1 1 2969 2969 116323 0
2969 2969 1 1 161556 0
1 1 2970 2970 116377 0
2970 2970 1 1 161632 0
1 1 2971 2971 116431 0
2971 2971 1 1 161708 0
1 1 2972 2972 116485 0
2972 2972 1 1 161784 0
1 1 2973 2973 116539 0
2973 2973 1 1 161860 0
1 1 2974 2974 116593 0
2974 2974 1 1 161936 0
1 1 2975 2975 116647 0
2975 2975 1 1 162012 0
1 1 2976 2976 116701 0
2976 2976 1 1 162088 0
1 1 2977 2977 116755 0
2977 2977 1 1 162164 0
1 1 2978 2978 116809 0
2978 2978 1 1 162240 0
1 1 2979 2979 116863 0
2979 2979 1 1 162316 0
1 1 2980 2980 116917 0
2980 2980 1 1 162392 0
1 1 2981 2981 116971 0
2981 2981 1 1 162468 0
1 1 2982 2982 117025 0
2982 2982 1 1 162544 0
1 1 2983 2983 117079 0
2983 2983 1 1 162620 0
1 1 2984 2984 117133 0
2984 2984 1 1 162696 0
1 1 2985 2985 117187 0
2985 2985 1 1 162772 0
1 1 2986 2986 117241 0
2986 2986 1 1 162848 0
1 1 2987 2987 117295 0
2987 2987 1 1 162924 0
1 1 2988 2988 117349 0
2988 2988 1 1 163000 0
1 1 2989 2989 117403 0
2989 2989 1 1 163076 0
1 1 2990 2990 117457 0
2990 2990 1 1 163152 0
1 1 2991 2991 117511 0
2991 2991 1 1 163228 0
1 1 2992 2992 117565 0
2992 2992 1 1 163304 0
1 1 2993 2993 117619 0
2993 2993 1 1 163380 0
1 1 2994 2994 117673 0
2994 2994 1 1 163456 0
1 1 2995 2995 117727 0
2995 2995 1 1 163532 0
1 1 2996 2996 117781 0
2996 2996 1 1 163608 0
1 1 2997 2997 117835 0
2997 2997 1 1 163684 0
1 1 2998 2998 117889 0
2998 2998 1 1 163760 0
1 1 2999 2999 117943 0
2999 2999 1 1 163836 0
1 1 3000 3000 117997 0
3000 3000 1 1 163912 0
1 1 3001 3001 118051 0
3001 3001 1 1 163988 0
1 1 3002 3002 118105 0
3002 3002 1 1 164064 0
1 1 3003 3003 118159 0
3003 3003 1 1 164140 0
1 1 3004 3004 118213 0
3004 3004 1 1 164216 0
1 1 3005 3005 118267 0
3005 3005 1 1 164292 0
1 1 3006 3006 118321 0
3006 3006 1 1 164368 0
1 1 3007 3007 116726 0
3007 3007 1 1 164444 0
1 1 3008 3008 116780 0
3008 3008 1 1 164520 0
1 1 3009 3009 116834 0
3009 3009 1 1 164596 0
1 1 3010 3010 116888 0
3010 3010 1 1 164672 0
1 1 3011 3011 116942 0
3011 3011 1 1 164748 0
1 1 3012 3012 116996 0
3012 3012 1 1 164824 0
1 1 3013 3013 117050 0
3013 3013 1 1 164900 0
1 1 3014 3014 117104 0
3014 3014 1 1 164976 0
1 1 3015 3015 117158 0
3015 3015 1 1 165052 0
1 1 3016 3016 117212 0
3016 3016 1 1 165128 0
1 1 3017 3017 117266 0
3017 3017 1 1 165204 0
1 1 3018 3018 117320 0
3018 3018 1 1 165280 0
1 1 3019 3019 117374 0
3019 3019 1 1 165356 0
1 1 3020 3020 117428 0
3020 3020 1 1 165432 0
1 1 3021 3021 117482 0
3021 3021 1 1 165508 0
1 1 3022 3022 117536 0
3022 3022 1 1 165584 0
1 1 3023 3023 117590 0
3023 3023 1 1 165660 0
1 1 3024 3024 117644 0
3024 3024 1 1 165736 0
1 1 3025 3025 117698 0
3025 3025 1 1 165812 0
1 1 3026 3026 117752 0
3026 3026 1 1 163841 0
1 1 3027 3027 117806 0
3027 3027 1 1 163917 0
1 1 3028 3028 117860 0
3028 3028 1 1 163993 0
1 1 3029 3029 117914 0
3029 3029 1 1 164069 0
1 1 3030 3030 117968 0
3030 3030 1 1 164145 0
1 1 3031 3031 118022 0
3031 3031 1 1 164221 0
1 1 3032 3032 118076 0
3032 3032 1 1 164297 0
1 1 3033 3033 118130 0
3033 3033 1 1 164373 0
1 1 3034 3034 118184 0
3034 3034 1 1 164449 0
1 1 3035 3035 118238 0
3035 3035 1 1 164525 0
1 1 3036 3036 118292 0
3036 3036 1 1 164601 0
1 1 3037 3037 118346 0
3037 3037 1 1 164677 0
1 1 3038 3038 118400 0
3038 3038 1 1 164753 0
1 1 3039 3039 118454 0
3039 3039 1 1 164829 0
1 1 3040 3040 118508 0
3040 3040 1 1 164905 0
1 1 3041 3041 118562 0
3041 3041 1 1 164981 0
1 1 3042 3042 118616 0
3042 3042 1 1 165057 0
1 1 3043 3043 118670 0
3043 3043 1 1 165133 0
1 1 3044 3044 118724 0
3044 3044 1 1 165209 0
1 1 3045 3045 118778 0
3045 3045 1 1 165285 0
1 1 3046 3046 118832 0
3046 3046 1 1 165361 0
1 1 3047 3047 118886 0
3047 3047 1 1 165437 0
1 1 3048 3048 118940 0
3048 3048 1 1 165513 0
1 1 3049 3049 118994 0
3049 3049 1 1 165589 0
1 1 3050 3050 119048 0
3050 3050 1 1 165665 0
1 1 3051 3051 119102 0
3051 3051 1 1 165741 0
1 1 3052 3052 119156 0
3052 3052 1 1 165817 0
1 1 3053 3053 119210 0
3053 3053 1 1 165893 0
1 1 3054 3054 119264 0
3054 3054 1 1 165969 0
1 1 3055 3055 119318 0
3055 3055 1 1 166045 0
1 1 3056 3056 119372 0
3056 3056 1 1 166121 0
1 1 3057 3057 119426 0
3057 3057 1 1 166197 0
1 1 3058 3058 119480 0
3058 3058 1 1 166273 0
1 1 3059 3059 119534 0
3059 3059 1 1 166349 0
1 1 3060 3060 119588 0
3060 3060 1 1 166425 0
1 1 3061 3061 119642 0
3061 3061 1 1 166501 0
1 1 3062 3062 119696 0
3062 3062 1 1 166577 0
1 1 3063 3063 119750 0
3063 3063 1 1 166653 0
1 1 3064 3064 119804 0
3064 3064 1 1 166729 0
1 1 3065 3065 119858 0
3065 3065 1 1 166805 0
1 1 3066 3066 119912 0
3066 3066 1 1 166881 0
1 1 3067 3067 119966 0
3067 3067 1 1 166957 0
1 1 3068 3068 120020 0
3068 3068 1 1 167033 0
1 1 3069 3069 120074 0
3069 3069 1 1 167109 0
1 1 3070 3070 120128 0
3070 3070 1 1 167185 0
1 1 3071 3071 120182 0
3071 3071 1 1 167261 0
1 1 3072 3072 120236 0
3072 3072 1 1 167337 0
1 1 3073 3073 120290 0
3073 3073 1 1 167413 0
1 1 3074 3074 120344 0
3074 3074 1 1 167489 0
1 1 3075 3075 120398 0
3075 3075 1 1 167565 0
1 1 3076 3076 120452 0
3076 3076 1 1 167641 0
1 1 3077 3077 120506 0
3077 3077 1 1 167717 0
1 1 3078 3078 120560 0
3078 3078 1 1 167793 0
1 1 3079 3079 120614 0
3079 3079 1 1 167869 0
1 1 3080 3080 120668 0
3080 3080 1 1 167945 0
1 1 3081 3081 120722 0
3081 3081 1 1 168021 0
1 1 3082 3082 120776 0
3082 3082 1 1 168097 0
1 1 3083 3083 120830 0
3083 3083 1 1 168173 0
1 1 3084 3084 120884 0
3084 3084 1 1 168249 0
1 1 3085 3085 120938 0
3085 3085 1 1 168325 0
1 1 3086 3086 120992 0
3086 3086 1 1 168401 0
1 1 3087 3087 121046 0
3087 3087 1 1 168477 0
1 1 3088 3088 121100 0
3088 3088 1 1 168553 0
1 1 3089 3089 121154 0
3089 3089 1 1 168629 0
1 1 3090 3090 121208 0
3090 3090 1 1 168705 0
1 1 3091 3091 121262 0
3091 3091 1 1 168781 0
1 1 3092 3092 121316 0
3092 3092 1 1 168857 0
1 1 3093 3093 121370 0
3093 3093 1 1 168933 0
1 1 3094 3094 121424 0
3094 3094 1 1 169009 0
1 1 3095 3095 121478 0
3095 3095 1 1 169085 0
1 1 3096 3096 121532 0
3096 3096 1 1 169161 0
1 1 3097 3097 121586 0
3097 3097 1 1 169237 0
1 1 3098 3098 121640 0
3098 3098 1 1 169313 0
1 1 3099 3099 121694 0
3099 3099 1 1 169389 0
1 1 3100 3100 121748 0
3100 3100 1 1 169465 0
1 1 3101 3101 121802 0
3101 3101 1 1 169541 0
1 1 3102 3102 121856 0
3102 3102 1 1 169617 0
1 1 3103 3103 121910 0
3103 3103 1 1 169693 0
1 1 3104 3104 120315 0
3104 3104 1 1 169769 0
1 1 3105 3105 120369 0
3105 3105 1 1 169845 0
1 1 3106 3106 120423 0
3106 3106 1 1 169921 0
1 1 3107 3107 120477 0
3107 3107 1 1 169997 0
1 1 3108 3108 120531 0
3108 3108 1 1 170073 0
1 1 3109 3109 120585 0
3109 3109 1 1 170149 0
1 1 3110 3110 120639 0
3110 3110 1 1 170225 0
1 1 3111 3111 120693 0
3111 3111 1 1 170301 0
1 1 3112 3112 120747 0
3112 3112 1 1 170377 0
1 1 3113 3113 120801 0
3113 3113 1 1 170453 0
1 1 3114 3114 120855 0
3114 3114 1 1 170529 0
1 1 3115 3115 120909 0
3115 3115 1 1 168558 0
1 1 3116 3116 120963 0
3116 3116 1 1 168634 0
1 1 3117 3117 121017 0
3117 3117 1 1 168710 0
1 1 3118 3118 121071 0
3118 3118 1 1 168786 0
1 1 3119 3119 121125 0
3119 3119 1 1 168862 0
1 1 3120 3120 121179 0
3120 3120 1 1 168938 0
1 1 3121 3121 121233 0
3121 3121 1 1 169014 0
1 1 3122 3122 121287 0
3122 3122 1 1 169090 0
1 1 3123 3123 121341 0
3123 3123 1 1 169166 0
1 1 3124 3124 121395 0
3124 3124 1 1 169242 0
1 1 3125 3125 121449 0
3125 3125 1 1 169318 0
1 1 3126 3126 121503 0
3126 3126 1 1 169394 0
1 1 3127 3127 121557 0
3127 3127 1 1 169470 0
1 1 3128 3128 121611 0
3128 3128 1 1 169546 0
1 1 3129 3129 121665 0
3129 3129 1 1 169622 0
1 1 3130 3130 121719 0
3130 3130 1 1 169698 0
1 1 3131 3131 121773 0
3131 3131 1 1 169774 0
1 1 3132 3132 121827 0
3132 3132 1 1 169850 0
1 1 3133 3133 121881 0
3133 3133 1 1 169926 0
1 1 3134 3134 121935 0
3134 3134 1 1 170002 0
1 1 3135 3135 121989 0
3135 3135 1 1 170078 0
1 1 3136 3136 122043 0
3136 3136 1 1 170154 0
1 1 3137 3137 122097 0
3137 3137 1 1 170230 0
1 1 3138 3138 122151 0
3138 3138 1 1 170306 0
1 1 3139 3139 122205 0
3139 3139 1 1 170382 0
1 1 3140 3140 122259 0
3140 3140 1 1 170458 0
1 1 3141 3141 122313 0
3141 3141 1 1 170534 0
1 1 3142 3142 122367 0
3142 3142 1 1 170610 0
1 1 3143 3143 122421 0
3143 3143 1 1 170686 0
1 1 3144 3144 122475 0
3144 3144 1 1 170762 0
1 1 3145 3145 122529 0
3145 3145 1 1 170838 0
1 1 3146 3146 122583 0
3146 3146 1 1 170914 0
1 1 3147 3147 122637 0
3147 3147 1 1 170990 0
1 1 3148 3148 122691 0
3148 3148 1 1 171066 0
1 1 3149 3149 122745 0
3149 3149 1 1 171142 0
1 1 3150 3150 122799 0
3150 3150 1 1 171218 0
1 1 3151 3151 122853 0
3151 3151 1 1 171294 0
1 1 3152 3152 122907 0
3152 3152 1 1 171370 0
1 1 3153 3153 122961 0
3153 3153 1 1 171446 0
1 1 3154 3154 123015 0
3154 3154 1 1 171522 0
1 1 3155 3155 123069 0
3155 3155 1 1 171598 0
1 1 3156 3156 123123 0
3156 3156 1 1 171674 0
1 1 3157 3157 123177 0
3157 3157 1 1 171750 0
1 1 3158 3158 123231 0
3158 3158 1 1 171826 0
1 1 3159 3159 123285 0
3159 3159 1 1 171902 0
1 1 3160 3160 123339 0
3160 3160 1 1 171978 0
1 1 3161 3161 123393 0
3161 3161 1 1 172054 0
1 1 3162 3162 123447 0
3162 3162 1 1 172130 0
1 1 3163 3163 123501 0
3163 3163 1 1 172206 0
1 1 3164 3164 123555 0
3164 3164 1 1 172282 0
1 1 3165 3165 123609 0
3165 3165 1 1 172358 0
1 1 3166 3166 123663 0
3166 3166 1 1 172434 0
1 1 3167 3167 123717 0
3167 3167 1 1 172510 0
1 1 3168 3168 123771 0
3168 3168 1 1 172586 0
1 1 3169 3169 123825 0
3169 3169 1 1 172662 0
1 1 3170 3170 123879 0
3170 3170 1 1 172738 0
1 1 3171 3171 123933 0
3171 3171 1 1 172814 0
1 1 3172 3172 123987 0
3172 3172 1 1 172890 0
1 1 3173 3173 124041 0
3173 3173 1 1 172966 0
1 1 3174 3174 124095 0
3174 3174 1 1 173042 0
1 1 3175 3175 124149 0
3175 3175 1 1 173118 0
1 1 3176 3176 124203 0
3176 3176 1 1 173194 0
1 1 3177 3177 124257 0
3177 3177 1 1 173270 0
1 1 3178 3178 124311 0
3178 3178 1 1 173346 0
1 1 3179 3179 124365 0
3179 3179 1 1 173422 0
1 1 3180 3180 124419 0
3180 3180 1 1 173498 0
1 1 3181 3181 124473 0
3181 3181 1 1 173574 0
1 1 3182 3182 124527 0
3182 3182 1 1 173650 0
1 1 3183 3183 124581 0
3183 3183 1 1 173726 0
1 1 3184 3184 124635 0
3184 3184 1 1 173802 0
1 1 3185 3185 124689 0
3185 3185 1 1 173878 0
1 1 3186 3186 124743 0
3186 3186 1 1 173954 0
1 1 3187 3187 124797 0
3187 3187 1 1 174030 0
1 1 3188 3188 124851 0
3188 3188 1 1 174106 0
1 1 3189 3189 124905 0
3189 3189 1 1 174182 0
1 1 3190 3190 124959 0
3190 3190 1 1 174258 0
1 1 3191 3191 125013 0
3191 3191 1 1 174334 0
1 1 3192 3192 125067 0
3192 3192 1 1 174410 0
1 1 3193 3193 125121 0
3193 3193 1 1 174486 0
1 1 3194 3194 125175 0
3194 3194 1 1 174562 0
1 1 3195 3195 125229 0
3195 3195 1 1 174638 0
1 1 3196 3196 125283 0
3196 3196 1 1 174714 0
1 1 3197 3197 125337 0
3197 3197 1 1 174790 0
1 1 3198 3198 125391 0
3198 3198 1 1 174866 0
1 1 3199 3199 125445 0
3199 3199 1 1 174942 0
1 1 3200 3200 125499 0
3200 3200 1 1 175018 0
1 1 3201 3201 123904 0
3201 3201 1 1 175094 0
1 1 3202 3202 123958 0
3202 3202 1 1 175170 0
1 1 3203 3203 124012 0
3203 3203 1 1 175246 0
1 1 3204 3204 124066 0
3204 3204 1 1 173275 0
1 1 3205 3205 124120 0
3205 3205 1 1 173351 0
1 1 3206 3206 124174 0
3206 3206 1 1 173427 0
1 1 3207 3207 124228 0
3207 3207 1 1 173503 0
1 1 3208 3208 124282 0
3208 3208 1 1 173579 0
1 1 3209 3209 124336 0
3209 3209 1 1 173655 0
1 1 3210 3210 124390 0
3210 3210 1 1 173731 0
1 1 3211 3211 124444 0
3211 3211 1 1 173807 0
1 1 3212 3212 124498 0
3212 3212 1 1 173883 0
1 1 3213 3213 124552 0
3213 3213 1 1 173959 0
1 1 3214 3214 124606 0
3214 3214 1 1 174035 0
1 1 3215 3215 124660 0
3215 3215 1 1 174111 0
1 1 3216 3216 124714 0
3216 3216 1 1 174187 0
1 1 3217 3217 124768 0
3217 3217 1 1 174263 0
1 1 3218 3218 124822 0
3218 3218 1 1 174339 0
1 1 3219 3219 124876 0
3219 3219 1 1 174415 0
1 1 3220 3220 124930 0
3220 3220 1 1 174491 0
1 1 3221 3221 124984 0
3221 3221 1 1 174567 0
1 1 3222 3222 125038 0
3222 3222 1 1 174643 0
1 1 3223 3223 125092 0
3223 3223 1 1 174719 0
1 1 3224 3224 125146 0
3224 3224 1 1 174795 0
1 1 3225 3225 125200 0
3225 3225 1 1 174871 0
1 1 3226 3226 125254 0
3226 3226 1 1 174947 0
1 1 3227 3227 125308 0
3227 3227 1 1 175023 0
1 1 3228 3228 125362 0
3228 3228 1 1 175099 0
1 1 3229 3229 125416 0
3229 3229 1 1 175175 0
1 1 3230 3230 125470 0
3230 3230 1 1 175251 0
1 1 3231 3231 125524 0
3231 3231 1 1 175327 0
1 1 3232 3232 125578 0
3232 3232 1 1 175403 0
1 1 3233 3233 125632 0
3233 3233 1 1 175479 0
1 1 3234 3234 125686 0
3234 3234 1 1 175555 0
1 1 3235 3235 125740 0
3235 3235 1 1 175631 0
1 1 3236 3236 125794 0
3236 3236 1 1 175707 0
1 1 3237 3237 125848 0
3237 3237 1 1 175783 0
1 1 3238 3238 125902 0
3238 3238 1 1 175859 0
1 1 3239 3239 125956 0
3239 3239 1 1 175935 0
1 1 3240 3240 126010 0
3240 3240 1 1 176011 0
1 1 3241 3241 126064 0
3241 3241 1 1 176087 0
1 1 3242 3242 126118 0
3242 3242 1 1 176163 0
1 1 3243 3243 126172 0
3243 3243 1 1 176239 0
1 1 3244 3244 126226 0
3244 3244 1 1 176315 0
1 1 3245 3245 126280 0
3245 3245 1 1 176391 0
1 1 3246 3246 126334 0
3246 3246 1 1 176467 0
1 1 3247 3247 126388 0
3247 3247 1 1 176543 0
1 1 3248 3248 126442 0
3248 3248 1 1 176619 0
1 1 3249 3249 126496 0
3249 3249 1 1 176695 0
1 1 3250 3250 126550 0
3250 3250 1 1 176771 0
1 1 3251 3251 126604 0
3251 3251 1 1 176847 0
1 1 3252 3252 126658 0
3252 3252 1 1 176923 0
1 1 3253 3253 126712 0
3253 3253 1 1 176999 0
1 1 3254 3254 126766 0
3254 3254 1 1 177075 0
1 1 3255 3255 126820 0
3255 3255 1 1 177151 0
1 1 3256 3256 126874 0
3256 3256 1 1 177227 0
1 1 3257 3257 126928 0
3257 3257 1 1 177303 0
1 1 3258 3258 126982 0
3258 3258 1 1 177379 0
1 1 3259 3259 127036 0
3259 3259 1 1 177455 0
1 1 3260 3260 127090 0
3260 3260 1 1 177531 0
1 1 3261 3261 127144 0
3261 3261 1 1 177607 0
1 1 3262 3262 127198 0
3262 3262 1 1 177683 0
1 1 3263 3263 127252 0
3263 3263 1 1 177759 0
1 1 3264 3264 127306 0
3264 3264 1 1 177835 0
1 1 3265 3265 127360 0
3265 3265 1 1 177911 0
1 1 3266 3266 127414 0
3266 3266 1 1 177987 0
1 1 3267 3267 127468 0
3267 3267 1 1 178063 0
1 1 3268 3268 127522 0
3268 3268 1 1 178139 0
1 1 3269 3269 127576 0
3269 3269 1 1 178215 0
1 1 3270 3270 127630 0
3270 3270 1 1 178291 0
1 1 3271 3271 127684 0
3271 3271 1 1 178367 0
1 1 3272 3272 127738 0
3272 3272 1 1 178443 0
1 1 3273 3273 127792 0
3273 3273 1 1 178519 0
1 1 3274 3274 127846 0
3274 3274 1 1 178595 0
1 1 3275 3275 127900 0
3275 3275 1 1 178671 0
1 1 3276 3276 127954 0
3276 3276 1 1 178747 0
1 1 3277 3277 128008 0
3277 3277 1 1 178823 0
1 1 3278 3278 128062 0
3278 3278 1 1 178899 0
1 1 3279 3279 128116 0
3279 3279 1 1 178975 0
1 1 3280 3280 128170 0
3280 3280 1 1 179051 0
1 1 3281 3281 128224 0
3281 3281 1 1 179127 0
1 1 3282 3282 128278 0
3282 3282 1 1 179203 0
1 1 3283 3283 128332 0
3283 3283 1 1 179279 0
1 1 3284 3284 128386 0
3284 3284 1 1 179355 0
1 1 3285 3285 128440 0
3285 3285 1 1 179431 0
1 1 3286 3286 128494 0
3286 3286 1 1 179507 0
1 1 3287 3287 128548 0
3287 3287 1 1 179583 0
1 1 3288 3288 128602 0
3288 3288 1 1 179659 0
1 1 3289 3289 128656 0
3289 3289 1 1 179735 0
1 1 3290 3290 128710 0
3290 3290 1 1 179811 0
1 1 3291 3291 128764 0
3291 3291 1 1 179887 0
1 1 3292 3292 128818 0
3292 3292 1 1 179963 0
1 1 3293 3293 128872 0
3293 3293 1 1 177992 0
1 1 3294 3294 128926 0
3294 3294 1 1 178068 0
1 1 3295 3295 128980 0
3295 3295 1 1 178144 0
1 1 3296 3296 129034 0
3296 3296 1 1 178220 0
1 1 3297 3297 129088 0
3297 3297 1 1 178296 0
1 1 3298 3298 127493 0
3298 3298 1 1 178372 0
1 1 3299 3299 127547 0
3299 3299 1 1 178448 0
1 1 3300 3300 127601 0
3300 3300 1 1 178524 0
1 1 3301 3301 127655 0
3301 3301 1 1 178600 0
1 1 3302 3302 127709 0
3302 3302 1 1 178676 0
1 1 3303 3303 127763 0
3303 3303 1 1 178752 0
1 1 3304 3304 127817 0
3304 3304 1 1 178828 0
1 1 3305 3305 127871 0
3305 3305 1 1 178904 0
1 1 3306 3306 127925 0
3306 3306 1 1 178980 0
1 1 3307 3307 127979 0
3307 3307 1 1 179056 0
1 1 3308 3308 128033 0
3308 3308 1 1 179132 0
1 1 3309 3309 128087 0
3309 3309 1 1 179208 0
1 1 3310 3310 128141 0
3310 3310 1 1 179284 0
1 1 3311 3311 128195 0
3311 3311 1 1 179360 0
1 1 3312 3312 128249 0
3312 3312 1 1 179436 0
1 1 3313 3313 128303 0
3313 3313 1 1 179512 0
1 1 3314 3314 128357 0
3314 3314 1 1 179588 0
1 1 3315 3315 128411 0
3315 3315 1 1 179664 0
1 1 3316 3316 128465 0
3316 3316 1 1 179740 0
1 1 3317 3317 128519 0
3317 3317 1 1 179816 0
1 1 3318 3318 128573 0
3318 3318 1 1 179892 0
1 1 3319 3319 128627 0
3319 3319 1 1 179968 0
1 1 3320 3320 128681 0
3320 3320 1 1 180044 0
1 1 3321 3321 128735 0
3321 3321 1 1 180120 0
1 1 3322 3322 128789 0
3322 3322 1 1 180196 0
1 1 3323 3323 128843 0
3323 3323 1 1 180272 0
1 1 3324 3324 128897 0
3324 3324 1 1 180348 0
1 1 3325 3325 128951 0
3325 3325 1 1 180424 0
1 1 3326 3326 129005 0
3326 3326 1 1 180500 0
1 1 3327 3327 129059 0
3327 3327 1 1 180576 0
1 1 3328 3328 129113 0
3328 3328 1 1 180652 0
1 1 3329 3329 129167 0
3329 3329 1 1 180728 0
1 1 3330 3330 129221 0
3330 3330 1 1 180804 0
1 1 3331 3331 129275 0
3331 3331 1 1 180880 0
1 1 3332 3332 129329 0
3332 3332 1 1 180956 0
1 1 3333 3333 129383 0
3333 3333 1 1 181032 0
1 1 3334 3334 129437 0
3334 3334 1 1 181108 0
1 1 3335 3335 129491 0
3335 3335 1 1 181184 0
1 1 3336 3336 129545 0
3336 3336 1 1 181260 0
1 1 3337 3337 129599 0
3337 3337 1 1 181336 0
1 1 3338 3338 129653 0
3338 3338 1 1 181412 0
1 1 3339 3339 129707 0
3339 3339 1 1 181488 0
1 1 3340 3340 129761 0
3340 3340 1 1 181564 0
1 1 3341 3341 129815 0
3341 3341 1 1 181640 0
1 1 3342 3342 129869 0
3342 3342 1 1 181716 0
1 1 3343 3343 129923 0
3343 3343 1 1 181792 0
1 1 3344 3344 129977 0
3344 3344 1 1 181868 0
1 1 3345 3345 130031 0
3345 3345 1 1 181944 0
1 1 3346 3346 130085 0
3346 3346 1 1 182020 0
1 1 3347 3347 130139 0
3347 3347 1 1 182096 0
1 1 3348 3348 130193 0
3348 3348 1 1 182172 0
1 1 3349 3349 130247 0
3349 3349 1 1 182248 0
1 1 3350 3350 130301 0
3350 3350 1 1 182324 0
1 1 3351 3351 130355 0
3351 3351 1 1 182400 0
1 1 3352 3352 130409 0
3352 3352 1 1 182476 0
1 1 3353 3353 130463 0
3353 3353 1 1 182552 0
1 1 3354 3354 130517 0
3354 3354 1 1 182628 0
1 1 3355 3355 130571 0
3355 3355 1 1 182704 0
1 1 3356 3356 130625 0
3356 3356 1 1 182780 0
1 1 3357 3357 130679 0
3357 3357 1 1 182856 0
1 1 3358 3358 130733 0
3358 3358 1 1 182932 0
1 1 3359 3359 130787 0
3359 3359 1 1 183008 0
1 1 3360 3360 130841 0
3360 3360 1 1 183084 0
1 1 3361 3361 130895 0
3361 3361 1 1 183160 0
1 1 3362 3362 130949 0
3362 3362 1 1 183236 0
1 1 3363 3363 131003 0
3363 3363 1 1 183312 0
1 1 3364 3364 131057 0
3364 3364 1 1 183388 0
1 1 3365 3365 131111 0
3365 3365 1 1 183464 0
1 1 3366 3366 131165 0
3366 3366 1 1 183540 0
1 1 3367 3367 131219 0
3367 3367 1 1 183616 0
1 1 3368 3368 131273 0
3368 3368 1 1 183692 0
1 1 3369 3369 131327 0
3369 3369 1 1 183768 0
1 1 3370 3370 131381 0
3370 3370 1 1 183844 0
1 1 3371 3371 131435 0
3371 3371 1 1 183920 0
1 1 3372 3372 131489 0
3372 3372 1 1 183996 0
1 1 3373 3373 131543 0
3373 3373 1 1 184072 0
1 1 3374 3374 131597 0
3374 3374 1 1 184148 0
1 1 3375 3375 131651 0
3375 3375 1 1 184224 0
1 1 3376 3376 131705 0
3376 3376 1 1 184300 0
1 1 3377 3377 131759 0
3377 3377 1 1 184376 0
1 1 3378 3378 131813 0
3378 3378 1 1 184452 0
1 1 3379 3379 131867 0
3379 3379 1 1 184528 0
1 1 3380 3380 131921 0
3380 3380 1 1 184604 0
1 1 3381 3381 131975 0
3381 3381 1 1 184680 0
1 1 3382 3382 132029 0
3382 3382 1 1 182709 0
1 1 3383 3383 132083 0
3383 3383 1 1 182785 0
1 1 3384 3384 132137 0
3384 3384 1 1 182861 0
1 1 3385 3385 132191 0
3385 3385 1 1 182937 0
1 1 3386 3386 132245 0
3386 3386 1 1 183013 0
1 1 3387 3387 132299 0
3387 3387 1 1 183089 0
1 1 3388 3388 132353 0
3388 3388 1 1 183165 0
1 1 3389 3389 132407 0
3389 3389 1 1 183241 0
1 1 3390 3390 132461 0
3390 3390 1 1 183317 0
1 1 3391 3391 132515 0
3391 3391 1 1 183393 0
1 1 3392 3392 132569 0
3392 3392 1 1 183469 0
1 1 3393 3393 132623 0
3393 3393 1 1 183545 0
1 1 3394 3394 132677 0
3394 3394 1 1 183621 0
1 1 3395 3395 131082 0
3395 3395 1 1 183697 0
1 1 3396 3396 131136 0
3396 3396 1 1 183773 0
1 1 3397 3397 131190 0
3397 3397 1 1 183849 0
1 1 3398 3398 131244 0
3398 3398 1 1 183925 0
1 1 3399 3399 131298 0
3399 3399 1 1 184001 0
1 1 3400 3400 131352 0
3400 3400 1 1 184077 0
1 1 3401 3401 131406 0
3401 3401 1 1 184153 0
1 1 3402 3402 131460 0
3402 3402 1 1 184229 0
1 1 3403 3403 131514 0
3403 3403 1 1 184305 0
1 1 3404 3404 131568 0
3404 3404 1 1 184381 0
1 1 3405 3405 131622 0
3405 3405 1 1 184457 0
1 1 3406 3406 131676 0
3406 3406 1 1 184533 0
1 1 3407 3407 131730 0
3407 3407 1 1 184609 0
1 1 3408 3408 131784 0
3408 3408 1 1 184685 0
1 1 3409 3409 131838 0
3409 3409 1 1 184761 0
1 1 3410 3410 131892 0
3410 3410 1 1 184837 0
1 1 3411 3411 131946 0
3411 3411 1 1 184913 0
1 1 3412 3412 132000 0
3412 3412 1 1 184989 0
1 1 3413 3413 132054 0
3413 3413 1 1 185065 0
1 1 3414 3414 132108 0
3414 3414 1 1 185141 0
1 1 3415 3415 132162 0
3415 3415 1 1 185217 0
1 1 3416 3416 132216 0
3416 3416 1 1 185293 0
1 1 3417 3417 132270 0
3417 3417 1 1 185369 0
1 1 3418 3418 132324 0
3418 3418 1 1 185445 0
1 1 3419 3419 132378 0
3419 3419 1 1 185521 0
1 1 3420 3420 132432 0
3420 3420 1 1 185597 0
1 1 3421 3421 132486 0
3421 3421 1 1 185673 0
1 1 3422 3422 132540 0
3422 3422 1 1 185749 0
1 1 3423 3423 132594 0
3423 3423 1 1 185825 0
1 1 3424 3424 132648 0
3424 3424 1 1 185901 0
1 1 3425 3425 132702 0
3425 3425 1 1 185977 0
1 1 3426 3426 132756 0
3426 3426 1 1 186053 0
1 1 3427 3427 132810 0
3427 3427 1 1 186129 0
1 1 3428 3428 132864 0
3428 3428 1 1 186205 0
1 1 3429 3429 132918 0
3429 3429 1 1 186281 0
1 1 3430 3430 132972 0
3430 3430 1 1 186357 0
1 1 3431 3431 133026 0
3431 3431 1 1 186433 0
1 1 3432 3432 133080 0
3432 3432 1 1 186509 0
1 1 3433 3433 133134 0
3433 3433 1 1 186585 0
1 1 3434 3434 133188 0
3434 3434 1 1 186661 0
1 1 3435 3435 133242 0
3435 3435 1 1 186737 0
1 1 3436 3436 133296 0
3436 3436 1 1 186813 0
1 1 3437 3437 133350 0
3437 3437 1 1 186889 0
1 1 3438 3438 133404 0
3438 3438 1 1 186965 0
1 1 3439 3439 133458 0
3439 3439 1 1 187041 0
1 1 3440 3440 133512 0
3440 3440 1 1 187117 0
1 1 3441 3441 133566 0
3441 3441 1 1 187193 0
1 1 3442 3442 133620 0
3442 3442 1 1 187269 0
1 1 3443 3443 133674 0
3443 3443 1 1 187345 0
1 1 3444 3444 133728 0
3444 3444 1 1 187421 0
1 1 3445 3445 133782 0
3445 3445 1 1 187497 0
1 1 3446 3446 133836 0
3446 3446 1 1 187573 0
1 1 3447 3447 133890 0
3447 3447 1 1 187649 0
1 1 3448 3448 133944 0
3448 3448 1 1 187725 0
1 1 3449 3449 133998 0
3449 3449 1 1 187801 0
1 1 3450 3450 134052 0
3450 3450 1 1 187877 0
1 1 3451 3451 134106 0
3451 3451 1 1 187953 0
1 1 3452 3452 134160 0
3452 3452 1 1 188029 0
1 1 3453 3453 134214 0
3453 3453 1 1 188105 0
1 1 3454 3454 134268 0
3454 3454 1 1 188181 0
1 1 3455 3455 134322 0
3455 3455 1 1 188257 0
1 1 3456 3456 134376 0
3456 3456 1 1 188333 0
1 1 3457 3457 134430 0
3457 3457 1 1 188409 0
1 1 3458 3458 134484 0
3458 3458 1 1 188485 0
1 1 3459 3459 134538 0
3459 3459 1 1 188561 0
1 1 3460 3460 134592 0
3460 3460 1 1 188637 0
1 1 3461 3461 134646 0
3461 3461 1 1 188713 0
1 1 3462 3462 134700 0
3462 3462 1 1 188789 0
1 1 3463 3463 134754 0
3463 3463 1 1 188865 0
1 1 3464 3464 134808 0
3464 3464 1 1 188941 0
1 1 3465 3465 134862 0
3465 3465 1 1 189017 0
1 1 3466 3466 134916 0
3466 3466 1 1 189093 0
1 1 3467 3467 134970 0
3467 3467 1 1 189169 0
1 1 3468 3468 135024 0
3468 3468 1 1 189245 0
1 1 3469 3469 135078 0
3469 3469 1 1 189321 0
1 1 3470 3470 135132 0
3470 3470 1 1 189397 0
1 1 3471 3471 135186 0
3471 3471 1 1 187426 0
1 1 3472 3472 135240 0
3472 3472 1 1 187502 0
1 1 3473 3473 135294 0
3473 3473 1 1 187578 0
1 1 3474 3474 135348 0
3474 3474 1 1 187654 0
1 1 3475 3475 135402 0
3475 3475 1 1 187730 0
1 1 3476 3476 135456 0
3476 3476 1 1 187806 0
1 1 3477 3477 135510 0
3477 3477 1 1 187882 0
1 1 3478 3478 135564 0
3478 3478 1 1 187958 0
1 1 3479 3479 135618 0
3479 3479 1 1 188034 0
1 1 3480 3480 135672 0
3480 3480 1 1 188110 0
1 1 3481 3481 135726 0
3481 3481 1 1 188186 0
1 1 3482 3482 135780 0
3482 3482 1 1 188262 0
1 1 3483 3483 135834 0
3483 3483 1 1 188338 0
1 1 3484 3484 135888 0
3484 3484 1 1 188414 0
1 1 3485 3485 135942 0
3485 3485 1 1 188490 0
1 1 3486 3486 135996 0
3486 3486 1 1 188566 0
1 1 3487 3487 136050 0
3487 3487 1 1 188642 0
1 1 3488 3488 136104 0
3488 3488 1 1 188718 0
1 1 3489 3489 136158 0
3489 3489 1 1 188794 0
1 1 3490 3490 136212 0
3490 3490 1 1 188870 0
1 1 3491 3491 136266 0
3491 3491 1 1 188946 0
1 1 3492 3492 134671 0
3492 3492 1 1 189022 0
1 1 3493 3493 134725 0
3493 3493 1 1 189098 0
1 1 3494 3494 134779 0
3494 3494 1 1 189174 0
1 1 3495 3495 134833 0
3495 3495 1 1 189250 0
1 1 3496 3496 134887 0
3496 3496 1 1 189326 0
1 1 3497 3497 134941 0
3497 3497 1 1 189402 0
1 1 3498 3498 134995 0
3498 3498 1 1 189478 0
1 1 3499 3499 135049 0
3499 3499 1 1 189554 0
1 1 3500 3500 135103 0
3500 3500 1 1 189630 0
1 1 3501 3501 135157 0
3501 3501 1 1 189706 0
1 1 3502 3502 135211 0
3502 3502 1 1 189782 0
1 1 3503 3503 135265 0
3503 3503 1 1 189858 0
1 1 3504 3504 135319 0
3504 3504 1 1 189934 0
1 1 3505 3505 135373 0
3505 3505 1 1 190010 0
1 1 3506 3506 135427 0
3506 3506 1 1 190086 0
1 1 3507 3507 135481 0
3507 3507 1 1 190162 0
1 1 3508 3508 135535 0
3508 3508 1 1 190238 0
1 1 3509 3509 135589 0
3509 3509 1 1 190314 0
1 1 3510 3510 135643 0
3510 3510 1 1 190390 0
1 1 3511 3511 135697 0
3511 3511 1 1 190466 0
1 1 3512 3512 135751 0
3512 3512 1 1 190542 0
1 1 3513 3513 135805 0
3513 3513 1 1 190618 0
1 1 3514 3514 135859 0
3514 3514 1 1 190694 0
1 1 3515 3515 135913 0
3515 3515 1 1 190770 0
1 1 3516 3516 135967 0
3516 3516 1 1 190846 0
1 1 3517 3517 136021 0
3517 3517 1 1 190922 0
1 1 3518 3518 136075 0
3518 3518 1 1 190998 0
1 1 3519 3519 136129 0
3519 3519 1 1 191074 0
1 1 3520 3520 136183 0
3520 3520 1 1 191150 0
1 1 3521 3521 136237 0
3521 3521 1 1 191226 0
1 1 3522 3522 136291 0
3522 3522 1 1 191302 0
1 1 3523 3523 136345 0
3523 3523 1 1 191378 0
1 1 3524 3524 136399 0
3524 3524 1 1 191454 0
1 1 3525 3525 136453 0
3525 3525 1 1 191530 0
1 1 3526 3526 136507 0
3526 3526 1 1 191606 0
1 1 3527 3527 136561 0
3527 3527 1 1 191682 0
1 1 3528 3528 136615 0
3528 3528 1 1 191758 0
1 1 3529 3529 136669 0
3529 3529 1 1 191834 0
1 1 3530 3530 136723 0
3530 3530 1 1 191910 0
1 1 3531 3531 136777 0
3531 3531 1 1 191986 0
1 1 3532 3532 136831 0
3532 3532 1 1 192062 0
1 1 3533 3533 136885 0
3533 3533 1 1 192138 0
1 1 3534 3534 136939 0
3534 3534 1 1 192214 0
1 1 3535 3535 136993 0
3535 3535 1 1 192290 0
1 1 3536 3536 137047 0
3536 3536 1 1 192366 0
1 1 3537 3537 137101 0
3537 3537 1 1 192442 0
1 1 3538 3538 137155 0
3538 3538 1 1 192518 0
1 1 3539 3539 137209 0
3539 3539 1 1 192594 0
1 1 3540 3540 137263 0
3540 3540 1 1 192670 0
1 1 3541 3541 137317 0
3541 3541 1 1 192746 0
1 1 3542 3542 137371 0
3542 3542 1 1 192822 0
1 1 3543 3543 137425 0
3543 3543 1 1 192898 0
1 1 3544 3544 137479 0
3544 3544 1 1 192974 0
1 1 3545 3545 137533 0
3545 3545 1 1 193050 0
1 1 3546 3546 137587 0
3546 3546 1 1 193126 0
1 1 3547 3547 137641 0
3547 3547 1 1 193202 0
1 1 3548 3548 137695 0
3548 3548 1 1 193278 0
1 1 3549 3549 137749 0
3549 3549 1 1 193354 0
1 1 3550 3550 137803 0
3550 3550 1 1 193430 0
1 1 3551 3551 137857 0
3551 3551 1 1 193506 0
1 1 3552 3552 137911 0
3552 3552 1 1 193582 0
1 1 3553 3553 137965 0
3553 3553 1 1 193658 0
1 1 3554 3554 138019 0
3554 3554 1 1 193734 0
1 1 3555 3555 138073 0
3555 3555 1 1 193810 0
1 1 3556 3556 138127 0
3556 3556 1 1 193886 0
1 1 3557 3557 138181 0
3557 3557 1 1 193962 0
1 1 3558 3558 138235 0
3558 3558 1 1 194038 0
1 1 3559 3559 138289 0
3559 3559 1 1 194114 0
1 1 3560 3560 138343 0
3560 3560 1 1 192143 0
1 1 3561 3561 138397 0
3561 3561 1 1 192219 0
1 1 3562 3562 138451 0
3562 3562 1 1 192295 0
1 1 3563 3563 138505 0
3563 3563 1 1 192371 0
1 1 3564 3564 138559 0
3564 3564 1 1 192447 0
1 1 3565 3565 138613 0
3565 3565 1 1 192523 0
1 1 3566 3566 138667 0
3566 3566 1 1 192599 0
1 1 3567 3567 138721 0
3567 3567 1 1 192675 0
1 1 3568 3568 138775 0
3568 3568 1 1 192751 0
1 1 3569 3569 138829 0
3569 3569 1 1 192827 0
1 1 3570 3570 138883 0
3570 3570 1 1 192903 0
1 1 3571 3571 138937 0
3571 3571 1 1 192979 0
1 1 3572 3572 138991 0
3572 3572 1 1 193055 0
1 1 3573 3573 139045 0
3573 3573 1 1 193131 0
1 1 3574 3574 139099 0
3574 3574 1 1 193207 0
1 1 3575 3575 139153 0
3575 3575 1 1 193283 0
1 1 3576 3576 139207 0
3576 3576 1 1 193359 0
1 1 3577 3577 139261 0
3577 3577 1 1 193435 0
1 1 3578 3578 139315 0
3578 3578 1 1 193511 0
1 1 3579 3579 139369 0
3579 3579 1 1 193587 0
1 1 3580 3580 139423 0
3580 3580 1 1 193663 0
1 1 3581 3581 139477 0
3581 3581 1 1 193739 0
1 1 3582 3582 139531 0
3582 3582 1 1 193815 0
1 1 3583 3583 139585 0
3583 3583 1 1 193891 0
1 1 3584 3584 139639 0
3584 3584 1 1 193967 0
1 1 3585 3585 139693 0
3585 3585 1 1 194043 0
1 1 3586 3586 139747 0
3586 3586 1 1 194119 0
1 1 3587 3587 139801 0
3587 3587 1 1 194195 0
1 1 3588 3588 139855 0
3588 3588 1 1 194271 0
1 1 3589 3589 138260 0
3589 3589 1 1 194347 0
1 1 3590 3590 138314 0
3590 3590 1 1 194423 0
1 1 3591 3591 138368 0
3591 3591 1 1 194499 0
1 1 3592 3592 138422 0
3592 3592 1 1 194575 0
1 1 3593 3593 138476 0
3593 3593 1 1 194651 0
1 1 3594 3594 138530 0
3594 3594 1 1 194727 0
1 1 3595 3595 138584 0
3595 3595 1 1 194803 0
1 1 3596 3596 138638 0
3596 3596 1 1 194879 0
1 1 3597 3597 138692 0
3597 3597 1 1 194955 0
1 1 3598 3598 138746 0
3598 3598 1 1 195031 0
1 1 3599 3599 138800 0
3599 3599 1 1 195107 0
1 1 3600 3600 138854 0
3600 3600 1 1 195183 0
1 1 3601 3601 138908 0
3601 3601 1 1 195259 0
1 1 3602 3602 138962 0
3602 3602 1 1 195335 0
1 1 3603 3603 139016 0
3603 3603 1 1 195411 0
1 1 3604 3604 139070 0
3604 3604 1 1 195487 0
1 1 3605 3605 139124 0
3605 3605 1 1 195563 0
1 1 3606 3606 139178 0
3606 3606 1 1 195639 0
1 1 3607 3607 139232 0
3607 3607 1 1 195715 0
1 1 3608 3608 139286 0
3608 3608 1 1 195791 0
1 1 3609 3609 139340 0
3609 3609 1 1 195867 0
1 1 3610 3610 139394 0
3610 3610 1 1 195943 0
1 1 3611 3611 139448 0
3611 3611 1 1 196019 0
1 1 3612 3612 139502 0
3612 3612 1 1 196095 0
1 1 3613 3613 139556 0
3613 3613 1 1 196171 0
1 1 3614 3614 139610 0
3614 3614 1 1 196247 0
1 1 3615 3615 139664 0
3615 3615 1 1 196323 0
1 1 3616 3616 139718 0
3616 3616 1 1 196399 0
1 1 3617 3617 139772 0
3617 3617 1 1 196475 0
1 1 3618 3618 139826 0
3618 3618 1 1 196551 0
1 1 3619 3619 139880 0
3619 3619 1 1 196627 0
1 1 3620 3620 139934 0
3620 3620 1 1 196703 0
1 1 3621 3621 139988 0
3621 3621 1 1 196779 0
1 1 3622 3622 140042 0
3622 3622 1 1 196855 0
1 1 3623 3623 140096 0
3623 3623 1 1 196931 0
1 1 3624 3624 140150 0
3624 3624 1 1 197007 0
1 1 3625 3625 140204 0
3625 3625 1 1 197083 0
1 1 3626 3626 140258 0
3626 3626 1 1 197159 0
1 1 3627 3627 140312 0
3627 3627 1 1 197235 0
1 1 3628 3628 140366 0
3628 3628 1 1 197311 0
1 1 3629 3629 140420 0
3629 3629 1 1 197387 0
1 1 3630 3630 140474 0
3630 3630 1 1 197463 0
1 1 3631 3631 140528 0
3631 3631 1 1 197539 0
1 1 3632 3632 140582 0
3632 3632 1 1 197615 0
1 1 3633 3633 140636 0
3633 3633 1 1 197691 0
1 1 3634 3634 140690 0
3634 3634 1 1 197767 0
1 1 3635 3635 140744 0
3635 3635 1 1 197843 0
1 1 3636 3636 140798 0
3636 3636 1 1 197919 0
1 1 3637 3637 140852 0
3637 3637 1 1 197995 0
1 1 3638 3638 140906 0
3638 3638 1 1 198071 0
1 1 3639 3639 140960 0
3639 3639 1 1 198147 0
1 1 3640 3640 141014 0
3640 3640 1 1 198223 0
1 1 3641 3641 141068 0
3641 3641 1 1 198299 0
1 1 3642 3642 141122 0
3642 3642 1 1 198375 0
1 1 3643 3643 141176 0
3643 3643 1 1 198451 0
1 1 3644 3644 141230 0
3644 3644 1 1 198527 0
1 1 3645 3645 141284 0
3645 3645 1 1 198603 0
1 1 3646 3646 141338 0
3646 3646 1 1 198679 0
1 1 3647 3647 141392 0
3647 3647 1 1 198755 0
1 1 3648 3648 141446 0
3648 3648 1 1 198831 0
1 1 3649 3649 141500 0
3649 3649 1 1 196860 0
1 1 3650 3650 141554 0
3650 3650 1 1 196936 0
1 1 3651 3651 141608 0
3651 3651 1 1 197012 0
1 1 3652 3652 141662 0
3652 3652 1 1 197088 0
1 1 3653 3653 141716 0
3653 3653 1 1 197164 0
1 1 3654 3654 141770 0
3654 3654 1 1 197240 0
1 1 3655 3655 141824 0
3655 3655 1 1 197316 0
1 1 3656 3656 141878 0
3656 3656 1 1 197392 0
1 1 3657 3657 141932 0
3657 3657 1 1 197468 0
1 1 3658 3658 141986 0
3658 3658 1 1 197544 0
1 1 3659 3659 142040 0
3659 3659 1 1 197620 0
1 1 3660 3660 142094 0
3660 3660 1 1 197696 0
1 1 3661 3661 142148 0
3661 3661 1 1 197772 0
1 1 3662 3662 142202 0
3662 3662 1 1 197848 0
1 1 3663 3663 142256 0
3663 3663 1 1 197924 0
1 1 3664 3664 142310 0
3664 3664 1 1 198000 0
1 1 3665 3665 142364 0
3665 3665 1 1 198076 0
1 1 3666 3666 142418 0
3666 3666 1 1 198152 0
1 1 3667 3667 142472 0
3667 3667 1 1 198228 0
1 1 3668 3668 142526 0
3668 3668 1 1 198304 0
1 1 3669 3669 142580 0
3669 3669 1 1 198380 0
1 1 3670 3670 142634 0
3670 3670 1 1 198456 0
1 1 3671 3671 142688 0
3671 3671 1 1 198532 0
1 1 3672 3672 142742 0
3672 3672 1 1 198608 0
1 1 3673 3673 142796 0
3673 3673 1 1 198684 0
1 1 3674 3674 142850 0
3674 3674 1 1 198760 0
1 1 3675 3675 142904 0
3675 3675 1 1 198836 0
1 1 3676 3676 142958 0
3676 3676 1 1 198912 0
1 1 3677 3677 143012 0
3677 3677 1 1 198988 0
1 1 3678 3678 143066 0
3678 3678 1 1 199064 0
1 1 3679 3679 143120 0
3679 3679 1 1 199140 0
1 1 3680 3680 143174 0
3680 3680 1 1 199216 0
1 1 3681 3681 143228 0
3681 3681 1 1 199292 0
1 1 3682 3682 143282 0
3682 3682 1 1 199368 0
1 1 3683 3683 143336 0
3683 3683 1 1 199444 0
1 1 3684 3684 143390 0
3684 3684 1 1 199520 0
1 1 3685 3685 143444 0
3685 3685 1 1 199596 0
1 1 3686 3686 141849 0
3686 3686 1 1 199672 0
1 1 3687 3687 141903 0
3687 3687 1 1 199748 0
1 1 3688 3688 141957 0
3688 3688 1 1 199824 0
1 1 3689 3689 142011 0
3689 3689 1 1 199900 0
1 1 3690 3690 142065 0
3690 3690 1 1 199976 0
1 1 3691 3691 142119 0
3691 3691 1 1 200052 0
1 1 3692 3692 142173 0
3692 3692 1 1 200128 0
1 1 3693 3693 142227 0
3693 3693 1 1 200204 0
1 1 3694 3694 142281 0
3694 3694 1 1 200280 0
1 1 3695 3695 142335 0
3695 3695 1 1 200356 0
1 1 3696 3696 142389 0
3696 3696 1 1 200432 0
1 1 3697 3697 142443 0
3697 3697 1 1 200508 0
1 1 3698 3698 142497 0
3698 3698 1 1 200584 0
1 1 3699 3699 142551 0
3699 3699 1 1 200660 0
1 1 3700 3700 142605 0
3700 3700 1 1 200736 0
1 1 3701 3701 142659 0
3701 3701 1 1 200812 0
1 1 3702 3702 142713 0
3702 3702 1 1 200888 0
1 1 3703 3703 142767 0
3703 3703 1 1 200964 0
1 1 3704 3704 142821 0
3704 3704 1 1 201040 0
1 1 3705 3705 142875 0
3705 3705 1 1 201116 0
1 1 3706 3706 142929 0
3706 3706 1 1 201192 0
1 1 3707 3707 142983 0
3707 3707 1 1 201268 0
1 1 3708 3708 143037 0
3708 3708 1 1 201344 0
1 1 3709 3709 143091 0
3709 3709 1 1 201420 0
1 1 3710 3710 143145 0
3710 3710 1 1 201496 0
1 1 3711 3711 143199 0
3711 3711 1 1 201572 0
1 1 3712 3712 143253 0
3712 3712 1 1 201648 0
1 1 3713 3713 143307 0
3713 3713 1 1 201724 0
1 1 3714 3714 143361 0
3714 3714 1 1 201800 0
1 1 3715 3715 143415 0
3715 3715 1 1 201876 0
1 1 3716 3716 143469 0
3716 3716 1 1 201952 0
1 1 3717 3717 143523 0
3717 3717 1 1 202028 0
1 1 3718 3718 143577 0
3718 3718 1 1 202104 0
1 1 3719 3719 143631 0
3719 3719 1 1 202180 0
1 1 3720 3720 143685 0
3720 3720 1 1 202256 0
1 1 3721 3721 143739 0
3721 3721 1 1 202332 0
1 1 3722 3722 143793 0
3722 3722 1 1 202408 0
1 1 3723 3723 143847 0
3723 3723 1 1 202484 0
1 1 3724 3724 143901 0
3724 3724 1 1 202560 0
1 1 3725 3725 143955 0
3725 3725 1 1 202636 0
1 1 3726 3726 144009 0
3726 3726 1 1 202712 0
1 1 3727 3727 144063 0
3727 3727 1 1 202788 0
1 1 3728 3728 144117 0
3728 3728 1 1 202864 0
1 1 3729 3729 144171 0
3729 3729 1 1 202940 0
1 1 3730 3730 144225 0
3730 3730 1 1 203016 0
1 1 3731 3731 144279 0
3731 3731 1 1 203092 0
1 1 3732 3732 144333 0
3732 3732 1 1 203168 0
1 1 3733 3733 144387 0
3733 3733 1 1 203244 0
1 1 3734 3734 144441 0
3734 3734 1 1 203320 0
1 1 3735 3735 144495 0
3735 3735 1 1 203396 0
1 1 3736 3736 144549 0
3736 3736 1 1 203472 0
1 1 3737 3737 144603 0
3737 3737 1 1 203548 0
1 1 3738 3738 144657 0
3738 3738 1 1 201577 0
1 1 3739 3739 144711 0
3739 3739 1 1 201653 0
1 1 3740 3740 144765 0
3740 3740 1 1 201729 0
1 1 3741 3741 144819 0
3741 3741 1 1 201805 0
1 1 3742 3742 144873 0
3742 3742 1 1 201881 0
1 1 3743 3743 144927 0
3743 3743 1 1 201957 0
1 1 3744 3744 144981 0
3744 3744 1 1 202033 0
1 1 3745 3745 145035 0
3745 3745 1 1 202109 0
1 1 3746 3746 145089 0
3746 3746 1 1 202185 0
1 1 3747 3747 145143 0
3747 3747 1 1 202261 0
1 1 3748 3748 145197 0
3748 3748 1 1 202337 0
1 1 3749 3749 145251 0
3749 3749 1 1 202413 0
1 1 3750 3750 145305 0
3750 3750 1 1 202489 0
1 1 3751 3751 145359 0
3751 3751 1 1 202565 0
1 1 3752 3752 145413 0
3752 3752 1 1 202641 0
1 1 3753 3753 145467 0
3753 3753 1 1 202717 0
1 1 3754 3754 145521 0
3754 3754 1 1 202793 0
1 1 3755 3755 145575 0
3755 3755 1 1 202869 0
1 1 3756 3756 145629 0
3756 3756 1 1 202945 0
1 1 3757 3757 145683 0
3757 3757 1 1 203021 0
1 1 3758 3758 145737 0
3758 3758 1 1 203097 0
1 1 3759 3759 145791 0
3759 3759 1 1 203173 0
1 1 3760 3760 145845 0
3760 3760 1 1 203249 0
1 1 3761 3761 145899 0
3761 3761 1 1 203325 0
1 1 3762 3762 145953 0
3762 3762 1 1 203401 0
1 1 3763 3763 146007 0
3763 3763 1 1 203477 0
1 1 3764 3764 146061 0
3764 3764 1 1 203553 0
1 1 3765 3765 146115 0
3765 3765 1 1 203629 0
1 1 3766 3766 146169 0
3766 3766 1 1 203705 0
1 1 3767 3767 146223 0
3767 3767 1 1 203781 0
1 1 3768 3768 146277 0
3768 3768 1 1 203857 0
1 1 3769 3769 146331 0
3769 3769 1 1 203933 0
1 1 3770 3770 146385 0
3770 3770 1 1 204009 0
1 1 3771 3771 146439 0
3771 3771 1 1 204085 0
1 1 3772 3772 146493 0
3772 3772 1 1 204161 0
1 1 3773 3773 146547 0
3773 3773 1 1 204237 0
1 1 3774 3774 146601 0
3774 3774 1 1 204313 0
1 1 3775 3775 146655 0
3775 3775 1 1 204389 0
1 1 3776 3776 146709 0
3776 3776 1 1 204465 0
1 1 3777 3777 146763 0
3777 3777 1 1 204541 0
1 1 3778 3778 146817 0
3778 3778 1 1 204617 0
1 1 3779 3779 146871 0
3779 3779 1 1 204693 0
1 1 3780 3780 146925 0
3780 3780 1 1 204769 0
1 1 3781 3781 146979 0
3781 3781 1 1 204845 0
1 1 3782 3782 147033 0
3782 3782 1 1 204921 0
1 1 3783 3783 145438 0
3783 3783 1 1 204997 0
1 1 3784 3784 145492 0
3784 3784 1 1 205073 0
1 1 3785 3785 145546 0
3785 3785 1 1 205149 0
1 1 3786 3786 145600 0
3786 3786 1 1 205225 0
1 1 3787 3787 145654 0
3787 3787 1 1 205301 0
1 1 3788 3788 145708 0
3788 3788 1 1 205377 0
1 1 3789 3789 145762 0
3789 3789 1 1 205453 0
1 1 3790 3790 145816 0
3790 3790 1 1 205529 0
1 1 3791 3791 145870 0
3791 3791 1 1 205605 0
1 1 3792 3792 145924 0
3792 3792 1 1 205681 0
1 1 3793 3793 145978 0
3793 3793 1 1 205757 0
1 1 3794 3794 146032 0
3794 3794 1 1 205833 0
1 1 3795 3795 146086 0
3795 3795 1 1 205909 0
1 1 3796 3796 146140 0
3796 3796 1 1 205985 0
1 1 3797 3797 146194 0
3797 3797 1 1 206061 0
1 1 3798 3798 146248 0
3798 3798 1 1 206137 0
1 1 3799 3799 146302 0
3799 3799 1 1 206213 0
1 1 3800 3800 146356 0
3800 3800 1 1 206289 0
1 1 3801 3801 146410 0
3801 3801 1 1 206365 0
1 1 3802 3802 146464 0
3802 3802 1 1 206441 0
1 1 3803 3803 146518 0
3803 3803 1 1 206517 0
1 1 3804 3804 146572 0
3804 3804 1 1 206593 0
1 1 3805 3805 146626 0
3805 3805 1 1 206669 0
1 1 3806 3806 146680 0
3806 3806 1 1 206745 0
1 1 3807 3807 146734 0
3807 3807 1 1 206821 0
1 1 3808 3808 146788 0
3808 3808 1 1 206897 0
1 1 3809 3809 146842 0
3809 3809 1 1 206973 0
1 1 3810 3810 146896 0
3810 3810 1 1 207049 0
1 1 3811 3811 146950 0
3811 3811 1 1 207125 0
1 1 3812 3812 147004 0
3812 3812 1 1 207201 0
1 1 3813 3813 147058 0
3813 3813 1 1 207277 0
1 1 3814 3814 147112 0
3814 3814 1 1 207353 0
1 1 3815 3815 147166 0
3815 3815 1 1 207429 0
1 1 3816 3816 147220 0
3816 3816 1 1 207505 0
1 1 3817 3817 147274 0
3817 3817 1 1 207581 0
1 1 3818 3818 147328 0
3818 3818 1 1 207657 0
1 1 3819 3819 147382 0
3819 3819 1 1 207733 0
1 1 3820 3820 147436 0
3820 3820 1 1 207809 0
1 1 3821 3821 147490 0
3821 3821 1 1 207885 0
1 1 3822 3822 147544 0
3822 3822 1 1 207961 0
1 1 3823 3823 147598 0
3823 3823 1 1 208037 0
1 1 3824 3824 147652 0
3824 3824 1 1 208113 0
1 1 3825 3825 147706 0
3825 3825 1 1 208189 0
1 1 3826 3826 147760 0
3826 3826 1 1 208265 0
1 1 3827 3827 147814 0
3827 3827 1 1 206294 0
1 1 3828 3828 147868 0
3828 3828 1 1 206370 0
1 1 3829 3829 147922 0
3829 3829 1 1 206446 0
1 1 3830 3830 147976 0
3830 3830 1 1 206522 0
1 1 3831 3831 148030 0
3831 3831 1 1 206598 0
1 1 3832 3832 148084 0
3832 3832 1 1 206674 0
1 1 3833 3833 148138 0
3833 3833 1 1 206750 0
1 1 3834 3834 148192 0
3834 3834 1 1 206826 0
1 1 3835 3835 148246 0
3835 3835 1 1 206902 0
1 1 3836 3836 148300 0
3836 3836 1 1 206978 0
1 1 3837 3837 148354 0
3837 3837 1 1 207054 0
1 1 3838 3838 148408 0
3838 3838 1 1 207130 0
1 1 3839 3839 148462 0
3839 3839 1 1 207206 0
1 1 3840 3840 148516 0
3840 3840 1 1 207282 0
1 1 3841 3841 148570 0
3841 3841 1 1 207358 0
1 1 3842 3842 148624 0
3842 3842 1 1 207434 0
1 1 3843 3843 148678 0
3843 3843 1 1 207510 0
1 1 3844 3844 148732 0
3844 3844 1 1 207586 0
1 1 3845 3845 148786 0
3845 3845 1 1 207662 0
1 1 3846 3846 148840 0
3846 3846 1 1 207738 0
1 1 3847 3847 148894 0
3847 3847 1 1 207814 0
1 1 3848 3848 148948 0
3848 3848 1 1 207890 0
1 1 3849 3849 149002 0
3849 3849 1 1 207966 0
1 1 3850 3850 149056 0
3850 3850 1 1 208042 0
1 1 3851 3851 149110 0
3851 3851 1 1 208118 0
1 1 3852 3852 149164 0
3852 3852 1 1 208194 0
1 1 3853 3853 149218 0
3853 3853 1 1 208270 0
1 1 3854 3854 149272 0
3854 3854 1 1 208346 0
1 1 3855 3855 149326 0
3855 3855 1 1 208422 0
1 1 3856 3856 149380 0
3856 3856 1 1 208498 0
1 1 3857 3857 149434 0
3857 3857 1 1 208574 0
1 1 3858 3858 149488 0
3858 3858 1 1 208650 0
1 1 3859 3859 149542 0
3859 3859 1 1 208726 0
1 1 3860 3860 149596 0
3860 3860 1 1 208802 0
1 1 3861 3861 149650 0
3861 3861 1 1 208878 0
1 1 3862 3862 149704 0
3862 3862 1 1 208954 0
1 1 3863 3863 149758 0
3863 3863 1 1 209030 0
1 1 3864 3864 149812 0
3864 3864 1 1 209106 0
1 1 3865 3865 149866 0
3865 3865 1 1 209182 0
1 1 3866 3866 149920 0
3866 3866 1 1 209258 0
1 1 3867 3867 149974 0
3867 3867 1 1 209334 0
1 1 3868 3868 150028 0
3868 3868 1 1 209410 0
1 1 3869 3869 150082 0
3869 3869 1 1 209486 0
1 1 3870 3870 150136 0
3870 3870 1 1 209562 0
1 1 3871 3871 150190 0
3871 3871 1 1 209638 0
1 1 3872 3872 150244 0
3872 3872 1 1 209714 0
1 1 3873 3873 150298 0
3873 3873 1 1 209790 0
1 1 3874 3874 150352 0
3874 3874 1 1 209866 0
1 1 3875 3875 150406 0
3875 3875 1 1 209942 0
1 1 3876 3876 150460 0
3876 3876 1 1 210018 0
1 1 3877 3877 150514 0
3877 3877 1 1 210094 0
1 1 3878 3878 150568 0
3878 3878 1 1 210170 0
1 1 3879 3879 150622 0
3879 3879 1 1 210246 0
1 1 3880 3880 149027 0
3880 3880 1 1 210322 0
1 1 3881 3881 149081 0
3881 3881 1 1 210398 0
1 1 3882 3882 149135 0
3882 3882 1 1 210474 0
1 1 3883 3883 149189 0
3883 3883 1 1 210550 0
1 1 3884 3884 149243 0
3884 3884 1 1 210626 0
1 1 3885 3885 149297 0
3885 3885 1 1 210702 0
1 1 3886 3886 149351 0
3886 3886 1 1 210778 0
1 1 3887 3887 149405 0
3887 3887 1 1 210854 0
1 1 3888 3888 149459 0
3888 3888 1 1 210930 0
1 1 3889 3889 149513 0
3889 3889 1 1 211006 0
1 1 3890 3890 149567 0
3890 3890 1 1 211082 0
1 1 3891 3891 149621 0
3891 3891 1 1 211158 0
1 1 3892 3892 149675 0
3892 3892 1 1 211234 0
1 1 3893 3893 149729 0
3893 3893 1 1 211310 0
1 1 3894 3894 149783 0
3894 3894 1 1 211386 0
1 1 3895 3895 149837 0
3895 3895 1 1 211462 0
1 1 3896 3896 149891 0
3896 3896 1 1 211538 0
1 1 3897 3897 149945 0
3897 3897 1 1 211614 0
1 1 3898 3898 149999 0
3898 3898 1 1 211690 0
1 1 3899 3899 150053 0
3899 3899 1 1 211766 0
1 1 3900 3900 150107 0
3900 3900 1 1 211842 0
1 1 3901 3901 150161 0
3901 3901 1 1 211918 0
1 1 3902 3902 150215 0
3902 3902 1 1 211994 0
1 1 3903 3903 150269 0
3903 3903 1 1 212070 0
1 1 3904 3904 150323 0
3904 3904 1 1 212146 0
1 1 3905 3905 150377 0
3905 3905 1 1 212222 0
1 1 3906 3906 150431 0
3906 3906 1 1 212298 0
1 1 3907 3907 150485 0
3907 3907 1 1 212374 0
1 1 3908 3908 150539 0
3908 3908 1 1 212450 0
1 1 3909 3909 150593 0
3909 3909 1 1 212526 0
1 1 3910 3910 150647 0
3910 3910 1 1 212602 0
1 1 3911 3911 150701 0
3911 3911 1 1 212678 0
1 1 3912 3912 150755 0
3912 3912 1 1 212754 0
1 1 3913 3913 150809 0
3913 3913 1 1 212830 0
1 1 3914 3914 150863 0
3914 3914 1 1 212906 0
1 1 3915 3915 150917 0
3915 3915 1 1 212982 0
1 1 3916 3916 150971 0
3916 3916 1 1 211011 0
1 1 3917 3917 151025 0
3917 3917 1 1 211087 0
1 1 3918 3918 151079 0
3918 3918 1 1 211163 0
1 1 3919 3919 151133 0
3919 3919 1 1 211239 0
1 1 3920 3920 151187 0
3920 3920 1 1 211315 0
1 1 3921 3921 151241 0
3921 3921 1 1 211391 0
1 1 3922 3922 151295 0
3922 3922 1 1 211467 0
1 1 3923 3923 151349 0
3923 3923 1 1 211543 0
1 1 3924 3924 151403 0
3924 3924 1 1 211619 0
1 1 3925 3925 151457 0
3925 3925 1 1 211695 0
1 1 3926 3926 151511 0
3926 3926 1 1 211771 0
1 1 3927 3927 151565 0
3927 3927 1 1 211847 0
1 1 3928 3928 151619 0
3928 3928 1 1 211923 0
1 1 3929 3929 151673 0
3929 3929 1 1 211999 0
1 1 3930 3930 151727 0
3930 3930 1 1 212075 0
1 1 3931 3931 151781 0
3931 3931 1 1 212151 0
1 1 3932 3932 151835 0
3932 3932 1 1 212227 0
1 1 3933 3933 151889 0
3933 3933 1 1 212303 0
1 1 3934 3934 151943 0
3934 3934 1 1 212379 0
1 1 3935 3935 151997 0
3935 3935 1 1 212455 0
1 1 3936 3936 152051 0
3936 3936 1 1 212531 0
1 1 3937 3937 152105 0
3937 3937 1 1 212607 0
1 1 3938 3938 152159 0
3938 3938 1 1 212683 0
1 1 3939 3939 152213 0
3939 3939 1 1 212759 0
1 1 3940 3940 152267 0
3940 3940 1 1 212835 0
1 1 3941 3941 152321 0
3941 3941 1 1 212911 0
1 1 3942 3942 152375 0
3942 3942 1 1 212987 0
1 1 3943 3943 152429 0
3943 3943 1 1 213063 0
1 1 3944 3944 152483 0
3944 3944 1 1 213139 0
1 1 3945 3945 152537 0
3945 3945 1 1 213215 0
1 1 3946 3946 152591 0
3946 3946 1 1 213291 0
1 1 3947 3947 152645 0
3947 3947 1 1 213367 0
1 1 3948 3948 152699 0
3948 3948 1 1 213443 0
1 1 3949 3949 152753 0
3949 3949 1 1 213519 0
1 1 3950 3950 152807 0
3950 3950 1 1 213595 0
1 1 3951 3951 152861 0
3951 3951 1 1 213671 0
1 1 3952 3952 152915 0
3952 3952 1 1 213747 0
1 1 3953 3953 152969 0
3953 3953 1 1 213823 0
1 1 3954 3954 153023 0
3954 3954 1 1 213899 0
1 1 3955 3955 153077 0
3955 3955 1 1 213975 0
1 1 3956 3956 153131 0
3956 3956 1 1 214051 0
1 1 3957 3957 153185 0
3957 3957 1 1 214127 0
1 1 3958 3958 153239 0
3958 3958 1 1 214203 0
1 1 3959 3959 153293 0
3959 3959 1 1 214279 0
1 1 3960 3960 153347 0
3960 3960 1 1 214355 0
1 1 3961 3961 153401 0
3961 3961 1 1 214431 0
1 1 3962 3962 153455 0
3962 3962 1 1 214507 0
1 1 3963 3963 153509 0
3963 3963 1 1 214583 0
1 1 3964 3964 153563 0
3964 3964 1 1 214659 0
1 1 3965 3965 153617 0
3965 3965 1 1 214735 0
1 1 3966 3966 153671 0
3966 3966 1 1 214811 0
1 1 3967 3967 153725 0
3967 3967 1 1 214887 0
1 1 3968 3968 153779 0
3968 3968 1 1 214963 0
1 1 3969 3969 153833 0
3969 3969 1 1 215039 0
1 1 3970 3970 153887 0
3970 3970 1 1 215115 0
1 1 3971 3971 153941 0
3971 3971 1 1 215191 0
1 1 3972 3972 153995 0
3972 3972 1 1 215267 0
1 1 3973 3973 154049 0
3973 3973 1 1 215343 0
1 1 3974 3974 154103 0
3974 3974 1 1 215419 0
1 1 3975 3975 154157 0
3975 3975 1 1 215495 0
1 1 3976 3976 154211 0
3976 3976 1 1 215571 0
1 1 3977 3977 152616 0
3977 3977 1 1 215647 0
1 1 3978 3978 152670 0
3978 3978 1 1 215723 0
1 1 3979 3979 152724 0
3979 3979 1 1 215799 0
1 1 3980 3980 152778 0
3980 3980 1 1 215875 0
1 1 3981 3981 152832 0
3981 3981 1 1 215951 0
1 1 3982 3982 152886 0
3982 3982 1 1 216027 0
1 1 3983 3983 152940 0
3983 3983 1 1 216103 0
1 1 3984 3984 152994 0
3984 3984 1 1 216179 0
1 1 3985 3985 153048 0
3985 3985 1 1 216255 0
1 1 3986 3986 153102 0
3986 3986 1 1 216331 0
1 1 3987 3987 153156 0
3987 3987 1 1 216407 0
1 1 3988 3988 153210 0
3988 3988 1 1 216483 0
1 1 3989 3989 153264 0
3989 3989 1 1 216559 0
1 1 3990 3990 153318 0
3990 3990 1 1 216635 0
1 1 3991 3991 153372 0
3991 3991 1 1 216711 0
1 1 3992 3992 153426 0
3992 3992 1 1 216787 0
1 1 3993 3993 153480 0
3993 3993 1 1 216863 0
1 1 3994 3994 153534 0
3994 3994 1 1 216939 0
1 1 3995 3995 153588 0
3995 3995 1 1 217015 0
1 1 3996 3996 153642 0
3996 3996 1 1 217091 0
1 1 3997 3997 153696 0
3997 3997 1 1 217167 0
1 1 3998 3998 153750 0
3998 3998 1 1 217243 0
1 1 3999 3999 153804 0
3999 3999 1 1 217319 0
1 1 4000 4000 153858 0
4000 4000 1 1 217395 0
1 1 4001 4001 153912 0
4001 4001 1 1 217471 0
1 1 4002 4002 153966 0
4002 4002 1 1 217547 0
1 1 4003 4003 154020 0
4003 4003 1 1 217623 0
1 1 4004 4004 154074 0
4004 4004 1 1 217699 0
1 1 4005 4005 154128 0
4005 4005 1 1 215728 0
1 1 4006 4006 154182 0
4006 4006 1 1 215804 0
1 1 4007 4007 154236 0
4007 4007 1 1 215880 0
1 1 4008 4008 154290 0
4008 4008 1 1 215956 0
1 1 4009 4009 154344 0
4009 4009 1 1 216032 0
1 1 4010 4010 154398 0
4010 4010 1 1 216108 0
1 1 4011 4011 154452 0
4011 4011 1 1 216184 0
1 1 4012 4012 154506 0
4012 4012 1 1 216260 0
1 1 4013 4013 154560 0
4013 4013 1 1 216336 0
1 1 4014 4014 154614 0
4014 4014 1 1 216412 0
1 1 4015 4015 154668 0
4015 4015 1 1 216488 0
1 1 4016 4016 154722 0
4016 4016 1 1 216564 0
1 1 4017 4017 154776 0
4017 4017 1 1 216640 0
1 1 4018 4018 154830 0
4018 4018 1 1 216716 0
1 1 4019 4019 154884 0
4019 4019 1 1 216792 0
1 1 4020 4020 154938 0
4020 4020 1 1 216868 0
1 1 4021 4021 154992 0
4021 4021 1 1 216944 0
1 1 4022 4022 155046 0
4022 4022 1 1 217020 0
1 1 4023 4023 155100 0
4023 4023 1 1 217096 0
1 1 4024 4024 155154 0
4024 4024 1 1 217172 0
1 1 4025 4025 155208 0
4025 4025 1 1 217248 0
1 1 4026 4026 155262 0
4026 4026 1 1 217324 0
1 1 4027 4027 155316 0
4027 4027 1 1 217400 0
1 1 4028 4028 155370 0
4028 4028 1 1 217476 0
1 1 4029 4029 155424 0
4029 4029 1 1 217552 0
1 1 4030 4030 155478 0
4030 4030 1 1 217628 0
1 1 4031 4031 155532 0
4031 4031 1 1 217704 0
1 1 4032 4032 155586 0
4032 4032 1 1 217780 0
1 1 4033 4033 155640 0
4033 4033 1 1 217856 0
1 1 4034 4034 155694 0
4034 4034 1 1 217932 0
1 1 4035 4035 155748 0
4035 4035 1 1 218008 0
1 1 4036 4036 155802 0
4036 4036 1 1 218084 0
1 1 4037 4037 155856 0
4037 4037 1 1 218160 0
1 1 4038 4038 155910 0
4038 4038 1 1 218236 0
1 1 4039 4039 155964 0
4039 4039 1 1 218312 0
1 1 4040 4040 156018 0
4040 4040 1 1 218388 0
1 1 4041 4041 156072 0
4041 4041 1 1 218464 0
1 1 4042 4042 156126 0
4042 4042 1 1 218540 0
1 1 4043 4043 156180 0
4043 4043 1 1 218616 0
1 1 4044 4044 156234 0
4044 4044 1 1 218692 0
1 1 4045 4045 156288 0
4045 4045 1 1 218768 0
1 1 4046 4046 156342 0
4046 4046 1 1 218844 0
1 1 4047 4047 156396 0
4047 4047 1 1 218920 0
1 1 4048 4048 156450 0
4048 4048 1 1 218996 0
1 1 4049 4049 156504 0
4049 4049 1 1 219072 0
1 1 4050 4050 156558 0
4050 4050 1 1 219148 0
1 1 4051 4051 156612 0
4051 4051 1 1 219224 0
1 1 4052 4052 156666 0
4052 4052 1 1 219300 0
1 1 4053 4053 156720 0
4053 4053 1 1 219376 0
1 1 4054 4054 156774 0
4054 4054 1 1 219452 0
1 1 4055 4055 156828 0
4055 4055 1 1 219528 0
1 1 4056 4056 156882 0
4056 4056 1 1 219604 0
1 1 4057 4057 156936 0
4057 4057 1 1 219680 0
1 1 4058 4058 156990 0
4058 4058 1 1 219756 0
1 1 4059 4059 157044 0
4059 4059 1 1 219832 0
1 1 4060 4060 157098 0
4060 4060 1 1 219908 0
1 1 4061 4061 157152 0
4061 4061 1 1 219984 0
1 1 4062 4062 157206 0
4062 4062 1 1 220060 0
1 1 4063 4063 157260 0
4063 4063 1 1 220136 0
1 1 4064 4064 157314 0
4064 4064 1 1 220212 0
1 1 4065 4065 157368 0
4065 4065 1 1 220288 0
1 1 4066 4066 157422 0
4066 4066 1 1 220364 0
1 1 4067 4067 157476 0
4067 4067 1 1 220440 0
1 1 4068 4068 157530 0
4068 4068 1 1 220516 0
1 1 4069 4069 157584 0
4069 4069 1 1 220592 0
1 1 4070 4070 157638 0
4070 4070 1 1 220668 0
1 1 4071 4071 157692 0
4071 4071 1 1 220744 0
1 1 4072 4072 157746 0
4072 4072 1 1 220820 0
1 1 4073 4073 157800 0
4073 4073 1 1 220896 0
1 1 4074 4074 156205 0
4074 4074 1 1 220972 0
1 1 4075 4075 156259 0
4075 4075 1 1 221048 0
1 1 4076 4076 156313 0
4076 4076 1 1 221124 0
1 1 4077 4077 156367 0
4077 4077 1 1 221200 0
1 1 4078 4078 156421 0
4078 4078 1 1 221276 0
1 1 4079 4079 156475 0
4079 4079 1 1 221352 0
1 1 4080 4080 156529 0
4080 4080 1 1 221428 0
1 1 4081 4081 156583 0
4081 4081 1 1 221504 0
1 1 4082 4082 156637 0
4082 4082 1 1 221580 0
1 1 4083 4083 156691 0
4083 4083 1 1 221656 0
1 1 4084 4084 156745 0
4084 4084 1 1 221732 0
1 1 4085 4085 156799 0
4085 4085 1 1 221808 0
1 1 4086 4086 156853 0
4086 4086 1 1 221884 0
1 1 4087 4087 156907 0
4087 4087 1 1 221960 0
1 1 4088 4088 156961 0
4088 4088 1 1 222036 0
1 1 4089 4089 157015 0
4089 4089 1 1 222112 0
1 1 4090 4090 157069 0
4090 4090 1 1 222188 0
1 1 4091 4091 157123 0
4091 4091 1 1 222264 0
1 1 4092 4092 157177 0
4092 4092 1 1 222340 0
1 1 4093 4093 157231 0
4093 4093 1 1 222416 0
1 1 4094 4094 157285 0
4094 4094 1 1 220445 0
1 1 4095 4095 157339 0
4095 4095 1 1 220521 0
1 1 4096 4096 157393 0
4096 4096 1 1 220597 0
1 1 4097 4097 157447 0
4097 4097 1 1 220673 0
1 1 4098 4098 157501 0
4098 4098 1 1 220749 0
1 1 4099 4099 157555 0
4099 4099 1 1 220825 0
1 1 4100 4100 157609 0
4100 4100 1 1 220901 0
1 1 4101 4101 157663 0
4101 4101 1 1 220977 0
1 1 4102 4102 157717 0
4102 4102 1 1 221053 0
1 1 4103 4103 157771 0
4103 4103 1 1 221129 0
1 1 4104 4104 157825 0
4104 4104 1 1 221205 0
1 1 4105 4105 157879 0
4105 4105 1 1 221281 0
1 1 4106 4106 157933 0
4106 4106 1 1 221357 0
1 1 4107 4107 157987 0
4107 4107 1 1 221433 0
1 1 4108 4108 158041 0
4108 4108 1 1 221509 0
1 1 4109 4109 158095 0
4109 4109 1 1 221585 0
1 1 4110 4110 158149 0
4110 4110 1 1 221661 0
1 1 4111 4111 158203 0
4111 4111 1 1 221737 0
1 1 4112 4112 158257 0
4112 4112 1 1 221813 0
1 1 4113 4113 158311 0
4113 4113 1 1 221889 0
1 1 4114 4114 158365 0
4114 4114 1 1 221965 0
1 1 4115 4115 158419 0
4115 4115 1 1 222041 0
1 1 4116 4116 158473 0
4116 4116 1 1 222117 0
1 1 4117 4117 158527 0
4117 4117 1 1 222193 0
1 1 4118 4118 158581 0
4118 4118 1 1 222269 0
1 1 4119 4119 158635 0
4119 4119 1 1 222345 0
1 1 4120 4120 158689 0
4120 4120 1 1 222421 0
1 1 4121 4121 158743 0
4121 4121 1 1 222497 0
1 1 4122 4122 158797 0
4122 4122 1 1 222573 0
1 1 4123 4123 158851 0
4123 4123 1 1 222649 0
1 1 4124 4124 158905 0
4124 4124 1 1 222725 0
1 1 4125 4125 158959 0
4125 4125 1 1 222801 0
1 1 4126 4126 159013 0
4126 4126 1 1 222877 0
1 1 4127 4127 159067 0
4127 4127 1 1 222953 0
1 1 4128 4128 159121 0
4128 4128 1 1 223029 0
1 1 4129 4129 159175 0
4129 4129 1 1 223105 0
1 1 4130 4130 159229 0
4130 4130 1 1 223181 0
1 1 4131 4131 159283 0
4131 4131 1 1 223257 0
1 1 4132 4132 159337 0
4132 4132 1 1 223333 0
1 1 4133 4133 159391 0
4133 4133 1 1 223409 0
1 1 4134 4134 159445 0
4134 4134 1 1 223485 0
1 1 4135 4135 159499 0
4135 4135 1 1 223561 0
1 1 4136 4136 159553 0
4136 4136 1 1 223637 0
1 1 4137 4137 159607 0
4137 4137 1 1 223713 0
1 1 4138 4138 159661 0
4138 4138 1 1 223789 0
1 1 4139 4139 159715 0
4139 4139 1 1 223865 0
1 1 4140 4140 159769 0
4140 4140 1 1 223941 0
1 1 4141 4141 159823 0
4141 4141 1 1 224017 0
1 1 4142 4142 159877 0
4142 4142 1 1 224093 0
1 1 4143 4143 159931 0
4143 4143 1 1 224169 0
1 1 4144 4144 159985 0
4144 4144 1 1 224245 0
1 1 4145 4145 160039 0
4145 4145 1 1 224321 0
1 1 4146 4146 160093 0
4146 4146 1 1 224397 0
1 1 4147 4147 160147 0
4147 4147 1 1 224473 0
1 1 4148 4148 160201 0
4148 4148 1 1 224549 0
1 1 4149 4149 160255 0
4149 4149 1 1 224625 0
1 1 4150 4150 160309 0
4150 4150 1 1 224701 0
1 1 4151 4151 160363 0
4151 4151 1 1 224777 0
1 1 4152 4152 160417 0
4152 4152 1 1 224853 0
1 1 4153 4153 160471 0
4153 4153 1 1 224929 0
1 1 4154 4154 160525 0
4154 4154 1 1 225005 0
1 1 4155 4155 160579 0
4155 4155 1 1 225081 0
1 1 4156 4156 160633 0
4156 4156 1 1 225157 0
1 1 4157 4157 160687 0
4157 4157 1 1 225233 0
1 1 4158 4158 160741 0
4158 4158 1 1 225309 0
1 1 4159 4159 160795 0
4159 4159 1 1 225385 0
1 1 4160 4160 160849 0
4160 4160 1 1 225461 0
1 1 4161 4161 160903 0
4161 4161 1 1 225537 0
1 1 4162 4162 160957 0
4162 4162 1 1 225613 0
1 1 4163 4163 161011 0
4163 4163 1 1 225689 0
1 1 4164 4164 161065 0
4164 4164 1 1 225765 0
1 1 4165 4165 161119 0
4165 4165 1 1 225841 0
1 1 4166 4166 161173 0
4166 4166 1 1 225917 0
1 1 4167 4167 161227 0
4167 4167 1 1 225993 0
1 1 4168 4168 161281 0
4168 4168 1 1 226069 0
1 1 4169 4169 161335 0
4169 4169 1 1 226145 0
1 1 4170 4170 161389 0
4170 4170 1 1 226221 0
1 1 4171 4171 159794 0
4171 4171 1 1 226297 0
1 1 4172 4172 159848 0
4172 4172 1 1 226373 0
1 1 4173 4173 159902 0
4173 4173 1 1 226449 0
1 1 4174 4174 159956 0
4174 4174 1 1 226525 0
1 1 4175 4175 160010 0
4175 4175 1 1 226601 0
1 1 4176 4176 160064 0
4176 4176 1 1 226677 0
1 1 4177 4177 160118 0
4177 4177 1 1 226753 0
1 1 4178 4178 160172 0
4178 4178 1 1 226829 0
1 1 4179 4179 160226 0
4179 4179 1 1 226905 0
1 1 4180 4180 160280 0
4180 4180 1 1 226981 0
1 1 4181 4181 160334 0
4181 4181 1 1 227057 0
1 1 4182 4182 160388 0
4182 4182 1 1 227133 0
1 1 4183 4183 160442 0
4183 4183 1 1 225162 0
1 1 4184 4184 160496 0
4184 4184 1 1 225238 0
1 1 4185 4185 160550 0
4185 4185 1 1 225314 0
1 1 4186 4186 160604 0
4186 4186 1 1 225390 0
1 1 4187 4187 160658 0
4187 4187 1 1 225466 0
1 1 4188 4188 160712 0
4188 4188 1 1 225542 0
1 1 4189 4189 160766 0
4189 4189 1 1 225618 0
1 1 4190 4190 160820 0
4190 4190 1 1 225694 0
1 1 4191 4191 160874 0
4191 4191 1 1 225770 0
1 1 4192 4192 160928 0
4192 4192 1 1 225846 0
1 1 4193 4193 160982 0
4193 4193 1 1 225922 0
1 1 4194 4194 161036 0
4194 4194 1 1 225998 0
1 1 4195 4195 161090 0
4195 4195 1 1 226074 0
1 1 4196 4196 161144 0
4196 4196 1 1 226150 0
1 1 4197 4197 161198 0
4197 4197 1 1 226226 0
1 1 4198 4198 161252 0
4198 4198 1 1 226302 0
1 1 4199 4199 161306 0
4199 4199 1 1 226378 0
1 1 4200 4200 161360 0
4200 4200 1 1 226454 0
1 1 4201 4201 161414 0
4201 4201 1 1 226530 0
1 1 4202 4202 161468 0
4202 4202 1 1 226606 0
1 1 4203 4203 161522 0
4203 4203 1 1 226682 0
1 1 4204 4204 161576 0
4204 4204 1 1 226758 0
1 1 4205 4205 161630 0
4205 4205 1 1 226834 0
1 1 4206 4206 161684 0
4206 4206 1 1 226910 0
1 1 4207 4207 161738 0
4207 4207 1 1 226986 0
1 1 4208 4208 161792 0
4208 4208 1 1 227062 0
1 1 4209 4209 161846 0
4209 4209 1 1 227138 0
1 1 4210 4210 161900 0
4210 4210 1 1 227214 0
1 1 4211 4211 161954 0
4211 4211 1 1 227290 0
1 1 4212 4212 162008 0
4212 4212 1 1 227366 0
1 1 4213 4213 162062 0
4213 4213 1 1 227442 0
1 1 4214 4214 162116 0
4214 4214 1 1 227518 0
1 1 4215 4215 162170 0
4215 4215 1 1 227594 0
1 1 4216 4216 162224 0
4216 4216 1 1 227670 0
1 1 4217 4217 162278 0
4217 4217 1 1 227746 0
1 1 4218 4218 162332 0
4218 4218 1 1 227822 0
1 1 4219 4219 162386 0
4219 4219 1 1 227898 0
1 1 4220 4220 162440 0
4220 4220 1 1 227974 0
1 1 4221 4221 162494 0
4221 4221 1 1 228050 0
1 1 4222 4222 162548 0
4222 4222 1 1 228126 0
1 1 4223 4223 162602 0
4223 4223 1 1 228202 0
1 1 4224 4224 162656 0
4224 4224 1 1 228278 0
1 1 4225 4225 162710 0
4225 4225 1 1 228354 0
1 1 4226 4226 162764 0
4226 4226 1 1 228430 0
1 1 4227 4227 162818 0
4227 4227 1 1 228506 0
1 1 4228 4228 162872 0
4228 4228 1 1 228582 0
1 1 4229 4229 162926 0
4229 4229 1 1 228658 0
1 1 4230 4230 162980 0
4230 4230 1 1 228734 0
1 1 4231 4231 163034 0
4231 4231 1 1 228810 0
1 1 4232 4232 163088 0
4232 4232 1 1 228886 0
1 1 4233 4233 163142 0
4233 4233 1 1 228962 0
1 1 4234 4234 163196 0
4234 4234 1 1 229038 0
1 1 4235 4235 163250 0
4235 4235 1 1 229114 0
1 1 4236 4236 163304 0
4236 4236 1 1 229190 0
1 1 4237 4237 163358 0
4237 4237 1 1 229266 0
1 1 4238 4238 163412 0
4238 4238 1 1 229342 0
1 1 4239 4239 163466 0
4239 4239 1 1 229418 0
1 1 4240 4240 163520 0
4240 4240 1 1 229494 0
1 1 4241 4241 163574 0
4241 4241 1 1 229570 0
1 1 4242 4242 163628 0
4242 4242 1 1 229646 0
1 1 4243 4243 163682 0
4243 4243 1 1 229722 0
1 1 4244 4244 163736 0
4244 4244 1 1 229798 0
1 1 4245 4245 163790 0
4245 4245 1 1 229874 0
1 1 4246 4246 163844 0
4246 4246 1 1 229950 0
1 1 4247 4247 163898 0
4247 4247 1 1 230026 0
1 1 4248 4248 163952 0
4248 4248 1 1 230102 0
1 1 4249 4249 164006 0
4249 4249 1 1 230178 0
1 1 4250 4250 164060 0
4250 4250 1 1 230254 0
1 1 4251 4251 164114 0
4251 4251 1 1 230330 0
1 1 4252 4252 164168 0
4252 4252 1 1 230406 0
1 1 4253 4253 164222 0
4253 4253 1 1 230482 0
1 1 4254 4254 164276 0
4254 4254 1 1 230558 0
1 1 4255 4255 164330 0
4255 4255 1 1 230634 0
1 1 4256 4256 164384 0
4256 4256 1 1 230710 0
1 1 4257 4257 164438 0
4257 4257 1 1 230786 0
1 1 4258 4258 164492 0
4258 4258 1 1 230862 0
1 1 4259 4259 164546 0
4259 4259 1 1 230938 0
1 1 4260 4260 164600 0
4260 4260 1 1 231014 0
1 1 4261 4261 164654 0
4261 4261 1 1 231090 0
1 1 4262 4262 164708 0
4262 4262 1 1 231166 0
1 1 4263 4263 164762 0
4263 4263 1 1 231242 0
1 1 4264 4264 164816 0
4264 4264 1 1 231318 0
1 1 4265 4265 164870 0
4265 4265 1 1 231394 0
1 1 4266 4266 164924 0
4266 4266 1 1 231470 0
1 1 4267 4267 164978 0
4267 4267 1 1 231546 0
1 1 4268 4268 163383 0
4268 4268 1 1 231622 0
1 1 4269 4269 163437 0
4269 4269 1 1 231698 0
1 1 4270 4270 163491 0
4270 4270 1 1 231774 0
1 1 4271 4271 163545 0
4271 4271 1 1 231850 0
1 1 4272 4272 163599 0
4272 4272 1 1 229879 0
1 1 4273 4273 163653 0
4273 4273 1 1 229955 0
1 1 4274 4274 163707 0
4274 4274 1 1 230031 0
1 1 4275 4275 163761 0
4275 4275 1 1 230107 0
1 1 4276 4276 163815 0
4276 4276 1 1 230183 0
1 1 4277 4277 163869 0
4277 4277 1 1 230259 0
1 1 4278 4278 163923 0
4278 4278 1 1 230335 0
1 1 4279 4279 163977 0
4279 4279 1 1 230411 0
1 1 4280 4280 164031 0
4280 4280 1 1 230487 0
1 1 4281 4281 164085 0
4281 4281 1 1 230563 0
1 1 4282 4282 164139 0
4282 4282 1 1 230639 0
1 1 4283 4283 164193 0
4283 4283 1 1 230715 0
1 1 4284 4284 164247 0
4284 4284 1 1 230791 0
1 1 4285 4285 164301 0
4285 4285 1 1 230867 0
1 1 4286 4286 164355 0
4286 4286 1 1 230943 0
1 1 4287 4287 164409 0
4287 4287 1 1 231019 0
1 1 4288 4288 164463 0
4288 4288 1 1 231095 0
1 1 4289 4289 164517 0
4289 4289 1 1 231171 0
1 1 4290 4290 164571 0
4290 4290 1 1 231247 0
1 1 4291 4291 164625 0
4291 4291 1 1 231323 0
1 1 4292 4292 164679 0
4292 4292 1 1 231399 0
1 1 4293 4293 164733 0
4293 4293 1 1 231475 0
1 1 4294 4294 164787 0
4294 4294 1 1 231551 0
1 1 4295 4295 164841 0
4295 4295 1 1 231627 0
1 1 4296 4296 164895 0
4296 4296 1 1 231703 0
1 1 4297 4297 164949 0
4297 4297 1 1 231779 0
1 1 4298 4298 165003 0
4298 4298 1 1 231855 0
1 1 4299 4299 165057 0
4299 4299 1 1 231931 0
1 1 4300 4300 165111 0
4300 4300 1 1 232007 0
1 1 4301 4301 165165 0
4301 4301 1 1 232083 0
1 1 4302 4302 165219 0
4302 4302 1 1 232159 0
1 1 4303 4303 165273 0
4303 4303 1 1 232235 0
1 1 4304 4304 165327 0
4304 4304 1 1 232311 0
1 1 4305 4305 165381 0
4305 4305 1 1 232387 0
1 1 4306 4306 165435 0
4306 4306 1 1 232463 0
1 1 4307 4307 165489 0
4307 4307 1 1 232539 0
1 1 4308 4308 165543 0
4308 4308 1 1 232615 0
1 1 4309 4309 165597 0
4309 4309 1 1 232691 0
1 1 4310 4310 165651 0
4310 4310 1 1 232767 0
1 1 4311 4311 165705 0
4311 4311 1 1 232843 0
1 1 4312 4312 165759 0
4312 4312 1 1 232919 0
1 1 4313 4313 165813 0
4313 4313 1 1 232995 0
1 1 4314 4314 165867 0
4314 4314 1 1 233071 0
1 1 4315 4315 165921 0
4315 4315 1 1 233147 0
1 1 4316 4316 165975 0
4316 4316 1 1 233223 0
1 1 4317 4317 166029 0
4317 4317 1 1 233299 0
1 1 4318 4318 166083 0
4318 4318 1 1 233375 0
1 1 4319 4319 166137 0
4319 4319 1 1 233451 0
1 1 4320 4320 166191 0
4320 4320 1 1 233527 0
1 1 4321 4321 166245 0
4321 4321 1 1 233603 0
1 1 4322 4322 166299 0
4322 4322 1 1 233679 0
1 1 4323 4323 166353 0
4323 4323 1 1 233755 0
1 1 4324 4324 166407 0
4324 4324 1 1 233831 0
1 1 4325 4325 166461 0
4325 4325 1 1 233907 0
1 1 4326 4326 166515 0
4326 4326 1 1 233983 0
1 1 4327 4327 166569 0
4327 4327 1 1 234059 0
1 1 4328 4328 166623 0
4328 4328 1 1 234135 0
1 1 4329 4329 166677 0
4329 4329 1 1 234211 0
1 1 4330 4330 166731 0
4330 4330 1 1 234287 0
1 1 4331 4331 166785 0
4331 4331 1 1 234363 0
1 1 4332 4332 166839 0
4332 4332 1 1 234439 0
1 1 4333 4333 166893 0
4333 4333 1 1 234515 0
1 1 4334 4334 166947 0
4334 4334 1 1 234591 0
1 1 4335 4335 167001 0
4335 4335 1 1 234667 0
1 1 4336 4336 167055 0
4336 4336 1 1 234743 0
1 1 4337 4337 167109 0
4337 4337 1 1 234819 0
1 1 4338 4338 167163 0
4338 4338 1 1 234895 0
1 1 4339 4339 167217 0
4339 4339 1 1 234971 0
1 1 4340 4340 167271 0
4340 4340 1 1 235047 0
1 1 4341 4341 167325 0
4341 4341 1 1 235123 0
1 1 4342 4342 167379 0
4342 4342 1 1 235199 0
1 1 4343 4343 167433 0
4343 4343 1 1 235275 0
1 1 4344 4344 167487 0
4344 4344 1 1 235351 0
1 1 4345 4345 167541 0
4345 4345 1 1 235427 0
1 1 4346 4346 167595 0
4346 4346 1 1 235503 0
1 1 4347 4347 167649 0
4347 4347 1 1 235579 0
1 1 4348 4348 167703 0
4348 4348 1 1 235655 0
1 1 4349 4349 167757 0
4349 4349 1 1 235731 0
1 1 4350 4350 167811 0
4350 4350 1 1 235807 0
1 1 4351 4351 167865 0
4351 4351 1 1 235883 0
1 1 4352 4352 167919 0
4352 4352 1 1 235959 0
1 1 4353 4353 167973 0
4353 4353 1 1 236035 0
1 1 4354 4354 168027 0
4354 4354 1 1 236111 0
1 1 4355 4355 168081 0
4355 4355 1 1 236187 0
1 1 4356 4356 168135 0
4356 4356 1 1 236263 0
1 1 4357 4357 168189 0
4357 4357 1 1 236339 0
1 1 4358 4358 168243 0
4358 4358 1 1 236415 0
1 1 4359 4359 168297 0
4359 4359 1 1 236491 0
1 1 4360 4360 168351 0
4360 4360 1 1 236567 0
1 1 4361 4361 168405 0
4361 4361 1 1 234596 0
1 1 4362 4362 168459 0
4362 4362 1 1 234672 0
1 1 4363 4363 168513 0
4363 4363 1 1 234748 0
1 1 4364 4364 168567 0
4364 4364 1 1 234824 0
1 1 4365 4365 166972 0
4365 4365 1 1 234900 0
1 1 4366 4366 167026 0
4366 4366 1 1 234976 0
1 1 4367 4367 167080 0
4367 4367 1 1 235052 0
1 1 4368 4368 167134 0
4368 4368 1 1 235128 0
1 1 4369 4369 167188 0
4369 4369 1 1 235204 0
1 1 4370 4370 167242 0
4370 4370 1 1 235280 0
1 1 4371 4371 167296 0
4371 4371 1 1 235356 0
1 1 4372 4372 167350 0
4372 4372 1 1 235432 0
1 1 4373 4373 167404 0
4373 4373 1 1 235508 0
1 1 4374 4374 167458 0
4374 4374 1 1 235584 0
1 1 4375 4375 167512 0
4375 4375 1 1 235660 0
1 1 4376 4376 167566 0
4376 4376 1 1 235736 0
1 1 4377 4377 167620 0
4377 4377 1 1 235812 0
1 1 4378 4378 167674 0
4378 4378 1 1 235888 0
1 1 4379 4379 167728 0
4379 4379 1 1 235964 0
1 1 4380 4380 167782 0
4380 4380 1 1 236040 0
1 1 4381 4381 167836 0
4381 4381 1 1 236116 0
1 1 4382 4382 167890 0
4382 4382 1 1 236192 0
1 1 4383 4383 167944 0
4383 4383 1 1 236268 0
1 1 4384 4384 167998 0
4384 4384 1 1 236344 0
1 1 4385 4385 168052 0
4385 4385 1 1 236420 0
1 1 4386 4386 168106 0
4386 4386 1 1 236496 0
1 1 4387 4387 168160 0
4387 4387 1 1 236572 0
1 1 4388 4388 168214 0
4388 4388 1 1 236648 0
1 1 4389 4389 168268 0
4389 4389 1 1 236724 0
1 1 4390 4390 168322 0
4390 4390 1 1 236800 0
1 1 4391 4391 168376 0
4391 4391 1 1 236876 0
1 1 4392 4392 168430 0
4392 4392 1 1 236952 0
1 1 4393 4393 168484 0
4393 4393 1 1 237028 0
1 1 4394 4394 168538 0
4394 4394 1 1 237104 0
1 1 4395 4395 168592 0
4395 4395 1 1 237180 0
1 1 4396 4396 168646 0
4396 4396 1 1 237256 0
1 1 4397 4397 168700 0
4397 4397 1 1 237332 0
1 1 4398 4398 168754 0
4398 4398 1 1 237408 0
1 1 4399 4399 168808 0
4399 4399 1 1 237484 0
1 1 4400 4400 168862 0
4400 4400 1 1 237560 0
1 1 4401 4401 168916 0
4401 4401 1 1 237636 0
1 1 4402 4402 168970 0
4402 4402 1 1 237712 0
1 1 4403 4403 169024 0
4403 4403 1 1 237788 0
1 1 4404 4404 169078 0
4404 4404 1 1 237864 0
1 1 4405 4405 169132 0
4405 4405 1 1 237940 0
1 1 4406 4406 169186 0
4406 4406 1 1 238016 0
1 1 4407 4407 169240 0
4407 4407 1 1 238092 0
1 1 4408 4408 169294 0
4408 4408 1 1 238168 0
1 1 4409 4409 169348 0
4409 4409 1 1 238244 0
1 1 4410 4410 169402 0
4410 4410 1 1 238320 0
1 1 4411 4411 169456 0
4411 4411 1 1 238396 0
1 1 4412 4412 169510 0
4412 4412 1 1 238472 0
1 1 4413 4413 169564 0
4413 4413 1 1 238548 0
1 1 4414 4414 169618 0
4414 4414 1 1 238624 0
1 1 4415 4415 169672 0
4415 4415 1 1 238700 0
1 1 4416 4416 169726 0
4416 4416 1 1 238776 0
1 1 4417 4417 169780 0
4417 4417 1 1 238852 0
1 1 4418 4418 169834 0
4418 4418 1 1 238928 0
1 1 4419 4419 169888 0
4419 4419 1 1 239004 0
1 1 4420 4420 169942 0
4420 4420 1 1 239080 0
1 1 4421 4421 169996 0
4421 4421 1 1 239156 0
1 1 4422 4422 170050 0
4422 4422 1 1 239232 0
1 1 4423 4423 170104 0
4423 4423 1 1 239308 0
1 1 4424 4424 170158 0
4424 4424 1 1 239384 0
1 1 4425 4425 170212 0
4425 4425 1 1 239460 0
1 1 4426 4426 170266 0
4426 4426 1 1 239536 0
1 1 4427 4427 170320 0
4427 4427 1 1 239612 0
1 1 4428 4428 170374 0
4428 4428 1 1 239688 0
1 1 4429 4429 170428 0
4429 4429 1 1 239764 0
1 1 4430 4430 170482 0
4430 4430 1 1 239840 0
1 1 4431 4431 170536 0
4431 4431 1 1 239916 0
1 1 4432 4432 170590 0
4432 4432 1 1 239992 0
1 1 4433 4433 170644 0
4433 4433 1 1 240068 0
1 1 4434 4434 170698 0
4434 4434 1 1 240144 0
1 1 4435 4435 170752 0
4435 4435 1 1 240220 0
1 1 4436 4436 170806 0
4436 4436 1 1 240296 0
1 1 4437 4437 170860 0
4437 4437 1 1 240372 0
1 1 4438 4438 170914 0
4438 4438 1 1 240448 0
1 1 4439 4439 170968 0
4439 4439 1 1 240524 0
1 1 4440 4440 171022 0
4440 4440 1 1 240600 0
1 1 4441 4441 171076 0
4441 4441 1 1 240676 0
1 1 4442 4442 171130 0
4442 4442 1 1 240752 0
1 1 4443 4443 171184 0
4443 4443 1 1 240828 0
1 1 4444 4444 171238 0
4444 4444 1 1 240904 0
1 1 4445 4445 171292 0
4445 4445 1 1 240980 0
1 1 4446 4446 171346 0
4446 4446 1 1 241056 0
1 1 4447 4447 171400 0
4447 4447 1 1 241132 0
1 1 4448 4448 171454 0
4448 4448 1 1 241208 0
1 1 4449 4449 171508 0
4449 4449 1 1 241284 0
1 1 4450 4450 171562 0
4450 4450 1 1 239313 0
1 1 4451 4451 171616 0
4451 4451 1 1 239389 0
1 1 4452 4452 171670 0
4452 4452 1 1 239465 0
1 1 4453 4453 171724 0
4453 4453 1 1 239541 0
1 1 4454 4454 171778 0
4454 4454 1 1 239617 0
1 1 4455 4455 171832 0
4455 4455 1 1 239693 0
1 1 4456 4456 171886 0
4456 4456 1 1 239769 0
1 1 4457 4457 171940 0
4457 4457 1 1 239845 0
1 1 4458 4458 171994 0
4458 4458 1 1 239921 0
1 1 4459 4459 172048 0
4459 4459 1 1 239997 0
1 1 4460 4460 172102 0
4460 4460 1 1 240073 0
1 1 4461 4461 172156 0
4461 4461 1 1 240149 0
1 1 4462 4462 170561 0
4462 4462 1 1 240225 0
1 1 4463 4463 170615 0
4463 4463 1 1 240301 0
1 1 4464 4464 170669 0
4464 4464 1 1 240377 0
1 1 4465 4465 170723 0
4465 4465 1 1 240453 0
1 1 4466 4466 170777 0
4466 4466 1 1 240529 0
1 1 4467 4467 170831 0
4467 4467 1 1 240605 0
1 1 4468 4468 170885 0
4468 4468 1 1 240681 0
1 1 4469 4469 170939 0
4469 4469 1 1 240757 0
1 1 4470 4470 170993 0
4470 4470 1 1 240833 0
1 1 4471 4471 171047 0
4471 4471 1 1 240909 0
1 1 4472 4472 171101 0
4472 4472 1 1 240985 0
1 1 4473 4473 171155 0
4473 4473 1 1 241061 0
1 1 4474 4474 171209 0
4474 4474 1 1 241137 0
1 1 4475 4475 171263 0
4475 4475 1 1 241213 0
1 1 4476 4476 171317 0
4476 4476 1 1 241289 0
1 1 4477 4477 171371 0
4477 4477 1 1 241365 0
1 1 4478 4478 171425 0
4478 4478 1 1 241441 0
1 1 4479 4479 171479 0
4479 4479 1 1 241517 0
1 1 4480 4480 171533 0
4480 4480 1 1 241593 0
1 1 4481 4481 171587 0
4481 4481 1 1 241669 0
1 1 4482 4482 171641 0
4482 4482 1 1 241745 0
1 1 4483 4483 171695 0
4483 4483 1 1 241821 0
1 1 4484 4484 171749 0
4484 4484 1 1 241897 0
1 1 4485 4485 171803 0
4485 4485 1 1 241973 0
1 1 4486 4486 171857 0
4486 4486 1 1 242049 0
1 1 4487 4487 171911 0
4487 4487 1 1 242125 0
1 1 4488 4488 171965 0
4488 4488 1 1 242201 0
1 1 4489 4489 172019 0
4489 4489 1 1 242277 0
1 1 4490 4490 172073 0
4490 4490 1 1 242353 0
1 1 4491 4491 172127 0
4491 4491 1 1 242429 0
1 1 4492 4492 172181 0
4492 4492 1 1 242505 0
1 1 4493 4493 172235 0
4493 4493 1 1 242581 0
1 1 4494 4494 172289 0
4494 4494 1 1 242657 0
1 1 4495 4495 172343 0
4495 4495 1 1 242733 0
1 1 4496 4496 172397 0
4496 4496 1 1 242809 0
1 1 4497 4497 172451 0
4497 4497 1 1 242885 0
1 1 4498 4498 172505 0
4498 4498 1 1 242961 0
1 1 4499 4499 172559 0
4499 4499 1 1 243037 0
1 1 4500 4500 172613 0
4500 4500 1 1 243113 0
1 1 4501 4501 172667 0
4501 4501 1 1 243189 0
1 1 4502 4502 172721 0
4502 4502 1 1 243265 0
1 1 4503 4503 172775 0
4503 4503 1 1 243341 0
1 1 4504 4504 172829 0
4504 4504 1 1 243417 0
1 1 4505 4505 172883 0
4505 4505 1 1 243493 0
1 1 4506 4506 172937 0
4506 4506 1 1 243569 0
1 1 4507 4507 172991 0
4507 4507 1 1 243645 0
1 1 4508 4508 173045 0
4508 4508 1 1 243721 0
1 1 4509 4509 173099 0
4509 4509 1 1 243797 0
1 1 4510 4510 173153 0
4510 4510 1 1 243873 0
1 1 4511 4511 173207 0
4511 4511 1 1 243949 0
1 1 4512 4512 173261 0
4512 4512 1 1 244025 0
1 1 4513 4513 173315 0
4513 4513 1 1 244101 0
1 1 4514 4514 173369 0
4514 4514 1 1 244177 0
1 1 4515 4515 173423 0
4515 4515 1 1 244253 0
1 1 4516 4516 173477 0
4516 4516 1 1 244329 0
1 1 4517 4517 173531 0
4517 4517 1 1 244405 0
1 1 4518 4518 173585 0
4518 4518 1 1 244481 0
1 1 4519 4519 173639 0
4519 4519 1 1 244557 0
1 1 4520 4520 173693 0
4520 4520 1 1 244633 0
1 1 4521 4521 173747 0
4521 4521 1 1 244709 0
1 1 4522 4522 173801 0
4522 4522 1 1 244785 0
1 1 4523 4523 173855 0
4523 4523 1 1 244861 0
1 1 4524 4524 173909 0
4524 4524 1 1 244937 0
1 1 4525 4525 173963 0
4525 4525 1 1 245013 0
1 1 4526 4526 174017 0
4526 4526 1 1 245089 0
1 1 4527 4527 174071 0
4527 4527 1 1 245165 0
1 1 4528 4528 174125 0
4528 4528 1 1 245241 0
1 1 4529 4529 174179 0
4529 4529 1 1 245317 0
1 1 4530 4530 174233 0
4530 4530 1 1 245393 0
1 1 4531 4531 174287 0
4531 4531 1 1 245469 0
1 1 4532 4532 174341 0
4532 4532 1 1 245545 0
1 1 4533 4533 174395 0
4533 4533 1 1 245621 0
1 1 4534 4534 174449 0
4534 4534 1 1 245697 0
1 1 4535 4535 174503 0
4535 4535 1 1 245773 0
1 1 4536 4536 174557 0
4536 4536 1 1 245849 0
1 1 4537 4537 174611 0
4537 4537 1 1 245925 0
1 1 4538 4538 174665 0
4538 4538 1 1 246001 0
1 1 4539 4539 174719 0
4539 4539 1 1 244030 0
1 1 4540 4540 174773 0
4540 4540 1 1 244106 0
1 1 4541 4541 174827 0
4541 4541 1 1 244182 0
1 1 4542 4542 174881 0
4542 4542 1 1 244258 0
1 1 4543 4543 174935 0
4543 4543 1 1 244334 0
1 1 4544 4544 174989 0
4544 4544 1 1 244410 0
1 1 4545 4545 175043 0
4545 4545 1 1 244486 0
1 1 4546 4546 175097 0
4546 4546 1 1 244562 0
1 1 4547 4547 175151 0
4547 4547 1 1 244638 0
1 1 4548 4548 175205 0
4548 4548 1 1 244714 0
1 1 4549 4549 175259 0
4549 4549 1 1 244790 0
1 1 4550 4550 175313 0
4550 4550 1 1 244866 0
1 1 4551 4551 175367 0
4551 4551 1 1 244942 0
1 1 4552 4552 175421 0
4552 4552 1 1 245018 0
1 1 4553 4553 175475 0
4553 4553 1 1 245094 0
1 1 4554 4554 175529 0
4554 4554 1 1 245170 0
1 1 4555 4555 175583 0
4555 4555 1 1 245246 0
1 1 4556 4556 175637 0
4556 4556 1 1 245322 0
1 1 4557 4557 175691 0
4557 4557 1 1 245398 0
1 1 4558 4558 175745 0
4558 4558 1 1 245474 0
1 1 4559 4559 174150 0
4559 4559 1 1 245550 0
1 1 4560 4560 174204 0
4560 4560 1 1 245626 0
1 1 4561 4561 174258 0
4561 4561 1 1 245702 0
1 1 4562 4562 174312 0
4562 4562 1 1 245778 0
1 1 4563 4563 174366 0
4563 4563 1 1 245854 0
1 1 4564 4564 174420 0
4564 4564 1 1 245930 0
1 1 4565 4565 174474 0
4565 4565 1 1 246006 0
1 1 4566 4566 174528 0
4566 4566 1 1 246082 0
1 1 4567 4567 174582 0
4567 4567 1 1 246158 0
1 1 4568 4568 174636 0
4568 4568 1 1 246234 0
1 1 4569 4569 174690 0
4569 4569 1 1 246310 0
1 1 4570 4570 174744 0
4570 4570 1 1 246386 0
1 1 4571 4571 174798 0
4571 4571 1 1 246462 0
1 1 4572 4572 174852 0
4572 4572 1 1 246538 0
1 1 4573 4573 174906 0
4573 4573 1 1 246614 0
1 1 4574 4574 174960 0
4574 4574 1 1 246690 0
1 1 4575 4575 175014 0
4575 4575 1 1 246766 0
1 1 4576 4576 175068 0
4576 4576 1 1 246842 0
1 1 4577 4577 175122 0
4577 4577 1 1 246918 0
1 1 4578 4578 175176 0
4578 4578 1 1 246994 0
1 1 4579 4579 175230 0
4579 4579 1 1 247070 0
1 1 4580 4580 175284 0
4580 4580 1 1 247146 0
1 1 4581 4581 175338 0
4581 4581 1 1 247222 0
1 1 4582 4582 175392 0
4582 4582 1 1 247298 0
1 1 4583 4583 175446 0
4583 4583 1 1 247374 0
1 1 4584 4584 175500 0
4584 4584 1 1 247450 0
1 1 4585 4585 175554 0
4585 4585 1 1 247526 0
1 1 4586 4586 175608 0
4586 4586 1 1 247602 0
1 1 4587 4587 175662 0
4587 4587 1 1 247678 0
1 1 4588 4588 175716 0
4588 4588 1 1 247754 0
1 1 4589 4589 175770 0
4589 4589 1 1 247830 0
1 1 4590 4590 175824 0
4590 4590 1 1 247906 0
1 1 4591 4591 175878 0
4591 4591 1 1 247982 0
1 1 4592 4592 175932 0
4592 4592 1 1 248058 0
1 1 4593 4593 175986 0
4593 4593 1 1 248134 0
1 1 4594 4594 176040 0
4594 4594 1 1 248210 0
1 1 4595 4595 176094 0
4595 4595 1 1 248286 0
1 1 4596 4596 176148 0
4596 4596 1 1 248362 0
1 1 4597 4597 176202 0
4597 4597 1 1 248438 0
1 1 4598 4598 176256 0
4598 4598 1 1 248514 0
1 1 4599 4599 176310 0
4599 4599 1 1 248590 0
1 1 4600 4600 176364 0
4600 4600 1 1 248666 0
1 1 4601 4601 176418 0
4601 4601 1 1 248742 0
1 1 4602 4602 176472 0
4602 4602 1 1 248818 0
1 1 4603 4603 176526 0
4603 4603 1 1 248894 0
1 1 4604 4604 176580 0
4604 4604 1 1 248970 0
1 1 4605 4605 176634 0
4605 4605 1 1 249046 0
1 1 4606 4606 176688 0
4606 4606 1 1 249122 0
1 1 4607 4607 176742 0
4607 4607 1 1 249198 0
1 1 4608 4608 176796 0
4608 4608 1 1 249274 0
1 1 4609 4609 176850 0
4609 4609 1 1 249350 0
1 1 4610 4610 176904 0
4610 4610 1 1 249426 0
1 1 4611 4611 176958 0
4611 4611 1 1 249502 0
1 1 4612 4612 177012 0
4612 4612 1 1 249578 0
1 1 4613 4613 177066 0
4613 4613 1 1 249654 0
1 1 4614 4614 177120 0
4614 4614 1 1 249730 0
1 1 4615 4615 177174 0
4615 4615 1 1 249806 0
1 1 4616 4616 177228 0
4616 4616 1 1 249882 0
1 1 4617 4617 177282 0
4617 4617 1 1 249958 0
1 1 4618 4618 177336 0
4618 4618 1 1 250034 0
1 1 4619 4619 177390 0
4619 4619 1 1 250110 0
1 1 4620 4620 177444 0
4620 4620 1 1 250186 0
1 1 4621 4621 177498 0
4621 4621 1 1 250262 0
1 1 4622 4622 177552 0
4622 4622 1 1 250338 0
1 1 4623 4623 177606 0
4623 4623 1 1 250414 0
1 1 4624 4624 177660 0
4624 4624 1 1 250490 0
1 1 4625 4625 177714 0
4625 4625 1 1 250566 0
1 1 4626 4626 177768 0
4626 4626 1 1 250642 0
1 1 4627 4627 177822 0
4627 4627 1 1 250718 0
1 1 4628 4628 177876 0
4628 4628 1 1 248747 0
1 1 4629 4629 177930 0
4629 4629 1 1 248823 0
1 1 4630 4630 177984 0
4630 4630 1 1 248899 0
1 1 4631 4631 178038 0
4631 4631 1 1 248975 0
1 1 4632 4632 178092 0
4632 4632 1 1 249051 0
1 1 4633 4633 178146 0
4633 4633 1 1 249127 0
1 1 4634 4634 178200 0
4634 4634 1 1 249203 0
1 1 4635 4635 178254 0
4635 4635 1 1 249279 0
1 1 4636 4636 178308 0
4636 4636 1 1 249355 0
1 1 4637 4637 178362 0
4637 4637 1 1 249431 0
1 1 4638 4638 178416 0
4638 4638 1 1 249507 0
1 1 4639 4639 178470 0
4639 4639 1 1 249583 0
1 1 4640 4640 178524 0
4640 4640 1 1 249659 0
1 1 4641 4641 178578 0
4641 4641 1 1 249735 0
1 1 4642 4642 178632 0
4642 4642 1 1 249811 0
1 1 4643 4643 178686 0
4643 4643 1 1 249887 0
1 1 4644 4644 178740 0
4644 4644 1 1 249963 0
1 1 4645 4645 178794 0
4645 4645 1 1 250039 0
1 1 4646 4646 178848 0
4646 4646 1 1 250115 0
1 1 4647 4647 178902 0
4647 4647 1 1 250191 0
1 1 4648 4648 178956 0
4648 4648 1 1 250267 0
1 1 4649 4649 179010 0
4649 4649 1 1 250343 0
1 1 4650 4650 179064 0
4650 4650 1 1 250419 0
1 1 4651 4651 179118 0
4651 4651 1 1 250495 0
1 1 4652 4652 179172 0
4652 4652 1 1 250571 0
1 1 4653 4653 179226 0
4653 4653 1 1 250647 0
1 1 4654 4654 179280 0
4654 4654 1 1 250723 0
1 1 4655 4655 179334 0
4655 4655 1 1 250799 0
1 1 4656 4656 177739 0
4656 4656 1 1 250875 0
1 1 4657 4657 177793 0
4657 4657 1 1 250951 0
1 1 4658 4658 177847 0
4658 4658 1 1 251027 0
1 1 4659 4659 177901 0
4659 4659 1 1 251103 0
1 1 4660 4660 177955 0
4660 4660 1 1 251179 0
1 1 4661 4661 178009 0
4661 4661 1 1 251255 0
1 1 4662 4662 178063 0
4662 4662 1 1 251331 0
1 1 4663 4663 178117 0
4663 4663 1 1 251407 0
1 1 4664 4664 178171 0
4664 4664 1 1 251483 0
1 1 4665 4665 178225 0
4665 4665 1 1 251559 0
1 1 4666 4666 178279 0
4666 4666 1 1 251635 0
1 1 4667 4667 178333 0
4667 4667 1 1 251711 0
1 1 4668 4668 178387 0
4668 4668 1 1 251787 0
1 1 4669 4669 178441 0
4669 4669 1 1 251863 0
1 1 4670 4670 178495 0
4670 4670 1 1 251939 0
1 1 4671 4671 178549 0
4671 4671 1 1 252015 0
1 1 4672 4672 178603 0
4672 4672 1 1 252091 0
1 1 4673 4673 178657 0
4673 4673 1 1 252167 0
1 1 4674 4674 178711 0
4674 4674 1 1 252243 0
1 1 4675 4675 178765 0
4675 4675 1 1 252319 0
1 1 4676 4676 178819 0
4676 4676 1 1 252395 0
1 1 4677 4677 178873 0
4677 4677 1 1 252471 0
1 1 4678 4678 178927 0
4678 4678 1 1 252547 0
1 1 4679 4679 178981 0
4679 4679 1 1 252623 0
1 1 4680 4680 179035 0
4680 4680 1 1 252699 0
1 1 4681 4681 179089 0
4681 4681 1 1 252775 0
1 1 4682 4682 179143 0
4682 4682 1 1 252851 0
1 1 4683 4683 179197 0
4683 4683 1 1 252927 0
1 1 4684 4684 179251 0
4684 4684 1 1 253003 0
1 1 4685 4685 179305 0
4685 4685 1 1 253079 0
1 1 4686 4686 179359 0
4686 4686 1 1 253155 0
1 1 4687 4687 179413 0
4687 4687 1 1 253231 0
1 1 4688 4688 179467 0
4688 4688 1 1 253307 0
1 1 4689 4689 179521 0
4689 4689 1 1 253383 0
1 1 4690 4690 179575 0
4690 4690 1 1 253459 0
1 1 4691 4691 179629 0
4691 4691 1 1 253535 0
1 1 4692 4692 179683 0
4692 4692 1 1 253611 0
1 1 4693 4693 179737 0
4693 4693 1 1 253687 0
1 1 4694 4694 179791 0
4694 4694 1 1 253763 0
1 1 4695 4695 179845 0
4695 4695 1 1 253839 0
1 1 4696 4696 179899 0
4696 4696 1 1 253915 0
1 1 4697 4697 179953 0
4697 4697 1 1 253991 0
1 1 4698 4698 180007 0
4698 4698 1 1 254067 0
1 1 4699 4699 180061 0
4699 4699 1 1 254143 0
1 1 4700 4700 180115 0
4700 4700 1 1 254219 0
1 1 4701 4701 180169 0
4701 4701 1 1 254295 0
1 1 4702 4702 180223 0
4702 4702 1 1 254371 0
1 1 4703 4703 180277 0
4703 4703 1 1 254447 0
1 1 4704 4704 180331 0
4704 4704 1 1 254523 0
1 1 4705 4705 180385 0
4705 4705 1 1 254599 0
1 1 4706 4706 180439 0
4706 4706 1 1 254675 0
1 1 4707 4707 180493 0
4707 4707 1 1 254751 0
1 1 4708 4708 180547 0
4708 4708 1 1 254827 0
1 1 4709 4709 180601 0
4709 4709 1 1 254903 0
1 1 4710 4710 180655 0
4710 4710 1 1 254979 0
1 1 4711 4711 180709 0
4711 4711 1 1 255055 0
1 1 4712 4712 180763 0
4712 4712 1 1 255131 0
1 1 4713 4713 180817 0
4713 4713 1 1 255207 0
1 1 4714 4714 180871 0
4714 4714 1 1 255283 0
1 1 4715 4715 180925 0
4715 4715 1 1 255359 0
1 1 4716 4716 180979 0
4716 4716 1 1 255435 0
1 1 4717 4717 181033 0
4717 4717 1 1 253464 0
1 1 4718 4718 181087 0
4718 4718 1 1 253540 0
1 1 4719 4719 181141 0
4719 4719 1 1 253616 0
1 1 4720 4720 181195 0
4720 4720 1 1 253692 0
1 1 4721 4721 181249 0
4721 4721 1 1 253768 0
1 1 4722 4722 181303 0
4722 4722 1 1 253844 0
1 1 4723 4723 181357 0
4723 4723 1 1 253920 0
1 1 4724 4724 181411 0
4724 4724 1 1 253996 0
1 1 4725 4725 181465 0
4725 4725 1 1 254072 0
1 1 4726 4726 181519 0
4726 4726 1 1 254148 0
1 1 4727 4727 181573 0
4727 4727 1 1 254224 0
1 1 4728 4728 181627 0
4728 4728 1 1 254300 0
1 1 4729 4729 181681 0
4729 4729 1 1 254376 0
1 1 4730 4730 181735 0
4730 4730 1 1 254452 0
1 1 4731 4731 181789 0
4731 4731 1 1 254528 0
1 1 4732 4732 181843 0
4732 4732 1 1 254604 0
1 1 4733 4733 181897 0
4733 4733 1 1 254680 0
1 1 4734 4734 181951 0
4734 4734 1 1 254756 0
1 1 4735 4735 182005 0
4735 4735 1 1 254832 0
1 1 4736 4736 182059 0
4736 4736 1 1 254908 0
1 1 4737 4737 182113 0
4737 4737 1 1 254984 0
1 1 4738 4738 182167 0
4738 4738 1 1 255060 0
1 1 4739 4739 182221 0
4739 4739 1 1 255136 0
1 1 4740 4740 182275 0
4740 4740 1 1 255212 0
1 1 4741 4741 182329 0
4741 4741 1 1 255288 0
1 1 4742 4742 182383 0
4742 4742 1 1 255364 0
1 1 4743 4743 182437 0
4743 4743 1 1 255440 0
1 1 4744 4744 182491 0
4744 4744 1 1 255516 0
1 1 4745 4745 182545 0
4745 4745 1 1 255592 0
1 1 4746 4746 182599 0
4746 4746 1 1 255668 0
1 1 4747 4747 182653 0
4747 4747 1 1 255744 0
1 1 4748 4748 182707 0
4748 4748 1 1 255820 0
1 1 4749 4749 182761 0
4749 4749 1 1 255896 0
1 1 4750 4750 182815 0
4750 4750 1 1 255972 0
1 1 4751 4751 182869 0
4751 4751 1 1 256048 0
1 1 4752 4752 182923 0
4752 4752 1 1 256124 0
1 1 4753 4753 181328 0
4753 4753 1 1 256200 0
1 1 4754 4754 181382 0
4754 4754 1 1 256276 0
1 1 4755 4755 181436 0
4755 4755 1 1 256352 0
1 1 4756 4756 181490 0
4756 4756 1 1 256428 0
1 1 4757 4757 181544 0
4757 4757 1 1 256504 0
1 1 4758 4758 181598 0
4758 4758 1 1 256580 0
1 1 4759 4759 181652 0
4759 4759 1 1 256656 0
1 1 4760 4760 181706 0
4760 4760 1 1 256732 0
1 1 4761 4761 181760 0
4761 4761 1 1 256808 0
1 1 4762 4762 181814 0
4762 4762 1 1 256884 0
1 1 4763 4763 181868 0
4763 4763 1 1 256960 0
1 1 4764 4764 181922 0
4764 4764 1 1 257036 0
1 1 4765 4765 181976 0
4765 4765 1 1 257112 0
1 1 4766 4766 182030 0
4766 4766 1 1 257188 0
1 1 4767 4767 182084 0
4767 4767 1 1 257264 0
1 1 4768 4768 182138 0
4768 4768 1 1 257340 0
1 1 4769 4769 182192 0
4769 4769 1 1 257416 0
1 1 4770 4770 182246 0
4770 4770 1 1 257492 0
1 1 4771 4771 182300 0
4771 4771 1 1 257568 0
1 1 4772 4772 182354 0
4772 4772 1 1 257644 0
1 1 4773 4773 182408 0
4773 4773 1 1 257720 0
1 1 4774 4774 182462 0
4774 4774 1 1 257796 0
1 1 4775 4775 182516 0
4775 4775 1 1 257872 0
1 1 4776 4776 182570 0
4776 4776 1 1 257948 0
1 1 4777 4777 182624 0
4777 4777 1 1 258024 0
1 1 4778 4778 182678 0
4778 4778 1 1 258100 0
1 1 4779 4779 182732 0
4779 4779 1 1 258176 0
1 1 4780 4780 182786 0
4780 4780 1 1 258252 0
1 1 4781 4781 182840 0
4781 4781 1 1 258328 0
1 1 4782 4782 182894 0
4782 4782 1 1 258404 0
1 1 4783 4783 182948 0
4783 4783 1 1 258480 0
1 1 4784 4784 183002 0
4784 4784 1 1 258556 0
1 1 4785 4785 183056 0
4785 4785 1 1 258632 0
1 1 4786 4786 183110 0
4786 4786 1 1 258708 0
1 1 4787 4787 183164 0
4787 4787 1 1 258784 0
1 1 4788 4788 183218 0
4788 4788 1 1 258860 0
1 1 4789 4789 183272 0
4789 4789 1 1 258936 0
1 1 4790 4790 183326 0
4790 4790 1 1 259012 0
1 1 4791 4791 183380 0
4791 4791 1 1 259088 0
1 1 4792 4792 183434 0
4792 4792 1 1 259164 0
1 1 4793 4793 183488 0
4793 4793 1 1 259240 0
1 1 4794 4794 183542 0
4794 4794 1 1 259316 0
1 1 4795 4795 183596 0
4795 4795 1 1 259392 0
1 1 4796 4796 183650 0
4796 4796 1 1 259468 0
1 1 4797 4797 183704 0
4797 4797 1 1 259544 0
1 1 4798 4798 183758 0
4798 4798 1 1 259620 0
1 1 4799 4799 183812 0
4799 4799 1 1 259696 0
1 1 4800 4800 183866 0
4800 4800 1 1 259772 0
1 1 4801 4801 183920 0
4801 4801 1 1 259848 0
1 1 4802 4802 183974 0
4802 4802 1 1 259924 0
1 1 4803 4803 184028 0
4803 4803 1 1 260000 0
1 1 4804 4804 184082 0
4804 4804 1 1 260076 0
1 1 4805 4805 184136 0
4805 4805 1 1 260152 0
1 1 4806 4806 184190 0
4806 4806 1 1 258181 0
1 1 4807 4807 184244 0
4807 4807 1 1 258257 0
1 1 4808 4808 184298 0
4808 4808 1 1 258333 0
1 1 4809 4809 184352 0
4809 4809 1 1 258409 0
1 1 4810 4810 184406 0
4810 4810 1 1 258485 0
1 1 4811 4811 184460 0
4811 4811 1 1 258561 0
1 1 4812 4812 184514 0
4812 4812 1 1 258637 0
1 1 4813 4813 184568 0
4813 4813 1 1 258713 0
1 1 4814 4814 184622 0
4814 4814 1 1 258789 0
1 1 4815 4815 184676 0
4815 4815 1 1 258865 0
1 1 4816 4816 184730 0
4816 4816 1 1 258941 0
1 1 4817 4817 184784 0
4817 4817 1 1 259017 0
1 1 4818 4818 184838 0
4818 4818 1 1 259093 0
1 1 4819 4819 184892 0
4819 4819 1 1 259169 0
1 1 4820 4820 184946 0
4820 4820 1 1 259245 0
1 1 4821 4821 185000 0
4821 4821 1 1 259321 0
1 1 4822 4822 185054 0
4822 4822 1 1 259397 0
1 1 4823 4823 185108 0
4823 4823 1 1 259473 0
1 1 4824 4824 185162 0
4824 4824 1 1 259549 0
1 1 4825 4825 185216 0
4825 4825 1 1 259625 0
1 1 4826 4826 185270 0
4826 4826 1 1 259701 0
1 1 4827 4827 185324 0
4827 4827 1 1 259777 0
1 1 4828 4828 185378 0
4828 4828 1 1 259853 0
1 1 4829 4829 185432 0
4829 4829 1 1 259929 0
1 1 4830 4830 185486 0
4830 4830 1 1 260005 0
1 1 4831 4831 185540 0
4831 4831 1 1 260081 0
1 1 4832 4832 185594 0
4832 4832 1 1 260157 0
1 1 4833 4833 185648 0
4833 4833 1 1 260233 0
1 1 4834 4834 185702 0
4834 4834 1 1 260309 0
1 1 4835 4835 185756 0
4835 4835 1 1 260385 0
1 1 4836 4836 185810 0
4836 4836 1 1 260461 0
1 1 4837 4837 185864 0
4837 4837 1 1 260537 0
1 1 4838 4838 185918 0
4838 4838 1 1 260613 0
1 1 4839 4839 185972 0
4839 4839 1 1 260689 0
1 1 4840 4840 186026 0
4840 4840 1 1 260765 0
1 1 4841 4841 186080 0
4841 4841 1 1 260841 0
1 1 4842 4842 186134 0
4842 4842 1 1 260917 0
1 1 4843 4843 186188 0
4843 4843 1 1 260993 0
1 1 4844 4844 186242 0
4844 4844 1 1 261069 0
1 1 4845 4845 186296 0
4845 4845 1 1 261145 0
1 1 4846 4846 186350 0
4846 4846 1 1 261221 0
1 1 4847 4847 186404 0
4847 4847 1 1 261297 0
1 1 4848 4848 186458 0
4848 4848 1 1 261373 0
1 1 4849 4849 186512 0
4849 4849 1 1 261449 0
1 1 4850 4850 184917 0
4850 4850 1 1 261525 0
1 1 4851 4851 184971 0
4851 4851 1 1 261601 0
1 1 4852 4852 185025 0
4852 4852 1 1 261677 0
1 1 4853 4853 185079 0
4853 4853 1 1 261753 0
1 1 4854 4854 185133 0
4854 4854 1 1 261829 0
1 1 4855 4855 185187 0
4855 4855 1 1 261905 0
1 1 4856 4856 185241 0
4856 4856 1 1 261981 0
1 1 4857 4857 185295 0
4857 4857 1 1 262057 0
1 1 4858 4858 185349 0
4858 4858 1 1 262133 0
1 1 4859 4859 185403 0
4859 4859 1 1 262209 0
1 1 4860 4860 185457 0
4860 4860 1 1 262285 0
1 1 4861 4861 185511 0
4861 4861 1 1 262361 0
1 1 4862 4862 185565 0
4862 4862 1 1 262437 0
1 1 4863 4863 185619 0
4863 4863 1 1 262513 0
1 1 4864 4864 185673 0
4864 4864 1 1 262589 0
1 1 4865 4865 185727 0
4865 4865 1 1 262665 0
1 1 4866 4866 185781 0
4866 4866 1 1 262741 0
1 1 4867 4867 185835 0
4867 4867 1 1 262817 0
1 1 4868 4868 185889 0
4868 4868 1 1 262893 0
1 1 4869 4869 185943 0
4869 4869 1 1 262969 0
1 1 4870 4870 185997 0
4870 4870 1 1 263045 0
1 1 4871 4871 186051 0
4871 4871 1 1 263121 0
1 1 4872 4872 186105 0
4872 4872 1 1 263197 0
1 1 4873 4873 186159 0
4873 4873 1 1 263273 0
1 1 4874 4874 186213 0
4874 4874 1 1 263349 0
1 1 4875 4875 186267 0
4875 4875 1 1 263425 0
1 1 4876 4876 186321 0
4876 4876 1 1 263501 0
1 1 4877 4877 186375 0
4877 4877 1 1 263577 0
1 1 4878 4878 186429 0
4878 4878 1 1 263653 0
1 1 4879 4879 186483 0
4879 4879 1 1 263729 0
1 1 4880 4880 186537 0
4880 4880 1 1 263805 0
1 1 4881 4881 186591 0
4881 4881 1 1 263881 0
1 1 4882 4882 186645 0
4882 4882 1 1 263957 0
1 1 4883 4883 186699 0
4883 4883 1 1 264033 0
1 1 4884 4884 186753 0
4884 4884 1 1 264109 0
1 1 4885 4885 186807 0
4885 4885 1 1 264185 0
1 1 4886 4886 186861 0
4886 4886 1 1 264261 0
1 1 4887 4887 186915 0
4887 4887 1 1 264337 0
1 1 4888 4888 186969 0
4888 4888 1 1 264413 0
1 1 4889 4889 187023 0
4889 4889 1 1 264489 0
1 1 4890 4890 187077 0
4890 4890 1 1 264565 0
1 1 4891 4891 187131 0
4891 4891 1 1 264641 0
1 1 4892 4892 187185 0
4892 4892 1 1 264717 0
1 1 4893 4893 187239 0
4893 4893 1 1 264793 0
1 1 4894 4894 187293 0
4894 4894 1 1 264869 0
1 1 4895 4895 187347 0
4895 4895 1 1 262898 0
1 1 4896 4896 187401 0
4896 4896 1 1 262974 0
1 1 4897 4897 187455 0
4897 4897 1 1 263050 0
1 1 4898 4898 187509 0
4898 4898 1 1 263126 0
1 1 4899 4899 187563 0
4899 4899 1 1 263202 0
1 1 4900 4900 187617 0
4900 4900 1 1 263278 0
1 1 4901 4901 187671 0
4901 4901 1 1 263354 0
1 1 4902 4902 187725 0
4902 4902 1 1 263430 0
1 1 4903 4903 187779 0
4903 4903 1 1 263506 0
1 1 4904 4904 187833 0
4904 4904 1 1 263582 0
1 1 4905 4905 187887 0
4905 4905 1 1 263658 0
1 1 4906 4906 187941 0
4906 4906 1 1 263734 0
1 1 4907 4907 187995 0
4907 4907 1 1 263810 0
1 1 4908 4908 188049 0
4908 4908 1 1 263886 0
1 1 4909 4909 188103 0
4909 4909 1 1 263962 0
1 1 4910 4910 188157 0
4910 4910 1 1 264038 0
1 1 4911 4911 188211 0
4911 4911 1 1 264114 0
1 1 4912 4912 188265 0
4912 4912 1 1 264190 0
1 1 4913 4913 188319 0
4913 4913 1 1 264266 0
1 1 4914 4914 188373 0
4914 4914 1 1 264342 0
1 1 4915 4915 188427 0
4915 4915 1 1 264418 0
1 1 4916 4916 188481 0
4916 4916 1 1 264494 0
1 1 4917 4917 188535 0
4917 4917 1 1 264570 0
1 1 4918 4918 188589 0
4918 4918 1 1 264646 0
1 1 4919 4919 188643 0
4919 4919 1 1 264722 0
1 1 4920 4920 188697 0
4920 4920 1 1 264798 0
1 1 4921 4921 188751 0
4921 4921 1 1 264874 0
1 1 4922 4922 188805 0
4922 4922 1 1 264950 0
1 1 4923 4923 188859 0
4923 4923 1 1 265026 0
1 1 4924 4924 188913 0
4924 4924 1 1 265102 0
1 1 4925 4925 188967 0
4925 4925 1 1 265178 0
1 1 4926 4926 189021 0
4926 4926 1 1 265254 0
1 1 4927 4927 189075 0
4927 4927 1 1 265330 0
1 1 4928 4928 189129 0
4928 4928 1 1 265406 0
1 1 4929 4929 189183 0
4929 4929 1 1 265482 0
1 1 4930 4930 189237 0
4930 4930 1 1 265558 0
1 1 4931 4931 189291 0
4931 4931 1 1 265634 0
1 1 4932 4932 189345 0
4932 4932 1 1 265710 0
1 1 4933 4933 189399 0
4933 4933 1 1 265786 0
1 1 4934 4934 189453 0
4934 4934 1 1 265862 0
1 1 4935 4935 189507 0
4935 4935 1 1 265938 0
1 1 4936 4936 189561 0
4936 4936 1 1 266014 0
1 1 4937 4937 189615 0
4937 4937 1 1 266090 0
1 1 4938 4938 189669 0
4938 4938 1 1 266166 0
1 1 4939 4939 189723 0
4939 4939 1 1 266242 0
1 1 4940 4940 189777 0
4940 4940 1 1 266318 0
1 1 4941 4941 189831 0
4941 4941 1 1 266394 0
1 1 4942 4942 189885 0
4942 4942 1 1 266470 0
1 1 4943 4943 189939 0
4943 4943 1 1 266546 0
1 1 4944 4944 189993 0
4944 4944 1 1 266622 0
1 1 4945 4945 190047 0
4945 4945 1 1 266698 0
1 1 4946 4946 190101 0
4946 4946 1 1 266774 0
1 1 4947 4947 188506 0
4947 4947 1 1 266850 0
1 1 4948 4948 188560 0
4948 4948 1 1 266926 0
1 1 4949 4949 188614 0
4949 4949 1 1 267002 0
1 1 4950 4950 188668 0
4950 4950 1 1 267078 0
1 1 4951 4951 188722 0
4951 4951 1 1 267154 0
1 1 4952 4952 188776 0
4952 4952 1 1 267230 0
1 1 4953 4953 188830 0
4953 4953 1 1 267306 0
1 1 4954 4954 188884 0
4954 4954 1 1 267382 0
1 1 4955 4955 188938 0
4955 4955 1 1 267458 0
1 1 4956 4956 188992 0
4956 4956 1 1 267534 0
1 1 4957 4957 189046 0
4957 4957 1 1 267610 0
1 1 4958 4958 189100 0
4958 4958 1 1 267686 0
1 1 4959 4959 189154 0
4959 4959 1 1 267762 0
1 1 4960 4960 189208 0
4960 4960 1 1 267838 0
1 1 4961 4961 189262 0
4961 4961 1 1 267914 0
1 1 4962 4962 189316 0
4962 4962 1 1 267990 0
1 1 4963 4963 189370 0
4963 4963 1 1 268066 0
1 1 4964 4964 189424 0
4964 4964 1 1 268142 0
1 1 4965 4965 189478 0
4965 4965 1 1 268218 0
1 1 4966 4966 189532 0
4966 4966 1 1 268294 0
1 1 4967 4967 189586 0
4967 4967 1 1 268370 0
1 1 4968 4968 189640 0
4968 4968 1 1 268446 0
1 1 4969 4969 189694 0
4969 4969 1 1 268522 0
1 1 4970 4970 189748 0
4970 4970 1 1 268598 0
1 1 4971 4971 189802 0
4971 4971 1 1 268674 0
1 1 4972 4972 189856 0
4972 4972 1 1 268750 0
1 1 4973 4973 189910 0
4973 4973 1 1 268826 0
1 1 4974 4974 189964 0
4974 4974 1 1 268902 0
1 1 4975 4975 190018 0
4975 4975 1 1 268978 0
1 1 4976 4976 190072 0
4976 4976 1 1 269054 0
1 1 4977 4977 190126 0
4977 4977 1 1 269130 0
1 1 4978 4978 190180 0
4978 4978 1 1 269206 0
1 1 4979 4979 190234 0
4979 4979 1 1 269282 0
1 1 4980 4980 190288 0
4980 4980 1 1 269358 0
1 1 4981 4981 190342 0
4981 4981 1 1 269434 0
1 1 4982 4982 190396 0
4982 4982 1 1 269510 0
1 1 4983 4983 190450 0
4983 4983 1 1 269586 0
1 1 4984 4984 190504 0
4984 4984 1 1 267615 0
1 1 4985 4985 190558 0
4985 4985 1 1 267691 0
1 1 4986 4986 190612 0
4986 4986 1 1 267767 0
1 1 4987 4987 190666 0
4987 4987 1 1 267843 0
1 1 4988 4988 190720 0
4988 4988 1 1 267919 0
1 1 4989 4989 190774 0
4989 4989 1 1 267995 0
1 1 4990 4990 190828 0
4990 4990 1 1 268071 0
1 1 4991 4991 190882 0
4991 4991 1 1 268147 0
1 1 4992 4992 190936 0
4992 4992 1 1 268223 0
1 1 4993 4993 190990 0
4993 4993 1 1 268299 0
1 1 4994 4994 191044 0
4994 4994 1 1 268375 0
1 1 4995 4995 191098 0
4995 4995 1 1 268451 0
1 1 4996 4996 191152 0
4996 4996 1 1 268527 0
1 1 4997 4997 191206 0
4997 4997 1 1 268603 0
1 1 4998 4998 191260 0
4998 4998 1 1 268679 0
1 1 4999 4999 191314 0
4999 4999 1 1 268755 0
1 1 5000 5000 191368 0
5000 5000 1 1 268831 0
1 1 5001 5001 191422 0
5001 5001 1 1 268907 0
1 1 5002 5002 191476 0
5002 5002 1 1 268983 0
1 1 5003 5003 191530 0
5003 5003 1 1 269059 0
1 1 5004 5004 191584 0
5004 5004 1 1 269135 0
1 1 5005 5005 191638 0
5005 5005 1 1 269211 0
1 1 5006 5006 191692 0
5006 5006 1 1 269287 0
1 1 5007 5007 191746 0
5007 5007 1 1 269363 0
1 1 5008 5008 191800 0
5008 5008 1 1 269439 0
1 1 5009 5009 191854 0
5009 5009 1 1 269515 0
1 1 5010 5010 191908 0
5010 5010 1 1 269591 0
1 1 5011 5011 191962 0
5011 5011 1 1 269667 0
1 1 5012 5012 192016 0
5012 5012 1 1 269743 0
1 1 5013 5013 192070 0
5013 5013 1 1 269819 0
1 1 5014 5014 192124 0
5014 5014 1 1 269895 0
1 1 5015 5015 192178 0
5015 5015 1 1 269971 0
1 1 5016 5016 192232 0
5016 5016 1 1 270047 0
1 1 5017 5017 192286 0
5017 5017 1 1 270123 0
1 1 5018 5018 192340 0
5018 5018 1 1 270199 0
1 1 5019 5019 192394 0
5019 5019 1 1 270275 0
1 1 5020 5020 192448 0
5020 5020 1 1 270351 0
1 1 5021 5021 192502 0
5021 5021 1 1 270427 0
1 1 5022 5022 192556 0
5022 5022 1 1 270503 0
1 1 5023 5023 192610 0
5023 5023 1 1 270579 0
1 1 5024 5024 192664 0
5024 5024 1 1 270655 0
1 1 5025 5025 192718 0
5025 5025 1 1 270731 0
1 1 5026 5026 192772 0
5026 5026 1 1 270807 0
1 1 5027 5027 192826 0
5027 5027 1 1 270883 0
1 1 5028 5028 192880 0
5028 5028 1 1 270959 0
1 1 5029 5029 192934 0
5029 5029 1 1 271035 0
1 1 5030 5030 192988 0
5030 5030 1 1 271111 0
1 1 5031 5031 193042 0
5031 5031 1 1 271187 0
1 1 5032 5032 193096 0
5032 5032 1 1 271263 0
1 1 5033 5033 193150 0
5033 5033 1 1 271339 0
1 1 5034 5034 193204 0
5034 5034 1 1 271415 0
1 1 5035 5035 193258 0
5035 5035 1 1 271491 0
1 1 5036 5036 193312 0
5036 5036 1 1 271567 0
1 1 5037 5037 193366 0
5037 5037 1 1 271643 0
1 1 5038 5038 193420 0
5038 5038 1 1 271719 0
1 1 5039 5039 193474 0
5039 5039 1 1 271795 0
1 1 5040 5040 193528 0
5040 5040 1 1 271871 0
1 1 5041 5041 193582 0
5041 5041 1 1 271947 0
1 1 5042 5042 193636 0
5042 5042 1 1 272023 0
1 1 5043 5043 193690 0
5043 5043 1 1 272099 0
1 1 5044 5044 192095 0
5044 5044 1 1 272175 0
1 1 5045 5045 192149 0
5045 5045 1 1 272251 0
1 1 5046 5046 192203 0
5046 5046 1 1 272327 0
1 1 5047 5047 192257 0
5047 5047 1 1 272403 0
1 1 5048 5048 192311 0
5048 5048 1 1 272479 0
1 1 5049 5049 192365 0
5049 5049 1 1 272555 0
1 1 5050 5050 192419 0
5050 5050 1 1 272631 0
1 1 5051 5051 192473 0
5051 5051 1 1 272707 0
1 1 5052 5052 192527 0
5052 5052 1 1 272783 0
1 1 5053 5053 192581 0
5053 5053 1 1 272859 0
1 1 5054 5054 192635 0
5054 5054 1 1 272935 0
1 1 5055 5055 192689 0
5055 5055 1 1 273011 0
1 1 5056 5056 192743 0
5056 5056 1 1 273087 0
1 1 5057 5057 192797 0
5057 5057 1 1 273163 0
1 1 5058 5058 192851 0
5058 5058 1 1 273239 0
1 1 5059 5059 192905 0
5059 5059 1 1 273315 0
1 1 5060 5060 192959 0
5060 5060 1 1 273391 0
1 1 5061 5061 193013 0
5061 5061 1 1 273467 0
1 1 5062 5062 193067 0
5062 5062 1 1 273543 0
1 1 5063 5063 193121 0
5063 5063 1 1 273619 0
1 1 5064 5064 193175 0
5064 5064 1 1 273695 0
1 1 5065 5065 193229 0
5065 5065 1 1 273771 0
1 1 5066 5066 193283 0
5066 5066 1 1 273847 0
1 1 5067 5067 193337 0
5067 5067 1 1 273923 0
1 1 5068 5068 193391 0
5068 5068 1 1 273999 0
1 1 5069 5069 193445 0
5069 5069 1 1 274075 0
1 1 5070 5070 193499 0
5070 5070 1 1 274151 0
1 1 5071 5071 193553 0
5071 5071 1 1 274227 0
1 1 5072 5072 193607 0
5072 5072 1 1 274303 0
1 1 5073 5073 193661 0
5073 5073 1 1 272332 0
1 1 5074 5074 193715 0
5074 5074 1 1 272408 0
1 1 5075 5075 193769 0
5075 5075 1 1 272484 0
1 1 5076 5076 193823 0
5076 5076 1 1 272560 0
1 1 5077 5077 193877 0
5077 5077 1 1 272636 0
1 1 5078 5078 193931 0
5078 5078 1 1 272712 0
1 1 5079 5079 193985 0
5079 5079 1 1 272788 0
1 1 5080 5080 194039 0
5080 5080 1 1 272864 0
1 1 5081 5081 194093 0
5081 5081 1 1 272940 0
1 1 5082 5082 194147 0
5082 5082 1 1 273016 0
1 1 5083 5083 194201 0
5083 5083 1 1 273092 0
1 1 5084 5084 194255 0
5084 5084 1 1 273168 0
1 1 5085 5085 194309 0
5085 5085 1 1 273244 0
1 1 5086 5086 194363 0
5086 5086 1 1 273320 0
1 1 5087 5087 194417 0
5087 5087 1 1 273396 0
1 1 5088 5088 194471 0
5088 5088 1 1 273472 0
1 1 5089 5089 194525 0
5089 5089 1 1 273548 0
1 1 5090 5090 194579 0
5090 5090 1 1 273624 0
1 1 5091 5091 194633 0
5091 5091 1 1 273700 0
1 1 5092 5092 194687 0
5092 5092 1 1 273776 0
1 1 5093 5093 194741 0
5093 5093 1 1 273852 0
1 1 5094 5094 194795 0
5094 5094 1 1 273928 0
1 1 5095 5095 194849 0
5095 5095 1 1 274004 0
1 1 5096 5096 194903 0
5096 5096 1 1 274080 0
1 1 5097 5097 194957 0
5097 5097 1 1 274156 0
1 1 5098 5098 195011 0
5098 5098 1 1 274232 0
1 1 5099 5099 195065 0
5099 5099 1 1 274308 0
1 1 5100 5100 195119 0
5100 5100 1 1 274384 0
1 1 5101 5101 195173 0
5101 5101 1 1 274460 0
1 1 5102 5102 195227 0
5102 5102 1 1 274536 0
1 1 5103 5103 195281 0
5103 5103 1 1 274612 0
1 1 5104 5104 195335 0
5104 5104 1 1 274688 0
1 1 5105 5105 195389 0
5105 5105 1 1 274764 0
1 1 5106 5106 195443 0
5106 5106 1 1 274840 0
1 1 5107 5107 195497 0
5107 5107 1 1 274916 0
1 1 5108 5108 195551 0
5108 5108 1 1 274992 0
1 1 5109 5109 195605 0
5109 5109 1 1 275068 0
1 1 5110 5110 195659 0
5110 5110 1 1 275144 0
1 1 5111 5111 195713 0
5111 5111 1 1 275220 0
1 1 5112 5112 195767 0
5112 5112 1 1 275296 0
1 1 5113 5113 195821 0
5113 5113 1 1 275372 0
1 1 5114 5114 195875 0
5114 5114 1 1 275448 0
1 1 5115 5115 195929 0
5115 5115 1 1 275524 0
1 1 5116 5116 195983 0
5116 5116 1 1 275600 0
1 1 5117 5117 196037 0
5117 5117 1 1 275676 0
1 1 5118 5118 196091 0
5118 5118 1 1 275752 0
1 1 5119 5119 196145 0
5119 5119 1 1 275828 0
1 1 5120 5120 196199 0
5120 5120 1 1 275904 0
1 1 5121 5121 196253 0
5121 5121 1 1 275980 0
1 1 5122 5122 196307 0
5122 5122 1 1 276056 0
1 1 5123 5123 196361 0
5123 5123 1 1 276132 0
1 1 5124 5124 196415 0
5124 5124 1 1 276208 0
1 1 5125 5125 196469 0
5125 5125 1 1 276284 0
1 1 5126 5126 196523 0
5126 5126 1 1 276360 0
1 1 5127 5127 196577 0
5127 5127 1 1 276436 0
1 1 5128 5128 196631 0
5128 5128 1 1 276512 0
1 1 5129 5129 196685 0
5129 5129 1 1 276588 0
1 1 5130 5130 196739 0
5130 5130 1 1 276664 0
1 1 5131 5131 196793 0
5131 5131 1 1 276740 0
1 1 5132 5132 196847 0
5132 5132 1 1 276816 0
1 1 5133 5133 196901 0
5133 5133 1 1 276892 0
1 1 5134 5134 196955 0
5134 5134 1 1 276968 0
1 1 5135 5135 197009 0
5135 5135 1 1 277044 0
1 1 5136 5136 197063 0
5136 5136 1 1 277120 0
1 1 5137 5137 197117 0
5137 5137 1 1 277196 0
1 1 5138 5138 197171 0
5138 5138 1 1 277272 0
1 1 5139 5139 197225 0
5139 5139 1 1 277348 0
1 1 5140 5140 197279 0
5140 5140 1 1 277424 0
1 1 5141 5141 195684 0
5141 5141 1 1 277500 0
1 1 5142 5142 195738 0
5142 5142 1 1 277576 0
1 1 5143 5143 195792 0
5143 5143 1 1 277652 0
1 1 5144 5144 195846 0
5144 5144 1 1 277728 0
1 1 5145 5145 195900 0
5145 5145 1 1 277804 0
1 1 5146 5146 195954 0
5146 5146 1 1 277880 0
1 1 5147 5147 196008 0
5147 5147 1 1 277956 0
1 1 5148 5148 196062 0
5148 5148 1 1 278032 0
1 1 5149 5149 196116 0
5149 5149 1 1 278108 0
1 1 5150 5150 196170 0
5150 5150 1 1 278184 0
1 1 5151 5151 196224 0
5151 5151 1 1 278260 0
1 1 5152 5152 196278 0
5152 5152 1 1 278336 0
1 1 5153 5153 196332 0
5153 5153 1 1 278412 0
1 1 5154 5154 196386 0
5154 5154 1 1 278488 0
1 1 5155 5155 196440 0
5155 5155 1 1 278564 0
1 1 5156 5156 196494 0
5156 5156 1 1 278640 0
1 1 5157 5157 196548 0
5157 5157 1 1 278716 0
1 1 5158 5158 196602 0
5158 5158 1 1 278792 0
1 1 5159 5159 196656 0
5159 5159 1 1 278868 0
1 1 5160 5160 196710 0
5160 5160 1 1 278944 0
1 1 5161 5161 196764 0
5161 5161 1 1 279020 0
1 1 5162 5162 196818 0
5162 5162 1 1 277049 0
1 1 5163 5163 196872 0
5163 5163 1 1 277125 0
1 1 5164 5164 196926 0
5164 5164 1 1 277201 0
1 1 5165 5165 196980 0
5165 5165 1 1 277277 0
1 1 5166 5166 197034 0
5166 5166 1 1 277353 0
1 1 5167 5167 197088 0
5167 5167 1 1 277429 0
1 1 5168 5168 197142 0
5168 5168 1 1 277505 0
1 1 5169 5169 197196 0
5169 5169 1 1 277581 0
1 1 5170 5170 197250 0
5170 5170 1 1 277657 0
1 1 5171 5171 197304 0
5171 5171 1 1 277733 0
1 1 5172 5172 197358 0
5172 5172 1 1 277809 0
1 1 5173 5173 197412 0
5173 5173 1 1 277885 0
1 1 5174 5174 197466 0
5174 5174 1 1 277961 0
1 1 5175 5175 197520 0
5175 5175 1 1 278037 0
1 1 5176 5176 197574 0
5176 5176 1 1 278113 0
1 1 5177 5177 197628 0
5177 5177 1 1 278189 0
1 1 5178 5178 197682 0
5178 5178 1 1 278265 0
1 1 5179 5179 197736 0
5179 5179 1 1 278341 0
1 1 5180 5180 197790 0
5180 5180 1 1 278417 0
1 1 5181 5181 197844 0
5181 5181 1 1 278493 0
1 1 5182 5182 197898 0
5182 5182 1 1 278569 0
1 1 5183 5183 197952 0
5183 5183 1 1 278645 0
1 1 5184 5184 198006 0
5184 5184 1 1 278721 0
1 1 5185 5185 198060 0
5185 5185 1 1 278797 0
1 1 5186 5186 198114 0
5186 5186 1 1 278873 0
1 1 5187 5187 198168 0
5187 5187 1 1 278949 0
1 1 5188 5188 198222 0
5188 5188 1 1 279025 0
1 1 5189 5189 198276 0
5189 5189 1 1 279101 0
1 1 5190 5190 198330 0
5190 5190 1 1 279177 0
1 1 5191 5191 198384 0
5191 5191 1 1 279253 0
1 1 5192 5192 198438 0
5192 5192 1 1 279329 0
1 1 5193 5193 198492 0
5193 5193 1 1 279405 0
1 1 5194 5194 198546 0
5194 5194 1 1 279481 0
1 1 5195 5195 198600 0
5195 5195 1 1 279557 0
1 1 5196 5196 198654 0
5196 5196 1 1 279633 0
1 1 5197 5197 198708 0
5197 5197 1 1 279709 0
1 1 5198 5198 198762 0
5198 5198 1 1 279785 0
1 1 5199 5199 198816 0
5199 5199 1 1 279861 0
1 1 5200 5200 198870 0
5200 5200 1 1 279937 0
1 1 5201 5201 198924 0
5201 5201 1 1 280013 0
1 1 5202 5202 198978 0
5202 5202 1 1 280089 0
1 1 5203 5203 199032 0
5203 5203 1 1 280165 0
1 1 5204 5204 199086 0
5204 5204 1 1 280241 0
1 1 5205 5205 199140 0
5205 5205 1 1 280317 0
1 1 5206 5206 199194 0
5206 5206 1 1 280393 0
1 1 5207 5207 199248 0
5207 5207 1 1 280469 0
1 1 5208 5208 199302 0
5208 5208 1 1 280545 0
1 1 5209 5209 199356 0
5209 5209 1 1 280621 0
1 1 5210 5210 199410 0
5210 5210 1 1 280697 0
1 1 5211 5211 199464 0
5211 5211 1 1 280773 0
1 1 5212 5212 199518 0
5212 5212 1 1 280849 0
1 1 5213 5213 199572 0
5213 5213 1 1 280925 0
1 1 5214 5214 199626 0
5214 5214 1 1 281001 0
1 1 5215 5215 199680 0
5215 5215 1 1 281077 0
1 1 5216 5216 199734 0
5216 5216 1 1 281153 0
1 1 5217 5217 199788 0
5217 5217 1 1 281229 0
1 1 5218 5218 199842 0
5218 5218 1 1 281305 0
1 1 5219 5219 199896 0
5219 5219 1 1 281381 0
1 1 5220 5220 199950 0
5220 5220 1 1 281457 0
1 1 5221 5221 200004 0
5221 5221 1 1 281533 0
1 1 5222 5222 200058 0
5222 5222 1 1 281609 0
1 1 5223 5223 200112 0
5223 5223 1 1 281685 0
1 1 5224 5224 200166 0
5224 5224 1 1 281761 0
1 1 5225 5225 200220 0
5225 5225 1 1 281837 0
1 1 5226 5226 200274 0
5226 5226 1 1 281913 0
1 1 5227 5227 200328 0
5227 5227 1 1 281989 0
1 1 5228 5228 200382 0
5228 5228 1 1 282065 0
1 1 5229 5229 200436 0
5229 5229 1 1 282141 0
1 1 5230 5230 200490 0
5230 5230 1 1 282217 0
1 1 5231 5231 200544 0
5231 5231 1 1 282293 0
1 1 5232 5232 200598 0
5232 5232 1 1 282369 0
1 1 5233 5233 200652 0
5233 5233 1 1 282445 0
1 1 5234 5234 200706 0
5234 5234 1 1 282521 0
1 1 5235 5235 200760 0
5235 5235 1 1 282597 0
1 1 5236 5236 200814 0
5236 5236 1 1 282673 0
1 1 5237 5237 200868 0
5237 5237 1 1 282749 0
1 1 5238 5238 199273 0
5238 5238 1 1 282825 0
1 1 5239 5239 199327 0
5239 5239 1 1 282901 0
1 1 5240 5240 199381 0
5240 5240 1 1 282977 0
1 1 5241 5241 199435 0
5241 5241 1 1 283053 0
1 1 5242 5242 199489 0
5242 5242 1 1 283129 0
1 1 5243 5243 199543 0
5243 5243 1 1 283205 0
1 1 5244 5244 199597 0
5244 5244 1 1 283281 0
1 1 5245 5245 199651 0
5245 5245 1 1 283357 0
1 1 5246 5246 199705 0
5246 5246 1 1 283433 0
1 1 5247 5247 199759 0
5247 5247 1 1 283509 0
1 1 5248 5248 199813 0
5248 5248 1 1 283585 0
1 1 5249 5249 199867 0
5249 5249 1 1 283661 0
1 1 5250 5250 199921 0
5250 5250 1 1 283737 0
1 1 5251 5251 199975 0
5251 5251 1 1 281766 0
1 1 5252 5252 200029 0
5252 5252 1 1 281842 0
1 1 5253 5253 200083 0
5253 5253 1 1 281918 0
1 1 5254 5254 200137 0
5254 5254 1 1 281994 0
1 1 5255 5255 200191 0
5255 5255 1 1 282070 0
1 1 5256 5256 200245 0
5256 5256 1 1 282146 0
1 1 5257 5257 200299 0
5257 5257 1 1 282222 0
1 1 5258 5258 200353 0
5258 5258 1 1 282298 0
1 1 5259 5259 200407 0
5259 5259 1 1 282374 0
1 1 5260 5260 200461 0
5260 5260 1 1 282450 0
1 1 5261 5261 200515 0
5261 5261 1 1 282526 0
1 1 5262 5262 200569 0
5262 5262 1 1 282602 0
1 1 5263 5263 200623 0
5263 5263 1 1 282678 0
1 1 5264 5264 200677 0
5264 5264 1 1 282754 0
1 1 5265 5265 200731 0
5265 5265 1 1 282830 0
1 1 5266 5266 200785 0
5266 5266 1 1 282906 0
1 1 5267 5267 200839 0
5267 5267 1 1 282982 0
1 1 5268 5268 200893 0
5268 5268 1 1 283058 0
1 1 5269 5269 200947 0
5269 5269 1 1 283134 0
1 1 5270 5270 201001 0
5270 5270 1 1 283210 0
1 1 5271 5271 201055 0
5271 5271 1 1 283286 0
1 1 5272 5272 201109 0
5272 5272 1 1 283362 0
1 1 5273 5273 201163 0
5273 5273 1 1 283438 0
1 1 5274 5274 201217 0
5274 5274 1 1 283514 0
1 1 5275 5275 201271 0
5275 5275 1 1 283590 0
1 1 5276 5276 201325 0
5276 5276 1 1 283666 0
1 1 5277 5277 201379 0
5277 5277 1 1 283742 0
1 1 5278 5278 201433 0
5278 5278 1 1 283818 0
1 1 5279 5279 201487 0
5279 5279 1 1 283894 0
1 1 5280 5280 201541 0
5280 5280 1 1 283970 0
1 1 5281 5281 201595 0
5281 5281 1 1 284046 0
1 1 5282 5282 201649 0
5282 5282 1 1 284122 0
1 1 5283 5283 201703 0
5283 5283 1 1 284198 0
1 1 5284 5284 201757 0
5284 5284 1 1 284274 0
1 1 5285 5285 201811 0
5285 5285 1 1 284350 0
1 1 5286 5286 201865 0
5286 5286 1 1 284426 0
1 1 5287 5287 201919 0
5287 5287 1 1 284502 0
1 1 5288 5288 201973 0
5288 5288 1 1 284578 0
1 1 5289 5289 202027 0
5289 5289 1 1 284654 0
1 1 5290 5290 202081 0
5290 5290 1 1 284730 0
1 1 5291 5291 202135 0
5291 5291 1 1 284806 0
1 1 5292 5292 202189 0
5292 5292 1 1 284882 0
1 1 5293 5293 202243 0
5293 5293 1 1 284958 0
1 1 5294 5294 202297 0
5294 5294 1 1 285034 0
1 1 5295 5295 202351 0
5295 5295 1 1 285110 0
1 1 5296 5296 202405 0
5296 5296 1 1 285186 0
1 1 5297 5297 202459 0
5297 5297 1 1 285262 0
1 1 5298 5298 202513 0
5298 5298 1 1 285338 0
1 1 5299 5299 202567 0
5299 5299 1 1 285414 0
1 1 5300 5300 202621 0
5300 5300 1 1 285490 0
1 1 5301 5301 202675 0
5301 5301 1 1 285566 0
1 1 5302 5302 202729 0
5302 5302 1 1 285642 0
1 1 5303 5303 202783 0
5303 5303 1 1 285718 0
1 1 5304 5304 202837 0
5304 5304 1 1 285794 0
1 1 5305 5305 202891 0
5305 5305 1 1 285870 0
1 1 5306 5306 202945 0
5306 5306 1 1 285946 0
1 1 5307 5307 202999 0
5307 5307 1 1 286022 0
1 1 5308 5308 203053 0
5308 5308 1 1 286098 0
1 1 5309 5309 203107 0
5309 5309 1 1 286174 0
1 1 5310 5310 203161 0
5310 5310 1 1 286250 0
1 1 5311 5311 203215 0
5311 5311 1 1 286326 0
1 1 5312 5312 203269 0
5312 5312 1 1 286402 0
1 1 5313 5313 203323 0
5313 5313 1 1 286478 0
1 1 5314 5314 203377 0
5314 5314 1 1 286554 0
1 1 5315 5315 203431 0
5315 5315 1 1 286630 0
1 1 5316 5316 203485 0
5316 5316 1 1 286706 0
1 1 5317 5317 203539 0
5317 5317 1 1 286782 0
1 1 5318 5318 203593 0
5318 5318 1 1 286858 0
1 1 5319 5319 203647 0
5319 5319 1 1 286934 0
1 1 5320 5320 203701 0
5320 5320 1 1 287010 0
1 1 5321 5321 203755 0
5321 5321 1 1 287086 0
1 1 5322 5322 203809 0
5322 5322 1 1 287162 0
1 1 5323 5323 203863 0
5323 5323 1 1 287238 0
1 1 5324 5324 203917 0
5324 5324 1 1 287314 0
1 1 5325 5325 203971 0
5325 5325 1 1 287390 0
1 1 5326 5326 204025 0
5326 5326 1 1 287466 0
1 1 5327 5327 204079 0
5327 5327 1 1 287542 0
1 1 5328 5328 204133 0
5328 5328 1 1 287618 0
1 1 5329 5329 204187 0
5329 5329 1 1 287694 0
1 1 5330 5330 204241 0
5330 5330 1 1 287770 0
1 1 5331 5331 204295 0
5331 5331 1 1 287846 0
1 1 5332 5332 204349 0
5332 5332 1 1 287922 0
1 1 5333 5333 204403 0
5333 5333 1 1 287998 0
1 1 5334 5334 204457 0
5334 5334 1 1 288074 0
1 1 5335 5335 202862 0
5335 5335 1 1 288150 0
1 1 5336 5336 202916 0
5336 5336 1 1 288226 0
1 1 5337 5337 202970 0
5337 5337 1 1 288302 0
1 1 5338 5338 203024 0
5338 5338 1 1 288378 0
1 1 5339 5339 203078 0
5339 5339 1 1 288454 0
1 1 5340 5340 203132 0
5340 5340 1 1 286483 0
1 1 5341 5341 203186 0
5341 5341 1 1 286559 0
1 1 5342 5342 203240 0
5342 5342 1 1 286635 0
1 1 5343 5343 203294 0
5343 5343 1 1 286711 0
1 1 5344 5344 203348 0
5344 5344 1 1 286787 0
1 1 5345 5345 203402 0
5345 5345 1 1 286863 0
1 1 5346 5346 203456 0
5346 5346 1 1 286939 0
1 1 5347 5347 203510 0
5347 5347 1 1 287015 0
1 1 5348 5348 203564 0
5348 5348 1 1 287091 0
1 1 5349 5349 203618 0
5349 5349 1 1 287167 0
1 1 5350 5350 203672 0
5350 5350 1 1 287243 0
1 1 5351 5351 203726 0
5351 5351 1 1 287319 0
1 1 5352 5352 203780 0
5352 5352 1 1 287395 0
1 1 5353 5353 203834 0
5353 5353 1 1 287471 0
1 1 5354 5354 203888 0
5354 5354 1 1 287547 0
1 1 5355 5355 203942 0
5355 5355 1 1 287623 0
1 1 5356 5356 203996 0
5356 5356 1 1 287699 0
1 1 5357 5357 204050 0
5357 5357 1 1 287775 0
1 1 5358 5358 204104 0
5358 5358 1 1 287851 0
1 1 5359 5359 204158 0
5359 5359 1 1 287927 0
1 1 5360 5360 204212 0
5360 5360 1 1 288003 0
1 1 5361 5361 204266 0
5361 5361 1 1 288079 0
1 1 5362 5362 204320 0
5362 5362 1 1 288155 0
1 1 5363 5363 204374 0
5363 5363 1 1 288231 0
1 1 5364 5364 204428 0
5364 5364 1 1 288307 0
1 1 5365 5365 204482 0
5365 5365 1 1 288383 0
1 1 5366 5366 204536 0
5366 5366 1 1 288459 0
1 1 5367 5367 204590 0
5367 5367 1 1 288535 0
1 1 5368 5368 204644 0
5368 5368 1 1 288611 0
1 1 5369 5369 204698 0
5369 5369 1 1 288687 0
1 1 5370 5370 204752 0
5370 5370 1 1 288763 0
1 1 5371 5371 204806 0
5371 5371 1 1 288839 0
1 1 5372 5372 204860 0
5372 5372 1 1 288915 0
1 1 5373 5373 204914 0
5373 5373 1 1 288991 0
1 1 5374 5374 204968 0
5374 5374 1 1 289067 0
1 1 5375 5375 205022 0
5375 5375 1 1 289143 0
1 1 5376 5376 205076 0
5376 5376 1 1 289219 0
1 1 5377 5377 205130 0
5377 5377 1 1 289295 0
1 1 5378 5378 205184 0
5378 5378 1 1 289371 0
1 1 5379 5379 205238 0
5379 5379 1 1 289447 0
1 1 5380 5380 205292 0
5380 5380 1 1 289523 0
1 1 5381 5381 205346 0
5381 5381 1 1 289599 0
1 1 5382 5382 205400 0
5382 5382 1 1 289675 0
1 1 5383 5383 205454 0
5383 5383 1 1 289751 0
1 1 5384 5384 205508 0
5384 5384 1 1 289827 0
1 1 5385 5385 205562 0
5385 5385 1 1 289903 0
1 1 5386 5386 205616 0
5386 5386 1 1 289979 0
1 1 5387 5387 205670 0
5387 5387 1 1 290055 0
1 1 5388 5388 205724 0
5388 5388 1 1 290131 0
1 1 5389 5389 205778 0
5389 5389 1 1 290207 0
1 1 5390 5390 205832 0
5390 5390 1 1 290283 0
1 1 5391 5391 205886 0
5391 5391 1 1 290359 0
1 1 5392 5392 205940 0
5392 5392 1 1 290435 0
1 1 5393 5393 205994 0
5393 5393 1 1 290511 0
1 1 5394 5394 206048 0
5394 5394 1 1 290587 0
1 1 5395 5395 206102 0
5395 5395 1 1 290663 0
1 1 5396 5396 206156 0
5396 5396 1 1 290739 0
1 1 5397 5397 206210 0
5397 5397 1 1 290815 0
1 1 5398 5398 206264 0
5398 5398 1 1 290891 0
1 1 5399 5399 206318 0
5399 5399 1 1 290967 0
1 1 5400 5400 206372 0
5400 5400 1 1 291043 0
1 1 5401 5401 206426 0
5401 5401 1 1 291119 0
1 1 5402 5402 206480 0
5402 5402 1 1 291195 0
1 1 5403 5403 206534 0
5403 5403 1 1 291271 0
1 1 5404 5404 206588 0
5404 5404 1 1 291347 0
1 1 5405 5405 206642 0
5405 5405 1 1 291423 0
1 1 5406 5406 206696 0
5406 5406 1 1 291499 0
1 1 5407 5407 206750 0
5407 5407 1 1 291575 0
1 1 5408 5408 206804 0
5408 5408 1 1 291651 0
1 1 5409 5409 206858 0
5409 5409 1 1 291727 0
1 1 5410 5410 206912 0
5410 5410 1 1 291803 0
1 1 5411 5411 206966 0
5411 5411 1 1 291879 0
1 1 5412 5412 207020 0
5412 5412 1 1 291955 0
1 1 5413 5413 207074 0
5413 5413 1 1 292031 0
1 1 5414 5414 207128 0
5414 5414 1 1 292107 0
1 1 5415 5415 207182 0
5415 5415 1 1 292183 0
1 1 5416 5416 207236 0
5416 5416 1 1 292259 0
1 1 5417 5417 207290 0
5417 5417 1 1 292335 0
1 1 5418 5418 207344 0
5418 5418 1 1 292411 0
1 1 5419 5419 207398 0
5419 5419 1 1 292487 0
1 1 5420 5420 207452 0
5420 5420 1 1 292563 0
1 1 5421 5421 207506 0
5421 5421 1 1 292639 0
1 1 5422 5422 207560 0
5422 5422 1 1 292715 0
1 1 5423 5423 207614 0
5423 5423 1 1 292791 0
1 1 5424 5424 207668 0
5424 5424 1 1 292867 0
1 1 5425 5425 207722 0
5425 5425 1 1 292943 0
1 1 5426 5426 207776 0
5426 5426 1 1 293019 0
1 1 5427 5427 207830 0
5427 5427 1 1 293095 0
1 1 5428 5428 207884 0
5428 5428 1 1 293171 0
1 1 5429 5429 207938 0
5429 5429 1 1 291200 0
1 1 5430 5430 207992 0
5430 5430 1 1 291276 0
1 1 5431 5431 208046 0
5431 5431 1 1 291352 0
1 1 5432 5432 206451 0
5432 5432 1 1 291428 0
1 1 5433 5433 206505 0
5433 5433 1 1 291504 0
1 1 5434 5434 206559 0
5434 5434 1 1 291580 0
1 1 5435 5435 206613 0
5435 5435 1 1 291656 0
1 1 5436 5436 206667 0
5436 5436 1 1 291732 0
1 1 5437 5437 206721 0
5437 5437 1 1 291808 0
1 1 5438 5438 206775 0
5438 5438 1 1 291884 0
1 1 5439 5439 206829 0
5439 5439 1 1 291960 0
1 1 5440 5440 206883 0
5440 5440 1 1 292036 0
1 1 5441 5441 206937 0
5441 5441 1 1 292112 0
1 1 5442 5442 206991 0
5442 5442 1 1 292188 0
1 1 5443 5443 207045 0
5443 5443 1 1 292264 0
1 1 5444 5444 207099 0
5444 5444 1 1 292340 0
1 1 5445 5445 207153 0
5445 5445 1 1 292416 0
1 1 5446 5446 207207 0
5446 5446 1 1 292492 0
1 1 5447 5447 207261 0
5447 5447 1 1 292568 0
1 1 5448 5448 207315 0
5448 5448 1 1 292644 0
1 1 5449 5449 207369 0
5449 5449 1 1 292720 0
1 1 5450 5450 207423 0
5450 5450 1 1 292796 0
1 1 5451 5451 207477 0
5451 5451 1 1 292872 0
1 1 5452 5452 207531 0
5452 5452 1 1 292948 0
1 1 5453 5453 207585 0
5453 5453 1 1 293024 0
1 1 5454 5454 207639 0
5454 5454 1 1 293100 0
1 1 5455 5455 207693 0
5455 5455 1 1 293176 0
1 1 5456 5456 207747 0
5456 5456 1 1 293252 0
1 1 5457 5457 207801 0
5457 5457 1 1 293328 0
1 1 5458 5458 207855 0
5458 5458 1 1 293404 0
1 1 5459 5459 207909 0
5459 5459 1 1 293480 0
1 1 5460 5460 207963 0
5460 5460 1 1 293556 0
1 1 5461 5461 208017 0
5461 5461 1 1 293632 0
1 1 5462 5462 208071 0
5462 5462 1 1 293708 0
1 1 5463 5463 208125 0
5463 5463 1 1 293784 0
1 1 5464 5464 208179 0
5464 5464 1 1 293860 0
1 1 5465 5465 208233 0
5465 5465 1 1 293936 0
1 1 5466 5466 208287 0
5466 5466 1 1 294012 0
1 1 5467 5467 208341 0
5467 5467 1 1 294088 0
1 1 5468 5468 208395 0
5468 5468 1 1 294164 0
1 1 5469 5469 208449 0
5469 5469 1 1 294240 0
1 1 5470 5470 208503 0
5470 5470 1 1 294316 0
1 1 5471 5471 208557 0
5471 5471 1 1 294392 0
1 1 5472 5472 208611 0
5472 5472 1 1 294468 0
1 1 5473 5473 208665 0
5473 5473 1 1 294544 0
1 1 5474 5474 208719 0
5474 5474 1 1 294620 0
1 1 5475 5475 208773 0
5475 5475 1 1 294696 0
1 1 5476 5476 208827 0
5476 5476 1 1 294772 0
1 1 5477 5477 208881 0
5477 5477 1 1 294848 0
1 1 5478 5478 208935 0
5478 5478 1 1 294924 0
1 1 5479 5479 208989 0
5479 5479 1 1 295000 0
1 1 5480 5480 209043 0
5480 5480 1 1 295076 0
1 1 5481 5481 209097 0
5481 5481 1 1 295152 0
1 1 5482 5482 209151 0
5482 5482 1 1 295228 0
1 1 5483 5483 209205 0
5483 5483 1 1 295304 0
1 1 5484 5484 209259 0
5484 5484 1 1 295380 0
1 1 5485 5485 209313 0
5485 5485 1 1 295456 0
1 1 5486 5486 209367 0
5486 5486 1 1 295532 0
1 1 5487 5487 209421 0
5487 5487 1 1 295608 0
1 1 5488 5488 209475 0
5488 5488 1 1 295684 0
1 1 5489 5489 209529 0
5489 5489 1 1 295760 0
1 1 5490 5490 209583 0
5490 5490 1 1 295836 0
1 1 5491 5491 209637 0
5491 5491 1 1 295912 0
1 1 5492 5492 209691 0
5492 5492 1 1 295988 0
1 1 5493 5493 209745 0
5493 5493 1 1 296064 0
1 1 5494 5494 209799 0
5494 5494 1 1 296140 0
1 1 5495 5495 209853 0
5495 5495 1 1 296216 0
1 1 5496 5496 209907 0
5496 5496 1 1 296292 0
1 1 5497 5497 209961 0
5497 5497 1 1 296368 0
1 1 5498 5498 210015 0
5498 5498 1 1 296444 0
1 1 5499 5499 210069 0
5499 5499 1 1 296520 0
1 1 5500 5500 210123 0
5500 5500 1 1 296596 0
1 1 5501 5501 210177 0
5501 5501 1 1 296672 0
1 1 5502 5502 210231 0
5502 5502 1 1 296748 0
1 1 5503 5503 210285 0
5503 5503 1 1 296824 0
1 1 5504 5504 210339 0
5504 5504 1 1 296900 0
1 1 5505 5505 210393 0
5505 5505 1 1 296976 0
1 1 5506 5506 210447 0
5506 5506 1 1 297052 0
1 1 5507 5507 210501 0
5507 5507 1 1 297128 0
1 1 5508 5508 210555 0
5508 5508 1 1 297204 0
1 1 5509 5509 210609 0
5509 5509 1 1 297280 0
1 1 5510 5510 210663 0
5510 5510 1 1 297356 0
1 1 5511 5511 210717 0
5511 5511 1 1 297432 0
1 1 5512 5512 210771 0
5512 5512 1 1 297508 0
1 1 5513 5513 210825 0
5513 5513 1 1 297584 0
1 1 5514 5514 210879 0
5514 5514 1 1 297660 0
1 1 5515 5515 210933 0
5515 5515 1 1 297736 0
1 1 5516 5516 210987 0
5516 5516 1 1 297812 0
1 1 5517 5517 211041 0
5517 5517 1 1 297888 0
1 1 5518 5518 211095 0
5518 5518 1 1 295917 0
1 1 5519 5519 211149 0
5519 5519 1 1 295993 0
1 1 5520 5520 211203 0
5520 5520 1 1 296069 0
1 1 5521 5521 211257 0
5521 5521 1 1 296145 0
1 1 5522 5522 211311 0
5522 5522 1 1 296221 0
1 1 5523 5523 211365 0
5523 5523 1 1 296297 0
1 1 5524 5524 211419 0
5524 5524 1 1 296373 0
1 1 5525 5525 211473 0
5525 5525 1 1 296449 0
1 1 5526 5526 211527 0
5526 5526 1 1 296525 0
1 1 5527 5527 211581 0
5527 5527 1 1 296601 0
1 1 5528 5528 211635 0
5528 5528 1 1 296677 0
1 1 5529 5529 210040 0
5529 5529 1 1 296753 0
1 1 5530 5530 210094 0
5530 5530 1 1 296829 0
1 1 5531 5531 210148 0
5531 5531 1 1 296905 0
1 1 5532 5532 210202 0
5532 5532 1 1 296981 0
1 1 5533 5533 210256 0
5533 5533 1 1 297057 0
1 1 5534 5534 210310 0
5534 5534 1 1 297133 0
1 1 5535 5535 210364 0
5535 5535 1 1 297209 0
1 1 5536 5536 210418 0
5536 5536 1 1 297285 0
1 1 5537 5537 210472 0
5537 5537 1 1 297361 0
1 1 5538 5538 210526 0
5538 5538 1 1 297437 0
1 1 5539 5539 210580 0
5539 5539 1 1 297513 0
1 1 5540 5540 210634 0
5540 5540 1 1 297589 0
1 1 5541 5541 210688 0
5541 5541 1 1 297665 0
1 1 5542 5542 210742 0
5542 5542 1 1 297741 0
1 1 5543 5543 210796 0
5543 5543 1 1 297817 0
1 1 5544 5544 210850 0
5544 5544 1 1 297893 0
1 1 5545 5545 210904 0
5545 5545 1 1 297969 0
1 1 5546 5546 210958 0
5546 5546 1 1 298045 0
1 1 5547 5547 211012 0
5547 5547 1 1 298121 0
1 1 5548 5548 211066 0
5548 5548 1 1 298197 0
1 1 5549 5549 211120 0
5549 5549 1 1 298273 0
1 1 5550 5550 211174 0
5550 5550 1 1 298349 0
1 1 5551 5551 211228 0
5551 5551 1 1 298425 0
1 1 5552 5552 211282 0
5552 5552 1 1 298501 0
1 1 5553 5553 211336 0
5553 5553 1 1 298577 0
1 1 5554 5554 211390 0
5554 5554 1 1 298653 0
1 1 5555 5555 211444 0
5555 5555 1 1 298729 0
1 1 5556 5556 211498 0
5556 5556 1 1 298805 0
1 1 5557 5557 211552 0
5557 5557 1 1 298881 0
1 1 5558 5558 211606 0
5558 5558 1 1 298957 0
1 1 5559 5559 211660 0
5559 5559 1 1 299033 0
1 1 5560 5560 211714 0
5560 5560 1 1 299109 0
1 1 5561 5561 211768 0
5561 5561 1 1 299185 0
1 1 5562 5562 211822 0
5562 5562 1 1 299261 0
1 1 5563 5563 211876 0
5563 5563 1 1 299337 0
1 1 5564 5564 211930 0
5564 5564 1 1 299413 0
1 1 5565 5565 211984 0
5565 5565 1 1 299489 0
1 1 5566 5566 212038 0
5566 5566 1 1 299565 0
1 1 5567 5567 212092 0
5567 5567 1 1 299641 0
1 1 5568 5568 212146 0
5568 5568 1 1 299717 0
1 1 5569 5569 212200 0
5569 5569 1 1 299793 0
1 1 5570 5570 212254 0
5570 5570 1 1 299869 0
1 1 5571 5571 212308 0
5571 5571 1 1 299945 0
1 1 5572 5572 212362 0
5572 5572 1 1 300021 0
1 1 5573 5573 212416 0
5573 5573 1 1 300097 0
1 1 5574 5574 212470 0
5574 5574 1 1 300173 0
1 1 5575 5575 212524 0
5575 5575 1 1 300249 0
1 1 5576 5576 212578 0
5576 5576 1 1 300325 0
1 1 5577 5577 212632 0
5577 5577 1 1 300401 0
1 1 5578 5578 212686 0
5578 5578 1 1 300477 0
1 1 5579 5579 212740 0
5579 5579 1 1 300553 0
1 1 5580 5580 212794 0
5580 5580 1 1 300629 0
1 1 5581 5581 212848 0
5581 5581 1 1 300705 0
1 1 5582 5582 212902 0
5582 5582 1 1 300781 0
1 1 5583 5583 212956 0
5583 5583 1 1 300857 0
1 1 5584 5584 213010 0
5584 5584 1 1 300933 0
1 1 5585 5585 213064 0
5585 5585 1 1 301009 0
1 1 5586 5586 213118 0
5586 5586 1 1 301085 0
1 1 5587 5587 213172 0
5587 5587 1 1 301161 0
1 1 5588 5588 213226 0
5588 5588 1 1 301237 0
1 1 5589 5589 213280 0
5589 5589 1 1 301313 0
1 1 5590 5590 213334 0
5590 5590 1 1 301389 0
1 1 5591 5591 213388 0
5591 5591 1 1 301465 0
1 1 5592 5592 213442 0
5592 5592 1 1 301541 0
1 1 5593 5593 213496 0
5593 5593 1 1 301617 0
1 1 5594 5594 213550 0
5594 5594 1 1 301693 0
1 1 5595 5595 213604 0
5595 5595 1 1 301769 0
1 1 5596 5596 213658 0
5596 5596 1 1 301845 0
1 1 5597 5597 213712 0
5597 5597 1 1 301921 0
1 1 5598 5598 213766 0
5598 5598 1 1 301997 0
1 1 5599 5599 213820 0
5599 5599 1 1 302073 0
1 1 5600 5600 213874 0
5600 5600 1 1 302149 0
1 1 5601 5601 213928 0
5601 5601 1 1 302225 0
1 1 5602 5602 213982 0
5602 5602 1 1 302301 0
1 1 5603 5603 214036 0
5603 5603 1 1 302377 0
1 1 5604 5604 214090 0
5604 5604 1 1 302453 0
1 1 5605 5605 214144 0
5605 5605 1 1 302529 0
1 1 5606 5606 214198 0
5606 5606 1 1 302605 0
1 1 5607 5607 214252 0
5607 5607 1 1 300634 0
1 1 5608 5608 214306 0
5608 5608 1 1 300710 0
1 1 5609 5609 214360 0
5609 5609 1 1 300786 0
1 1 5610 5610 214414 0
5610 5610 1 1 300862 0
1 1 5611 5611 214468 0
5611 5611 1 1 300938 0
1 1 5612 5612 214522 0
5612 5612 1 1 301014 0
1 1 5613 5613 214576 0
5613 5613 1 1 301090 0
1 1 5614 5614 214630 0
5614 5614 1 1 301166 0
1 1 5615 5615 214684 0
5615 5615 1 1 301242 0
1 1 5616 5616 214738 0
5616 5616 1 1 301318 0
1 1 5617 5617 214792 0
5617 5617 1 1 301394 0
1 1 5618 5618 214846 0
5618 5618 1 1 301470 0
1 1 5619 5619 214900 0
5619 5619 1 1 301546 0
1 1 5620 5620 214954 0
5620 5620 1 1 301622 0
1 1 5621 5621 215008 0
5621 5621 1 1 301698 0
1 1 5622 5622 215062 0
5622 5622 1 1 301774 0
1 1 5623 5623 215116 0
5623 5623 1 1 301850 0
1 1 5624 5624 215170 0
5624 5624 1 1 301926 0
1 1 5625 5625 215224 0
5625 5625 1 1 302002 0
1 1 5626 5626 213629 0
5626 5626 1 1 302078 0
1 1 5627 5627 213683 0
5627 5627 1 1 302154 0
1 1 5628 5628 213737 0
5628 5628 1 1 302230 0
1 1 5629 5629 213791 0
5629 5629 1 1 302306 0
1 1 5630 5630 213845 0
5630 5630 1 1 302382 0
1 1 5631 5631 213899 0
5631 5631 1 1 302458 0
1 1 5632 5632 213953 0
5632 5632 1 1 302534 0
1 1 5633 5633 214007 0
5633 5633 1 1 302610 0
1 1 5634 5634 214061 0
5634 5634 1 1 302686 0
1 1 5635 5635 214115 0
5635 5635 1 1 302762 0
1 1 5636 5636 214169 0
5636 5636 1 1 302838 0
1 1 5637 5637 214223 0
5637 5637 1 1 302914 0
1 1 5638 5638 214277 0
5638 5638 1 1 302990 0
1 1 5639 5639 214331 0
5639 5639 1 1 303066 0
1 1 5640 5640 214385 0
5640 5640 1 1 303142 0
1 1 5641 5641 214439 0
5641 5641 1 1 303218 0
1 1 5642 5642 214493 0
5642 5642 1 1 303294 0
1 1 5643 5643 214547 0
5643 5643 1 1 303370 0
1 1 5644 5644 214601 0
5644 5644 1 1 303446 0
1 1 5645 5645 214655 0
5645 5645 1 1 303522 0
1 1 5646 5646 214709 0
5646 5646 1 1 303598 0
1 1 5647 5647 214763 0
5647 5647 1 1 303674 0
1 1 5648 5648 214817 0
5648 5648 1 1 303750 0
1 1 5649 5649 214871 0
5649 5649 1 1 303826 0
1 1 5650 5650 214925 0
5650 5650 1 1 303902 0
1 1 5651 5651 214979 0
5651 5651 1 1 303978 0
1 1 5652 5652 215033 0
5652 5652 1 1 304054 0
1 1 5653 5653 215087 0
5653 5653 1 1 304130 0
1 1 5654 5654 215141 0
5654 5654 1 1 304206 0
1 1 5655 5655 215195 0
5655 5655 1 1 304282 0
1 1 5656 5656 215249 0
5656 5656 1 1 304358 0
1 1 5657 5657 215303 0
5657 5657 1 1 304434 0
1 1 5658 5658 215357 0
5658 5658 1 1 304510 0
1 1 5659 5659 215411 0
5659 5659 1 1 304586 0
1 1 5660 5660 215465 0
5660 5660 1 1 304662 0
1 1 5661 5661 215519 0
5661 5661 1 1 304738 0
1 1 5662 5662 215573 0
5662 5662 1 1 304814 0
1 1 5663 5663 215627 0
5663 5663 1 1 304890 0
1 1 5664 5664 215681 0
5664 5664 1 1 304966 0
1 1 5665 5665 215735 0
5665 5665 1 1 305042 0
1 1 5666 5666 215789 0
5666 5666 1 1 305118 0
1 1 5667 5667 215843 0
5667 5667 1 1 305194 0
1 1 5668 5668 215897 0
5668 5668 1 1 305270 0
1 1 5669 5669 215951 0
5669 5669 1 1 305346 0
1 1 5670 5670 216005 0
5670 5670 1 1 305422 0
1 1 5671 5671 216059 0
5671 5671 1 1 305498 0
1 1 5672 5672 216113 0
5672 5672 1 1 305574 0
1 1 5673 5673 216167 0
5673 5673 1 1 305650 0
1 1 5674 5674 216221 0
5674 5674 1 1 305726 0
1 1 5675 5675 216275 0
5675 5675 1 1 305802 0
1 1 5676 5676 216329 0
5676 5676 1 1 305878 0
1 1 5677 5677 216383 0
5677 5677 1 1 305954 0
1 1 5678 5678 216437 0
5678 5678 1 1 306030 0
1 1 5679 5679 216491 0
5679 5679 1 1 306106 0
1 1 5680 5680 216545 0
5680 5680 1 1 306182 0
1 1 5681 5681 216599 0
5681 5681 1 1 306258 0
1 1 5682 5682 216653 0
5682 5682 1 1 306334 0
1 1 5683 5683 216707 0
5683 5683 1 1 306410 0
1 1 5684 5684 216761 0
5684 5684 1 1 306486 0
1 1 5685 5685 216815 0
5685 5685 1 1 306562 0
1 1 5686 5686 216869 0
5686 5686 1 1 306638 0
1 1 5687 5687 216923 0
5687 5687 1 1 306714 0
1 1 5688 5688 216977 0
5688 5688 1 1 306790 0
1 1 5689 5689 217031 0
5689 5689 1 1 306866 0
1 1 5690 5690 217085 0
5690 5690 1 1 306942 0
1 1 5691 5691 217139 0
5691 5691 1 1 307018 0
1 1 5692 5692 217193 0
5692 5692 1 1 307094 0
1 1 5693 5693 217247 0
5693 5693 1 1 307170 0
1 1 5694 5694 217301 0
5694 5694 1 1 307246 0
1 1 5695 5695 217355 0
5695 5695 1 1 307322 0
1 1 5696 5696 217409 0
5696 5696 1 1 305351 0
1 1 5697 5697 217463 0
5697 5697 1 1 305427 0
1 1 5698 5698 217517 0
5698 5698 1 1 305503 0
1 1 5699 5699 217571 0
5699 5699 1 1 305579 0
1 1 5700 5700 217625 0
5700 5700 1 1 305655 0
1 1 5701 5701 217679 0
5701 5701 1 1 305731 0
1 1 5702 5702 217733 0
5702 5702 1 1 305807 0
1 1 5703 5703 217787 0
5703 5703 1 1 305883 0
1 1 5704 5704 217841 0
5704 5704 1 1 305959 0
1 1 5705 5705 217895 0
5705 5705 1 1 306035 0
1 1 5706 5706 217949 0
5706 5706 1 1 306111 0
1 1 5707 5707 218003 0
5707 5707 1 1 306187 0
1 1 5708 5708 218057 0
5708 5708 1 1 306263 0
1 1 5709 5709 218111 0
5709 5709 1 1 306339 0
1 1 5710 5710 218165 0
5710 5710 1 1 306415 0
1 1 5711 5711 218219 0
5711 5711 1 1 306491 0
1 1 5712 5712 218273 0
5712 5712 1 1 306567 0
1 1 5713 5713 218327 0
5713 5713 1 1 306643 0
1 1 5714 5714 218381 0
5714 5714 1 1 306719 0
1 1 5715 5715 218435 0
5715 5715 1 1 306795 0
1 1 5716 5716 218489 0
5716 5716 1 1 306871 0
1 1 5717 5717 218543 0
5717 5717 1 1 306947 0
1 1 5718 5718 218597 0
5718 5718 1 1 307023 0
1 1 5719 5719 218651 0
5719 5719 1 1 307099 0
1 1 5720 5720 218705 0
5720 5720 1 1 307175 0
1 1 5721 5721 218759 0
5721 5721 1 1 307251 0
1 1 5722 5722 218813 0
5722 5722 1 1 307327 0
1 1 5723 5723 217218 0
5723 5723 1 1 307403 0
1 1 5724 5724 217272 0
5724 5724 1 1 307479 0
1 1 5725 5725 217326 0
5725 5725 1 1 307555 0
1 1 5726 5726 217380 0
5726 5726 1 1 307631 0
1 1 5727 5727 217434 0
5727 5727 1 1 307707 0
1 1 5728 5728 217488 0
5728 5728 1 1 307783 0
1 1 5729 5729 217542 0
5729 5729 1 1 307859 0
1 1 5730 5730 217596 0
5730 5730 1 1 307935 0
1 1 5731 5731 217650 0
5731 5731 1 1 308011 0
1 1 5732 5732 217704 0
5732 5732 1 1 308087 0
1 1 5733 5733 217758 0
5733 5733 1 1 308163 0
1 1 5734 5734 217812 0
5734 5734 1 1 308239 0
1 1 5735 5735 217866 0
5735 5735 1 1 308315 0
1 1 5736 5736 217920 0
5736 5736 1 1 308391 0
1 1 5737 5737 217974 0
5737 5737 1 1 308467 0
1 1 5738 5738 218028 0
5738 5738 1 1 308543 0
1 1 5739 5739 218082 0
5739 5739 1 1 308619 0
1 1 5740 5740 218136 0
5740 5740 1 1 308695 0
1 1 5741 5741 218190 0
5741 5741 1 1 308771 0
1 1 5742 5742 218244 0
5742 5742 1 1 308847 0
1 1 5743 5743 218298 0
5743 5743 1 1 308923 0
1 1 5744 5744 218352 0
5744 5744 1 1 308999 0
1 1 5745 5745 218406 0
5745 5745 1 1 309075 0
1 1 5746 5746 218460 0
5746 5746 1 1 309151 0
1 1 5747 5747 218514 0
5747 5747 1 1 309227 0
1 1 5748 5748 218568 0
5748 5748 1 1 309303 0
1 1 5749 5749 218622 0
5749 5749 1 1 309379 0
1 1 5750 5750 218676 0
5750 5750 1 1 309455 0
1 1 5751 5751 218730 0
5751 5751 1 1 309531 0
1 1 5752 5752 218784 0
5752 5752 1 1 309607 0
1 1 5753 5753 218838 0
5753 5753 1 1 309683 0
1 1 5754 5754 218892 0
5754 5754 1 1 309759 0
1 1 5755 5755 218946 0
5755 5755 1 1 309835 0
1 1 5756 5756 219000 0
5756 5756 1 1 309911 0
1 1 5757 5757 219054 0
5757 5757 1 1 309987 0
1 1 5758 5758 219108 0
5758 5758 1 1 310063 0
1 1 5759 5759 219162 0
5759 5759 1 1 310139 0
1 1 5760 5760 219216 0
5760 5760 1 1 310215 0
1 1 5761 5761 219270 0
5761 5761 1 1 310291 0
1 1 5762 5762 219324 0
5762 5762 1 1 310367 0
1 1 5763 5763 219378 0
5763 5763 1 1 310443 0
1 1 5764 5764 219432 0
5764 5764 1 1 310519 0
1 1 5765 5765 219486 0
5765 5765 1 1 310595 0
1 1 5766 5766 219540 0
5766 5766 1 1 310671 0
1 1 5767 5767 219594 0
5767 5767 1 1 310747 0
1 1 5768 5768 219648 0
5768 5768 1 1 310823 0
1 1 5769 5769 219702 0
5769 5769 1 1 310899 0
1 1 5770 5770 219756 0
5770 5770 1 1 310975 0
1 1 5771 5771 219810 0
5771 5771 1 1 311051 0
1 1 5772 5772 219864 0
5772 5772 1 1 311127 0
1 1 5773 5773 219918 0
5773 5773 1 1 311203 0
1 1 5774 5774 219972 0
5774 5774 1 1 311279 0
1 1 5775 5775 220026 0
5775 5775 1 1 311355 0
1 1 5776 5776 220080 0
5776 5776 1 1 311431 0
1 1 5777 5777 220134 0
5777 5777 1 1 311507 0
1 1 5778 5778 220188 0
5778 5778 1 1 311583 0
1 1 5779 5779 220242 0
5779 5779 1 1 311659 0
1 1 5780 5780 220296 0
5780 5780 1 1 311735 0
1 1 5781 5781 220350 0
5781 5781 1 1 311811 0
1 1 5782 5782 220404 0
5782 5782 1 1 311887 0
1 1 5783 5783 220458 0
5783 5783 1 1 311963 0
1 1 5784 5784 220512 0
5784 5784 1 1 312039 0
1 1 5785 5785 220566 0
5785 5785 1 1 310068 0
1 1 5786 5786 220620 0
5786 5786 1 1 310144 0
1 1 5787 5787 220674 0
5787 5787 1 1 310220 0
1 1 5788 5788 220728 0
5788 5788 1 1 310296 0
1 1 5789 5789 220782 0
5789 5789 1 1 310372 0
1 1 5790 5790 220836 0
5790 5790 1 1 310448 0
1 1 5791 5791 220890 0
5791 5791 1 1 310524 0
1 1 5792 5792 220944 0
5792 5792 1 1 310600 0
1 1 5793 5793 220998 0
5793 5793 1 1 310676 0
1 1 5794 5794 221052 0
5794 5794 1 1 310752 0
1 1 5795 5795 221106 0
5795 5795 1 1 310828 0
1 1 5796 5796 221160 0
5796 5796 1 1 310904 0
1 1 5797 5797 221214 0
5797 5797 1 1 310980 0
1 1 5798 5798 221268 0
5798 5798 1 1 311056 0
1 1 5799 5799 221322 0
5799 5799 1 1 311132 0
1 1 5800 5800 221376 0
5800 5800 1 1 311208 0
1 1 5801 5801 221430 0
5801 5801 1 1 311284 0
1 1 5802 5802 221484 0
5802 5802 1 1 311360 0
1 1 5803 5803 221538 0
5803 5803 1 1 311436 0
1 1 5804 5804 221592 0
5804 5804 1 1 311512 0
1 1 5805 5805 221646 0
5805 5805 1 1 311588 0
1 1 5806 5806 221700 0
5806 5806 1 1 311664 0
1 1 5807 5807 221754 0
5807 5807 1 1 311740 0
1 1 5808 5808 221808 0
5808 5808 1 1 311816 0
1 1 5809 5809 221862 0
5809 5809 1 1 311892 0
1 1 5810 5810 221916 0
5810 5810 1 1 311968 0
1 1 5811 5811 221970 0
5811 5811 1 1 312044 0
1 1 5812 5812 222024 0
5812 5812 1 1 312120 0
1 1 5813 5813 222078 0
5813 5813 1 1 312196 0
1 1 5814 5814 222132 0
5814 5814 1 1 312272 0
1 1 5815 5815 222186 0
5815 5815 1 1 312348 0
1 1 5816 5816 222240 0
5816 5816 1 1 312424 0
1 1 5817 5817 222294 0
5817 5817 1 1 312500 0
1 1 5818 5818 222348 0
5818 5818 1 1 312576 0
1 1 5819 5819 222402 0
5819 5819 1 1 312652 0
1 1 5820 5820 220807 0
5820 5820 1 1 312728 0
1 1 5821 5821 220861 0
5821 5821 1 1 312804 0
1 1 5822 5822 220915 0
5822 5822 1 1 312880 0
1 1 5823 5823 220969 0
5823 5823 1 1 312956 0
1 1 5824 5824 221023 0
5824 5824 1 1 313032 0
1 1 5825 5825 221077 0
5825 5825 1 1 313108 0
1 1 5826 5826 221131 0
5826 5826 1 1 313184 0
1 1 5827 5827 221185 0
5827 5827 1 1 313260 0
1 1 5828 5828 221239 0
5828 5828 1 1 313336 0
1 1 5829 5829 221293 0
5829 5829 1 1 313412 0
1 1 5830 5830 221347 0
5830 5830 1 1 313488 0
1 1 5831 5831 221401 0
5831 5831 1 1 313564 0
1 1 5832 5832 221455 0
5832 5832 1 1 313640 0
1 1 5833 5833 221509 0
5833 5833 1 1 313716 0
1 1 5834 5834 221563 0
5834 5834 1 1 313792 0
1 1 5835 5835 221617 0
5835 5835 1 1 313868 0
1 1 5836 5836 221671 0
5836 5836 1 1 313944 0
1 1 5837 5837 221725 0
5837 5837 1 1 314020 0
1 1 5838 5838 221779 0
5838 5838 1 1 314096 0
1 1 5839 5839 221833 0
5839 5839 1 1 314172 0
1 1 5840 5840 221887 0
5840 5840 1 1 314248 0
1 1 5841 5841 221941 0
5841 5841 1 1 314324 0
1 1 5842 5842 221995 0
5842 5842 1 1 314400 0
1 1 5843 5843 222049 0
5843 5843 1 1 314476 0
1 1 5844 5844 222103 0
5844 5844 1 1 314552 0
1 1 5845 5845 222157 0
5845 5845 1 1 314628 0
1 1 5846 5846 222211 0
5846 5846 1 1 314704 0
1 1 5847 5847 222265 0
5847 5847 1 1 314780 0
1 1 5848 5848 222319 0
5848 5848 1 1 314856 0
1 1 5849 5849 222373 0
5849 5849 1 1 314932 0
1 1 5850 5850 222427 0
5850 5850 1 1 315008 0
1 1 5851 5851 222481 0
5851 5851 1 1 315084 0
1 1 5852 5852 222535 0
5852 5852 1 1 315160 0
1 1 5853 5853 222589 0
5853 5853 1 1 315236 0
1 1 5854 5854 222643 0
5854 5854 1 1 315312 0
1 1 5855 5855 222697 0
5855 5855 1 1 315388 0
1 1 5856 5856 222751 0
5856 5856 1 1 315464 0
1 1 5857 5857 222805 0
5857 5857 1 1 315540 0
1 1 5858 5858 222859 0
5858 5858 1 1 315616 0
1 1 5859 5859 222913 0
5859 5859 1 1 315692 0
1 1 5860 5860 222967 0
5860 5860 1 1 315768 0
1 1 5861 5861 223021 0
5861 5861 1 1 315844 0
1 1 5862 5862 223075 0
5862 5862 1 1 315920 0
1 1 5863 5863 223129 0
5863 5863 1 1 315996 0
1 1 5864 5864 223183 0
5864 5864 1 1 316072 0
1 1 5865 5865 223237 0
5865 5865 1 1 316148 0
1 1 5866 5866 223291 0
5866 5866 1 1 316224 0
1 1 5867 5867 223345 0
5867 5867 1 1 316300 0
1 1 5868 5868 223399 0
5868 5868 1 1 316376 0
1 1 5869 5869 223453 0
5869 5869 1 1 316452 0
1 1 5870 5870 223507 0
5870 5870 1 1 316528 0
1 1 5871 5871 223561 0
5871 5871 1 1 316604 0
1 1 5872 5872 223615 0
5872 5872 1 1 316680 0
1 1 5873 5873 223669 0
5873 5873 1 1 316756 0
1 1 5874 5874 223723 0
5874 5874 1 1 314785 0
1 1 5875 5875 223777 0
5875 5875 1 1 314861 0
1 1 5876 5876 223831 0
5876 5876 1 1 314937 0
1 1 5877 5877 223885 0
5877 5877 1 1 315013 0
1 1 5878 5878 223939 0
5878 5878 1 1 315089 0
1 1 5879 5879 223993 0
5879 5879 1 1 315165 0
1 1 5880 5880 224047 0
5880 5880 1 1 315241 0
1 1 5881 5881 224101 0
5881 5881 1 1 315317 0
1 1 5882 5882 224155 0
5882 5882 1 1 315393 0
1 1 5883 5883 224209 0
5883 5883 1 1 315469 0
1 1 5884 5884 224263 0
5884 5884 1 1 315545 0
1 1 5885 5885 224317 0
5885 5885 1 1 315621 0
1 1 5886 5886 224371 0
5886 5886 1 1 315697 0
1 1 5887 5887 224425 0
5887 5887 1 1 315773 0
1 1 5888 5888 224479 0
5888 5888 1 1 315849 0
1 1 5889 5889 224533 0
5889 5889 1 1 315925 0
1 1 5890 5890 224587 0
5890 5890 1 1 316001 0
1 1 5891 5891 224641 0
5891 5891 1 1 316077 0
1 1 5892 5892 224695 0
5892 5892 1 1 316153 0
1 1 5893 5893 224749 0
5893 5893 1 1 316229 0
1 1 5894 5894 224803 0
5894 5894 1 1 316305 0
1 1 5895 5895 224857 0
5895 5895 1 1 316381 0
1 1 5896 5896 224911 0
5896 5896 1 1 316457 0
1 1 5897 5897 224965 0
5897 5897 1 1 316533 0
1 1 5898 5898 225019 0
5898 5898 1 1 316609 0
1 1 5899 5899 225073 0
5899 5899 1 1 316685 0
1 1 5900 5900 225127 0
5900 5900 1 1 316761 0
1 1 5901 5901 225181 0
5901 5901 1 1 316837 0
1 1 5902 5902 225235 0
5902 5902 1 1 316913 0
1 1 5903 5903 225289 0
5903 5903 1 1 316989 0
1 1 5904 5904 225343 0
5904 5904 1 1 317065 0
1 1 5905 5905 225397 0
5905 5905 1 1 317141 0
1 1 5906 5906 225451 0
5906 5906 1 1 317217 0
1 1 5907 5907 225505 0
5907 5907 1 1 317293 0
1 1 5908 5908 225559 0
5908 5908 1 1 317369 0
1 1 5909 5909 225613 0
5909 5909 1 1 317445 0
1 1 5910 5910 225667 0
5910 5910 1 1 317521 0
1 1 5911 5911 225721 0
5911 5911 1 1 317597 0
1 1 5912 5912 225775 0
5912 5912 1 1 317673 0
1 1 5913 5913 225829 0
5913 5913 1 1 317749 0
1 1 5914 5914 225883 0
5914 5914 1 1 317825 0
1 1 5915 5915 225937 0
5915 5915 1 1 317901 0
1 1 5916 5916 225991 0
5916 5916 1 1 317977 0
1 1 5917 5917 224396 0
5917 5917 1 1 318053 0
1 1 5918 5918 224450 0
5918 5918 1 1 318129 0
1 1 5919 5919 224504 0
5919 5919 1 1 318205 0
1 1 5920 5920 224558 0
5920 5920 1 1 318281 0
1 1 5921 5921 224612 0
5921 5921 1 1 318357 0
1 1 5922 5922 224666 0
5922 5922 1 1 318433 0
1 1 5923 5923 224720 0
5923 5923 1 1 318509 0
1 1 5924 5924 224774 0
5924 5924 1 1 318585 0
1 1 5925 5925 224828 0
5925 5925 1 1 318661 0
1 1 5926 5926 224882 0
5926 5926 1 1 318737 0
1 1 5927 5927 224936 0
5927 5927 1 1 318813 0
1 1 5928 5928 224990 0
5928 5928 1 1 318889 0
1 1 5929 5929 225044 0
5929 5929 1 1 318965 0
1 1 5930 5930 225098 0
5930 5930 1 1 319041 0
1 1 5931 5931 225152 0
5931 5931 1 1 319117 0
1 1 5932 5932 225206 0
5932 5932 1 1 319193 0
1 1 5933 5933 225260 0
5933 5933 1 1 319269 0
1 1 5934 5934 225314 0
5934 5934 1 1 319345 0
1 1 5935 5935 225368 0
5935 5935 1 1 319421 0
1 1 5936 5936 225422 0
5936 5936 1 1 319497 0
1 1 5937 5937 225476 0
5937 5937 1 1 319573 0
1 1 5938 5938 225530 0
5938 5938 1 1 319649 0
1 1 5939 5939 225584 0
5939 5939 1 1 319725 0
1 1 5940 5940 225638 0
5940 5940 1 1 319801 0
1 1 5941 5941 225692 0
5941 5941 1 1 319877 0
1 1 5942 5942 225746 0
5942 5942 1 1 319953 0
1 1 5943 5943 225800 0
5943 5943 1 1 320029 0
1 1 5944 5944 225854 0
5944 5944 1 1 320105 0
1 1 5945 5945 225908 0
5945 5945 1 1 320181 0
1 1 5946 5946 225962 0
5946 5946 1 1 320257 0
1 1 5947 5947 226016 0
5947 5947 1 1 320333 0
1 1 5948 5948 226070 0
5948 5948 1 1 320409 0
1 1 5949 5949 226124 0
5949 5949 1 1 320485 0
1 1 5950 5950 226178 0
5950 5950 1 1 320561 0
1 1 5951 5951 226232 0
5951 5951 1 1 320637 0
1 1 5952 5952 226286 0
5952 5952 1 1 320713 0
1 1 5953 5953 226340 0
5953 5953 1 1 320789 0
1 1 5954 5954 226394 0
5954 5954 1 1 320865 0
1 1 5955 5955 226448 0
5955 5955 1 1 320941 0
1 1 5956 5956 226502 0
5956 5956 1 1 321017 0
1 1 5957 5957 226556 0
5957 5957 1 1 321093 0
1 1 5958 5958 226610 0
5958 5958 1 1 321169 0
1 1 5959 5959 226664 0
5959 5959 1 1 321245 0
1 1 5960 5960 226718 0
5960 5960 1 1 321321 0
1 1 5961 5961 226772 0
5961 5961 1 1 321397 0
1 1 5962 5962 226826 0
5962 5962 1 1 321473 0
1 1 5963 5963 226880 0
5963 5963 1 1 319502 0
1 1 5964 5964 226934 0
5964 5964 1 1 319578 0
1 1 5965 5965 226988 0
5965 5965 1 1 319654 0
1 1 5966 5966 227042 0
5966 5966 1 1 319730 0
1 1 5967 5967 227096 0
5967 5967 1 1 319806 0
1 1 5968 5968 227150 0
5968 5968 1 1 319882 0
1 1 5969 5969 227204 0
5969 5969 1 1 319958 0
1 1 5970 5970 227258 0
5970 5970 1 1 320034 0
1 1 5971 5971 227312 0
5971 5971 1 1 320110 0
1 1 5972 5972 227366 0
5972 5972 1 1 320186 0
1 1 5973 5973 227420 0
5973 5973 1 1 320262 0
1 1 5974 5974 227474 0
5974 5974 1 1 320338 0
1 1 5975 5975 227528 0
5975 5975 1 1 320414 0
1 1 5976 5976 227582 0
5976 5976 1 1 320490 0
1 1 5977 5977 227636 0
5977 5977 1 1 320566 0
1 1 5978 5978 227690 0
5978 5978 1 1 320642 0
1 1 5979 5979 227744 0
5979 5979 1 1 320718 0
1 1 5980 5980 227798 0
5980 5980 1 1 320794 0
1 1 5981 5981 227852 0
5981 5981 1 1 320870 0
1 1 5982 5982 227906 0
5982 5982 1 1 320946 0
1 1 5983 5983 227960 0
5983 5983 1 1 321022 0
1 1 5984 5984 228014 0
5984 5984 1 1 321098 0
1 1 5985 5985 228068 0
5985 5985 1 1 321174 0
1 1 5986 5986 228122 0
5986 5986 1 1 321250 0
1 1 5987 5987 228176 0
5987 5987 1 1 321326 0
1 1 5988 5988 228230 0
5988 5988 1 1 321402 0
1 1 5989 5989 228284 0
5989 5989 1 1 321478 0
1 1 5990 5990 228338 0
5990 5990 1 1 321554 0
1 1 5991 5991 228392 0
5991 5991 1 1 321630 0
1 1 5992 5992 228446 0
5992 5992 1 1 321706 0
1 1 5993 5993 228500 0
5993 5993 1 1 321782 0
1 1 5994 5994 228554 0
5994 5994 1 1 321858 0
1 1 5995 5995 228608 0
5995 5995 1 1 321934 0
1 1 5996 5996 228662 0
5996 5996 1 1 322010 0
1 1 5997 5997 228716 0
5997 5997 1 1 322086 0
1 1 5998 5998 228770 0
5998 5998 1 1 322162 0
1 1 5999 5999 228824 0
5999 5999 1 1 322238 0
1 1 6000 6000 228878 0
6000 6000 1 1 322314 0
1 1 6001 6001 228932 0
6001 6001 1 1 322390 0
1 1 6002 6002 228986 0
6002 6002 1 1 322466 0
1 1 6003 6003 229040 0
6003 6003 1 1 322542 0
1 1 6004 6004 229094 0
6004 6004 1 1 322618 0
1 1 6005 6005 229148 0
6005 6005 1 1 322694 0
1 1 6006 6006 229202 0
6006 6006 1 1 322770 0
1 1 6007 6007 229256 0
6007 6007 1 1 322846 0
1 1 6008 6008 229310 0
6008 6008 1 1 322922 0
1 1 6009 6009 229364 0
6009 6009 1 1 322998 0
1 1 6010 6010 229418 0
6010 6010 1 1 323074 0
1 1 6011 6011 229472 0
6011 6011 1 1 323150 0
1 1 6012 6012 229526 0
6012 6012 1 1 323226 0
1 1 6013 6013 229580 0
6013 6013 1 1 323302 0
1 1 6014 6014 227985 0
6014 6014 1 1 323378 0
1 1 6015 6015 228039 0
6015 6015 1 1 323454 0
1 1 6016 6016 228093 0
6016 6016 1 1 323530 0
1 1 6017 6017 228147 0
6017 6017 1 1 323606 0
1 1 6018 6018 228201 0
6018 6018 1 1 323682 0
1 1 6019 6019 228255 0
6019 6019 1 1 323758 0
1 1 6020 6020 228309 0
6020 6020 1 1 323834 0
1 1 6021 6021 228363 0
6021 6021 1 1 323910 0
1 1 6022 6022 228417 0
6022 6022 1 1 323986 0
1 1 6023 6023 228471 0
6023 6023 1 1 324062 0
1 1 6024 6024 228525 0
6024 6024 1 1 324138 0
1 1 6025 6025 228579 0
6025 6025 1 1 324214 0
1 1 6026 6026 228633 0
6026 6026 1 1 324290 0
1 1 6027 6027 228687 0
6027 6027 1 1 324366 0
1 1 6028 6028 228741 0
6028 6028 1 1 324442 0
1 1 6029 6029 228795 0
6029 6029 1 1 324518 0
1 1 6030 6030 228849 0
6030 6030 1 1 324594 0
1 1 6031 6031 228903 0
6031 6031 1 1 324670 0
1 1 6032 6032 228957 0
6032 6032 1 1 324746 0
1 1 6033 6033 229011 0
6033 6033 1 1 324822 0
1 1 6034 6034 229065 0
6034 6034 1 1 324898 0
1 1 6035 6035 229119 0
6035 6035 1 1 324974 0
1 1 6036 6036 229173 0
6036 6036 1 1 325050 0
1 1 6037 6037 229227 0
6037 6037 1 1 325126 0
1 1 6038 6038 229281 0
6038 6038 1 1 325202 0
1 1 6039 6039 229335 0
6039 6039 1 1 325278 0
1 1 6040 6040 229389 0
6040 6040 1 1 325354 0
1 1 6041 6041 229443 0
6041 6041 1 1 325430 0
1 1 6042 6042 229497 0
6042 6042 1 1 325506 0
1 1 6043 6043 229551 0
6043 6043 1 1 325582 0
1 1 6044 6044 229605 0
6044 6044 1 1 325658 0
1 1 6045 6045 229659 0
6045 6045 1 1 325734 0
1 1 6046 6046 229713 0
6046 6046 1 1 325810 0
1 1 6047 6047 229767 0
6047 6047 1 1 325886 0
1 1 6048 6048 229821 0
6048 6048 1 1 325962 0
1 1 6049 6049 229875 0
6049 6049 1 1 326038 0
1 1 6050 6050 229929 0
6050 6050 1 1 326114 0
1 1 6051 6051 229983 0
6051 6051 1 1 326190 0
1 1 6052 6052 230037 0
6052 6052 1 1 324219 0
1 1 6053 6053 230091 0
6053 6053 1 1 324295 0
1 1 6054 6054 230145 0
6054 6054 1 1 324371 0
1 1 6055 6055 230199 0
6055 6055 1 1 324447 0
1 1 6056 6056 230253 0
6056 6056 1 1 324523 0
1 1 6057 6057 230307 0
6057 6057 1 1 324599 0
1 1 6058 6058 230361 0
6058 6058 1 1 324675 0
1 1 6059 6059 230415 0
6059 6059 1 1 324751 0
1 1 6060 6060 230469 0
6060 6060 1 1 324827 0
1 1 6061 6061 230523 0
6061 6061 1 1 324903 0
1 1 6062 6062 230577 0
6062 6062 1 1 324979 0
1 1 6063 6063 230631 0
6063 6063 1 1 325055 0
1 1 6064 6064 230685 0
6064 6064 1 1 325131 0
1 1 6065 6065 230739 0
6065 6065 1 1 325207 0
1 1 6066 6066 230793 0
6066 6066 1 1 325283 0
1 1 6067 6067 230847 0
6067 6067 1 1 325359 0
1 1 6068 6068 230901 0
6068 6068 1 1 325435 0
1 1 6069 6069 230955 0
6069 6069 1 1 325511 0
1 1 6070 6070 231009 0
6070 6070 1 1 325587 0
1 1 6071 6071 231063 0
6071 6071 1 1 325663 0
1 1 6072 6072 231117 0
6072 6072 1 1 325739 0
1 1 6073 6073 231171 0
6073 6073 1 1 325815 0
1 1 6074 6074 231225 0
6074 6074 1 1 325891 0
1 1 6075 6075 231279 0
6075 6075 1 1 325967 0
1 1 6076 6076 231333 0
6076 6076 1 1 326043 0
1 1 6077 6077 231387 0
6077 6077 1 1 326119 0
1 1 6078 6078 231441 0
6078 6078 1 1 326195 0
1 1 6079 6079 231495 0
6079 6079 1 1 326271 0
1 1 6080 6080 231549 0
6080 6080 1 1 326347 0
1 1 6081 6081 231603 0
6081 6081 1 1 326423 0
1 1 6082 6082 231657 0
6082 6082 1 1 326499 0
1 1 6083 6083 231711 0
6083 6083 1 1 326575 0
1 1 6084 6084 231765 0
6084 6084 1 1 326651 0
1 1 6085 6085 231819 0
6085 6085 1 1 326727 0
1 1 6086 6086 231873 0
6086 6086 1 1 326803 0
1 1 6087 6087 231927 0
6087 6087 1 1 326879 0
1 1 6088 6088 231981 0
6088 6088 1 1 326955 0
1 1 6089 6089 232035 0
6089 6089 1 1 327031 0
1 1 6090 6090 232089 0
6090 6090 1 1 327107 0
1 1 6091 6091 232143 0
6091 6091 1 1 327183 0
1 1 6092 6092 232197 0
6092 6092 1 1 327259 0
1 1 6093 6093 232251 0
6093 6093 1 1 327335 0
1 1 6094 6094 232305 0
6094 6094 1 1 327411 0
1 1 6095 6095 232359 0
6095 6095 1 1 327487 0
1 1 6096 6096 232413 0
6096 6096 1 1 327563 0
1 1 6097 6097 232467 0
6097 6097 1 1 327639 0
1 1 6098 6098 232521 0
6098 6098 1 1 327715 0
1 1 6099 6099 232575 0
6099 6099 1 1 327791 0
1 1 6100 6100 232629 0
6100 6100 1 1 327867 0
1 1 6101 6101 232683 0
6101 6101 1 1 327943 0
1 1 6102 6102 232737 0
6102 6102 1 1 328019 0
1 1 6103 6103 232791 0
6103 6103 1 1 328095 0
1 1 6104 6104 232845 0
6104 6104 1 1 328171 0
1 1 6105 6105 232899 0
6105 6105 1 1 328247 0
1 1 6106 6106 232953 0
6106 6106 1 1 328323 0
1 1 6107 6107 233007 0
6107 6107 1 1 328399 0
1 1 6108 6108 233061 0
6108 6108 1 1 328475 0
1 1 6109 6109 233115 0
6109 6109 1 1 328551 0
1 1 6110 6110 233169 0
6110 6110 1 1 328627 0
1 1 6111 6111 231574 0
6111 6111 1 1 328703 0
1 1 6112 6112 231628 0
6112 6112 1 1 328779 0
1 1 6113 6113 231682 0
6113 6113 1 1 328855 0
1 1 6114 6114 231736 0
6114 6114 1 1 328931 0
1 1 6115 6115 231790 0
6115 6115 1 1 329007 0
1 1 6116 6116 231844 0
6116 6116 1 1 329083 0
1 1 6117 6117 231898 0
6117 6117 1 1 329159 0
1 1 6118 6118 231952 0
6118 6118 1 1 329235 0
1 1 6119 6119 232006 0
6119 6119 1 1 329311 0
1 1 6120 6120 232060 0
6120 6120 1 1 329387 0
1 1 6121 6121 232114 0
6121 6121 1 1 329463 0
1 1 6122 6122 232168 0
6122 6122 1 1 329539 0
1 1 6123 6123 232222 0
6123 6123 1 1 329615 0
1 1 6124 6124 232276 0
6124 6124 1 1 329691 0
1 1 6125 6125 232330 0
6125 6125 1 1 329767 0
1 1 6126 6126 232384 0
6126 6126 1 1 329843 0
1 1 6127 6127 232438 0
6127 6127 1 1 329919 0
1 1 6128 6128 232492 0
6128 6128 1 1 329995 0
1 1 6129 6129 232546 0
6129 6129 1 1 330071 0
1 1 6130 6130 232600 0
6130 6130 1 1 330147 0
1 1 6131 6131 232654 0
6131 6131 1 1 330223 0
1 1 6132 6132 232708 0
6132 6132 1 1 330299 0
1 1 6133 6133 232762 0
6133 6133 1 1 330375 0
1 1 6134 6134 232816 0
6134 6134 1 1 330451 0
1 1 6135 6135 232870 0
6135 6135 1 1 330527 0
1 1 6136 6136 232924 0
6136 6136 1 1 330603 0
1 1 6137 6137 232978 0
6137 6137 1 1 330679 0
1 1 6138 6138 233032 0
6138 6138 1 1 330755 0
1 1 6139 6139 233086 0
6139 6139 1 1 330831 0
1 1 6140 6140 233140 0
6140 6140 1 1 330907 0
1 1 6141 6141 233194 0
6141 6141 1 1 328936 0
1 1 6142 6142 233248 0
6142 6142 1 1 329012 0
1 1 6143 6143 233302 0
6143 6143 1 1 329088 0
1 1 6144 6144 233356 0
6144 6144 1 1 329164 0
1 1 6145 6145 233410 0
6145 6145 1 1 329240 0
1 1 6146 6146 233464 0
6146 6146 1 1 329316 0
1 1 6147 6147 233518 0
6147 6147 1 1 329392 0
1 1 6148 6148 233572 0
6148 6148 1 1 329468 0
1 1 6149 6149 233626 0
6149 6149 1 1 329544 0
1 1 6150 6150 233680 0
6150 6150 1 1 329620 0
1 1 6151 6151 233734 0
6151 6151 1 1 329696 0
1 1 6152 6152 233788 0
6152 6152 1 1 329772 0
1 1 6153 6153 233842 0
6153 6153 1 1 329848 0
1 1 6154 6154 233896 0
6154 6154 1 1 329924 0
1 1 6155 6155 233950 0
6155 6155 1 1 330000 0
1 1 6156 6156 234004 0
6156 6156 1 1 330076 0
1 1 6157 6157 234058 0
6157 6157 1 1 330152 0
1 1 6158 6158 234112 0
6158 6158 1 1 330228 0
1 1 6159 6159 234166 0
6159 6159 1 1 330304 0
1 1 6160 6160 234220 0
6160 6160 1 1 330380 0
1 1 6161 6161 234274 0
6161 6161 1 1 330456 0
1 1 6162 6162 234328 0
6162 6162 1 1 330532 0
1 1 6163 6163 234382 0
6163 6163 1 1 330608 0
1 1 6164 6164 234436 0
6164 6164 1 1 330684 0
1 1 6165 6165 234490 0
6165 6165 1 1 330760 0
1 1 6166 6166 234544 0
6166 6166 1 1 330836 0
1 1 6167 6167 234598 0
6167 6167 1 1 330912 0
1 1 6168 6168 234652 0
6168 6168 1 1 330988 0
1 1 6169 6169 234706 0
6169 6169 1 1 331064 0
1 1 6170 6170 234760 0
6170 6170 1 1 331140 0
1 1 6171 6171 234814 0
6171 6171 1 1 331216 0
1 1 6172 6172 234868 0
6172 6172 1 1 331292 0
1 1 6173 6173 234922 0
6173 6173 1 1 331368 0
1 1 6174 6174 234976 0
6174 6174 1 1 331444 0
1 1 6175 6175 235030 0
6175 6175 1 1 331520 0
1 1 6176 6176 235084 0
6176 6176 1 1 331596 0
1 1 6177 6177 235138 0
6177 6177 1 1 331672 0
1 1 6178 6178 235192 0
6178 6178 1 1 331748 0
1 1 6179 6179 235246 0
6179 6179 1 1 331824 0
1 1 6180 6180 235300 0
6180 6180 1 1 331900 0
1 1 6181 6181 235354 0
6181 6181 1 1 331976 0
1 1 6182 6182 235408 0
6182 6182 1 1 332052 0
1 1 6183 6183 235462 0
6183 6183 1 1 332128 0
1 1 6184 6184 235516 0
6184 6184 1 1 332204 0
1 1 6185 6185 235570 0
6185 6185 1 1 332280 0
1 1 6186 6186 235624 0
6186 6186 1 1 332356 0
1 1 6187 6187 235678 0
6187 6187 1 1 332432 0
1 1 6188 6188 235732 0
6188 6188 1 1 332508 0
1 1 6189 6189 235786 0
6189 6189 1 1 332584 0
1 1 6190 6190 235840 0
6190 6190 1 1 332660 0
1 1 6191 6191 235894 0
6191 6191 1 1 332736 0
1 1 6192 6192 235948 0
6192 6192 1 1 332812 0
1 1 6193 6193 236002 0
6193 6193 1 1 332888 0
1 1 6194 6194 236056 0
6194 6194 1 1 332964 0
1 1 6195 6195 236110 0
6195 6195 1 1 333040 0
1 1 6196 6196 236164 0
6196 6196 1 1 333116 0
1 1 6197 6197 236218 0
6197 6197 1 1 333192 0
1 1 6198 6198 236272 0
6198 6198 1 1 333268 0
1 1 6199 6199 236326 0
6199 6199 1 1 333344 0
1 1 6200 6200 236380 0
6200 6200 1 1 333420 0
1 1 6201 6201 236434 0
6201 6201 1 1 333496 0
1 1 6202 6202 236488 0
6202 6202 1 1 333572 0
1 1 6203 6203 236542 0
6203 6203 1 1 333648 0
1 1 6204 6204 236596 0
6204 6204 1 1 333724 0
1 1 6205 6205 236650 0
6205 6205 1 1 333800 0
1 1 6206 6206 236704 0
6206 6206 1 1 333876 0
1 1 6207 6207 236758 0
6207 6207 1 1 333952 0
1 1 6208 6208 235163 0
6208 6208 1 1 334028 0
1 1 6209 6209 235217 0
6209 6209 1 1 334104 0
1 1 6210 6210 235271 0
6210 6210 1 1 334180 0
1 1 6211 6211 235325 0
6211 6211 1 1 334256 0
1 1 6212 6212 235379 0
6212 6212 1 1 334332 0
1 1 6213 6213 235433 0
6213 6213 1 1 334408 0
1 1 6214 6214 235487 0
6214 6214 1 1 334484 0
1 1 6215 6215 235541 0
6215 6215 1 1 334560 0
1 1 6216 6216 235595 0
6216 6216 1 1 334636 0
1 1 6217 6217 235649 0
6217 6217 1 1 334712 0
1 1 6218 6218 235703 0
6218 6218 1 1 334788 0
1 1 6219 6219 235757 0
6219 6219 1 1 334864 0
1 1 6220 6220 235811 0
6220 6220 1 1 334940 0
1 1 6221 6221 235865 0
6221 6221 1 1 335016 0
1 1 6222 6222 235919 0
6222 6222 1 1 335092 0
1 1 6223 6223 235973 0
6223 6223 1 1 335168 0
1 1 6224 6224 236027 0
6224 6224 1 1 335244 0
1 1 6225 6225 236081 0
6225 6225 1 1 335320 0
1 1 6226 6226 236135 0
6226 6226 1 1 335396 0
1 1 6227 6227 236189 0
6227 6227 1 1 335472 0
1 1 6228 6228 236243 0
6228 6228 1 1 335548 0
1 1 6229 6229 236297 0
6229 6229 1 1 335624 0
1 1 6230 6230 236351 0
6230 6230 1 1 333653 0
1 1 6231 6231 236405 0
6231 6231 1 1 333729 0
1 1 6232 6232 236459 0
6232 6232 1 1 333805 0
1 1 6233 6233 236513 0
6233 6233 1 1 333881 0
1 1 6234 6234 236567 0
6234 6234 1 1 333957 0
1 1 6235 6235 236621 0
6235 6235 1 1 334033 0
1 1 6236 6236 236675 0
6236 6236 1 1 334109 0
1 1 6237 6237 236729 0
6237 6237 1 1 334185 0
1 1 6238 6238 236783 0
6238 6238 1 1 334261 0
1 1 6239 6239 236837 0
6239 6239 1 1 334337 0
1 1 6240 6240 236891 0
6240 6240 1 1 334413 0
1 1 6241 6241 236945 0
6241 6241 1 1 334489 0
1 1 6242 6242 236999 0
6242 6242 1 1 334565 0
1 1 6243 6243 237053 0
6243 6243 1 1 334641 0
1 1 6244 6244 237107 0
6244 6244 1 1 334717 0
1 1 6245 6245 237161 0
6245 6245 1 1 334793 0
1 1 6246 6246 237215 0
6246 6246 1 1 334869 0
1 1 6247 6247 237269 0
6247 6247 1 1 334945 0
1 1 6248 6248 237323 0
6248 6248 1 1 335021 0
1 1 6249 6249 237377 0
6249 6249 1 1 335097 0
1 1 6250 6250 237431 0
6250 6250 1 1 335173 0
1 1 6251 6251 237485 0
6251 6251 1 1 335249 0
1 1 6252 6252 237539 0
6252 6252 1 1 335325 0
1 1 6253 6253 237593 0
6253 6253 1 1 335401 0
1 1 6254 6254 237647 0
6254 6254 1 1 335477 0
1 1 6255 6255 237701 0
6255 6255 1 1 335553 0
1 1 6256 6256 237755 0
6256 6256 1 1 335629 0
1 1 6257 6257 237809 0
6257 6257 1 1 335705 0
1 1 6258 6258 237863 0
6258 6258 1 1 335781 0
1 1 6259 6259 237917 0
6259 6259 1 1 335857 0
1 1 6260 6260 237971 0
6260 6260 1 1 335933 0
1 1 6261 6261 238025 0
6261 6261 1 1 336009 0
1 1 6262 6262 238079 0
6262 6262 1 1 336085 0
1 1 6263 6263 238133 0
6263 6263 1 1 336161 0
1 1 6264 6264 238187 0
6264 6264 1 1 336237 0
1 1 6265 6265 238241 0
6265 6265 1 1 336313 0
1 1 6266 6266 238295 0
6266 6266 1 1 336389 0
1 1 6267 6267 238349 0
6267 6267 1 1 336465 0
1 1 6268 6268 238403 0
6268 6268 1 1 336541 0
1 1 6269 6269 238457 0
6269 6269 1 1 336617 0
1 1 6270 6270 238511 0
6270 6270 1 1 336693 0
1 1 6271 6271 238565 0
6271 6271 1 1 336769 0
1 1 6272 6272 238619 0
6272 6272 1 1 336845 0
1 1 6273 6273 238673 0
6273 6273 1 1 336921 0
1 1 6274 6274 238727 0
6274 6274 1 1 336997 0
1 1 6275 6275 238781 0
6275 6275 1 1 337073 0
1 1 6276 6276 238835 0
6276 6276 1 1 337149 0
1 1 6277 6277 238889 0
6277 6277 1 1 337225 0
1 1 6278 6278 238943 0
6278 6278 1 1 337301 0
1 1 6279 6279 238997 0
6279 6279 1 1 337377 0
1 1 6280 6280 239051 0
6280 6280 1 1 337453 0
1 1 6281 6281 239105 0
6281 6281 1 1 337529 0
1 1 6282 6282 239159 0
6282 6282 1 1 337605 0
1 1 6283 6283 239213 0
6283 6283 1 1 337681 0
1 1 6284 6284 239267 0
6284 6284 1 1 337757 0
1 1 6285 6285 239321 0
6285 6285 1 1 337833 0
1 1 6286 6286 239375 0
6286 6286 1 1 337909 0
1 1 6287 6287 239429 0
6287 6287 1 1 337985 0
1 1 6288 6288 239483 0
6288 6288 1 1 338061 0
1 1 6289 6289 239537 0
6289 6289 1 1 338137 0
1 1 6290 6290 239591 0
6290 6290 1 1 338213 0
1 1 6291 6291 239645 0
6291 6291 1 1 338289 0
1 1 6292 6292 239699 0
6292 6292 1 1 338365 0
1 1 6293 6293 239753 0
6293 6293 1 1 338441 0
1 1 6294 6294 239807 0
6294 6294 1 1 338517 0
1 1 6295 6295 239861 0
6295 6295 1 1 338593 0
1 1 6296 6296 239915 0
6296 6296 1 1 338669 0
1 1 6297 6297 239969 0
6297 6297 1 1 338745 0
1 1 6298 6298 240023 0
6298 6298 1 1 338821 0
1 1 6299 6299 240077 0
6299 6299 1 1 338897 0
1 1 6300 6300 240131 0
6300 6300 1 1 338973 0
1 1 6301 6301 240185 0
6301 6301 1 1 339049 0
1 1 6302 6302 240239 0
6302 6302 1 1 339125 0
1 1 6303 6303 240293 0
6303 6303 1 1 339201 0
1 1 6304 6304 240347 0
6304 6304 1 1 339277 0
1 1 6305 6305 238752 0
6305 6305 1 1 339353 0
1 1 6306 6306 238806 0
6306 6306 1 1 339429 0
1 1 6307 6307 238860 0
6307 6307 1 1 339505 0
1 1 6308 6308 238914 0
6308 6308 1 1 339581 0
1 1 6309 6309 238968 0
6309 6309 1 1 339657 0
1 1 6310 6310 239022 0
6310 6310 1 1 339733 0
1 1 6311 6311 239076 0
6311 6311 1 1 339809 0
1 1 6312 6312 239130 0
6312 6312 1 1 339885 0
1 1 6313 6313 239184 0
6313 6313 1 1 339961 0
1 1 6314 6314 239238 0
6314 6314 1 1 340037 0
1 1 6315 6315 239292 0
6315 6315 1 1 340113 0
1 1 6316 6316 239346 0
6316 6316 1 1 340189 0
1 1 6317 6317 239400 0
6317 6317 1 1 340265 0
1 1 6318 6318 239454 0
6318 6318 1 1 340341 0
1 1 6319 6319 239508 0
6319 6319 1 1 338370 0
1 1 6320 6320 239562 0
6320 6320 1 1 338446 0
1 1 6321 6321 239616 0
6321 6321 1 1 338522 0
1 1 6322 6322 239670 0
6322 6322 1 1 338598 0
1 1 6323 6323 239724 0
6323 6323 1 1 338674 0
1 1 6324 6324 239778 0
6324 6324 1 1 338750 0
1 1 6325 6325 239832 0
6325 6325 1 1 338826 0
1 1 6326 6326 239886 0
6326 6326 1 1 338902 0
1 1 6327 6327 239940 0
6327 6327 1 1 338978 0
1 1 6328 6328 239994 0
6328 6328 1 1 339054 0
1 1 6329 6329 240048 0
6329 6329 1 1 339130 0
1 1 6330 6330 240102 0
6330 6330 1 1 339206 0
1 1 6331 6331 240156 0
6331 6331 1 1 339282 0
1 1 6332 6332 240210 0
6332 6332 1 1 339358 0
1 1 6333 6333 240264 0
6333 6333 1 1 339434 0
1 1 6334 6334 240318 0
6334 6334 1 1 339510 0
1 1 6335 6335 240372 0
6335 6335 1 1 339586 0
1 1 6336 6336 240426 0
6336 6336 1 1 339662 0
1 1 6337 6337 240480 0
6337 6337 1 1 339738 0
1 1 6338 6338 240534 0
6338 6338 1 1 339814 0
1 1 6339 6339 240588 0
6339 6339 1 1 339890 0
1 1 6340 6340 240642 0
6340 6340 1 1 339966 0
1 1 6341 6341 240696 0
6341 6341 1 1 340042 0
1 1 6342 6342 240750 0
6342 6342 1 1 340118 0
1 1 6343 6343 240804 0
6343 6343 1 1 340194 0
1 1 6344 6344 240858 0
6344 6344 1 1 340270 0
1 1 6345 6345 240912 0
6345 6345 1 1 340346 0
1 1 6346 6346 240966 0
6346 6346 1 1 340422 0
1 1 6347 6347 241020 0
6347 6347 1 1 340498 0
1 1 6348 6348 241074 0
6348 6348 1 1 340574 0
1 1 6349 6349 241128 0
6349 6349 1 1 340650 0
1 1 6350 6350 241182 0
6350 6350 1 1 340726 0
1 1 6351 6351 241236 0
6351 6351 1 1 340802 0
1 1 6352 6352 241290 0
6352 6352 1 1 340878 0
1 1 6353 6353 241344 0
6353 6353 1 1 340954 0
1 1 6354 6354 241398 0
6354 6354 1 1 341030 0
1 1 6355 6355 241452 0
6355 6355 1 1 341106 0
1 1 6356 6356 241506 0
6356 6356 1 1 341182 0
1 1 6357 6357 241560 0
6357 6357 1 1 341258 0
1 1 6358 6358 241614 0
6358 6358 1 1 341334 0
1 1 6359 6359 241668 0
6359 6359 1 1 341410 0
1 1 6360 6360 241722 0
6360 6360 1 1 341486 0
1 1 6361 6361 241776 0
6361 6361 1 1 341562 0
1 1 6362 6362 241830 0
6362 6362 1 1 341638 0
1 1 6363 6363 241884 0
6363 6363 1 1 341714 0
1 1 6364 6364 241938 0
6364 6364 1 1 341790 0
1 1 6365 6365 241992 0
6365 6365 1 1 341866 0
1 1 6366 6366 242046 0
6366 6366 1 1 341942 0
1 1 6367 6367 242100 0
6367 6367 1 1 342018 0
1 1 6368 6368 242154 0
6368 6368 1 1 342094 0
1 1 6369 6369 242208 0
6369 6369 1 1 342170 0
1 1 6370 6370 242262 0
6370 6370 1 1 342246 0
1 1 6371 6371 242316 0
6371 6371 1 1 342322 0
1 1 6372 6372 242370 0
6372 6372 1 1 342398 0
1 1 6373 6373 242424 0
6373 6373 1 1 342474 0
1 1 6374 6374 242478 0
6374 6374 1 1 342550 0
1 1 6375 6375 242532 0
6375 6375 1 1 342626 0
1 1 6376 6376 242586 0
6376 6376 1 1 342702 0
1 1 6377 6377 242640 0
6377 6377 1 1 342778 0
1 1 6378 6378 242694 0
6378 6378 1 1 342854 0
1 1 6379 6379 242748 0
6379 6379 1 1 342930 0
1 1 6380 6380 242802 0
6380 6380 1 1 343006 0
1 1 6381 6381 242856 0
6381 6381 1 1 343082 0
1 1 6382 6382 242910 0
6382 6382 1 1 343158 0
1 1 6383 6383 242964 0
6383 6383 1 1 343234 0
1 1 6384 6384 243018 0
6384 6384 1 1 343310 0
1 1 6385 6385 243072 0
6385 6385 1 1 343386 0
1 1 6386 6386 243126 0
6386 6386 1 1 343462 0
1 1 6387 6387 243180 0
6387 6387 1 1 343538 0
1 1 6388 6388 243234 0
6388 6388 1 1 343614 0
1 1 6389 6389 243288 0
6389 6389 1 1 343690 0
1 1 6390 6390 243342 0
6390 6390 1 1 343766 0
1 1 6391 6391 243396 0
6391 6391 1 1 343842 0
1 1 6392 6392 243450 0
6392 6392 1 1 343918 0
1 1 6393 6393 243504 0
6393 6393 1 1 343994 0
1 1 6394 6394 243558 0
6394 6394 1 1 344070 0
1 1 6395 6395 243612 0
6395 6395 1 1 344146 0
1 1 6396 6396 243666 0
6396 6396 1 1 344222 0
1 1 6397 6397 243720 0
6397 6397 1 1 344298 0
1 1 6398 6398 243774 0
6398 6398 1 1 344374 0
1 1 6399 6399 243828 0
6399 6399 1 1 344450 0
1 1 6400 6400 243882 0
6400 6400 1 1 344526 0
1 1 6401 6401 243936 0
6401 6401 1 1 344602 0
1 1 6402 6402 242341 0
6402 6402 1 1 344678 0
1 1 6403 6403 242395 0
6403 6403 1 1 344754 0
1 1 6404 6404 242449 0
6404 6404 1 1 344830 0
1 1 6405 6405 242503 0
6405 6405 1 1 344906 0
1 1 6406 6406 242557 0
6406 6406 1 1 344982 0
1 1 6407 6407 242611 0
6407 6407 1 1 345058 0
1 1 6408 6408 242665 0
6408 6408 1 1 343087 0
1 1 6409 6409 242719 0
6409 6409 1 1 343163 0
1 1 6410 6410 242773 0
6410 6410 1 1 343239 0
1 1 6411 6411 242827 0
6411 6411 1 1 343315 0
1 1 6412 6412 242881 0
6412 6412 1 1 343391 0
1 1 6413 6413 242935 0
6413 6413 1 1 343467 0
1 1 6414 6414 242989 0
6414 6414 1 1 343543 0
1 1 6415 6415 243043 0
6415 6415 1 1 343619 0
1 1 6416 6416 243097 0
6416 6416 1 1 343695 0
1 1 6417 6417 243151 0
6417 6417 1 1 343771 0
1 1 6418 6418 243205 0
6418 6418 1 1 343847 0
1 1 6419 6419 243259 0
6419 6419 1 1 343923 0
1 1 6420 6420 243313 0
6420 6420 1 1 343999 0
1 1 6421 6421 243367 0
6421 6421 1 1 344075 0
1 1 6422 6422 243421 0
6422 6422 1 1 344151 0
1 1 6423 6423 243475 0
6423 6423 1 1 344227 0
1 1 6424 6424 243529 0
6424 6424 1 1 344303 0
1 1 6425 6425 243583 0
6425 6425 1 1 344379 0
1 1 6426 6426 243637 0
6426 6426 1 1 344455 0
1 1 6427 6427 243691 0
6427 6427 1 1 344531 0
1 1 6428 6428 243745 0
6428 6428 1 1 344607 0
1 1 6429 6429 243799 0
6429 6429 1 1 344683 0
1 1 6430 6430 243853 0
6430 6430 1 1 344759 0
1 1 6431 6431 243907 0
6431 6431 1 1 344835 0
1 1 6432 6432 243961 0
6432 6432 1 1 344911 0
1 1 6433 6433 244015 0
6433 6433 1 1 344987 0
1 1 6434 6434 244069 0
6434 6434 1 1 345063 0
1 1 6435 6435 244123 0
6435 6435 1 1 345139 0
1 1 6436 6436 244177 0
6436 6436 1 1 345215 0
1 1 6437 6437 244231 0
6437 6437 1 1 345291 0
1 1 6438 6438 244285 0
6438 6438 1 1 345367 0
1 1 6439 6439 244339 0
6439 6439 1 1 345443 0
1 1 6440 6440 244393 0
6440 6440 1 1 345519 0
1 1 6441 6441 244447 0
6441 6441 1 1 345595 0
1 1 6442 6442 244501 0
6442 6442 1 1 345671 0
1 1 6443 6443 244555 0
6443 6443 1 1 345747 0
1 1 6444 6444 244609 0
6444 6444 1 1 345823 0
1 1 6445 6445 244663 0
6445 6445 1 1 345899 0
1 1 6446 6446 244717 0
6446 6446 1 1 345975 0
1 1 6447 6447 244771 0
6447 6447 1 1 346051 0
1 1 6448 6448 244825 0
6448 6448 1 1 346127 0
1 1 6449 6449 244879 0
6449 6449 1 1 346203 0
1 1 6450 6450 244933 0
6450 6450 1 1 346279 0
1 1 6451 6451 244987 0
6451 6451 1 1 346355 0
1 1 6452 6452 245041 0
6452 6452 1 1 346431 0
1 1 6453 6453 245095 0
6453 6453 1 1 346507 0
1 1 6454 6454 245149 0
6454 6454 1 1 346583 0
1 1 6455 6455 245203 0
6455 6455 1 1 346659 0
1 1 6456 6456 245257 0
6456 6456 1 1 346735 0
1 1 6457 6457 245311 0
6457 6457 1 1 346811 0
1 1 6458 6458 245365 0
6458 6458 1 1 346887 0
1 1 6459 6459 245419 0
6459 6459 1 1 346963 0
1 1 6460 6460 245473 0
6460 6460 1 1 347039 0
1 1 6461 6461 245527 0
6461 6461 1 1 347115 0
1 1 6462 6462 245581 0
6462 6462 1 1 347191 0
1 1 6463 6463 245635 0
6463 6463 1 1 347267 0
1 1 6464 6464 245689 0
6464 6464 1 1 347343 0
1 1 6465 6465 245743 0
6465 6465 1 1 347419 0
1 1 6466 6466 245797 0
6466 6466 1 1 347495 0
1 1 6467 6467 245851 0
6467 6467 1 1 347571 0
1 1 6468 6468 245905 0
6468 6468 1 1 347647 0
1 1 6469 6469 245959 0
6469 6469 1 1 347723 0
1 1 6470 6470 246013 0
6470 6470 1 1 347799 0
1 1 6471 6471 246067 0
6471 6471 1 1 347875 0
1 1 6472 6472 246121 0
6472 6472 1 1 347951 0
1 1 6473 6473 246175 0
6473 6473 1 1 348027 0
1 1 6474 6474 246229 0
6474 6474 1 1 348103 0
1 1 6475 6475 246283 0
6475 6475 1 1 348179 0
1 1 6476 6476 246337 0
6476 6476 1 1 348255 0
1 1 6477 6477 246391 0
6477 6477 1 1 348331 0
1 1 6478 6478 246445 0
6478 6478 1 1 348407 0
1 1 6479 6479 246499 0
6479 6479 1 1 348483 0
1 1 6480 6480 246553 0
6480 6480 1 1 348559 0
1 1 6481 6481 246607 0
6481 6481 1 1 348635 0
1 1 6482 6482 246661 0
6482 6482 1 1 348711 0
1 1 6483 6483 246715 0
6483 6483 1 1 348787 0
1 1 6484 6484 246769 0
6484 6484 1 1 348863 0
1 1 6485 6485 246823 0
6485 6485 1 1 348939 0
1 1 6486 6486 246877 0
6486 6486 1 1 349015 0
1 1 6487 6487 246931 0
6487 6487 1 1 349091 0
1 1 6488 6488 246985 0
6488 6488 1 1 349167 0
1 1 6489 6489 247039 0
6489 6489 1 1 349243 0
1 1 6490 6490 247093 0
6490 6490 1 1 349319 0
1 1 6491 6491 247147 0
6491 6491 1 1 349395 0
1 1 6492 6492 247201 0
6492 6492 1 1 349471 0
1 1 6493 6493 247255 0
6493 6493 1 1 349547 0
1 1 6494 6494 247309 0
6494 6494 1 1 349623 0
1 1 6495 6495 247363 0
6495 6495 1 1 349699 0
1 1 6496 6496 247417 0
6496 6496 1 1 349775 0
1 1 6497 6497 247471 0
6497 6497 1 1 347804 0
1 1 6498 6498 247525 0
6498 6498 1 1 347880 0
1 1 6499 6499 245930 0
6499 6499 1 1 347956 0
1 1 6500 6500 245984 0
6500 6500 1 1 348032 0
1 1 6501 6501 246038 0
6501 6501 1 1 348108 0
1 1 6502 6502 246092 0
6502 6502 1 1 348184 0
1 1 6503 6503 246146 0
6503 6503 1 1 348260 0
1 1 6504 6504 246200 0
6504 6504 1 1 348336 0
1 1 6505 6505 246254 0
6505 6505 1 1 348412 0
1 1 6506 6506 246308 0
6506 6506 1 1 348488 0
1 1 6507 6507 246362 0
6507 6507 1 1 348564 0
1 1 6508 6508 246416 0
6508 6508 1 1 348640 0
1 1 6509 6509 246470 0
6509 6509 1 1 348716 0
1 1 6510 6510 246524 0
6510 6510 1 1 348792 0
1 1 6511 6511 246578 0
6511 6511 1 1 348868 0
1 1 6512 6512 246632 0
6512 6512 1 1 348944 0
1 1 6513 6513 246686 0
6513 6513 1 1 349020 0
1 1 6514 6514 246740 0
6514 6514 1 1 349096 0
1 1 6515 6515 246794 0
6515 6515 1 1 349172 0
1 1 6516 6516 246848 0
6516 6516 1 1 349248 0
1 1 6517 6517 246902 0
6517 6517 1 1 349324 0
1 1 6518 6518 246956 0
6518 6518 1 1 349400 0
1 1 6519 6519 247010 0
6519 6519 1 1 349476 0
1 1 6520 6520 247064 0
6520 6520 1 1 349552 0
1 1 6521 6521 247118 0
6521 6521 1 1 349628 0
1 1 6522 6522 247172 0
6522 6522 1 1 349704 0
1 1 6523 6523 247226 0
6523 6523 1 1 349780 0
1 1 6524 6524 247280 0
6524 6524 1 1 349856 0
1 1 6525 6525 247334 0
6525 6525 1 1 349932 0
1 1 6526 6526 247388 0
6526 6526 1 1 350008 0
1 1 6527 6527 247442 0
6527 6527 1 1 350084 0
1 1 6528 6528 247496 0
6528 6528 1 1 350160 0
1 1 6529 6529 247550 0
6529 6529 1 1 350236 0
1 1 6530 6530 247604 0
6530 6530 1 1 350312 0
1 1 6531 6531 247658 0
6531 6531 1 1 350388 0
1 1 6532 6532 247712 0
6532 6532 1 1 350464 0
1 1 6533 6533 247766 0
6533 6533 1 1 350540 0
1 1 6534 6534 247820 0
6534 6534 1 1 350616 0
1 1 6535 6535 247874 0
6535 6535 1 1 350692 0
1 1 6536 6536 247928 0
6536 6536 1 1 350768 0
1 1 6537 6537 247982 0
6537 6537 1 1 350844 0
1 1 6538 6538 248036 0
6538 6538 1 1 350920 0
1 1 6539 6539 248090 0
6539 6539 1 1 350996 0
1 1 6540 6540 248144 0
6540 6540 1 1 351072 0
1 1 6541 6541 248198 0
6541 6541 1 1 351148 0
1 1 6542 6542 248252 0
6542 6542 1 1 351224 0
1 1 6543 6543 248306 0
6543 6543 1 1 351300 0
1 1 6544 6544 248360 0
6544 6544 1 1 351376 0
1 1 6545 6545 248414 0
6545 6545 1 1 351452 0
1 1 6546 6546 248468 0
6546 6546 1 1 351528 0
1 1 6547 6547 248522 0
6547 6547 1 1 351604 0
1 1 6548 6548 248576 0
6548 6548 1 1 351680 0
1 1 6549 6549 248630 0
6549 6549 1 1 351756 0
1 1 6550 6550 248684 0
6550 6550 1 1 351832 0
1 1 6551 6551 248738 0
6551 6551 1 1 351908 0
1 1 6552 6552 248792 0
6552 6552 1 1 351984 0
1 1 6553 6553 248846 0
6553 6553 1 1 352060 0
1 1 6554 6554 248900 0
6554 6554 1 1 352136 0
1 1 6555 6555 248954 0
6555 6555 1 1 352212 0
1 1 6556 6556 249008 0
6556 6556 1 1 352288 0
1 1 6557 6557 249062 0
6557 6557 1 1 352364 0
1 1 6558 6558 249116 0
6558 6558 1 1 352440 0
1 1 6559 6559 249170 0
6559 6559 1 1 352516 0
1 1 6560 6560 249224 0
6560 6560 1 1 352592 0
1 1 6561 6561 249278 0
6561 6561 1 1 352668 0
1 1 6562 6562 249332 0
6562 6562 1 1 352744 0
1 1 6563 6563 249386 0
6563 6563 1 1 352820 0
1 1 6564 6564 249440 0
6564 6564 1 1 352896 0
1 1 6565 6565 249494 0
6565 6565 1 1 352972 0
1 1 6566 6566 249548 0
6566 6566 1 1 353048 0
1 1 6567 6567 249602 0
6567 6567 1 1 353124 0
1 1 6568 6568 249656 0
6568 6568 1 1 353200 0
1 1 6569 6569 249710 0
6569 6569 1 1 353276 0
1 1 6570 6570 249764 0
6570 6570 1 1 353352 0
1 1 6571 6571 249818 0
6571 6571 1 1 353428 0
1 1 6572 6572 249872 0
6572 6572 1 1 353504 0
1 1 6573 6573 249926 0
6573 6573 1 1 353580 0
1 1 6574 6574 249980 0
6574 6574 1 1 353656 0
1 1 6575 6575 250034 0
6575 6575 1 1 353732 0
1 1 6576 6576 250088 0
6576 6576 1 1 353808 0
1 1 6577 6577 250142 0
6577 6577 1 1 353884 0
1 1 6578 6578 250196 0
6578 6578 1 1 353960 0
1 1 6579 6579 250250 0
6579 6579 1 1 354036 0
1 1 6580 6580 250304 0
6580 6580 1 1 354112 0
1 1 6581 6581 250358 0
6581 6581 1 1 354188 0
1 1 6582 6582 250412 0
6582 6582 1 1 354264 0
1 1 6583 6583 250466 0
6583 6583 1 1 354340 0
1 1 6584 6584 250520 0
6584 6584 1 1 354416 0
1 1 6585 6585 250574 0
6585 6585 1 1 354492 0
1 1 6586 6586 250628 0
6586 6586 1 1 352521 0
1 1 6587 6587 250682 0
6587 6587 1 1 352597 0
1 1 6588 6588 250736 0
6588 6588 1 1 352673 0
1 1 6589 6589 250790 0
6589 6589 1 1 352749 0
1 1 6590 6590 250844 0
6590 6590 1 1 352825 0
1 1 6591 6591 250898 0
6591 6591 1 1 352901 0
1 1 6592 6592 250952 0
6592 6592 1 1 352977 0
1 1 6593 6593 251006 0
6593 6593 1 1 353053 0
1 1 6594 6594 251060 0
6594 6594 1 1 353129 0
1 1 6595 6595 251114 0
6595 6595 1 1 353205 0
1 1 6596 6596 249519 0
6596 6596 1 1 353281 0
1 1 6597 6597 249573 0
6597 6597 1 1 353357 0
1 1 6598 6598 249627 0
6598 6598 1 1 353433 0
1 1 6599 6599 249681 0
6599 6599 1 1 353509 0
1 1 6600 6600 249735 0
6600 6600 1 1 353585 0
1 1 6601 6601 249789 0
6601 6601 1 1 353661 0
1 1 6602 6602 249843 0
6602 6602 1 1 353737 0
1 1 6603 6603 249897 0
6603 6603 1 1 353813 0
1 1 6604 6604 249951 0
6604 6604 1 1 353889 0
1 1 6605 6605 250005 0
6605 6605 1 1 353965 0
1 1 6606 6606 250059 0
6606 6606 1 1 354041 0
1 1 6607 6607 250113 0
6607 6607 1 1 354117 0
1 1 6608 6608 250167 0
6608 6608 1 1 354193 0
1 1 6609 6609 250221 0
6609 6609 1 1 354269 0
1 1 6610 6610 250275 0
6610 6610 1 1 354345 0
1 1 6611 6611 250329 0
6611 6611 1 1 354421 0
1 1 6612 6612 250383 0
6612 6612 1 1 354497 0
1 1 6613 6613 250437 0
6613 6613 1 1 354573 0
1 1 6614 6614 250491 0
6614 6614 1 1 354649 0
1 1 6615 6615 250545 0
6615 6615 1 1 354725 0
1 1 6616 6616 250599 0
6616 6616 1 1 354801 0
1 1 6617 6617 250653 0
6617 6617 1 1 354877 0
1 1 6618 6618 250707 0
6618 6618 1 1 354953 0
1 1 6619 6619 250761 0
6619 6619 1 1 355029 0
1 1 6620 6620 250815 0
6620 6620 1 1 355105 0
1 1 6621 6621 250869 0
6621 6621 1 1 355181 0
1 1 6622 6622 250923 0
6622 6622 1 1 355257 0
1 1 6623 6623 250977 0
6623 6623 1 1 355333 0
1 1 6624 6624 251031 0
6624 6624 1 1 355409 0
1 1 6625 6625 251085 0
6625 6625 1 1 355485 0
1 1 6626 6626 251139 0
6626 6626 1 1 355561 0
1 1 6627 6627 251193 0
6627 6627 1 1 355637 0
1 1 6628 6628 251247 0
6628 6628 1 1 355713 0
1 1 6629 6629 251301 0
6629 6629 1 1 355789 0
1 1 6630 6630 251355 0
6630 6630 1 1 355865 0
1 1 6631 6631 251409 0
6631 6631 1 1 355941 0
1 1 6632 6632 251463 0
6632 6632 1 1 356017 0
1 1 6633 6633 251517 0
6633 6633 1 1 356093 0
1 1 6634 6634 251571 0
6634 6634 1 1 356169 0
1 1 6635 6635 251625 0
6635 6635 1 1 356245 0
1 1 6636 6636 251679 0
6636 6636 1 1 356321 0
1 1 6637 6637 251733 0
6637 6637 1 1 356397 0
1 1 6638 6638 251787 0
6638 6638 1 1 356473 0
1 1 6639 6639 251841 0
6639 6639 1 1 356549 0
1 1 6640 6640 251895 0
6640 6640 1 1 356625 0
1 1 6641 6641 251949 0
6641 6641 1 1 356701 0
1 1 6642 6642 252003 0
6642 6642 1 1 356777 0
1 1 6643 6643 252057 0
6643 6643 1 1 356853 0
1 1 6644 6644 252111 0
6644 6644 1 1 356929 0
1 1 6645 6645 252165 0
6645 6645 1 1 357005 0
1 1 6646 6646 252219 0
6646 6646 1 1 357081 0
1 1 6647 6647 252273 0
6647 6647 1 1 357157 0
1 1 6648 6648 252327 0
6648 6648 1 1 357233 0
1 1 6649 6649 252381 0
6649 6649 1 1 357309 0
1 1 6650 6650 252435 0
6650 6650 1 1 357385 0
1 1 6651 6651 252489 0
6651 6651 1 1 357461 0
1 1 6652 6652 252543 0
6652 6652 1 1 357537 0
1 1 6653 6653 252597 0
6653 6653 1 1 357613 0
1 1 6654 6654 252651 0
6654 6654 1 1 357689 0
1 1 6655 6655 252705 0
6655 6655 1 1 357765 0
1 1 6656 6656 252759 0
6656 6656 1 1 357841 0
1 1 6657 6657 252813 0
6657 6657 1 1 357917 0
1 1 6658 6658 252867 0
6658 6658 1 1 357993 0
1 1 6659 6659 252921 0
6659 6659 1 1 358069 0
1 1 6660 6660 252975 0
6660 6660 1 1 358145 0
1 1 6661 6661 253029 0
6661 6661 1 1 358221 0
1 1 6662 6662 253083 0
6662 6662 1 1 358297 0
1 1 6663 6663 253137 0
6663 6663 1 1 358373 0
1 1 6664 6664 253191 0
6664 6664 1 1 358449 0
1 1 6665 6665 253245 0
6665 6665 1 1 358525 0
1 1 6666 6666 253299 0
6666 6666 1 1 358601 0
1 1 6667 6667 253353 0
6667 6667 1 1 358677 0
1 1 6668 6668 253407 0
6668 6668 1 1 358753 0
1 1 6669 6669 253461 0
6669 6669 1 1 358829 0
1 1 6670 6670 253515 0
6670 6670 1 1 358905 0
1 1 6671 6671 253569 0
6671 6671 1 1 358981 0
1 1 6672 6672 253623 0
6672 6672 1 1 359057 0
1 1 6673 6673 253677 0
6673 6673 1 1 359133 0
1 1 6674 6674 253731 0
6674 6674 1 1 359209 0
1 1 6675 6675 253785 0
6675 6675 1 1 357238 0
1 1 6676 6676 253839 0
6676 6676 1 1 357314 0
1 1 6677 6677 253893 0
6677 6677 1 1 357390 0
1 1 6678 6678 253947 0
6678 6678 1 1 357466 0
1 1 6679 6679 254001 0
6679 6679 1 1 357542 0
1 1 6680 6680 254055 0
6680 6680 1 1 357618 0
1 1 6681 6681 254109 0
6681 6681 1 1 357694 0
1 1 6682 6682 254163 0
6682 6682 1 1 357770 0
1 1 6683 6683 254217 0
6683 6683 1 1 357846 0
1 1 6684 6684 254271 0
6684 6684 1 1 357922 0
1 1 6685 6685 254325 0
6685 6685 1 1 357998 0
1 1 6686 6686 254379 0
6686 6686 1 1 358074 0
1 1 6687 6687 254433 0
6687 6687 1 1 358150 0
1 1 6688 6688 254487 0
6688 6688 1 1 358226 0
1 1 6689 6689 254541 0
6689 6689 1 1 358302 0
1 1 6690 6690 254595 0
6690 6690 1 1 358378 0
1 1 6691 6691 254649 0
6691 6691 1 1 358454 0
1 1 6692 6692 254703 0
6692 6692 1 1 358530 0
1 1 6693 6693 253108 0
6693 6693 1 1 358606 0
1 1 6694 6694 253162 0
6694 6694 1 1 358682 0
1 1 6695 6695 253216 0
6695 6695 1 1 358758 0
1 1 6696 6696 253270 0
6696 6696 1 1 358834 0
1 1 6697 6697 253324 0
6697 6697 1 1 358910 0
1 1 6698 6698 253378 0
6698 6698 1 1 358986 0
1 1 6699 6699 253432 0
6699 6699 1 1 359062 0
1 1 6700 6700 253486 0
6700 6700 1 1 359138 0
1 1 6701 6701 253540 0
6701 6701 1 1 359214 0
1 1 6702 6702 253594 0
6702 6702 1 1 359290 0
1 1 6703 6703 253648 0
6703 6703 1 1 359366 0
1 1 6704 6704 253702 0
6704 6704 1 1 359442 0
1 1 6705 6705 253756 0
6705 6705 1 1 359518 0
1 1 6706 6706 253810 0
6706 6706 1 1 359594 0
1 1 6707 6707 253864 0
6707 6707 1 1 359670 0
1 1 6708 6708 253918 0
6708 6708 1 1 359746 0
1 1 6709 6709 253972 0
6709 6709 1 1 359822 0
1 1 6710 6710 254026 0
6710 6710 1 1 359898 0
1 1 6711 6711 254080 0
6711 6711 1 1 359974 0
1 1 6712 6712 254134 0
6712 6712 1 1 360050 0
1 1 6713 6713 254188 0
6713 6713 1 1 360126 0
1 1 6714 6714 254242 0
6714 6714 1 1 360202 0
1 1 6715 6715 254296 0
6715 6715 1 1 360278 0
1 1 6716 6716 254350 0
6716 6716 1 1 360354 0
1 1 6717 6717 254404 0
6717 6717 1 1 360430 0
1 1 6718 6718 254458 0
6718 6718 1 1 360506 0
1 1 6719 6719 254512 0
6719 6719 1 1 360582 0
1 1 6720 6720 254566 0
6720 6720 1 1 360658 0
1 1 6721 6721 254620 0
6721 6721 1 1 360734 0
1 1 6722 6722 254674 0
6722 6722 1 1 360810 0
1 1 6723 6723 254728 0
6723 6723 1 1 360886 0
1 1 6724 6724 254782 0
6724 6724 1 1 360962 0
1 1 6725 6725 254836 0
6725 6725 1 1 361038 0
1 1 6726 6726 254890 0
6726 6726 1 1 361114 0
1 1 6727 6727 254944 0
6727 6727 1 1 361190 0
1 1 6728 6728 254998 0
6728 6728 1 1 361266 0
1 1 6729 6729 255052 0
6729 6729 1 1 361342 0
1 1 6730 6730 255106 0
6730 6730 1 1 361418 0
1 1 6731 6731 255160 0
6731 6731 1 1 361494 0
1 1 6732 6732 255214 0
6732 6732 1 1 361570 0
1 1 6733 6733 255268 0
6733 6733 1 1 361646 0
1 1 6734 6734 255322 0
6734 6734 1 1 361722 0
1 1 6735 6735 255376 0
6735 6735 1 1 361798 0
1 1 6736 6736 255430 0
6736 6736 1 1 361874 0
1 1 6737 6737 255484 0
6737 6737 1 1 361950 0
1 1 6738 6738 255538 0
6738 6738 1 1 362026 0
1 1 6739 6739 255592 0
6739 6739 1 1 362102 0
1 1 6740 6740 255646 0
6740 6740 1 1 362178 0
1 1 6741 6741 255700 0
6741 6741 1 1 362254 0
1 1 6742 6742 255754 0
6742 6742 1 1 362330 0
1 1 6743 6743 255808 0
6743 6743 1 1 362406 0
1 1 6744 6744 255862 0
6744 6744 1 1 362482 0
1 1 6745 6745 255916 0
6745 6745 1 1 362558 0
1 1 6746 6746 255970 0
6746 6746 1 1 362634 0
1 1 6747 6747 256024 0
6747 6747 1 1 362710 0
1 1 6748 6748 256078 0
6748 6748 1 1 362786 0
1 1 6749 6749 256132 0
6749 6749 1 1 362862 0
1 1 6750 6750 256186 0
6750 6750 1 1 362938 0
1 1 6751 6751 256240 0
6751 6751 1 1 363014 0
1 1 6752 6752 256294 0
6752 6752 1 1 363090 0
1 1 6753 6753 256348 0
6753 6753 1 1 363166 0
1 1 6754 6754 256402 0
6754 6754 1 1 363242 0
1 1 6755 6755 256456 0
6755 6755 1 1 363318 0
1 1 6756 6756 256510 0
6756 6756 1 1 363394 0
1 1 6757 6757 256564 0
6757 6757 1 1 363470 0
1 1 6758 6758 256618 0
6758 6758 1 1 363546 0
1 1 6759 6759 256672 0
6759 6759 1 1 363622 0
1 1 6760 6760 256726 0
6760 6760 1 1 363698 0
1 1 6761 6761 256780 0
6761 6761 1 1 363774 0
1 1 6762 6762 256834 0
6762 6762 1 1 363850 0
1 1 6763 6763 256888 0
6763 6763 1 1 363926 0
1 1 6764 6764 256942 0
6764 6764 1 1 361955 0
1 1 6765 6765 256996 0
6765 6765 1 1 362031 0
1 1 6766 6766 257050 0
6766 6766 1 1 362107 0
1 1 6767 6767 257104 0
6767 6767 1 1 362183 0
1 1 6768 6768 257158 0
6768 6768 1 1 362259 0
1 1 6769 6769 257212 0
6769 6769 1 1 362335 0
1 1 6770 6770 257266 0
6770 6770 1 1 362411 0
1 1 6771 6771 257320 0
6771 6771 1 1 362487 0
1 1 6772 6772 257374 0
6772 6772 1 1 362563 0
1 1 6773 6773 257428 0
6773 6773 1 1 362639 0
1 1 6774 6774 257482 0
6774 6774 1 1 362715 0
1 1 6775 6775 257536 0
6775 6775 1 1 362791 0
1 1 6776 6776 257590 0
6776 6776 1 1 362867 0
1 1 6777 6777 257644 0
6777 6777 1 1 362943 0
1 1 6778 6778 257698 0
6778 6778 1 1 363019 0
1 1 6779 6779 257752 0
6779 6779 1 1 363095 0
1 1 6780 6780 257806 0
6780 6780 1 1 363171 0
1 1 6781 6781 257860 0
6781 6781 1 1 363247 0
1 1 6782 6782 257914 0
6782 6782 1 1 363323 0
1 1 6783 6783 257968 0
6783 6783 1 1 363399 0
1 1 6784 6784 258022 0
6784 6784 1 1 363475 0
1 1 6785 6785 258076 0
6785 6785 1 1 363551 0
1 1 6786 6786 258130 0
6786 6786 1 1 363627 0
1 1 6787 6787 258184 0
6787 6787 1 1 363703 0
1 1 6788 6788 258238 0
6788 6788 1 1 363779 0
1 1 6789 6789 258292 0
6789 6789 1 1 363855 0
1 1 6790 6790 256697 0
6790 6790 1 1 363931 0
1 1 6791 6791 256751 0
6791 6791 1 1 364007 0
1 1 6792 6792 256805 0
6792 6792 1 1 364083 0
1 1 6793 6793 256859 0
6793 6793 1 1 364159 0
1 1 6794 6794 256913 0
6794 6794 1 1 364235 0
1 1 6795 6795 256967 0
6795 6795 1 1 364311 0
1 1 6796 6796 257021 0
6796 6796 1 1 364387 0
1 1 6797 6797 257075 0
6797 6797 1 1 364463 0
1 1 6798 6798 257129 0
6798 6798 1 1 364539 0
1 1 6799 6799 257183 0
6799 6799 1 1 364615 0
1 1 6800 6800 257237 0
6800 6800 1 1 364691 0
1 1 6801 6801 257291 0
6801 6801 1 1 364767 0
1 1 6802 6802 257345 0
6802 6802 1 1 364843 0
1 1 6803 6803 257399 0
6803 6803 1 1 364919 0
1 1 6804 6804 257453 0
6804 6804 1 1 364995 0
1 1 6805 6805 257507 0
6805 6805 1 1 365071 0
1 1 6806 6806 257561 0
6806 6806 1 1 365147 0
1 1 6807 6807 257615 0
6807 6807 1 1 365223 0
1 1 6808 6808 257669 0
6808 6808 1 1 365299 0
1 1 6809 6809 257723 0
6809 6809 1 1 365375 0
1 1 6810 6810 257777 0
6810 6810 1 1 365451 0
1 1 6811 6811 257831 0
6811 6811 1 1 365527 0
1 1 6812 6812 257885 0
6812 6812 1 1 365603 0
1 1 6813 6813 257939 0
6813 6813 1 1 365679 0
1 1 6814 6814 257993 0
6814 6814 1 1 365755 0
1 1 6815 6815 258047 0
6815 6815 1 1 365831 0
1 1 6816 6816 258101 0
6816 6816 1 1 365907 0
1 1 6817 6817 258155 0
6817 6817 1 1 365983 0
1 1 6818 6818 258209 0
6818 6818 1 1 366059 0
1 1 6819 6819 258263 0
6819 6819 1 1 366135 0
1 1 6820 6820 258317 0
6820 6820 1 1 366211 0
1 1 6821 6821 258371 0
6821 6821 1 1 366287 0
1 1 6822 6822 258425 0
6822 6822 1 1 366363 0
1 1 6823 6823 258479 0
6823 6823 1 1 366439 0
1 1 6824 6824 258533 0
6824 6824 1 1 366515 0
1 1 6825 6825 258587 0
6825 6825 1 1 366591 0
1 1 6826 6826 258641 0
6826 6826 1 1 366667 0
1 1 6827 6827 258695 0
6827 6827 1 1 366743 0
1 1 6828 6828 258749 0
6828 6828 1 1 366819 0
1 1 6829 6829 258803 0
6829 6829 1 1 366895 0
1 1 6830 6830 258857 0
6830 6830 1 1 366971 0
1 1 6831 6831 258911 0
6831 6831 1 1 367047 0
1 1 6832 6832 258965 0
6832 6832 1 1 367123 0
1 1 6833 6833 259019 0
6833 6833 1 1 367199 0
1 1 6834 6834 259073 0
6834 6834 1 1 367275 0
1 1 6835 6835 259127 0
6835 6835 1 1 367351 0
1 1 6836 6836 259181 0
6836 6836 1 1 367427 0
1 1 6837 6837 259235 0
6837 6837 1 1 367503 0
1 1 6838 6838 259289 0
6838 6838 1 1 367579 0
1 1 6839 6839 259343 0
6839 6839 1 1 367655 0
1 1 6840 6840 259397 0
6840 6840 1 1 367731 0
1 1 6841 6841 259451 0
6841 6841 1 1 367807 0
1 1 6842 6842 259505 0
6842 6842 1 1 367883 0
1 1 6843 6843 259559 0
6843 6843 1 1 367959 0
1 1 6844 6844 259613 0
6844 6844 1 1 368035 0
1 1 6845 6845 259667 0
6845 6845 1 1 368111 0
1 1 6846 6846 259721 0
6846 6846 1 1 368187 0
1 1 6847 6847 259775 0
6847 6847 1 1 368263 0
1 1 6848 6848 259829 0
6848 6848 1 1 368339 0
1 1 6849 6849 259883 0
6849 6849 1 1 368415 0
1 1 6850 6850 259937 0
6850 6850 1 1 368491 0
1 1 6851 6851 259991 0
6851 6851 1 1 368567 0
1 1 6852 6852 260045 0
6852 6852 1 1 368643 0
1 1 6853 6853 260099 0
6853 6853 1 1 366672 0
1 1 6854 6854 260153 0
6854 6854 1 1 366748 0
1 1 6855 6855 260207 0
6855 6855 1 1 366824 0
1 1 6856 6856 260261 0
6856 6856 1 1 366900 0
1 1 6857 6857 260315 0
6857 6857 1 1 366976 0
1 1 6858 6858 260369 0
6858 6858 1 1 367052 0
1 1 6859 6859 260423 0
6859 6859 1 1 367128 0
1 1 6860 6860 260477 0
6860 6860 1 1 367204 0
1 1 6861 6861 260531 0
6861 6861 1 1 367280 0
1 1 6862 6862 260585 0
6862 6862 1 1 367356 0
1 1 6863 6863 260639 0
6863 6863 1 1 367432 0
1 1 6864 6864 260693 0
6864 6864 1 1 367508 0
1 1 6865 6865 260747 0
6865 6865 1 1 367584 0
1 1 6866 6866 260801 0
6866 6866 1 1 367660 0
1 1 6867 6867 260855 0
6867 6867 1 1 367736 0
1 1 6868 6868 260909 0
6868 6868 1 1 367812 0
1 1 6869 6869 260963 0
6869 6869 1 1 367888 0
1 1 6870 6870 261017 0
6870 6870 1 1 367964 0
1 1 6871 6871 261071 0
6871 6871 1 1 368040 0
1 1 6872 6872 261125 0
6872 6872 1 1 368116 0
1 1 6873 6873 261179 0
6873 6873 1 1 368192 0
1 1 6874 6874 261233 0
6874 6874 1 1 368268 0
1 1 6875 6875 261287 0
6875 6875 1 1 368344 0
1 1 6876 6876 261341 0
6876 6876 1 1 368420 0
1 1 6877 6877 261395 0
6877 6877 1 1 368496 0
1 1 6878 6878 261449 0
6878 6878 1 1 368572 0
1 1 6879 6879 261503 0
6879 6879 1 1 368648 0
1 1 6880 6880 261557 0
6880 6880 1 1 368724 0
1 1 6881 6881 261611 0
6881 6881 1 1 368800 0
1 1 6882 6882 261665 0
6882 6882 1 1 368876 0
1 1 6883 6883 261719 0
6883 6883 1 1 368952 0
1 1 6884 6884 261773 0
6884 6884 1 1 369028 0
1 1 6885 6885 261827 0
6885 6885 1 1 369104 0
1 1 6886 6886 261881 0
6886 6886 1 1 369180 0
1 1 6887 6887 260286 0
6887 6887 1 1 369256 0
1 1 6888 6888 260340 0
6888 6888 1 1 369332 0
1 1 6889 6889 260394 0
6889 6889 1 1 369408 0
1 1 6890 6890 260448 0
6890 6890 1 1 369484 0
1 1 6891 6891 260502 0
6891 6891 1 1 369560 0
1 1 6892 6892 260556 0
6892 6892 1 1 369636 0
1 1 6893 6893 260610 0
6893 6893 1 1 369712 0
1 1 6894 6894 260664 0
6894 6894 1 1 369788 0
1 1 6895 6895 260718 0
6895 6895 1 1 369864 0
1 1 6896 6896 260772 0
6896 6896 1 1 369940 0
1 1 6897 6897 260826 0
6897 6897 1 1 370016 0
1 1 6898 6898 260880 0
6898 6898 1 1 370092 0
1 1 6899 6899 260934 0
6899 6899 1 1 370168 0
1 1 6900 6900 260988 0
6900 6900 1 1 370244 0
1 1 6901 6901 261042 0
6901 6901 1 1 370320 0
1 1 6902 6902 261096 0
6902 6902 1 1 370396 0
1 1 6903 6903 261150 0
6903 6903 1 1 370472 0
1 1 6904 6904 261204 0
6904 6904 1 1 370548 0
1 1 6905 6905 261258 0
6905 6905 1 1 370624 0
1 1 6906 6906 261312 0
6906 6906 1 1 370700 0
1 1 6907 6907 261366 0
6907 6907 1 1 370776 0
1 1 6908 6908 261420 0
6908 6908 1 1 370852 0
1 1 6909 6909 261474 0
6909 6909 1 1 370928 0
1 1 6910 6910 261528 0
6910 6910 1 1 371004 0
1 1 6911 6911 261582 0
6911 6911 1 1 371080 0
1 1 6912 6912 261636 0
6912 6912 1 1 371156 0
1 1 6913 6913 261690 0
6913 6913 1 1 371232 0
1 1 6914 6914 261744 0
6914 6914 1 1 371308 0
1 1 6915 6915 261798 0
6915 6915 1 1 371384 0
1 1 6916 6916 261852 0
6916 6916 1 1 371460 0
1 1 6917 6917 261906 0
6917 6917 1 1 371536 0
1 1 6918 6918 261960 0
6918 6918 1 1 371612 0
1 1 6919 6919 262014 0
6919 6919 1 1 371688 0
1 1 6920 6920 262068 0
6920 6920 1 1 371764 0
1 1 6921 6921 262122 0
6921 6921 1 1 371840 0
1 1 6922 6922 262176 0
6922 6922 1 1 371916 0
1 1 6923 6923 262230 0
6923 6923 1 1 371992 0
1 1 6924 6924 262284 0
6924 6924 1 1 372068 0
1 1 6925 6925 262338 0
6925 6925 1 1 372144 0
1 1 6926 6926 262392 0
6926 6926 1 1 372220 0
1 1 6927 6927 262446 0
6927 6927 1 1 372296 0
1 1 6928 6928 262500 0
6928 6928 1 1 372372 0
1 1 6929 6929 262554 0
6929 6929 1 1 372448 0
1 1 6930 6930 262608 0
6930 6930 1 1 372524 0
1 1 6931 6931 262662 0
6931 6931 1 1 372600 0
1 1 6932 6932 262716 0
6932 6932 1 1 372676 0
1 1 6933 6933 262770 0
6933 6933 1 1 372752 0
1 1 6934 6934 262824 0
6934 6934 1 1 372828 0
1 1 6935 6935 262878 0
6935 6935 1 1 372904 0
1 1 6936 6936 262932 0
6936 6936 1 1 372980 0
1 1 6937 6937 262986 0
6937 6937 1 1 373056 0
1 1 6938 6938 263040 0
6938 6938 1 1 373132 0
1 1 6939 6939 263094 0
6939 6939 1 1 373208 0
1 1 6940 6940 263148 0
6940 6940 1 1 373284 0
1 1 6941 6941 263202 0
6941 6941 1 1 373360 0
1 1 6942 6942 263256 0
6942 6942 1 1 371389 0
1 1 6943 6943 263310 0
6943 6943 1 1 371465 0
1 1 6944 6944 263364 0
6944 6944 1 1 371541 0
1 1 6945 6945 263418 0
6945 6945 1 1 371617 0
1 1 6946 6946 263472 0
6946 6946 1 1 371693 0
1 1 6947 6947 263526 0
6947 6947 1 1 371769 0
1 1 6948 6948 263580 0
6948 6948 1 1 371845 0
1 1 6949 6949 263634 0
6949 6949 1 1 371921 0
1 1 6950 6950 263688 0
6950 6950 1 1 371997 0
1 1 6951 6951 263742 0
6951 6951 1 1 372073 0
1 1 6952 6952 263796 0
6952 6952 1 1 372149 0
1 1 6953 6953 263850 0
6953 6953 1 1 372225 0
1 1 6954 6954 263904 0
6954 6954 1 1 372301 0
1 1 6955 6955 263958 0
6955 6955 1 1 372377 0
1 1 6956 6956 264012 0
6956 6956 1 1 372453 0
1 1 6957 6957 264066 0
6957 6957 1 1 372529 0
1 1 6958 6958 264120 0
6958 6958 1 1 372605 0
1 1 6959 6959 264174 0
6959 6959 1 1 372681 0
1 1 6960 6960 264228 0
6960 6960 1 1 372757 0
1 1 6961 6961 264282 0
6961 6961 1 1 372833 0
1 1 6962 6962 264336 0
6962 6962 1 1 372909 0
1 1 6963 6963 264390 0
6963 6963 1 1 372985 0
1 1 6964 6964 264444 0
6964 6964 1 1 373061 0
1 1 6965 6965 264498 0
6965 6965 1 1 373137 0
1 1 6966 6966 264552 0
6966 6966 1 1 373213 0
1 1 6967 6967 264606 0
6967 6967 1 1 373289 0
1 1 6968 6968 264660 0
6968 6968 1 1 373365 0
1 1 6969 6969 264714 0
6969 6969 1 1 373441 0
1 1 6970 6970 264768 0
6970 6970 1 1 373517 0
1 1 6971 6971 264822 0
6971 6971 1 1 373593 0
1 1 6972 6972 264876 0
6972 6972 1 1 373669 0
1 1 6973 6973 264930 0
6973 6973 1 1 373745 0
1 1 6974 6974 264984 0
6974 6974 1 1 373821 0
1 1 6975 6975 265038 0
6975 6975 1 1 373897 0
1 1 6976 6976 265092 0
6976 6976 1 1 373973 0
1 1 6977 6977 265146 0
6977 6977 1 1 374049 0
1 1 6978 6978 265200 0
6978 6978 1 1 374125 0
1 1 6979 6979 265254 0
6979 6979 1 1 374201 0
1 1 6980 6980 265308 0
6980 6980 1 1 374277 0
1 1 6981 6981 265362 0
6981 6981 1 1 374353 0
1 1 6982 6982 265416 0
6982 6982 1 1 374429 0
1 1 6983 6983 265470 0
6983 6983 1 1 374505 0
1 1 6984 6984 263875 0
6984 6984 1 1 374581 0
1 1 6985 6985 263929 0
6985 6985 1 1 374657 0
1 1 6986 6986 263983 0
6986 6986 1 1 374733 0
1 1 6987 6987 264037 0
6987 6987 1 1 374809 0
1 1 6988 6988 264091 0
6988 6988 1 1 374885 0
1 1 6989 6989 264145 0
6989 6989 1 1 374961 0
1 1 6990 6990 264199 0
6990 6990 1 1 375037 0
1 1 6991 6991 264253 0
6991 6991 1 1 375113 0
1 1 6992 6992 264307 0
6992 6992 1 1 375189 0
1 1 6993 6993 264361 0
6993 6993 1 1 375265 0
1 1 6994 6994 264415 0
6994 6994 1 1 375341 0
1 1 6995 6995 264469 0
6995 6995 1 1 375417 0
1 1 6996 6996 264523 0
6996 6996 1 1 375493 0
1 1 6997 6997 264577 0
6997 6997 1 1 375569 0
1 1 6998 6998 264631 0
6998 6998 1 1 375645 0
1 1 6999 6999 264685 0
6999 6999 1 1 375721 0
1 1 7000 7000 264739 0
7000 7000 1 1 375797 0
1 1 7001 7001 264793 0
7001 7001 1 1 375873 0
1 1 7002 7002 264847 0
7002 7002 1 1 375949 0
1 1 7003 7003 264901 0
7003 7003 1 1 376025 0
1 1 7004 7004 264955 0
7004 7004 1 1 376101 0
1 1 7005 7005 265009 0
7005 7005 1 1 376177 0
1 1 7006 7006 265063 0
7006 7006 1 1 376253 0
1 1 7007 7007 265117 0
7007 7007 1 1 376329 0
1 1 7008 7008 265171 0
7008 7008 1 1 376405 0
1 1 7009 7009 265225 0
7009 7009 1 1 376481 0
1 1 7010 7010 265279 0
7010 7010 1 1 376557 0
1 1 7011 7011 265333 0
7011 7011 1 1 376633 0
1 1 7012 7012 265387 0
7012 7012 1 1 376709 0
1 1 7013 7013 265441 0
7013 7013 1 1 376785 0
1 1 7014 7014 265495 0
7014 7014 1 1 376861 0
1 1 7015 7015 265549 0
7015 7015 1 1 376937 0
1 1 7016 7016 265603 0
7016 7016 1 1 377013 0
1 1 7017 7017 265657 0
7017 7017 1 1 377089 0
1 1 7018 7018 265711 0
7018 7018 1 1 377165 0
1 1 7019 7019 265765 0
7019 7019 1 1 377241 0
1 1 7020 7020 265819 0
7020 7020 1 1 377317 0
1 1 7021 7021 265873 0
7021 7021 1 1 377393 0
1 1 7022 7022 265927 0
7022 7022 1 1 377469 0
1 1 7023 7023 265981 0
7023 7023 1 1 377545 0
1 1 7024 7024 266035 0
7024 7024 1 1 377621 0
1 1 7025 7025 266089 0
7025 7025 1 1 377697 0
1 1 7026 7026 266143 0
7026 7026 1 1 377773 0
1 1 7027 7027 266197 0
7027 7027 1 1 377849 0
1 1 7028 7028 266251 0
7028 7028 1 1 377925 0
1 1 7029 7029 266305 0
7029 7029 1 1 378001 0
1 1 7030 7030 266359 0
7030 7030 1 1 378077 0
1 1 7031 7031 266413 0
7031 7031 1 1 376106 0
1 1 7032 7032 266467 0
7032 7032 1 1 376182 0
1 1 7033 7033 266521 0
7033 7033 1 1 376258 0
1 1 7034 7034 266575 0
7034 7034 1 1 376334 0
1 1 7035 7035 266629 0
7035 7035 1 1 376410 0
1 1 7036 7036 266683 0
7036 7036 1 1 376486 0
1 1 7037 7037 266737 0
7037 7037 1 1 376562 0
1 1 7038 7038 266791 0
7038 7038 1 1 376638 0
1 1 7039 7039 266845 0
7039 7039 1 1 376714 0
1 1 7040 7040 266899 0
7040 7040 1 1 376790 0
1 1 7041 7041 266953 0
7041 7041 1 1 376866 0
1 1 7042 7042 267007 0
7042 7042 1 1 376942 0
1 1 7043 7043 267061 0
7043 7043 1 1 377018 0
1 1 7044 7044 267115 0
7044 7044 1 1 377094 0
1 1 7045 7045 267169 0
7045 7045 1 1 377170 0
1 1 7046 7046 267223 0
7046 7046 1 1 377246 0
1 1 7047 7047 267277 0
7047 7047 1 1 377322 0
1 1 7048 7048 267331 0
7048 7048 1 1 377398 0
1 1 7049 7049 267385 0
7049 7049 1 1 377474 0
1 1 7050 7050 267439 0
7050 7050 1 1 377550 0
1 1 7051 7051 267493 0
7051 7051 1 1 377626 0
1 1 7052 7052 267547 0
7052 7052 1 1 377702 0
1 1 7053 7053 267601 0
7053 7053 1 1 377778 0
1 1 7054 7054 267655 0
7054 7054 1 1 377854 0
1 1 7055 7055 267709 0
7055 7055 1 1 377930 0
1 1 7056 7056 267763 0
7056 7056 1 1 378006 0
1 1 7057 7057 267817 0
7057 7057 1 1 378082 0
1 1 7058 7058 267871 0
7058 7058 1 1 378158 0
1 1 7059 7059 267925 0
7059 7059 1 1 378234 0
1 1 7060 7060 267979 0
7060 7060 1 1 378310 0
1 1 7061 7061 268033 0
7061 7061 1 1 378386 0
1 1 7062 7062 268087 0
7062 7062 1 1 378462 0
1 1 7063 7063 268141 0
7063 7063 1 1 378538 0
1 1 7064 7064 268195 0
7064 7064 1 1 378614 0
1 1 7065 7065 268249 0
7065 7065 1 1 378690 0
1 1 7066 7066 268303 0
7066 7066 1 1 378766 0
1 1 7067 7067 268357 0
7067 7067 1 1 378842 0
1 1 7068 7068 268411 0
7068 7068 1 1 378918 0
1 1 7069 7069 268465 0
7069 7069 1 1 378994 0
1 1 7070 7070 268519 0
7070 7070 1 1 379070 0
1 1 7071 7071 268573 0
7071 7071 1 1 379146 0
1 1 7072 7072 268627 0
7072 7072 1 1 379222 0
1 1 7073 7073 268681 0
7073 7073 1 1 379298 0
1 1 7074 7074 268735 0
7074 7074 1 1 379374 0
1 1 7075 7075 268789 0
7075 7075 1 1 379450 0
1 1 7076 7076 268843 0
7076 7076 1 1 379526 0
1 1 7077 7077 268897 0
7077 7077 1 1 379602 0
1 1 7078 7078 268951 0
7078 7078 1 1 379678 0
1 1 7079 7079 269005 0
7079 7079 1 1 379754 0
1 1 7080 7080 269059 0
7080 7080 1 1 379830 0
1 1 7081 7081 267464 0
7081 7081 1 1 379906 0
1 1 7082 7082 267518 0
7082 7082 1 1 379982 0
1 1 7083 7083 267572 0
7083 7083 1 1 380058 0
1 1 7084 7084 267626 0
7084 7084 1 1 380134 0
1 1 7085 7085 267680 0
7085 7085 1 1 380210 0
1 1 7086 7086 267734 0
7086 7086 1 1 380286 0
1 1 7087 7087 267788 0
7087 7087 1 1 380362 0
1 1 7088 7088 267842 0
7088 7088 1 1 380438 0
1 1 7089 7089 267896 0
7089 7089 1 1 380514 0
1 1 7090 7090 267950 0
7090 7090 1 1 380590 0
1 1 7091 7091 268004 0
7091 7091 1 1 380666 0
1 1 7092 7092 268058 0
7092 7092 1 1 380742 0
1 1 7093 7093 268112 0
7093 7093 1 1 380818 0
1 1 7094 7094 268166 0
7094 7094 1 1 380894 0
1 1 7095 7095 268220 0
7095 7095 1 1 380970 0
1 1 7096 7096 268274 0
7096 7096 1 1 381046 0
1 1 7097 7097 268328 0
7097 7097 1 1 381122 0
1 1 7098 7098 268382 0
7098 7098 1 1 381198 0
1 1 7099 7099 268436 0
7099 7099 1 1 381274 0
1 1 7100 7100 268490 0
7100 7100 1 1 381350 0
1 1 7101 7101 268544 0
7101 7101 1 1 381426 0
1 1 7102 7102 268598 0
7102 7102 1 1 381502 0
1 1 7103 7103 268652 0
7103 7103 1 1 381578 0
1 1 7104 7104 268706 0
7104 7104 1 1 381654 0
1 1 7105 7105 268760 0
7105 7105 1 1 381730 0
1 1 7106 7106 268814 0
7106 7106 1 1 381806 0
1 1 7107 7107 268868 0
7107 7107 1 1 381882 0
1 1 7108 7108 268922 0
7108 7108 1 1 381958 0
1 1 7109 7109 268976 0
7109 7109 1 1 382034 0
1 1 7110 7110 269030 0
7110 7110 1 1 382110 0
1 1 7111 7111 269084 0
7111 7111 1 1 382186 0
1 1 7112 7112 269138 0
7112 7112 1 1 382262 0
1 1 7113 7113 269192 0
7113 7113 1 1 382338 0
1 1 7114 7114 269246 0
7114 7114 1 1 382414 0
1 1 7115 7115 269300 0
7115 7115 1 1 382490 0
1 1 7116 7116 269354 0
7116 7116 1 1 382566 0
1 1 7117 7117 269408 0
7117 7117 1 1 382642 0
1 1 7118 7118 269462 0
7118 7118 1 1 382718 0
1 1 7119 7119 269516 0
7119 7119 1 1 382794 0
1 1 7120 7120 269570 0
7120 7120 1 1 380823 0
1 1 7121 7121 269624 0
7121 7121 1 1 380899 0
1 1 7122 7122 269678 0
7122 7122 1 1 380975 0
1 1 7123 7123 269732 0
7123 7123 1 1 381051 0
1 1 7124 7124 269786 0
7124 7124 1 1 381127 0
1 1 7125 7125 269840 0
7125 7125 1 1 381203 0
1 1 7126 7126 269894 0
7126 7126 1 1 381279 0
1 1 7127 7127 269948 0
7127 7127 1 1 381355 0
1 1 7128 7128 270002 0
7128 7128 1 1 381431 0
1 1 7129 7129 270056 0
7129 7129 1 1 381507 0
1 1 7130 7130 270110 0
7130 7130 1 1 381583 0
1 1 7131 7131 270164 0
7131 7131 1 1 381659 0
1 1 7132 7132 270218 0
7132 7132 1 1 381735 0
1 1 7133 7133 270272 0
7133 7133 1 1 381811 0
1 1 7134 7134 270326 0
7134 7134 1 1 381887 0
1 1 7135 7135 270380 0
7135 7135 1 1 381963 0
1 1 7136 7136 270434 0
7136 7136 1 1 382039 0
1 1 7137 7137 270488 0
7137 7137 1 1 382115 0
1 1 7138 7138 270542 0
7138 7138 1 1 382191 0
1 1 7139 7139 270596 0
7139 7139 1 1 382267 0
1 1 7140 7140 270650 0
7140 7140 1 1 382343 0
1 1 7141 7141 270704 0
7141 7141 1 1 382419 0
1 1 7142 7142 270758 0
7142 7142 1 1 382495 0
1 1 7143 7143 270812 0
7143 7143 1 1 382571 0
1 1 7144 7144 270866 0
7144 7144 1 1 382647 0
1 1 7145 7145 270920 0
7145 7145 1 1 382723 0
1 1 7146 7146 270974 0
7146 7146 1 1 382799 0
1 1 7147 7147 271028 0
7147 7147 1 1 382875 0
1 1 7148 7148 271082 0
7148 7148 1 1 382951 0
1 1 7149 7149 271136 0
7149 7149 1 1 383027 0
1 1 7150 7150 271190 0
7150 7150 1 1 383103 0
1 1 7151 7151 271244 0
7151 7151 1 1 383179 0
1 1 7152 7152 271298 0
7152 7152 1 1 383255 0
1 1 7153 7153 271352 0
7153 7153 1 1 383331 0
1 1 7154 7154 271406 0
7154 7154 1 1 383407 0
1 1 7155 7155 271460 0
7155 7155 1 1 383483 0
1 1 7156 7156 271514 0
7156 7156 1 1 383559 0
1 1 7157 7157 271568 0
7157 7157 1 1 383635 0
1 1 7158 7158 271622 0
7158 7158 1 1 383711 0
1 1 7159 7159 271676 0
7159 7159 1 1 383787 0
1 1 7160 7160 271730 0
7160 7160 1 1 383863 0
1 1 7161 7161 271784 0
7161 7161 1 1 383939 0
1 1 7162 7162 271838 0
7162 7162 1 1 384015 0
1 1 7163 7163 271892 0
7163 7163 1 1 384091 0
1 1 7164 7164 271946 0
7164 7164 1 1 384167 0
1 1 7165 7165 272000 0
7165 7165 1 1 384243 0
1 1 7166 7166 272054 0
7166 7166 1 1 384319 0
1 1 7167 7167 272108 0
7167 7167 1 1 384395 0
1 1 7168 7168 272162 0
7168 7168 1 1 384471 0
1 1 7169 7169 272216 0
7169 7169 1 1 384547 0
1 1 7170 7170 272270 0
7170 7170 1 1 384623 0
1 1 7171 7171 272324 0
7171 7171 1 1 384699 0
1 1 7172 7172 272378 0
7172 7172 1 1 384775 0
1 1 7173 7173 272432 0
7173 7173 1 1 384851 0
1 1 7174 7174 272486 0
7174 7174 1 1 384927 0
1 1 7175 7175 272540 0
7175 7175 1 1 385003 0
1 1 7176 7176 272594 0
7176 7176 1 1 385079 0
1 1 7177 7177 272648 0
7177 7177 1 1 385155 0
1 1 7178 7178 271053 0
7178 7178 1 1 385231 0
1 1 7179 7179 271107 0
7179 7179 1 1 385307 0
1 1 7180 7180 271161 0
7180 7180 1 1 385383 0
1 1 7181 7181 271215 0
7181 7181 1 1 385459 0
1 1 7182 7182 271269 0
7182 7182 1 1 385535 0
1 1 7183 7183 271323 0
7183 7183 1 1 385611 0
1 1 7184 7184 271377 0
7184 7184 1 1 385687 0
1 1 7185 7185 271431 0
7185 7185 1 1 385763 0
1 1 7186 7186 271485 0
7186 7186 1 1 385839 0
1 1 7187 7187 271539 0
7187 7187 1 1 385915 0
1 1 7188 7188 271593 0
7188 7188 1 1 385991 0
1 1 7189 7189 271647 0
7189 7189 1 1 386067 0
1 1 7190 7190 271701 0
7190 7190 1 1 386143 0
1 1 7191 7191 271755 0
7191 7191 1 1 386219 0
1 1 7192 7192 271809 0
7192 7192 1 1 386295 0
1 1 7193 7193 271863 0
7193 7193 1 1 386371 0
1 1 7194 7194 271917 0
7194 7194 1 1 386447 0
1 1 7195 7195 271971 0
7195 7195 1 1 386523 0
1 1 7196 7196 272025 0
7196 7196 1 1 386599 0
1 1 7197 7197 272079 0
7197 7197 1 1 386675 0
1 1 7198 7198 272133 0
7198 7198 1 1 386751 0
1 1 7199 7199 272187 0
7199 7199 1 1 386827 0
1 1 7200 7200 272241 0
7200 7200 1 1 386903 0
1 1 7201 7201 272295 0
7201 7201 1 1 386979 0
1 1 7202 7202 272349 0
7202 7202 1 1 387055 0
1 1 7203 7203 272403 0
7203 7203 1 1 387131 0
1 1 7204 7204 272457 0
7204 7204 1 1 387207 0
1 1 7205 7205 272511 0
7205 7205 1 1 387283 0
1 1 7206 7206 272565 0
7206 7206 1 1 387359 0
1 1 7207 7207 272619 0
7207 7207 1 1 387435 0
1 1 7208 7208 272673 0
7208 7208 1 1 387511 0
1 1 7209 7209 272727 0
7209 7209 1 1 385540 0
1 1 7210 7210 272781 0
7210 7210 1 1 385616 0
1 1 7211 7211 272835 0
7211 7211 1 1 385692 0
1 1 7212 7212 272889 0
7212 7212 1 1 385768 0
1 1 7213 7213 272943 0
7213 7213 1 1 385844 0
1 1 7214 7214 272997 0
7214 7214 1 1 385920 0
1 1 7215 7215 273051 0
7215 7215 1 1 385996 0
1 1 7216 7216 273105 0
7216 7216 1 1 386072 0
1 1 7217 7217 273159 0
7217 7217 1 1 386148 0
1 1 7218 7218 273213 0
7218 7218 1 1 386224 0
1 1 7219 7219 273267 0
7219 7219 1 1 386300 0
1 1 7220 7220 273321 0
7220 7220 1 1 386376 0
1 1 7221 7221 273375 0
7221 7221 1 1 386452 0
1 1 7222 7222 273429 0
7222 7222 1 1 386528 0
1 1 7223 7223 273483 0
7223 7223 1 1 386604 0
1 1 7224 7224 273537 0
7224 7224 1 1 386680 0
1 1 7225 7225 273591 0
7225 7225 1 1 386756 0
1 1 7226 7226 273645 0
7226 7226 1 1 386832 0
1 1 7227 7227 273699 0
7227 7227 1 1 386908 0
1 1 7228 7228 273753 0
7228 7228 1 1 386984 0
1 1 7229 7229 273807 0
7229 7229 1 1 387060 0
1 1 7230 7230 273861 0
7230 7230 1 1 387136 0
1 1 7231 7231 273915 0
7231 7231 1 1 387212 0
1 1 7232 7232 273969 0
7232 7232 1 1 387288 0
1 1 7233 7233 274023 0
7233 7233 1 1 387364 0
1 1 7234 7234 274077 0
7234 7234 1 1 387440 0
1 1 7235 7235 274131 0
7235 7235 1 1 387516 0
1 1 7236 7236 274185 0
7236 7236 1 1 387592 0
1 1 7237 7237 274239 0
7237 7237 1 1 387668 0
1 1 7238 7238 274293 0
7238 7238 1 1 387744 0
1 1 7239 7239 274347 0
7239 7239 1 1 387820 0
1 1 7240 7240 274401 0
7240 7240 1 1 387896 0
1 1 7241 7241 274455 0
7241 7241 1 1 387972 0
1 1 7242 7242 274509 0
7242 7242 1 1 388048 0
1 1 7243 7243 274563 0
7243 7243 1 1 388124 0
1 1 7244 7244 274617 0
7244 7244 1 1 388200 0
1 1 7245 7245 274671 0
7245 7245 1 1 388276 0
1 1 7246 7246 274725 0
7246 7246 1 1 388352 0
1 1 7247 7247 274779 0
7247 7247 1 1 388428 0
1 1 7248 7248 274833 0
7248 7248 1 1 388504 0
1 1 7249 7249 274887 0
7249 7249 1 1 388580 0
1 1 7250 7250 274941 0
7250 7250 1 1 388656 0
1 1 7251 7251 274995 0
7251 7251 1 1 388732 0
1 1 7252 7252 275049 0
7252 7252 1 1 388808 0
1 1 7253 7253 275103 0
7253 7253 1 1 388884 0
1 1 7254 7254 275157 0
7254 7254 1 1 388960 0
1 1 7255 7255 275211 0
7255 7255 1 1 389036 0
1 1 7256 7256 275265 0
7256 7256 1 1 389112 0
1 1 7257 7257 275319 0
7257 7257 1 1 389188 0
1 1 7258 7258 275373 0
7258 7258 1 1 389264 0
1 1 7259 7259 275427 0
7259 7259 1 1 389340 0
1 1 7260 7260 275481 0
7260 7260 1 1 389416 0
1 1 7261 7261 275535 0
7261 7261 1 1 389492 0
1 1 7262 7262 275589 0
7262 7262 1 1 389568 0
1 1 7263 7263 275643 0
7263 7263 1 1 389644 0
1 1 7264 7264 275697 0
7264 7264 1 1 389720 0
1 1 7265 7265 275751 0
7265 7265 1 1 389796 0
1 1 7266 7266 275805 0
7266 7266 1 1 389872 0
1 1 7267 7267 275859 0
7267 7267 1 1 389948 0
1 1 7268 7268 275913 0
7268 7268 1 1 390024 0
1 1 7269 7269 275967 0
7269 7269 1 1 390100 0
1 1 7270 7270 276021 0
7270 7270 1 1 390176 0
1 1 7271 7271 276075 0
7271 7271 1 1 390252 0
1 1 7272 7272 276129 0
7272 7272 1 1 390328 0
1 1 7273 7273 276183 0
7273 7273 1 1 390404 0
1 1 7274 7274 276237 0
7274 7274 1 1 390480 0
1 1 7275 7275 274642 0
7275 7275 1 1 390556 0
1 1 7276 7276 274696 0
7276 7276 1 1 390632 0
1 1 7277 7277 274750 0
7277 7277 1 1 390708 0
1 1 7278 7278 274804 0
7278 7278 1 1 390784 0
1 1 7279 7279 274858 0
7279 7279 1 1 390860 0
1 1 7280 7280 274912 0
7280 7280 1 1 390936 0
1 1 7281 7281 274966 0
7281 7281 1 1 391012 0
1 1 7282 7282 275020 0
7282 7282 1 1 391088 0
1 1 7283 7283 275074 0
7283 7283 1 1 391164 0
1 1 7284 7284 275128 0
7284 7284 1 1 391240 0
1 1 7285 7285 275182 0
7285 7285 1 1 391316 0
1 1 7286 7286 275236 0
7286 7286 1 1 391392 0
1 1 7287 7287 275290 0
7287 7287 1 1 391468 0
1 1 7288 7288 275344 0
7288 7288 1 1 391544 0
1 1 7289 7289 275398 0
7289 7289 1 1 391620 0
1 1 7290 7290 275452 0
7290 7290 1 1 391696 0
1 1 7291 7291 275506 0
7291 7291 1 1 391772 0
1 1 7292 7292 275560 0
7292 7292 1 1 391848 0
1 1 7293 7293 275614 0
7293 7293 1 1 391924 0
1 1 7294 7294 275668 0
7294 7294 1 1 392000 0
1 1 7295 7295 275722 0
7295 7295 1 1 392076 0
1 1 7296 7296 275776 0
7296 7296 1 1 392152 0
1 1 7297 7297 275830 0
7297 7297 1 1 392228 0
1 1 7298 7298 275884 0
7298 7298 1 1 390257 0
1 1 7299 7299 275938 0
7299 7299 1 1 390333 0
1 1 7300 7300 275992 0
7300 7300 1 1 390409 0
1 1 7301 7301 276046 0
7301 7301 1 1 390485 0
1 1 7302 7302 276100 0
7302 7302 1 1 390561 0
1 1 7303 7303 276154 0
7303 7303 1 1 390637 0
1 1 7304 7304 276208 0
7304 7304 1 1 390713 0
1 1 7305 7305 276262 0
7305 7305 1 1 390789 0
1 1 7306 7306 276316 0
7306 7306 1 1 390865 0
1 1 7307 7307 276370 0
7307 7307 1 1 390941 0
1 1 7308 7308 276424 0
7308 7308 1 1 391017 0
1 1 7309 7309 276478 0
7309 7309 1 1 391093 0
1 1 7310 7310 276532 0
7310 7310 1 1 391169 0
1 1 7311 7311 276586 0
7311 7311 1 1 391245 0
1 1 7312 7312 276640 0
7312 7312 1 1 391321 0
1 1 7313 7313 276694 0
7313 7313 1 1 391397 0
1 1 7314 7314 276748 0
7314 7314 1 1 391473 0
1 1 7315 7315 276802 0
7315 7315 1 1 391549 0
1 1 7316 7316 276856 0
7316 7316 1 1 391625 0
1 1 7317 7317 276910 0
7317 7317 1 1 391701 0
1 1 7318 7318 276964 0
7318 7318 1 1 391777 0
1 1 7319 7319 277018 0
7319 7319 1 1 391853 0
1 1 7320 7320 277072 0
7320 7320 1 1 391929 0
1 1 7321 7321 277126 0
7321 7321 1 1 392005 0
1 1 7322 7322 277180 0
7322 7322 1 1 392081 0
1 1 7323 7323 277234 0
7323 7323 1 1 392157 0
1 1 7324 7324 277288 0
7324 7324 1 1 392233 0
1 1 7325 7325 277342 0
7325 7325 1 1 392309 0
1 1 7326 7326 277396 0
7326 7326 1 1 392385 0
1 1 7327 7327 277450 0
7327 7327 1 1 392461 0
1 1 7328 7328 277504 0
7328 7328 1 1 392537 0
1 1 7329 7329 277558 0
7329 7329 1 1 392613 0
1 1 7330 7330 277612 0
7330 7330 1 1 392689 0
1 1 7331 7331 277666 0
7331 7331 1 1 392765 0
1 1 7332 7332 277720 0
7332 7332 1 1 392841 0
1 1 7333 7333 277774 0
7333 7333 1 1 392917 0
1 1 7334 7334 277828 0
7334 7334 1 1 392993 0
1 1 7335 7335 277882 0
7335 7335 1 1 393069 0
1 1 7336 7336 277936 0
7336 7336 1 1 393145 0
1 1 7337 7337 277990 0
7337 7337 1 1 393221 0
1 1 7338 7338 278044 0
7338 7338 1 1 393297 0
1 1 7339 7339 278098 0
7339 7339 1 1 393373 0
1 1 7340 7340 278152 0
7340 7340 1 1 393449 0
1 1 7341 7341 278206 0
7341 7341 1 1 393525 0
1 1 7342 7342 278260 0
7342 7342 1 1 393601 0
1 1 7343 7343 278314 0
7343 7343 1 1 393677 0
1 1 7344 7344 278368 0
7344 7344 1 1 393753 0
1 1 7345 7345 278422 0
7345 7345 1 1 393829 0
1 1 7346 7346 278476 0
7346 7346 1 1 393905 0
1 1 7347 7347 278530 0
7347 7347 1 1 393981 0
1 1 7348 7348 278584 0
7348 7348 1 1 394057 0
1 1 7349 7349 278638 0
7349 7349 1 1 394133 0
1 1 7350 7350 278692 0
7350 7350 1 1 394209 0
1 1 7351 7351 278746 0
7351 7351 1 1 394285 0
1 1 7352 7352 278800 0
7352 7352 1 1 394361 0
1 1 7353 7353 278854 0
7353 7353 1 1 394437 0
1 1 7354 7354 278908 0
7354 7354 1 1 394513 0
1 1 7355 7355 278962 0
7355 7355 1 1 394589 0
1 1 7356 7356 279016 0
7356 7356 1 1 394665 0
1 1 7357 7357 279070 0
7357 7357 1 1 394741 0
1 1 7358 7358 279124 0
7358 7358 1 1 394817 0
1 1 7359 7359 279178 0
7359 7359 1 1 394893 0
1 1 7360 7360 279232 0
7360 7360 1 1 394969 0
1 1 7361 7361 279286 0
7361 7361 1 1 395045 0
1 1 7362 7362 279340 0
7362 7362 1 1 395121 0
1 1 7363 7363 279394 0
7363 7363 1 1 395197 0
1 1 7364 7364 279448 0
7364 7364 1 1 395273 0
1 1 7365 7365 279502 0
7365 7365 1 1 395349 0
1 1 7366 7366 279556 0
7366 7366 1 1 395425 0
1 1 7367 7367 279610 0
7367 7367 1 1 395501 0
1 1 7368 7368 279664 0
7368 7368 1 1 395577 0
1 1 7369 7369 279718 0
7369 7369 1 1 395653 0
1 1 7370 7370 279772 0
7370 7370 1 1 395729 0
1 1 7371 7371 279826 0
7371 7371 1 1 395805 0
1 1 7372 7372 278231 0
7372 7372 1 1 395881 0
1 1 7373 7373 278285 0
7373 7373 1 1 395957 0
1 1 7374 7374 278339 0
7374 7374 1 1 396033 0
1 1 7375 7375 278393 0
7375 7375 1 1 396109 0
1 1 7376 7376 278447 0
7376 7376 1 1 396185 0
1 1 7377 7377 278501 0
7377 7377 1 1 396261 0
1 1 7378 7378 278555 0
7378 7378 1 1 396337 0
1 1 7379 7379 278609 0
7379 7379 1 1 396413 0
1 1 7380 7380 278663 0
7380 7380 1 1 396489 0
1 1 7381 7381 278717 0
7381 7381 1 1 396565 0
1 1 7382 7382 278771 0
7382 7382 1 1 396641 0
1 1 7383 7383 278825 0
7383 7383 1 1 396717 0
1 1 7384 7384 278879 0
7384 7384 1 1 396793 0
1 1 7385 7385 278933 0
7385 7385 1 1 396869 0
1 1 7386 7386 278987 0
7386 7386 1 1 396945 0
1 1 7387 7387 279041 0
7387 7387 1 1 394974 0
1 1 7388 7388 279095 0
7388 7388 1 1 395050 0
1 1 7389 7389 279149 0
7389 7389 1 1 395126 0
1 1 7390 7390 279203 0
7390 7390 1 1 395202 0
1 1 7391 7391 279257 0
7391 7391 1 1 395278 0
1 1 7392 7392 279311 0
7392 7392 1 1 395354 0
1 1 7393 7393 279365 0
7393 7393 1 1 395430 0
1 1 7394 7394 279419 0
7394 7394 1 1 395506 0
1 1 7395 7395 279473 0
7395 7395 1 1 395582 0
1 1 7396 7396 279527 0
7396 7396 1 1 395658 0
1 1 7397 7397 279581 0
7397 7397 1 1 395734 0
1 1 7398 7398 279635 0
7398 7398 1 1 395810 0
1 1 7399 7399 279689 0
7399 7399 1 1 395886 0
1 1 7400 7400 279743 0
7400 7400 1 1 395962 0
1 1 7401 7401 279797 0
7401 7401 1 1 396038 0
1 1 7402 7402 279851 0
7402 7402 1 1 396114 0
1 1 7403 7403 279905 0
7403 7403 1 1 396190 0
1 1 7404 7404 279959 0
7404 7404 1 1 396266 0
1 1 7405 7405 280013 0
7405 7405 1 1 396342 0
1 1 7406 7406 280067 0
7406 7406 1 1 396418 0
1 1 7407 7407 280121 0
7407 7407 1 1 396494 0
1 1 7408 7408 280175 0
7408 7408 1 1 396570 0
1 1 7409 7409 280229 0
7409 7409 1 1 396646 0
1 1 7410 7410 280283 0
7410 7410 1 1 396722 0
1 1 7411 7411 280337 0
7411 7411 1 1 396798 0
1 1 7412 7412 280391 0
7412 7412 1 1 396874 0
1 1 7413 7413 280445 0
7413 7413 1 1 396950 0
1 1 7414 7414 280499 0
7414 7414 1 1 397026 0
1 1 7415 7415 280553 0
7415 7415 1 1 397102 0
1 1 7416 7416 280607 0
7416 7416 1 1 397178 0
1 1 7417 7417 280661 0
7417 7417 1 1 397254 0
1 1 7418 7418 280715 0
7418 7418 1 1 397330 0
1 1 7419 7419 280769 0
7419 7419 1 1 397406 0
1 1 7420 7420 280823 0
7420 7420 1 1 397482 0
1 1 7421 7421 280877 0
7421 7421 1 1 397558 0
1 1 7422 7422 280931 0
7422 7422 1 1 397634 0
1 1 7423 7423 280985 0
7423 7423 1 1 397710 0
1 1 7424 7424 281039 0
7424 7424 1 1 397786 0
1 1 7425 7425 281093 0
7425 7425 1 1 397862 0
1 1 7426 7426 281147 0
7426 7426 1 1 397938 0
1 1 7427 7427 281201 0
7427 7427 1 1 398014 0
1 1 7428 7428 281255 0
7428 7428 1 1 398090 0
1 1 7429 7429 281309 0
7429 7429 1 1 398166 0
1 1 7430 7430 281363 0
7430 7430 1 1 398242 0
1 1 7431 7431 281417 0
7431 7431 1 1 398318 0
1 1 7432 7432 281471 0
7432 7432 1 1 398394 0
1 1 7433 7433 281525 0
7433 7433 1 1 398470 0
1 1 7434 7434 281579 0
7434 7434 1 1 398546 0
1 1 7435 7435 281633 0
7435 7435 1 1 398622 0
1 1 7436 7436 281687 0
7436 7436 1 1 398698 0
1 1 7437 7437 281741 0
7437 7437 1 1 398774 0
1 1 7438 7438 281795 0
7438 7438 1 1 398850 0
1 1 7439 7439 281849 0
7439 7439 1 1 398926 0
1 1 7440 7440 281903 0
7440 7440 1 1 399002 0
1 1 7441 7441 281957 0
7441 7441 1 1 399078 0
1 1 7442 7442 282011 0
7442 7442 1 1 399154 0
1 1 7443 7443 282065 0
7443 7443 1 1 399230 0
1 1 7444 7444 282119 0
7444 7444 1 1 399306 0
1 1 7445 7445 282173 0
7445 7445 1 1 399382 0
1 1 7446 7446 282227 0
7446 7446 1 1 399458 0
1 1 7447 7447 282281 0
7447 7447 1 1 399534 0
1 1 7448 7448 282335 0
7448 7448 1 1 399610 0
1 1 7449 7449 282389 0
7449 7449 1 1 399686 0
1 1 7450 7450 282443 0
7450 7450 1 1 399762 0
1 1 7451 7451 282497 0
7451 7451 1 1 399838 0
1 1 7452 7452 282551 0
7452 7452 1 1 399914 0
1 1 7453 7453 282605 0
7453 7453 1 1 399990 0
1 1 7454 7454 282659 0
7454 7454 1 1 400066 0
1 1 7455 7455 282713 0
7455 7455 1 1 400142 0
1 1 7456 7456 282767 0
7456 7456 1 1 400218 0
1 1 7457 7457 282821 0
7457 7457 1 1 400294 0
1 1 7458 7458 282875 0
7458 7458 1 1 400370 0
1 1 7459 7459 282929 0
7459 7459 1 1 400446 0
1 1 7460 7460 282983 0
7460 7460 1 1 400522 0
1 1 7461 7461 283037 0
7461 7461 1 1 400598 0
1 1 7462 7462 283091 0
7462 7462 1 1 400674 0
1 1 7463 7463 283145 0
7463 7463 1 1 400750 0
1 1 7464 7464 283199 0
7464 7464 1 1 400826 0
1 1 7465 7465 283253 0
7465 7465 1 1 400902 0
1 1 7466 7466 283307 0
7466 7466 1 1 400978 0
1 1 7467 7467 283361 0
7467 7467 1 1 401054 0
1 1 7468 7468 283415 0
7468 7468 1 1 401130 0
1 1 7469 7469 281820 0
7469 7469 1 1 401206 0
1 1 7470 7470 281874 0
7470 7470 1 1 401282 0
1 1 7471 7471 281928 0
7471 7471 1 1 401358 0
1 1 7472 7472 281982 0
7472 7472 1 1 401434 0
1 1 7473 7473 282036 0
7473 7473 1 1 401510 0
1 1 7474 7474 282090 0
7474 7474 1 1 401586 0
1 1 7475 7475 282144 0
7475 7475 1 1 401662 0
1 1 7476 7476 282198 0
7476 7476 1 1 399691 0
1 1 7477 7477 282252 0
7477 7477 1 1 399767 0
1 1 7478 7478 282306 0
7478 7478 1 1 399843 0
1 1 7479 7479 282360 0
7479 7479 1 1 399919 0
1 1 7480 7480 282414 0
7480 7480 1 1 399995 0
1 1 7481 7481 282468 0
7481 7481 1 1 400071 0
1 1 7482 7482 282522 0
7482 7482 1 1 400147 0
1 1 7483 7483 282576 0
7483 7483 1 1 400223 0
1 1 7484 7484 282630 0
7484 7484 1 1 400299 0
1 1 7485 7485 282684 0
7485 7485 1 1 400375 0
1 1 7486 7486 282738 0
7486 7486 1 1 400451 0
1 1 7487 7487 282792 0
7487 7487 1 1 400527 0
1 1 7488 7488 282846 0
7488 7488 1 1 400603 0
1 1 7489 7489 282900 0
7489 7489 1 1 400679 0
1 1 7490 7490 282954 0
7490 7490 1 1 400755 0
1 1 7491 7491 283008 0
7491 7491 1 1 400831 0
1 1 7492 7492 283062 0
7492 7492 1 1 400907 0
1 1 7493 7493 283116 0
7493 7493 1 1 400983 0
1 1 7494 7494 283170 0
7494 7494 1 1 401059 0
1 1 7495 7495 283224 0
7495 7495 1 1 401135 0
1 1 7496 7496 283278 0
7496 7496 1 1 401211 0
1 1 7497 7497 283332 0
7497 7497 1 1 401287 0
1 1 7498 7498 283386 0
7498 7498 1 1 401363 0
1 1 7499 7499 283440 0
7499 7499 1 1 401439 0
1 1 7500 7500 283494 0
7500 7500 1 1 401515 0
1 1 7501 7501 283548 0
7501 7501 1 1 401591 0
1 1 7502 7502 283602 0
7502 7502 1 1 401667 0
1 1 7503 7503 283656 0
7503 7503 1 1 401743 0
1 1 7504 7504 283710 0
7504 7504 1 1 401819 0
1 1 7505 7505 283764 0
7505 7505 1 1 401895 0
1 1 7506 7506 283818 0
7506 7506 1 1 401971 0
1 1 7507 7507 283872 0
7507 7507 1 1 402047 0
1 1 7508 7508 283926 0
7508 7508 1 1 402123 0
1 1 7509 7509 283980 0
7509 7509 1 1 402199 0
1 1 7510 7510 284034 0
7510 7510 1 1 402275 0
1 1 7511 7511 284088 0
7511 7511 1 1 402351 0
1 1 7512 7512 284142 0
7512 7512 1 1 402427 0
1 1 7513 7513 284196 0
7513 7513 1 1 402503 0
1 1 7514 7514 284250 0
7514 7514 1 1 402579 0
1 1 7515 7515 284304 0
7515 7515 1 1 402655 0
1 1 7516 7516 284358 0
7516 7516 1 1 402731 0
1 1 7517 7517 284412 0
7517 7517 1 1 402807 0
1 1 7518 7518 284466 0
7518 7518 1 1 402883 0
1 1 7519 7519 284520 0
7519 7519 1 1 402959 0
1 1 7520 7520 284574 0
7520 7520 1 1 403035 0
1 1 7521 7521 284628 0
7521 7521 1 1 403111 0
1 1 7522 7522 284682 0
7522 7522 1 1 403187 0
1 1 7523 7523 284736 0
7523 7523 1 1 403263 0
1 1 7524 7524 284790 0
7524 7524 1 1 403339 0
1 1 7525 7525 284844 0
7525 7525 1 1 403415 0
1 1 7526 7526 284898 0
7526 7526 1 1 403491 0
1 1 7527 7527 284952 0
7527 7527 1 1 403567 0
1 1 7528 7528 285006 0
7528 7528 1 1 403643 0
1 1 7529 7529 285060 0
7529 7529 1 1 403719 0
1 1 7530 7530 285114 0
7530 7530 1 1 403795 0
1 1 7531 7531 285168 0
7531 7531 1 1 403871 0
1 1 7532 7532 285222 0
7532 7532 1 1 403947 0
1 1 7533 7533 285276 0
7533 7533 1 1 404023 0
1 1 7534 7534 285330 0
7534 7534 1 1 404099 0
1 1 7535 7535 285384 0
7535 7535 1 1 404175 0
1 1 7536 7536 285438 0
7536 7536 1 1 404251 0
1 1 7537 7537 285492 0
7537 7537 1 1 404327 0
1 1 7538 7538 285546 0
7538 7538 1 1 404403 0
1 1 7539 7539 285600 0
7539 7539 1 1 404479 0
1 1 7540 7540 285654 0
7540 7540 1 1 404555 0
1 1 7541 7541 285708 0
7541 7541 1 1 404631 0
1 1 7542 7542 285762 0
7542 7542 1 1 404707 0
1 1 7543 7543 285816 0
7543 7543 1 1 404783 0
1 1 7544 7544 285870 0
7544 7544 1 1 404859 0
1 1 7545 7545 285924 0
7545 7545 1 1 404935 0
1 1 7546 7546 285978 0
7546 7546 1 1 405011 0
1 1 7547 7547 286032 0
7547 7547 1 1 405087 0
1 1 7548 7548 286086 0
7548 7548 1 1 405163 0
1 1 7549 7549 286140 0
7549 7549 1 1 405239 0
1 1 7550 7550 286194 0
7550 7550 1 1 405315 0
1 1 7551 7551 286248 0
7551 7551 1 1 405391 0
1 1 7552 7552 286302 0
7552 7552 1 1 405467 0
1 1 7553 7553 286356 0
7553 7553 1 1 405543 0
1 1 7554 7554 286410 0
7554 7554 1 1 405619 0
1 1 7555 7555 286464 0
7555 7555 1 1 405695 0
1 1 7556 7556 286518 0
7556 7556 1 1 405771 0
1 1 7557 7557 286572 0
7557 7557 1 1 405847 0
1 1 7558 7558 286626 0
7558 7558 1 1 405923 0
1 1 7559 7559 286680 0
7559 7559 1 1 405999 0
1 1 7560 7560 286734 0
7560 7560 1 1 406075 0
1 1 7561 7561 286788 0
7561 7561 1 1 406151 0
1 1 7562 7562 286842 0
7562 7562 1 1 406227 0
1 1 7563 7563 286896 0
7563 7563 1 1 406303 0
1 1 7564 7564 286950 0
7564 7564 1 1 406379 0
1 1 7565 7565 287004 0
7565 7565 1 1 404408 0
1 1 7566 7566 285409 0
7566 7566 1 1 404484 0
1 1 7567 7567 285463 0
7567 7567 1 1 404560 0
1 1 7568 7568 285517 0
7568 7568 1 1 404636 0
1 1 7569 7569 285571 0
7569 7569 1 1 404712 0
1 1 7570 7570 285625 0
7570 7570 1 1 404788 0
1 1 7571 7571 285679 0
7571 7571 1 1 404864 0
1 1 7572 7572 285733 0
7572 7572 1 1 404940 0
1 1 7573 7573 285787 0
7573 7573 1 1 405016 0
1 1 7574 7574 285841 0
7574 7574 1 1 405092 0
1 1 7575 7575 285895 0
7575 7575 1 1 405168 0
1 1 7576 7576 285949 0
7576 7576 1 1 405244 0
1 1 7577 7577 286003 0
7577 7577 1 1 405320 0
1 1 7578 7578 286057 0
7578 7578 1 1 405396 0
1 1 7579 7579 286111 0
7579 7579 1 1 405472 0
1 1 7580 7580 286165 0
7580 7580 1 1 405548 0
1 1 7581 7581 286219 0
7581 7581 1 1 405624 0
1 1 7582 7582 286273 0
7582 7582 1 1 405700 0
1 1 7583 7583 286327 0
7583 7583 1 1 405776 0
1 1 7584 7584 286381 0
7584 7584 1 1 405852 0
1 1 7585 7585 286435 0
7585 7585 1 1 405928 0
1 1 7586 7586 286489 0
7586 7586 1 1 406004 0
1 1 7587 7587 286543 0
7587 7587 1 1 406080 0
1 1 7588 7588 286597 0
7588 7588 1 1 406156 0
1 1 7589 7589 286651 0
7589 7589 1 1 406232 0
1 1 7590 7590 286705 0
7590 7590 1 1 406308 0
1 1 7591 7591 286759 0
7591 7591 1 1 406384 0
1 1 7592 7592 286813 0
7592 7592 1 1 406460 0
1 1 7593 7593 286867 0
7593 7593 1 1 406536 0
1 1 7594 7594 286921 0
7594 7594 1 1 406612 0
1 1 7595 7595 286975 0
7595 7595 1 1 406688 0
1 1 7596 7596 287029 0
7596 7596 1 1 406764 0
1 1 7597 7597 287083 0
7597 7597 1 1 406840 0
1 1 7598 7598 287137 0
7598 7598 1 1 406916 0
1 1 7599 7599 287191 0
7599 7599 1 1 406992 0
1 1 7600 7600 287245 0
7600 7600 1 1 407068 0
1 1 7601 7601 287299 0
7601 7601 1 1 407144 0
1 1 7602 7602 287353 0
7602 7602 1 1 407220 0
1 1 7603 7603 287407 0
7603 7603 1 1 407296 0
1 1 7604 7604 287461 0
7604 7604 1 1 407372 0
1 1 7605 7605 287515 0
7605 7605 1 1 407448 0
1 1 7606 7606 287569 0
7606 7606 1 1 407524 0
1 1 7607 7607 287623 0
7607 7607 1 1 407600 0
1 1 7608 7608 287677 0
7608 7608 1 1 407676 0
1 1 7609 7609 287731 0
7609 7609 1 1 407752 0
1 1 7610 7610 287785 0
7610 7610 1 1 407828 0
1 1 7611 7611 287839 0
7611 7611 1 1 407904 0
1 1 7612 7612 287893 0
7612 7612 1 1 407980 0
1 1 7613 7613 287947 0
7613 7613 1 1 408056 0
1 1 7614 7614 288001 0
7614 7614 1 1 408132 0
1 1 7615 7615 288055 0
7615 7615 1 1 408208 0
1 1 7616 7616 288109 0
7616 7616 1 1 408284 0
1 1 7617 7617 288163 0
7617 7617 1 1 408360 0
1 1 7618 7618 288217 0
7618 7618 1 1 408436 0
1 1 7619 7619 288271 0
7619 7619 1 1 408512 0
1 1 7620 7620 288325 0
7620 7620 1 1 408588 0
1 1 7621 7621 288379 0
7621 7621 1 1 408664 0
1 1 7622 7622 288433 0
7622 7622 1 1 408740 0
1 1 7623 7623 288487 0
7623 7623 1 1 408816 0
1 1 7624 7624 288541 0
7624 7624 1 1 408892 0
1 1 7625 7625 288595 0
7625 7625 1 1 408968 0
1 1 7626 7626 288649 0
7626 7626 1 1 409044 0
1 1 7627 7627 288703 0
7627 7627 1 1 409120 0
1 1 7628 7628 288757 0
7628 7628 1 1 409196 0
1 1 7629 7629 288811 0
7629 7629 1 1 409272 0
1 1 7630 7630 288865 0
7630 7630 1 1 409348 0
1 1 7631 7631 288919 0
7631 7631 1 1 409424 0
1 1 7632 7632 288973 0
7632 7632 1 1 409500 0
1 1 7633 7633 289027 0
7633 7633 1 1 409576 0
1 1 7634 7634 289081 0
7634 7634 1 1 409652 0
1 1 7635 7635 289135 0
7635 7635 1 1 409728 0
1 1 7636 7636 289189 0
7636 7636 1 1 409804 0
1 1 7637 7637 289243 0
7637 7637 1 1 409880 0
1 1 7638 7638 289297 0
7638 7638 1 1 409956 0
1 1 7639 7639 289351 0
7639 7639 1 1 410032 0
1 1 7640 7640 289405 0
7640 7640 1 1 410108 0
1 1 7641 7641 289459 0
7641 7641 1 1 410184 0
1 1 7642 7642 289513 0
7642 7642 1 1 410260 0
1 1 7643 7643 289567 0
7643 7643 1 1 410336 0
1 1 7644 7644 289621 0
7644 7644 1 1 410412 0
1 1 7645 7645 289675 0
7645 7645 1 1 410488 0
1 1 7646 7646 289729 0
7646 7646 1 1 410564 0
1 1 7647 7647 289783 0
7647 7647 1 1 410640 0
1 1 7648 7648 289837 0
7648 7648 1 1 410716 0
1 1 7649 7649 289891 0
7649 7649 1 1 410792 0
1 1 7650 7650 289945 0
7650 7650 1 1 410868 0
1 1 7651 7651 289999 0
7651 7651 1 1 410944 0
1 1 7652 7652 290053 0
7652 7652 1 1 411020 0
1 1 7653 7653 290107 0
7653 7653 1 1 411096 0
1 1 7654 7654 290161 0
7654 7654 1 1 409125 0
1 1 7655 7655 290215 0
7655 7655 1 1 409201 0
1 1 7656 7656 290269 0
7656 7656 1 1 409277 0
1 1 7657 7657 290323 0
7657 7657 1 1 409353 0
1 1 7658 7658 290377 0
7658 7658 1 1 409429 0
1 1 7659 7659 290431 0
7659 7659 1 1 409505 0
1 1 7660 7660 290485 0
7660 7660 1 1 409581 0
1 1 7661 7661 290539 0
7661 7661 1 1 409657 0
1 1 7662 7662 290593 0
7662 7662 1 1 409733 0
1 1 7663 7663 288998 0
7663 7663 1 1 409809 0
1 1 7664 7664 289052 0
7664 7664 1 1 409885 0
1 1 7665 7665 289106 0
7665 7665 1 1 409961 0
1 1 7666 7666 289160 0
7666 7666 1 1 410037 0
1 1 7667 7667 289214 0
7667 7667 1 1 410113 0
1 1 7668 7668 289268 0
7668 7668 1 1 410189 0
1 1 7669 7669 289322 0
7669 7669 1 1 410265 0
1 1 7670 7670 289376 0
7670 7670 1 1 410341 0
1 1 7671 7671 289430 0
7671 7671 1 1 410417 0
1 1 7672 7672 289484 0
7672 7672 1 1 410493 0
1 1 7673 7673 289538 0
7673 7673 1 1 410569 0
1 1 7674 7674 289592 0
7674 7674 1 1 410645 0
1 1 7675 7675 289646 0
7675 7675 1 1 410721 0
1 1 7676 7676 289700 0
7676 7676 1 1 410797 0
1 1 7677 7677 289754 0
7677 7677 1 1 410873 0
1 1 7678 7678 289808 0
7678 7678 1 1 410949 0
1 1 7679 7679 289862 0
7679 7679 1 1 411025 0
1 1 7680 7680 289916 0
7680 7680 1 1 411101 0
1 1 7681 7681 289970 0
7681 7681 1 1 411177 0
1 1 7682 7682 290024 0
7682 7682 1 1 411253 0
1 1 7683 7683 290078 0
7683 7683 1 1 411329 0
1 1 7684 7684 290132 0
7684 7684 1 1 411405 0
1 1 7685 7685 290186 0
7685 7685 1 1 411481 0
1 1 7686 7686 290240 0
7686 7686 1 1 411557 0
1 1 7687 7687 290294 0
7687 7687 1 1 411633 0
1 1 7688 7688 290348 0
7688 7688 1 1 411709 0
1 1 7689 7689 290402 0
7689 7689 1 1 411785 0
1 1 7690 7690 290456 0
7690 7690 1 1 411861 0
1 1 7691 7691 290510 0
7691 7691 1 1 411937 0
1 1 7692 7692 290564 0
7692 7692 1 1 412013 0
1 1 7693 7693 290618 0
7693 7693 1 1 412089 0
1 1 7694 7694 290672 0
7694 7694 1 1 412165 0
1 1 7695 7695 290726 0
7695 7695 1 1 412241 0
1 1 7696 7696 290780 0
7696 7696 1 1 412317 0
1 1 7697 7697 290834 0
7697 7697 1 1 412393 0
1 1 7698 7698 290888 0
7698 7698 1 1 412469 0
1 1 7699 7699 290942 0
7699 7699 1 1 412545 0
1 1 7700 7700 290996 0
7700 7700 1 1 412621 0
1 1 7701 7701 291050 0
7701 7701 1 1 412697 0
1 1 7702 7702 291104 0
7702 7702 1 1 412773 0
1 1 7703 7703 291158 0
7703 7703 1 1 412849 0
1 1 7704 7704 291212 0
7704 7704 1 1 412925 0
1 1 7705 7705 291266 0
7705 7705 1 1 413001 0
1 1 7706 7706 291320 0
7706 7706 1 1 413077 0
1 1 7707 7707 291374 0
7707 7707 1 1 413153 0
1 1 7708 7708 291428 0
7708 7708 1 1 413229 0
1 1 7709 7709 291482 0
7709 7709 1 1 413305 0
1 1 7710 7710 291536 0
7710 7710 1 1 413381 0
1 1 7711 7711 291590 0
7711 7711 1 1 413457 0
1 1 7712 7712 291644 0
7712 7712 1 1 413533 0
1 1 7713 7713 291698 0
7713 7713 1 1 413609 0
1 1 7714 7714 291752 0
7714 7714 1 1 413685 0
1 1 7715 7715 291806 0
7715 7715 1 1 413761 0
1 1 7716 7716 291860 0
7716 7716 1 1 413837 0
1 1 7717 7717 291914 0
7717 7717 1 1 413913 0
1 1 7718 7718 291968 0
7718 7718 1 1 413989 0
1 1 7719 7719 292022 0
7719 7719 1 1 414065 0
1 1 7720 7720 292076 0
7720 7720 1 1 414141 0
1 1 7721 7721 292130 0
7721 7721 1 1 414217 0
1 1 7722 7722 292184 0
7722 7722 1 1 414293 0
1 1 7723 7723 292238 0
7723 7723 1 1 414369 0
1 1 7724 7724 292292 0
7724 7724 1 1 414445 0
1 1 7725 7725 292346 0
7725 7725 1 1 414521 0
1 1 7726 7726 292400 0
7726 7726 1 1 414597 0
1 1 7727 7727 292454 0
7727 7727 1 1 414673 0
1 1 7728 7728 292508 0
7728 7728 1 1 414749 0
1 1 7729 7729 292562 0
7729 7729 1 1 414825 0
1 1 7730 7730 292616 0
7730 7730 1 1 414901 0
1 1 7731 7731 292670 0
7731 7731 1 1 414977 0
1 1 7732 7732 292724 0
7732 7732 1 1 415053 0
1 1 7733 7733 292778 0
7733 7733 1 1 415129 0
1 1 7734 7734 292832 0
7734 7734 1 1 415205 0
1 1 7735 7735 292886 0
7735 7735 1 1 415281 0
1 1 7736 7736 292940 0
7736 7736 1 1 415357 0
1 1 7737 7737 292994 0
7737 7737 1 1 415433 0
1 1 7738 7738 293048 0
7738 7738 1 1 415509 0
1 1 7739 7739 293102 0
7739 7739 1 1 415585 0
1 1 7740 7740 293156 0
7740 7740 1 1 415661 0
1 1 7741 7741 293210 0
7741 7741 1 1 415737 0
1 1 7742 7742 293264 0
7742 7742 1 1 415813 0
1 1 7743 7743 293318 0
7743 7743 1 1 413842 0
1 1 7744 7744 293372 0
7744 7744 1 1 413918 0
1 1 7745 7745 293426 0
7745 7745 1 1 413994 0
1 1 7746 7746 293480 0
7746 7746 1 1 414070 0
1 1 7747 7747 293534 0
7747 7747 1 1 414146 0
1 1 7748 7748 293588 0
7748 7748 1 1 414222 0
1 1 7749 7749 293642 0
7749 7749 1 1 414298 0
1 1 7750 7750 293696 0
7750 7750 1 1 414374 0
1 1 7751 7751 293750 0
7751 7751 1 1 414450 0
1 1 7752 7752 293804 0
7752 7752 1 1 414526 0
1 1 7753 7753 293858 0
7753 7753 1 1 414602 0
1 1 7754 7754 293912 0
7754 7754 1 1 414678 0
1 1 7755 7755 293966 0
7755 7755 1 1 414754 0
1 1 7756 7756 294020 0
7756 7756 1 1 414830 0
1 1 7757 7757 294074 0
7757 7757 1 1 414906 0
1 1 7758 7758 294128 0
7758 7758 1 1 414982 0
1 1 7759 7759 294182 0
7759 7759 1 1 415058 0
1 1 7760 7760 292587 0
7760 7760 1 1 415134 0
1 1 7761 7761 292641 0
7761 7761 1 1 415210 0
1 1 7762 7762 292695 0
7762 7762 1 1 415286 0
1 1 7763 7763 292749 0
7763 7763 1 1 415362 0
1 1 7764 7764 292803 0
7764 7764 1 1 415438 0
1 1 7765 7765 292857 0
7765 7765 1 1 415514 0
1 1 7766 7766 292911 0
7766 7766 1 1 415590 0
1 1 7767 7767 292965 0
7767 7767 1 1 415666 0
1 1 7768 7768 293019 0
7768 7768 1 1 415742 0
1 1 7769 7769 293073 0
7769 7769 1 1 415818 0
1 1 7770 7770 293127 0
7770 7770 1 1 415894 0
1 1 7771 7771 293181 0
7771 7771 1 1 415970 0
1 1 7772 7772 293235 0
7772 7772 1 1 416046 0
1 1 7773 7773 293289 0
7773 7773 1 1 416122 0
1 1 7774 7774 293343 0
7774 7774 1 1 416198 0
1 1 7775 7775 293397 0
7775 7775 1 1 416274 0
1 1 7776 7776 293451 0
7776 7776 1 1 416350 0
1 1 7777 7777 293505 0
7777 7777 1 1 416426 0
1 1 7778 7778 293559 0
7778 7778 1 1 416502 0
1 1 7779 7779 293613 0
7779 7779 1 1 416578 0
1 1 7780 7780 293667 0
7780 7780 1 1 416654 0
1 1 7781 7781 293721 0
7781 7781 1 1 416730 0
1 1 7782 7782 293775 0
7782 7782 1 1 416806 0
1 1 7783 7783 293829 0
7783 7783 1 1 416882 0
1 1 7784 7784 293883 0
7784 7784 1 1 416958 0
1 1 7785 7785 293937 0
7785 7785 1 1 417034 0
1 1 7786 7786 293991 0
7786 7786 1 1 417110 0
1 1 7787 7787 294045 0
7787 7787 1 1 417186 0
1 1 7788 7788 294099 0
7788 7788 1 1 417262 0
1 1 7789 7789 294153 0
7789 7789 1 1 417338 0
1 1 7790 7790 294207 0
7790 7790 1 1 417414 0
1 1 7791 7791 294261 0
7791 7791 1 1 417490 0
1 1 7792 7792 294315 0
7792 7792 1 1 417566 0
1 1 7793 7793 294369 0
7793 7793 1 1 417642 0
1 1 7794 7794 294423 0
7794 7794 1 1 417718 0
1 1 7795 7795 294477 0
7795 7795 1 1 417794 0
1 1 7796 7796 294531 0
7796 7796 1 1 417870 0
1 1 7797 7797 294585 0
7797 7797 1 1 417946 0
1 1 7798 7798 294639 0
7798 7798 1 1 418022 0
1 1 7799 7799 294693 0
7799 7799 1 1 418098 0
1 1 7800 7800 294747 0
7800 7800 1 1 418174 0
1 1 7801 7801 294801 0
7801 7801 1 1 418250 0
1 1 7802 7802 294855 0
7802 7802 1 1 418326 0
1 1 7803 7803 294909 0
7803 7803 1 1 418402 0
1 1 7804 7804 294963 0
7804 7804 1 1 418478 0
1 1 7805 7805 295017 0
7805 7805 1 1 418554 0
1 1 7806 7806 295071 0
7806 7806 1 1 418630 0
1 1 7807 7807 295125 0
7807 7807 1 1 418706 0
1 1 7808 7808 295179 0
7808 7808 1 1 418782 0
1 1 7809 7809 295233 0
7809 7809 1 1 418858 0
1 1 7810 7810 295287 0
7810 7810 1 1 418934 0
1 1 7811 7811 295341 0
7811 7811 1 1 419010 0
1 1 7812 7812 295395 0
7812 7812 1 1 419086 0
1 1 7813 7813 295449 0
7813 7813 1 1 419162 0
1 1 7814 7814 295503 0
7814 7814 1 1 419238 0
1 1 7815 7815 295557 0
7815 7815 1 1 419314 0
1 1 7816 7816 295611 0
7816 7816 1 1 419390 0
1 1 7817 7817 295665 0
7817 7817 1 1 419466 0
1 1 7818 7818 295719 0
7818 7818 1 1 419542 0
1 1 7819 7819 295773 0
7819 7819 1 1 419618 0
1 1 7820 7820 295827 0
7820 7820 1 1 419694 0
1 1 7821 7821 295881 0
7821 7821 1 1 419770 0
1 1 7822 7822 295935 0
7822 7822 1 1 419846 0
1 1 7823 7823 295989 0
7823 7823 1 1 419922 0
1 1 7824 7824 296043 0
7824 7824 1 1 419998 0
1 1 7825 7825 296097 0
7825 7825 1 1 420074 0
1 1 7826 7826 296151 0
7826 7826 1 1 420150 0
1 1 7827 7827 296205 0
7827 7827 1 1 420226 0
1 1 7828 7828 296259 0
7828 7828 1 1 420302 0
1 1 7829 7829 296313 0
7829 7829 1 1 420378 0
1 1 7830 7830 296367 0
7830 7830 1 1 420454 0
1 1 7831 7831 296421 0
7831 7831 1 1 420530 0
1 1 7832 7832 296475 0
7832 7832 1 1 418559 0
1 1 7833 7833 296529 0
7833 7833 1 1 418635 0
1 1 7834 7834 296583 0
7834 7834 1 1 418711 0
1 1 7835 7835 296637 0
7835 7835 1 1 418787 0
1 1 7836 7836 296691 0
7836 7836 1 1 418863 0
1 1 7837 7837 296745 0
7837 7837 1 1 418939 0
1 1 7838 7838 296799 0
7838 7838 1 1 419015 0
1 1 7839 7839 296853 0
7839 7839 1 1 419091 0
1 1 7840 7840 296907 0
7840 7840 1 1 419167 0
1 1 7841 7841 296961 0
7841 7841 1 1 419243 0
1 1 7842 7842 297015 0
7842 7842 1 1 419319 0
1 1 7843 7843 297069 0
7843 7843 1 1 419395 0
1 1 7844 7844 297123 0
7844 7844 1 1 419471 0
1 1 7845 7845 297177 0
7845 7845 1 1 419547 0
1 1 7846 7846 297231 0
7846 7846 1 1 419623 0
1 1 7847 7847 297285 0
7847 7847 1 1 419699 0
1 1 7848 7848 297339 0
7848 7848 1 1 419775 0
1 1 7849 7849 297393 0
7849 7849 1 1 419851 0
1 1 7850 7850 297447 0
7850 7850 1 1 419927 0
1 1 7851 7851 297501 0
7851 7851 1 1 420003 0
1 1 7852 7852 297555 0
7852 7852 1 1 420079 0
1 1 7853 7853 297609 0
7853 7853 1 1 420155 0
1 1 7854 7854 297663 0
7854 7854 1 1 420231 0
1 1 7855 7855 297717 0
7855 7855 1 1 420307 0
1 1 7856 7856 297771 0
7856 7856 1 1 420383 0
1 1 7857 7857 296176 0
7857 7857 1 1 420459 0
1 1 7858 7858 296230 0
7858 7858 1 1 420535 0
1 1 7859 7859 296284 0
7859 7859 1 1 420611 0
1 1 7860 7860 296338 0
7860 7860 1 1 420687 0
1 1 7861 7861 296392 0
7861 7861 1 1 420763 0
1 1 7862 7862 296446 0
7862 7862 1 1 420839 0
1 1 7863 7863 296500 0
7863 7863 1 1 420915 0
1 1 7864 7864 296554 0
7864 7864 1 1 420991 0
1 1 7865 7865 296608 0
7865 7865 1 1 421067 0
1 1 7866 7866 296662 0
7866 7866 1 1 421143 0
1 1 7867 7867 296716 0
7867 7867 1 1 421219 0
1 1 7868 7868 296770 0
7868 7868 1 1 421295 0
1 1 7869 7869 296824 0
7869 7869 1 1 421371 0
1 1 7870 7870 296878 0
7870 7870 1 1 421447 0
1 1 7871 7871 296932 0
7871 7871 1 1 421523 0
1 1 7872 7872 296986 0
7872 7872 1 1 421599 0
1 1 7873 7873 297040 0
7873 7873 1 1 421675 0
1 1 7874 7874 297094 0
7874 7874 1 1 421751 0
1 1 7875 7875 297148 0
7875 7875 1 1 421827 0
1 1 7876 7876 297202 0
7876 7876 1 1 421903 0
1 1 7877 7877 297256 0
7877 7877 1 1 421979 0
1 1 7878 7878 297310 0
7878 7878 1 1 422055 0
1 1 7879 7879 297364 0
7879 7879 1 1 422131 0
1 1 7880 7880 297418 0
7880 7880 1 1 422207 0
1 1 7881 7881 297472 0
7881 7881 1 1 422283 0
1 1 7882 7882 297526 0
7882 7882 1 1 422359 0
1 1 7883 7883 297580 0
7883 7883 1 1 422435 0
1 1 7884 7884 297634 0
7884 7884 1 1 422511 0
1 1 7885 7885 297688 0
7885 7885 1 1 422587 0
1 1 7886 7886 297742 0
7886 7886 1 1 422663 0
1 1 7887 7887 297796 0
7887 7887 1 1 422739 0
1 1 7888 7888 297850 0
7888 7888 1 1 422815 0
1 1 7889 7889 297904 0
7889 7889 1 1 422891 0
1 1 7890 7890 297958 0
7890 7890 1 1 422967 0
1 1 7891 7891 298012 0
7891 7891 1 1 423043 0
1 1 7892 7892 298066 0
7892 7892 1 1 423119 0
1 1 7893 7893 298120 0
7893 7893 1 1 423195 0
1 1 7894 7894 298174 0
7894 7894 1 1 423271 0
1 1 7895 7895 298228 0
7895 7895 1 1 423347 0
1 1 7896 7896 298282 0
7896 7896 1 1 423423 0
1 1 7897 7897 298336 0
7897 7897 1 1 423499 0
1 1 7898 7898 298390 0
7898 7898 1 1 423575 0
1 1 7899 7899 298444 0
7899 7899 1 1 423651 0
1 1 7900 7900 298498 0
7900 7900 1 1 423727 0
1 1 7901 7901 298552 0
7901 7901 1 1 423803 0
1 1 7902 7902 298606 0
7902 7902 1 1 423879 0
1 1 7903 7903 298660 0
7903 7903 1 1 423955 0
1 1 7904 7904 298714 0
7904 7904 1 1 424031 0
1 1 7905 7905 298768 0
7905 7905 1 1 424107 0
1 1 7906 7906 298822 0
7906 7906 1 1 424183 0
1 1 7907 7907 298876 0
7907 7907 1 1 424259 0
1 1 7908 7908 298930 0
7908 7908 1 1 424335 0
1 1 7909 7909 298984 0
7909 7909 1 1 424411 0
1 1 7910 7910 299038 0
7910 7910 1 1 424487 0
1 1 7911 7911 299092 0
7911 7911 1 1 424563 0
1 1 7912 7912 299146 0
7912 7912 1 1 424639 0
1 1 7913 7913 299200 0
7913 7913 1 1 424715 0
1 1 7914 7914 299254 0
7914 7914 1 1 424791 0
1 1 7915 7915 299308 0
7915 7915 1 1 424867 0
1 1 7916 7916 299362 0
7916 7916 1 1 424943 0
1 1 7917 7917 299416 0
7917 7917 1 1 425019 0
1 1 7918 7918 299470 0
7918 7918 1 1 425095 0
1 1 7919 7919 299524 0
7919 7919 1 1 425171 0
1 1 7920 7920 299578 0
7920 7920 1 1 425247 0
1 1 7921 7921 299632 0
7921 7921 1 1 423276 0
1 1 7922 7922 299686 0
7922 7922 1 1 423352 0
1 1 7923 7923 299740 0
7923 7923 1 1 423428 0
1 1 7924 7924 299794 0
7924 7924 1 1 423504 0
1 1 7925 7925 299848 0
7925 7925 1 1 423580 0
1 1 7926 7926 299902 0
7926 7926 1 1 423656 0
1 1 7927 7927 299956 0
7927 7927 1 1 423732 0
1 1 7928 7928 300010 0
7928 7928 1 1 423808 0
1 1 7929 7929 300064 0
7929 7929 1 1 423884 0
1 1 7930 7930 300118 0
7930 7930 1 1 423960 0
1 1 7931 7931 300172 0
7931 7931 1 1 424036 0
1 1 7932 7932 300226 0
7932 7932 1 1 424112 0
1 1 7933 7933 300280 0
7933 7933 1 1 424188 0
1 1 7934 7934 300334 0
7934 7934 1 1 424264 0
1 1 7935 7935 300388 0
7935 7935 1 1 424340 0
1 1 7936 7936 300442 0
7936 7936 1 1 424416 0
1 1 7937 7937 300496 0
7937 7937 1 1 424492 0
1 1 7938 7938 300550 0
7938 7938 1 1 424568 0
1 1 7939 7939 300604 0
7939 7939 1 1 424644 0
1 1 7940 7940 300658 0
7940 7940 1 1 424720 0
1 1 7941 7941 300712 0
7941 7941 1 1 424796 0
1 1 7942 7942 300766 0
7942 7942 1 1 424872 0
1 1 7943 7943 300820 0
7943 7943 1 1 424948 0
1 1 7944 7944 300874 0
7944 7944 1 1 425024 0
1 1 7945 7945 300928 0
7945 7945 1 1 425100 0
1 1 7946 7946 300982 0
7946 7946 1 1 425176 0
1 1 7947 7947 301036 0
7947 7947 1 1 425252 0
1 1 7948 7948 301090 0
7948 7948 1 1 425328 0
1 1 7949 7949 301144 0
7949 7949 1 1 425404 0
1 1 7950 7950 301198 0
7950 7950 1 1 425480 0
1 1 7951 7951 301252 0
7951 7951 1 1 425556 0
1 1 7952 7952 301306 0
7952 7952 1 1 425632 0
1 1 7953 7953 301360 0
7953 7953 1 1 425708 0
1 1 7954 7954 299765 0
7954 7954 1 1 425784 0
1 1 7955 7955 299819 0
7955 7955 1 1 425860 0
1 1 7956 7956 299873 0
7956 7956 1 1 425936 0
1 1 7957 7957 299927 0
7957 7957 1 1 426012 0
1 1 7958 7958 299981 0
7958 7958 1 1 426088 0
1 1 7959 7959 300035 0
7959 7959 1 1 426164 0
1 1 7960 7960 300089 0
7960 7960 1 1 426240 0
1 1 7961 7961 300143 0
7961 7961 1 1 426316 0
1 1 7962 7962 300197 0
7962 7962 1 1 426392 0
1 1 7963 7963 300251 0
7963 7963 1 1 426468 0
1 1 7964 7964 300305 0
7964 7964 1 1 426544 0
1 1 7965 7965 300359 0
7965 7965 1 1 426620 0
1 1 7966 7966 300413 0
7966 7966 1 1 426696 0
1 1 7967 7967 300467 0
7967 7967 1 1 426772 0
1 1 7968 7968 300521 0
7968 7968 1 1 426848 0
1 1 7969 7969 300575 0
7969 7969 1 1 426924 0
1 1 7970 7970 300629 0
7970 7970 1 1 427000 0
1 1 7971 7971 300683 0
7971 7971 1 1 427076 0
1 1 7972 7972 300737 0
7972 7972 1 1 427152 0
1 1 7973 7973 300791 0
7973 7973 1 1 427228 0
1 1 7974 7974 300845 0
7974 7974 1 1 427304 0
1 1 7975 7975 300899 0
7975 7975 1 1 427380 0
1 1 7976 7976 300953 0
7976 7976 1 1 427456 0
1 1 7977 7977 301007 0
7977 7977 1 1 427532 0
1 1 7978 7978 301061 0
7978 7978 1 1 427608 0
1 1 7979 7979 301115 0
7979 7979 1 1 427684 0
1 1 7980 7980 301169 0
7980 7980 1 1 427760 0
1 1 7981 7981 301223 0
7981 7981 1 1 427836 0
1 1 7982 7982 301277 0
7982 7982 1 1 427912 0
1 1 7983 7983 301331 0
7983 7983 1 1 427988 0
1 1 7984 7984 301385 0
7984 7984 1 1 428064 0
1 1 7985 7985 301439 0
7985 7985 1 1 428140 0
1 1 7986 7986 301493 0
7986 7986 1 1 428216 0
1 1 7987 7987 301547 0
7987 7987 1 1 428292 0
1 1 7988 7988 301601 0
7988 7988 1 1 428368 0
1 1 7989 7989 301655 0
7989 7989 1 1 428444 0
1 1 7990 7990 301709 0
7990 7990 1 1 428520 0
1 1 7991 7991 301763 0
7991 7991 1 1 428596 0
1 1 7992 7992 301817 0
7992 7992 1 1 428672 0
1 1 7993 7993 301871 0
7993 7993 1 1 428748 0
1 1 7994 7994 301925 0
7994 7994 1 1 428824 0
1 1 7995 7995 301979 0
7995 7995 1 1 428900 0
1 1 7996 7996 302033 0
7996 7996 1 1 428976 0
1 1 7997 7997 302087 0
7997 7997 1 1 429052 0
1 1 7998 7998 302141 0
7998 7998 1 1 429128 0
1 1 7999 7999 302195 0
7999 7999 1 1 429204 0
1 1 8000 8000 302249 0
8000 8000 1 1 429280 0
1 1 8001 8001 302303 0
8001 8001 1 1 429356 0
1 1 8002 8002 302357 0
8002 8002 1 1 429432 0
1 1 8003 8003 302411 0
8003 8003 1 1 429508 0
1 1 8004 8004 302465 0
8004 8004 1 1 429584 0
1 1 8005 8005 302519 0
8005 8005 1 1 429660 0
1 1 8006 8006 302573 0
8006 8006 1 1 429736 0
1 1 8007 8007 302627 0
8007 8007 1 1 429812 0
1 1 8008 8008 302681 0
8008 8008 1 1 429888 0
1 1 8009 8009 302735 0
8009 8009 1 1 429964 0
1 1 8010 8010 302789 0
8010 8010 1 1 427993 0
1 1 8011 8011 302843 0
8011 8011 1 1 428069 0
1 1 8012 8012 302897 0
8012 8012 1 1 428145 0
1 1 8013 8013 302951 0
8013 8013 1 1 428221 0
1 1 8014 8014 303005 0
8014 8014 1 1 428297 0
1 1 8015 8015 303059 0
8015 8015 1 1 428373 0
1 1 8016 8016 303113 0
8016 8016 1 1 428449 0
1 1 8017 8017 303167 0
8017 8017 1 1 428525 0
1 1 8018 8018 303221 0
8018 8018 1 1 428601 0
1 1 8019 8019 303275 0
8019 8019 1 1 428677 0
1 1 8020 8020 303329 0
8020 8020 1 1 428753 0
1 1 8021 8021 303383 0
8021 8021 1 1 428829 0
1 1 8022 8022 303437 0
8022 8022 1 1 428905 0
1 1 8023 8023 303491 0
8023 8023 1 1 428981 0
1 1 8024 8024 303545 0
8024 8024 1 1 429057 0
1 1 8025 8025 303599 0
8025 8025 1 1 429133 0
1 1 8026 8026 303653 0
8026 8026 1 1 429209 0
1 1 8027 8027 303707 0
8027 8027 1 1 429285 0
1 1 8028 8028 303761 0
8028 8028 1 1 429361 0
1 1 8029 8029 303815 0
8029 8029 1 1 429437 0
1 1 8030 8030 303869 0
8030 8030 1 1 429513 0
1 1 8031 8031 303923 0
8031 8031 1 1 429589 0
1 1 8032 8032 303977 0
8032 8032 1 1 429665 0
1 1 8033 8033 304031 0
8033 8033 1 1 429741 0
1 1 8034 8034 304085 0
8034 8034 1 1 429817 0
1 1 8035 8035 304139 0
8035 8035 1 1 429893 0
1 1 8036 8036 304193 0
8036 8036 1 1 429969 0
1 1 8037 8037 304247 0
8037 8037 1 1 430045 0
1 1 8038 8038 304301 0
8038 8038 1 1 430121 0
1 1 8039 8039 304355 0
8039 8039 1 1 430197 0
1 1 8040 8040 304409 0
8040 8040 1 1 430273 0
1 1 8041 8041 304463 0
8041 8041 1 1 430349 0
1 1 8042 8042 304517 0
8042 8042 1 1 430425 0
1 1 8043 8043 304571 0
8043 8043 1 1 430501 0
1 1 8044 8044 304625 0
8044 8044 1 1 430577 0
1 1 8045 8045 304679 0
8045 8045 1 1 430653 0
1 1 8046 8046 304733 0
8046 8046 1 1 430729 0
1 1 8047 8047 304787 0
8047 8047 1 1 430805 0
1 1 8048 8048 304841 0
8048 8048 1 1 430881 0
1 1 8049 8049 304895 0
8049 8049 1 1 430957 0
1 1 8050 8050 304949 0
8050 8050 1 1 431033 0
1 1 8051 8051 303354 0
8051 8051 1 1 431109 0
1 1 8052 8052 303408 0
8052 8052 1 1 431185 0
1 1 8053 8053 303462 0
8053 8053 1 1 431261 0
1 1 8054 8054 303516 0
8054 8054 1 1 431337 0
1 1 8055 8055 303570 0
8055 8055 1 1 431413 0
1 1 8056 8056 303624 0
8056 8056 1 1 431489 0
1 1 8057 8057 303678 0
8057 8057 1 1 431565 0
1 1 8058 8058 303732 0
8058 8058 1 1 431641 0
1 1 8059 8059 303786 0
8059 8059 1 1 431717 0
1 1 8060 8060 303840 0
8060 8060 1 1 431793 0
1 1 8061 8061 303894 0
8061 8061 1 1 431869 0
1 1 8062 8062 303948 0
8062 8062 1 1 431945 0
1 1 8063 8063 304002 0
8063 8063 1 1 432021 0
1 1 8064 8064 304056 0
8064 8064 1 1 432097 0
1 1 8065 8065 304110 0
8065 8065 1 1 432173 0
1 1 8066 8066 304164 0
8066 8066 1 1 432249 0
1 1 8067 8067 304218 0
8067 8067 1 1 432325 0
1 1 8068 8068 304272 0
8068 8068 1 1 432401 0
1 1 8069 8069 304326 0
8069 8069 1 1 432477 0
1 1 8070 8070 304380 0
8070 8070 1 1 432553 0
1 1 8071 8071 304434 0
8071 8071 1 1 432629 0
1 1 8072 8072 304488 0
8072 8072 1 1 432705 0
1 1 8073 8073 304542 0
8073 8073 1 1 432781 0
1 1 8074 8074 304596 0
8074 8074 1 1 432857 0
1 1 8075 8075 304650 0
8075 8075 1 1 432933 0
1 1 8076 8076 304704 0
8076 8076 1 1 433009 0
1 1 8077 8077 304758 0
8077 8077 1 1 433085 0
1 1 8078 8078 304812 0
8078 8078 1 1 433161 0
1 1 8079 8079 304866 0
8079 8079 1 1 433237 0
1 1 8080 8080 304920 0
8080 8080 1 1 433313 0
1 1 8081 8081 304974 0
8081 8081 1 1 433389 0
1 1 8082 8082 305028 0
8082 8082 1 1 433465 0
1 1 8083 8083 305082 0
8083 8083 1 1 433541 0
1 1 8084 8084 305136 0
8084 8084 1 1 433617 0
1 1 8085 8085 305190 0
8085 8085 1 1 433693 0
1 1 8086 8086 305244 0
8086 8086 1 1 433769 0
1 1 8087 8087 305298 0
8087 8087 1 1 433845 0
1 1 8088 8088 305352 0
8088 8088 1 1 433921 0
1 1 8089 8089 305406 0
8089 8089 1 1 433997 0
1 1 8090 8090 305460 0
8090 8090 1 1 434073 0
1 1 8091 8091 305514 0
8091 8091 1 1 434149 0
1 1 8092 8092 305568 0
8092 8092 1 1 434225 0
1 1 8093 8093 305622 0
8093 8093 1 1 434301 0
1 1 8094 8094 305676 0
8094 8094 1 1 434377 0
1 1 8095 8095 305730 0
8095 8095 1 1 434453 0
1 1 8096 8096 305784 0
8096 8096 1 1 434529 0
1 1 8097 8097 305838 0
8097 8097 1 1 434605 0
1 1 8098 8098 305892 0
8098 8098 1 1 434681 0
1 1 8099 8099 305946 0
8099 8099 1 1 432710 0
1 1 8100 8100 306000 0
8100 8100 1 1 432786 0
1 1 8101 8101 306054 0
8101 8101 1 1 432862 0
1 1 8102 8102 306108 0
8102 8102 1 1 432938 0
1 1 8103 8103 306162 0
8103 8103 1 1 433014 0
1 1 8104 8104 306216 0
8104 8104 1 1 433090 0
1 1 8105 8105 306270 0
8105 8105 1 1 433166 0
1 1 8106 8106 306324 0
8106 8106 1 1 433242 0
1 1 8107 8107 306378 0
8107 8107 1 1 433318 0
1 1 8108 8108 306432 0
8108 8108 1 1 433394 0
1 1 8109 8109 306486 0
8109 8109 1 1 433470 0
1 1 8110 8110 306540 0
8110 8110 1 1 433546 0
1 1 8111 8111 306594 0
8111 8111 1 1 433622 0
1 1 8112 8112 306648 0
8112 8112 1 1 433698 0
1 1 8113 8113 306702 0
8113 8113 1 1 433774 0
1 1 8114 8114 306756 0
8114 8114 1 1 433850 0
1 1 8115 8115 306810 0
8115 8115 1 1 433926 0
1 1 8116 8116 306864 0
8116 8116 1 1 434002 0
1 1 8117 8117 306918 0
8117 8117 1 1 434078 0
1 1 8118 8118 306972 0
8118 8118 1 1 434154 0
1 1 8119 8119 307026 0
8119 8119 1 1 434230 0
1 1 8120 8120 307080 0
8120 8120 1 1 434306 0
1 1 8121 8121 307134 0
8121 8121 1 1 434382 0
1 1 8122 8122 307188 0
8122 8122 1 1 434458 0
1 1 8123 8123 307242 0
8123 8123 1 1 434534 0
1 1 8124 8124 307296 0
8124 8124 1 1 434610 0
1 1 8125 8125 307350 0
8125 8125 1 1 434686 0
1 1 8126 8126 307404 0
8126 8126 1 1 434762 0
1 1 8127 8127 307458 0
8127 8127 1 1 434838 0
1 1 8128 8128 307512 0
8128 8128 1 1 434914 0
1 1 8129 8129 307566 0
8129 8129 1 1 434990 0
1 1 8130 8130 307620 0
8130 8130 1 1 435066 0
1 1 8131 8131 307674 0
8131 8131 1 1 435142 0
1 1 8132 8132 307728 0
8132 8132 1 1 435218 0
1 1 8133 8133 307782 0
8133 8133 1 1 435294 0
1 1 8134 8134 307836 0
8134 8134 1 1 435370 0
1 1 8135 8135 307890 0
8135 8135 1 1 435446 0
1 1 8136 8136 307944 0
8136 8136 1 1 435522 0
1 1 8137 8137 307998 0
8137 8137 1 1 435598 0
1 1 8138 8138 308052 0
8138 8138 1 1 435674 0
1 1 8139 8139 308106 0
8139 8139 1 1 435750 0
1 1 8140 8140 308160 0
8140 8140 1 1 435826 0
1 1 8141 8141 308214 0
8141 8141 1 1 435902 0
1 1 8142 8142 308268 0
8142 8142 1 1 435978 0
1 1 8143 8143 308322 0
8143 8143 1 1 436054 0
1 1 8144 8144 308376 0
8144 8144 1 1 436130 0
1 1 8145 8145 308430 0
8145 8145 1 1 436206 0
1 1 8146 8146 308484 0
8146 8146 1 1 436282 0
1 1 8147 8147 308538 0
8147 8147 1 1 436358 0
1 1 8148 8148 306943 0
8148 8148 1 1 436434 0
1 1 8149 8149 306997 0
8149 8149 1 1 436510 0
1 1 8150 8150 307051 0
8150 8150 1 1 436586 0
1 1 8151 8151 307105 0
8151 8151 1 1 436662 0
1 1 8152 8152 307159 0
8152 8152 1 1 436738 0
1 1 8153 8153 307213 0
8153 8153 1 1 436814 0
1 1 8154 8154 307267 0
8154 8154 1 1 436890 0
1 1 8155 8155 307321 0
8155 8155 1 1 436966 0
1 1 8156 8156 307375 0
8156 8156 1 1 437042 0
1 1 8157 8157 307429 0
8157 8157 1 1 437118 0
1 1 8158 8158 307483 0
8158 8158 1 1 437194 0
1 1 8159 8159 307537 0
8159 8159 1 1 437270 0
1 1 8160 8160 307591 0
8160 8160 1 1 437346 0
1 1 8161 8161 307645 0
8161 8161 1 1 437422 0
1 1 8162 8162 307699 0
8162 8162 1 1 437498 0
1 1 8163 8163 307753 0
8163 8163 1 1 437574 0
1 1 8164 8164 307807 0
8164 8164 1 1 437650 0
1 1 8165 8165 307861 0
8165 8165 1 1 437726 0
1 1 8166 8166 307915 0
8166 8166 1 1 437802 0
1 1 8167 8167 307969 0
8167 8167 1 1 437878 0
1 1 8168 8168 308023 0
8168 8168 1 1 437954 0
1 1 8169 8169 308077 0
8169 8169 1 1 438030 0
1 1 8170 8170 308131 0
8170 8170 1 1 438106 0
1 1 8171 8171 308185 0
8171 8171 1 1 438182 0
1 1 8172 8172 308239 0
8172 8172 1 1 438258 0
1 1 8173 8173 308293 0
8173 8173 1 1 438334 0
1 1 8174 8174 308347 0
8174 8174 1 1 438410 0
1 1 8175 8175 308401 0
8175 8175 1 1 438486 0
1 1 8176 8176 308455 0
8176 8176 1 1 438562 0
1 1 8177 8177 308509 0
8177 8177 1 1 438638 0
1 1 8178 8178 308563 0
8178 8178 1 1 438714 0
1 1 8179 8179 308617 0
8179 8179 1 1 438790 0
1 1 8180 8180 308671 0
8180 8180 1 1 438866 0
1 1 8181 8181 308725 0
8181 8181 1 1 438942 0
1 1 8182 8182 308779 0
8182 8182 1 1 439018 0
1 1 8183 8183 308833 0
8183 8183 1 1 439094 0
1 1 8184 8184 308887 0
8184 8184 1 1 439170 0
1 1 8185 8185 308941 0
8185 8185 1 1 439246 0
1 1 8186 8186 308995 0
8186 8186 1 1 439322 0
1 1 8187 8187 309049 0
8187 8187 1 1 439398 0
1 1 8188 8188 309103 0
8188 8188 1 1 437427 0
1 1 8189 8189 309157 0
8189 8189 1 1 437503 0
1 1 8190 8190 309211 0
8190 8190 1 1 437579 0
1 1 8191 8191 309265 0
8191 8191 1 1 437655 0
1 1 8192 8192 309319 0
8192 8192 1 1 437731 0
1 1 8193 8193 309373 0
8193 8193 1 1 437807 0
1 1 8194 8194 309427 0
8194 8194 1 1 437883 0
1 1 8195 8195 309481 0
8195 8195 1 1 437959 0
1 1 8196 8196 309535 0
8196 8196 1 1 438035 0
1 1 8197 8197 309589 0
8197 8197 1 1 438111 0
1 1 8198 8198 309643 0
8198 8198 1 1 438187 0
1 1 8199 8199 309697 0
8199 8199 1 1 438263 0
1 1 8200 8200 309751 0
8200 8200 1 1 438339 0
1 1 8201 8201 309805 0
8201 8201 1 1 438415 0
1 1 8202 8202 309859 0
8202 8202 1 1 438491 0
1 1 8203 8203 309913 0
8203 8203 1 1 438567 0
1 1 8204 8204 309967 0
8204 8204 1 1 438643 0
1 1 8205 8205 310021 0
8205 8205 1 1 438719 0
1 1 8206 8206 310075 0
8206 8206 1 1 438795 0
1 1 8207 8207 310129 0
8207 8207 1 1 438871 0
1 1 8208 8208 310183 0
8208 8208 1 1 438947 0
1 1 8209 8209 310237 0
8209 8209 1 1 439023 0
1 1 8210 8210 310291 0
8210 8210 1 1 439099 0
1 1 8211 8211 310345 0
8211 8211 1 1 439175 0
1 1 8212 8212 310399 0
8212 8212 1 1 439251 0
1 1 8213 8213 310453 0
8213 8213 1 1 439327 0
1 1 8214 8214 310507 0
8214 8214 1 1 439403 0
1 1 8215 8215 310561 0
8215 8215 1 1 439479 0
1 1 8216 8216 310615 0
8216 8216 1 1 439555 0
1 1 8217 8217 310669 0
8217 8217 1 1 439631 0
1 1 8218 8218 310723 0
8218 8218 1 1 439707 0
1 1 8219 8219 310777 0
8219 8219 1 1 439783 0
1 1 8220 8220 310831 0
8220 8220 1 1 439859 0
1 1 8221 8221 310885 0
8221 8221 1 1 439935 0
1 1 8222 8222 310939 0
8222 8222 1 1 440011 0
1 1 8223 8223 310993 0
8223 8223 1 1 440087 0
1 1 8224 8224 311047 0
8224 8224 1 1 440163 0
1 1 8225 8225 311101 0
8225 8225 1 1 440239 0
1 1 8226 8226 311155 0
8226 8226 1 1 440315 0
1 1 8227 8227 311209 0
8227 8227 1 1 440391 0
1 1 8228 8228 311263 0
8228 8228 1 1 440467 0
1 1 8229 8229 311317 0
8229 8229 1 1 440543 0
1 1 8230 8230 311371 0
8230 8230 1 1 440619 0
1 1 8231 8231 311425 0
8231 8231 1 1 440695 0
1 1 8232 8232 311479 0
8232 8232 1 1 440771 0
1 1 8233 8233 311533 0
8233 8233 1 1 440847 0
1 1 8234 8234 311587 0
8234 8234 1 1 440923 0
1 1 8235 8235 311641 0
8235 8235 1 1 440999 0
1 1 8236 8236 311695 0
8236 8236 1 1 441075 0
1 1 8237 8237 311749 0
8237 8237 1 1 441151 0
1 1 8238 8238 311803 0
8238 8238 1 1 441227 0
1 1 8239 8239 311857 0
8239 8239 1 1 441303 0
1 1 8240 8240 311911 0
8240 8240 1 1 441379 0
1 1 8241 8241 311965 0
8241 8241 1 1 441455 0
1 1 8242 8242 312019 0
8242 8242 1 1 441531 0
1 1 8243 8243 312073 0
8243 8243 1 1 441607 0
1 1 8244 8244 312127 0
8244 8244 1 1 441683 0
1 1 8245 8245 310532 0
8245 8245 1 1 441759 0
1 1 8246 8246 310586 0
8246 8246 1 1 441835 0
1 1 8247 8247 310640 0
8247 8247 1 1 441911 0
1 1 8248 8248 310694 0
8248 8248 1 1 441987 0
1 1 8249 8249 310748 0
8249 8249 1 1 442063 0
1 1 8250 8250 310802 0
8250 8250 1 1 442139 0
1 1 8251 8251 310856 0
8251 8251 1 1 442215 0
1 1 8252 8252 310910 0
8252 8252 1 1 442291 0
1 1 8253 8253 310964 0
8253 8253 1 1 442367 0
1 1 8254 8254 311018 0
8254 8254 1 1 442443 0
1 1 8255 8255 311072 0
8255 8255 1 1 442519 0
1 1 8256 8256 311126 0
8256 8256 1 1 442595 0
1 1 8257 8257 311180 0
8257 8257 1 1 442671 0
1 1 8258 8258 311234 0
8258 8258 1 1 442747 0
1 1 8259 8259 311288 0
8259 8259 1 1 442823 0
1 1 8260 8260 311342 0
8260 8260 1 1 442899 0
1 1 8261 8261 311396 0
8261 8261 1 1 442975 0
1 1 8262 8262 311450 0
8262 8262 1 1 443051 0
1 1 8263 8263 311504 0
8263 8263 1 1 443127 0
1 1 8264 8264 311558 0
8264 8264 1 1 443203 0
1 1 8265 8265 311612 0
8265 8265 1 1 443279 0
1 1 8266 8266 311666 0
8266 8266 1 1 443355 0
1 1 8267 8267 311720 0
8267 8267 1 1 443431 0
1 1 8268 8268 311774 0
8268 8268 1 1 443507 0
1 1 8269 8269 311828 0
8269 8269 1 1 443583 0
1 1 8270 8270 311882 0
8270 8270 1 1 443659 0
1 1 8271 8271 311936 0
8271 8271 1 1 443735 0
1 1 8272 8272 311990 0
8272 8272 1 1 443811 0
1 1 8273 8273 312044 0
8273 8273 1 1 443887 0
1 1 8274 8274 312098 0
8274 8274 1 1 443963 0
1 1 8275 8275 312152 0
8275 8275 1 1 444039 0
1 1 8276 8276 312206 0
8276 8276 1 1 444115 0
1 1 8277 8277 312260 0
8277 8277 1 1 442144 0
1 1 8278 8278 312314 0
8278 8278 1 1 442220 0
1 1 8279 8279 312368 0
8279 8279 1 1 442296 0
1 1 8280 8280 312422 0
8280 8280 1 1 442372 0
1 1 8281 8281 312476 0
8281 8281 1 1 442448 0
1 1 8282 8282 312530 0
8282 8282 1 1 442524 0
1 1 8283 8283 312584 0
8283 8283 1 1 442600 0
1 1 8284 8284 312638 0
8284 8284 1 1 442676 0
1 1 8285 8285 312692 0
8285 8285 1 1 442752 0
1 1 8286 8286 312746 0
8286 8286 1 1 442828 0
1 1 8287 8287 312800 0
8287 8287 1 1 442904 0
1 1 8288 8288 312854 0
8288 8288 1 1 442980 0
1 1 8289 8289 312908 0
8289 8289 1 1 443056 0
1 1 8290 8290 312962 0
8290 8290 1 1 443132 0
1 1 8291 8291 313016 0
8291 8291 1 1 443208 0
1 1 8292 8292 313070 0
8292 8292 1 1 443284 0
1 1 8293 8293 313124 0
8293 8293 1 1 443360 0
1 1 8294 8294 313178 0
8294 8294 1 1 443436 0
1 1 8295 8295 313232 0
8295 8295 1 1 443512 0
1 1 8296 8296 313286 0
8296 8296 1 1 443588 0
1 1 8297 8297 313340 0
8297 8297 1 1 443664 0
1 1 8298 8298 313394 0
8298 8298 1 1 443740 0
1 1 8299 8299 313448 0
8299 8299 1 1 443816 0
1 1 8300 8300 313502 0
8300 8300 1 1 443892 0
1 1 8301 8301 313556 0
8301 8301 1 1 443968 0
1 1 8302 8302 313610 0
8302 8302 1 1 444044 0
1 1 8303 8303 313664 0
8303 8303 1 1 444120 0
1 1 8304 8304 313718 0
8304 8304 1 1 444196 0
1 1 8305 8305 313772 0
8305 8305 1 1 444272 0
1 1 8306 8306 313826 0
8306 8306 1 1 444348 0
1 1 8307 8307 313880 0
8307 8307 1 1 444424 0
1 1 8308 8308 313934 0
8308 8308 1 1 444500 0
1 1 8309 8309 313988 0
8309 8309 1 1 444576 0
1 1 8310 8310 314042 0
8310 8310 1 1 444652 0
1 1 8311 8311 314096 0
8311 8311 1 1 444728 0
1 1 8312 8312 314150 0
8312 8312 1 1 444804 0
1 1 8313 8313 314204 0
8313 8313 1 1 444880 0
1 1 8314 8314 314258 0
8314 8314 1 1 444956 0
1 1 8315 8315 314312 0
8315 8315 1 1 445032 0
1 1 8316 8316 314366 0
8316 8316 1 1 445108 0
1 1 8317 8317 314420 0
8317 8317 1 1 445184 0
1 1 8318 8318 314474 0
8318 8318 1 1 445260 0
1 1 8319 8319 314528 0
8319 8319 1 1 445336 0
1 1 8320 8320 314582 0
8320 8320 1 1 445412 0
1 1 8321 8321 314636 0
8321 8321 1 1 445488 0
1 1 8322 8322 314690 0
8322 8322 1 1 445564 0
1 1 8323 8323 314744 0
8323 8323 1 1 445640 0
1 1 8324 8324 314798 0
8324 8324 1 1 445716 0
1 1 8325 8325 314852 0
8325 8325 1 1 445792 0
1 1 8326 8326 314906 0
8326 8326 1 1 445868 0
1 1 8327 8327 314960 0
8327 8327 1 1 445944 0
1 1 8328 8328 315014 0
8328 8328 1 1 446020 0
1 1 8329 8329 315068 0
8329 8329 1 1 446096 0
1 1 8330 8330 315122 0
8330 8330 1 1 446172 0
1 1 8331 8331 315176 0
8331 8331 1 1 446248 0
1 1 8332 8332 315230 0
8332 8332 1 1 446324 0
1 1 8333 8333 315284 0
8333 8333 1 1 446400 0
1 1 8334 8334 315338 0
8334 8334 1 1 446476 0
1 1 8335 8335 315392 0
8335 8335 1 1 446552 0
1 1 8336 8336 315446 0
8336 8336 1 1 446628 0
1 1 8337 8337 315500 0
8337 8337 1 1 446704 0
1 1 8338 8338 315554 0
8338 8338 1 1 446780 0
1 1 8339 8339 315608 0
8339 8339 1 1 446856 0
1 1 8340 8340 315662 0
8340 8340 1 1 446932 0
1 1 8341 8341 315716 0
8341 8341 1 1 447008 0
1 1 8342 8342 314121 0
8342 8342 1 1 447084 0
1 1 8343 8343 314175 0
8343 8343 1 1 447160 0
1 1 8344 8344 314229 0
8344 8344 1 1 447236 0
1 1 8345 8345 314283 0
8345 8345 1 1 447312 0
1 1 8346 8346 314337 0
8346 8346 1 1 447388 0
1 1 8347 8347 314391 0
8347 8347 1 1 447464 0
1 1 8348 8348 314445 0
8348 8348 1 1 447540 0
1 1 8349 8349 314499 0
8349 8349 1 1 447616 0
1 1 8350 8350 314553 0
8350 8350 1 1 447692 0
1 1 8351 8351 314607 0
8351 8351 1 1 447768 0
1 1 8352 8352 314661 0
8352 8352 1 1 447844 0
1 1 8353 8353 314715 0
8353 8353 1 1 447920 0
1 1 8354 8354 314769 0
8354 8354 1 1 447996 0
1 1 8355 8355 314823 0
8355 8355 1 1 448072 0
1 1 8356 8356 314877 0
8356 8356 1 1 448148 0
1 1 8357 8357 314931 0
8357 8357 1 1 448224 0
1 1 8358 8358 314985 0
8358 8358 1 1 448300 0
1 1 8359 8359 315039 0
8359 8359 1 1 448376 0
1 1 8360 8360 315093 0
8360 8360 1 1 448452 0
1 1 8361 8361 315147 0
8361 8361 1 1 448528 0
1 1 8362 8362 315201 0
8362 8362 1 1 448604 0
1 1 8363 8363 315255 0
8363 8363 1 1 448680 0
1 1 8364 8364 315309 0
8364 8364 1 1 448756 0
1 1 8365 8365 315363 0
8365 8365 1 1 448832 0
1 1 8366 8366 315417 0
8366 8366 1 1 446861 0
1 1 8367 8367 315471 0
8367 8367 1 1 446937 0
1 1 8368 8368 315525 0
8368 8368 1 1 447013 0
1 1 8369 8369 315579 0
8369 8369 1 1 447089 0
1 1 8370 8370 315633 0
8370 8370 1 1 447165 0
1 1 8371 8371 315687 0
8371 8371 1 1 447241 0
1 1 8372 8372 315741 0
8372 8372 1 1 447317 0
1 1 8373 8373 315795 0
8373 8373 1 1 447393 0
1 1 8374 8374 315849 0
8374 8374 1 1 447469 0
1 1 8375 8375 315903 0
8375 8375 1 1 447545 0
1 1 8376 8376 315957 0
8376 8376 1 1 447621 0
1 1 8377 8377 316011 0
8377 8377 1 1 447697 0
1 1 8378 8378 316065 0
8378 8378 1 1 447773 0
1 1 8379 8379 316119 0
8379 8379 1 1 447849 0
1 1 8380 8380 316173 0
8380 8380 1 1 447925 0
1 1 8381 8381 316227 0
8381 8381 1 1 448001 0
1 1 8382 8382 316281 0
8382 8382 1 1 448077 0
1 1 8383 8383 316335 0
8383 8383 1 1 448153 0
1 1 8384 8384 316389 0
8384 8384 1 1 448229 0
1 1 8385 8385 316443 0
8385 8385 1 1 448305 0
1 1 8386 8386 316497 0
8386 8386 1 1 448381 0
1 1 8387 8387 316551 0
8387 8387 1 1 448457 0
1 1 8388 8388 316605 0
8388 8388 1 1 448533 0
1 1 8389 8389 316659 0
8389 8389 1 1 448609 0
1 1 8390 8390 316713 0
8390 8390 1 1 448685 0
1 1 8391 8391 316767 0
8391 8391 1 1 448761 0
1 1 8392 8392 316821 0
8392 8392 1 1 448837 0
1 1 8393 8393 316875 0
8393 8393 1 1 448913 0
1 1 8394 8394 316929 0
8394 8394 1 1 448989 0
1 1 8395 8395 316983 0
8395 8395 1 1 449065 0
1 1 8396 8396 317037 0
8396 8396 1 1 449141 0
1 1 8397 8397 317091 0
8397 8397 1 1 449217 0
1 1 8398 8398 317145 0
8398 8398 1 1 449293 0
1 1 8399 8399 317199 0
8399 8399 1 1 449369 0
1 1 8400 8400 317253 0
8400 8400 1 1 449445 0
1 1 8401 8401 317307 0
8401 8401 1 1 449521 0
1 1 8402 8402 317361 0
8402 8402 1 1 449597 0
1 1 8403 8403 317415 0
8403 8403 1 1 449673 0
1 1 8404 8404 317469 0
8404 8404 1 1 449749 0
1 1 8405 8405 317523 0
8405 8405 1 1 449825 0
1 1 8406 8406 317577 0
8406 8406 1 1 449901 0
1 1 8407 8407 317631 0
8407 8407 1 1 449977 0
1 1 8408 8408 317685 0
8408 8408 1 1 450053 0
1 1 8409 8409 317739 0
8409 8409 1 1 450129 0
1 1 8410 8410 317793 0
8410 8410 1 1 450205 0
1 1 8411 8411 317847 0
8411 8411 1 1 450281 0
1 1 8412 8412 317901 0
8412 8412 1 1 450357 0
1 1 8413 8413 317955 0
8413 8413 1 1 450433 0
1 1 8414 8414 318009 0
8414 8414 1 1 450509 0
1 1 8415 8415 318063 0
8415 8415 1 1 450585 0
1 1 8416 8416 318117 0
8416 8416 1 1 450661 0
1 1 8417 8417 318171 0
8417 8417 1 1 450737 0
1 1 8418 8418 318225 0
8418 8418 1 1 450813 0
1 1 8419 8419 318279 0
8419 8419 1 1 450889 0
1 1 8420 8420 318333 0
8420 8420 1 1 450965 0
1 1 8421 8421 318387 0
8421 8421 1 1 451041 0
1 1 8422 8422 318441 0
8422 8422 1 1 451117 0
1 1 8423 8423 318495 0
8423 8423 1 1 451193 0
1 1 8424 8424 318549 0
8424 8424 1 1 451269 0
1 1 8425 8425 318603 0
8425 8425 1 1 451345 0
1 1 8426 8426 318657 0
8426 8426 1 1 451421 0
1 1 8427 8427 318711 0
8427 8427 1 1 451497 0
1 1 8428 8428 318765 0
8428 8428 1 1 451573 0
1 1 8429 8429 318819 0
8429 8429 1 1 451649 0
1 1 8430 8430 318873 0
8430 8430 1 1 451725 0
1 1 8431 8431 318927 0
8431 8431 1 1 451801 0
1 1 8432 8432 318981 0
8432 8432 1 1 451877 0
1 1 8433 8433 319035 0
8433 8433 1 1 451953 0
1 1 8434 8434 319089 0
8434 8434 1 1 452029 0
1 1 8435 8435 319143 0
8435 8435 1 1 452105 0
1 1 8436 8436 319197 0
8436 8436 1 1 452181 0
1 1 8437 8437 319251 0
8437 8437 1 1 452257 0
1 1 8438 8438 319305 0
8438 8438 1 1 452333 0
1 1 8439 8439 317710 0
8439 8439 1 1 452409 0
1 1 8440 8440 317764 0
8440 8440 1 1 452485 0
1 1 8441 8441 317818 0
8441 8441 1 1 452561 0
1 1 8442 8442 317872 0
8442 8442 1 1 452637 0
1 1 8443 8443 317926 0
8443 8443 1 1 452713 0
1 1 8444 8444 317980 0
8444 8444 1 1 452789 0
1 1 8445 8445 318034 0
8445 8445 1 1 452865 0
1 1 8446 8446 318088 0
8446 8446 1 1 452941 0
1 1 8447 8447 318142 0
8447 8447 1 1 453017 0
1 1 8448 8448 318196 0
8448 8448 1 1 453093 0
1 1 8449 8449 318250 0
8449 8449 1 1 453169 0
1 1 8450 8450 318304 0
8450 8450 1 1 453245 0
1 1 8451 8451 318358 0
8451 8451 1 1 453321 0
1 1 8452 8452 318412 0
8452 8452 1 1 453397 0
1 1 8453 8453 318466 0
8453 8453 1 1 453473 0
1 1 8454 8454 318520 0
8454 8454 1 1 453549 0
1 1 8455 8455 318574 0
8455 8455 1 1 451578 0
1 1 8456 8456 318628 0
8456 8456 1 1 451654 0
1 1 8457 8457 318682 0
8457 8457 1 1 451730 0
1 1 8458 8458 318736 0
8458 8458 1 1 451806 0
1 1 8459 8459 318790 0
8459 8459 1 1 451882 0
1 1 8460 8460 318844 0
8460 8460 1 1 451958 0
1 1 8461 8461 318898 0
8461 8461 1 1 452034 0
1 1 8462 8462 318952 0
8462 8462 1 1 452110 0
1 1 8463 8463 319006 0
8463 8463 1 1 452186 0
1 1 8464 8464 319060 0
8464 8464 1 1 452262 0
1 1 8465 8465 319114 0
8465 8465 1 1 452338 0
1 1 8466 8466 319168 0
8466 8466 1 1 452414 0
1 1 8467 8467 319222 0
8467 8467 1 1 452490 0
1 1 8468 8468 319276 0
8468 8468 1 1 452566 0
1 1 8469 8469 319330 0
8469 8469 1 1 452642 0
1 1 8470 8470 319384 0
8470 8470 1 1 452718 0
1 1 8471 8471 319438 0
8471 8471 1 1 452794 0
1 1 8472 8472 319492 0
8472 8472 1 1 452870 0
1 1 8473 8473 319546 0
8473 8473 1 1 452946 0
1 1 8474 8474 319600 0
8474 8474 1 1 453022 0
1 1 8475 8475 319654 0
8475 8475 1 1 453098 0
1 1 8476 8476 319708 0
8476 8476 1 1 453174 0
1 1 8477 8477 319762 0
8477 8477 1 1 453250 0
1 1 8478 8478 319816 0
8478 8478 1 1 453326 0
1 1 8479 8479 319870 0
8479 8479 1 1 453402 0
1 1 8480 8480 319924 0
8480 8480 1 1 453478 0
1 1 8481 8481 319978 0
8481 8481 1 1 453554 0
1 1 8482 8482 320032 0
8482 8482 1 1 453630 0
1 1 8483 8483 320086 0
8483 8483 1 1 453706 0
1 1 8484 8484 320140 0
8484 8484 1 1 453782 0
1 1 8485 8485 320194 0
8485 8485 1 1 453858 0
1 1 8486 8486 320248 0
8486 8486 1 1 453934 0
1 1 8487 8487 320302 0
8487 8487 1 1 454010 0
1 1 8488 8488 320356 0
8488 8488 1 1 454086 0
1 1 8489 8489 320410 0
8489 8489 1 1 454162 0
1 1 8490 8490 320464 0
8490 8490 1 1 454238 0
1 1 8491 8491 320518 0
8491 8491 1 1 454314 0
1 1 8492 8492 320572 0
8492 8492 1 1 454390 0
1 1 8493 8493 320626 0
8493 8493 1 1 454466 0
1 1 8494 8494 320680 0
8494 8494 1 1 454542 0
1 1 8495 8495 320734 0
8495 8495 1 1 454618 0
1 1 8496 8496 320788 0
8496 8496 1 1 454694 0
1 1 8497 8497 320842 0
8497 8497 1 1 454770 0
1 1 8498 8498 320896 0
8498 8498 1 1 454846 0
1 1 8499 8499 320950 0
8499 8499 1 1 454922 0
1 1 8500 8500 321004 0
8500 8500 1 1 454998 0
1 1 8501 8501 321058 0
8501 8501 1 1 455074 0
1 1 8502 8502 321112 0
8502 8502 1 1 455150 0
1 1 8503 8503 321166 0
8503 8503 1 1 455226 0
1 1 8504 8504 321220 0
8504 8504 1 1 455302 0
1 1 8505 8505 321274 0
8505 8505 1 1 455378 0
1 1 8506 8506 321328 0
8506 8506 1 1 455454 0
1 1 8507 8507 321382 0
8507 8507 1 1 455530 0
1 1 8508 8508 321436 0
8508 8508 1 1 455606 0
1 1 8509 8509 321490 0
8509 8509 1 1 455682 0
1 1 8510 8510 321544 0
8510 8510 1 1 455758 0
1 1 8511 8511 321598 0
8511 8511 1 1 455834 0
1 1 8512 8512 321652 0
8512 8512 1 1 455910 0
1 1 8513 8513 321706 0
8513 8513 1 1 455986 0
1 1 8514 8514 321760 0
8514 8514 1 1 456062 0
1 1 8515 8515 321814 0
8515 8515 1 1 456138 0
1 1 8516 8516 321868 0
8516 8516 1 1 456214 0
1 1 8517 8517 321922 0
8517 8517 1 1 456290 0
1 1 8518 8518 321976 0
8518 8518 1 1 456366 0
1 1 8519 8519 322030 0
8519 8519 1 1 456442 0
1 1 8520 8520 322084 0
8520 8520 1 1 456518 0
1 1 8521 8521 322138 0
8521 8521 1 1 456594 0
1 1 8522 8522 322192 0
8522 8522 1 1 456670 0
1 1 8523 8523 322246 0
8523 8523 1 1 456746 0
1 1 8524 8524 322300 0
8524 8524 1 1 456822 0
1 1 8525 8525 322354 0
8525 8525 1 1 456898 0
1 1 8526 8526 322408 0
8526 8526 1 1 456974 0
1 1 8527 8527 322462 0
8527 8527 1 1 457050 0
1 1 8528 8528 322516 0
8528 8528 1 1 457126 0
1 1 8529 8529 322570 0
8529 8529 1 1 457202 0
1 1 8530 8530 322624 0
8530 8530 1 1 457278 0
1 1 8531 8531 322678 0
8531 8531 1 1 457354 0
1 1 8532 8532 322732 0
8532 8532 1 1 457430 0
1 1 8533 8533 322786 0
8533 8533 1 1 457506 0
1 1 8534 8534 322840 0
8534 8534 1 1 457582 0
1 1 8535 8535 322894 0
8535 8535 1 1 457658 0
1 1 8536 8536 321299 0
8536 8536 1 1 457734 0
1 1 8537 8537 321353 0
8537 8537 1 1 457810 0
1 1 8538 8538 321407 0
8538 8538 1 1 457886 0
1 1 8539 8539 321461 0
8539 8539 1 1 457962 0
1 1 8540 8540 321515 0
8540 8540 1 1 458038 0
1 1 8541 8541 321569 0
8541 8541 1 1 458114 0
1 1 8542 8542 321623 0
8542 8542 1 1 458190 0
1 1 8543 8543 321677 0
8543 8543 1 1 458266 0
1 1 8544 8544 321731 0
8544 8544 1 1 456295 0
1 1 8545 8545 321785 0
8545 8545 1 1 456371 0
1 1 8546 8546 321839 0
8546 8546 1 1 456447 0
1 1 8547 8547 321893 0
8547 8547 1 1 456523 0
1 1 8548 8548 321947 0
8548 8548 1 1 456599 0
1 1 8549 8549 322001 0
8549 8549 1 1 456675 0
1 1 8550 8550 322055 0
8550 8550 1 1 456751 0
1 1 8551 8551 322109 0
8551 8551 1 1 456827 0
1 1 8552 8552 322163 0
8552 8552 1 1 456903 0
1 1 8553 8553 322217 0
8553 8553 1 1 456979 0
1 1 8554 8554 322271 0
8554 8554 1 1 457055 0
1 1 8555 8555 322325 0
8555 8555 1 1 457131 0
1 1 8556 8556 322379 0
8556 8556 1 1 457207 0
1 1 8557 8557 322433 0
8557 8557 1 1 457283 0
1 1 8558 8558 322487 0
8558 8558 1 1 457359 0
1 1 8559 8559 322541 0
8559 8559 1 1 457435 0
1 1 8560 8560 322595 0
8560 8560 1 1 457511 0
1 1 8561 8561 322649 0
8561 8561 1 1 457587 0
1 1 8562 8562 322703 0
8562 8562 1 1 457663 0
1 1 8563 8563 322757 0
8563 8563 1 1 457739 0
1 1 8564 8564 322811 0
8564 8564 1 1 457815 0
1 1 8565 8565 322865 0
8565 8565 1 1 457891 0
1 1 8566 8566 322919 0
8566 8566 1 1 457967 0
1 1 8567 8567 322973 0
8567 8567 1 1 458043 0
1 1 8568 8568 323027 0
8568 8568 1 1 458119 0
1 1 8569 8569 323081 0
8569 8569 1 1 458195 0
1 1 8570 8570 323135 0
8570 8570 1 1 458271 0
1 1 8571 8571 323189 0
8571 8571 1 1 458347 0
1 1 8572 8572 323243 0
8572 8572 1 1 458423 0
1 1 8573 8573 323297 0
8573 8573 1 1 458499 0
1 1 8574 8574 323351 0
8574 8574 1 1 458575 0
1 1 8575 8575 323405 0
8575 8575 1 1 458651 0
1 1 8576 8576 323459 0
8576 8576 1 1 458727 0
1 1 8577 8577 323513 0
8577 8577 1 1 458803 0
1 1 8578 8578 323567 0
8578 8578 1 1 458879 0
1 1 8579 8579 323621 0
8579 8579 1 1 458955 0
1 1 8580 8580 323675 0
8580 8580 1 1 459031 0
1 1 8581 8581 323729 0
8581 8581 1 1 459107 0
1 1 8582 8582 323783 0
8582 8582 1 1 459183 0
1 1 8583 8583 323837 0
8583 8583 1 1 459259 0
1 1 8584 8584 323891 0
8584 8584 1 1 459335 0
1 1 8585 8585 323945 0
8585 8585 1 1 459411 0
1 1 8586 8586 323999 0
8586 8586 1 1 459487 0
1 1 8587 8587 324053 0
8587 8587 1 1 459563 0
1 1 8588 8588 324107 0
8588 8588 1 1 459639 0
1 1 8589 8589 324161 0
8589 8589 1 1 459715 0
1 1 8590 8590 324215 0
8590 8590 1 1 459791 0
1 1 8591 8591 324269 0
8591 8591 1 1 459867 0
1 1 8592 8592 324323 0
8592 8592 1 1 459943 0
1 1 8593 8593 324377 0
8593 8593 1 1 460019 0
1 1 8594 8594 324431 0
8594 8594 1 1 460095 0
1 1 8595 8595 324485 0
8595 8595 1 1 460171 0
1 1 8596 8596 324539 0
8596 8596 1 1 460247 0
1 1 8597 8597 324593 0
8597 8597 1 1 460323 0
1 1 8598 8598 324647 0
8598 8598 1 1 460399 0
1 1 8599 8599 324701 0
8599 8599 1 1 460475 0
1 1 8600 8600 324755 0
8600 8600 1 1 460551 0
1 1 8601 8601 324809 0
8601 8601 1 1 460627 0
1 1 8602 8602 324863 0
8602 8602 1 1 460703 0
1 1 8603 8603 324917 0
8603 8603 1 1 460779 0
1 1 8604 8604 324971 0
8604 8604 1 1 460855 0
1 1 8605 8605 325025 0
8605 8605 1 1 460931 0
1 1 8606 8606 325079 0
8606 8606 1 1 461007 0
1 1 8607 8607 325133 0
8607 8607 1 1 461083 0
1 1 8608 8608 325187 0
8608 8608 1 1 461159 0
1 1 8609 8609 325241 0
8609 8609 1 1 461235 0
1 1 8610 8610 325295 0
8610 8610 1 1 461311 0
1 1 8611 8611 325349 0
8611 8611 1 1 461387 0
1 1 8612 8612 325403 0
8612 8612 1 1 461463 0
1 1 8613 8613 325457 0
8613 8613 1 1 461539 0
1 1 8614 8614 325511 0
8614 8614 1 1 461615 0
1 1 8615 8615 325565 0
8615 8615 1 1 461691 0
1 1 8616 8616 325619 0
8616 8616 1 1 461767 0
1 1 8617 8617 325673 0
8617 8617 1 1 461843 0
1 1 8618 8618 325727 0
8618 8618 1 1 461919 0
1 1 8619 8619 325781 0
8619 8619 1 1 461995 0
1 1 8620 8620 325835 0
8620 8620 1 1 462071 0
1 1 8621 8621 325889 0
8621 8621 1 1 462147 0
1 1 8622 8622 325943 0
8622 8622 1 1 462223 0
1 1 8623 8623 325997 0
8623 8623 1 1 462299 0
1 1 8624 8624 326051 0
8624 8624 1 1 462375 0
1 1 8625 8625 326105 0
8625 8625 1 1 462451 0
1 1 8626 8626 326159 0
8626 8626 1 1 462527 0
1 1 8627 8627 326213 0
8627 8627 1 1 462603 0
1 1 8628 8628 326267 0
8628 8628 1 1 462679 0
1 1 8629 8629 326321 0
8629 8629 1 1 462755 0
1 1 8630 8630 326375 0
8630 8630 1 1 462831 0
1 1 8631 8631 326429 0
8631 8631 1 1 462907 0
1 1 8632 8632 326483 0
8632 8632 1 1 462983 0
1 1 8633 8633 324888 0
8633 8633 1 1 461012 0
1 1 8634 8634 324942 0
8634 8634 1 1 461088 0
1 1 8635 8635 324996 0
8635 8635 1 1 461164 0
1 1 8636 8636 325050 0
8636 8636 1 1 461240 0
1 1 8637 8637 325104 0
8637 8637 1 1 461316 0
1 1 8638 8638 325158 0
8638 8638 1 1 461392 0
1 1 8639 8639 325212 0
8639 8639 1 1 461468 0
1 1 8640 8640 325266 0
8640 8640 1 1 461544 0
1 1 8641 8641 325320 0
8641 8641 1 1 461620 0
1 1 8642 8642 325374 0
8642 8642 1 1 461696 0
1 1 8643 8643 325428 0
8643 8643 1 1 461772 0
1 1 8644 8644 325482 0
8644 8644 1 1 461848 0
1 1 8645 8645 325536 0
8645 8645 1 1 461924 0
1 1 8646 8646 325590 0
8646 8646 1 1 462000 0
1 1 8647 8647 325644 0
8647 8647 1 1 462076 0
1 1 8648 8648 325698 0
8648 8648 1 1 462152 0
1 1 8649 8649 325752 0
8649 8649 1 1 462228 0
1 1 8650 8650 325806 0
8650 8650 1 1 462304 0
1 1 8651 8651 325860 0
8651 8651 1 1 462380 0
1 1 8652 8652 325914 0
8652 8652 1 1 462456 0
1 1 8653 8653 325968 0
8653 8653 1 1 462532 0
1 1 8654 8654 326022 0
8654 8654 1 1 462608 0
1 1 8655 8655 326076 0
8655 8655 1 1 462684 0
1 1 8656 8656 326130 0
8656 8656 1 1 462760 0
1 1 8657 8657 326184 0
8657 8657 1 1 462836 0
1 1 8658 8658 326238 0
8658 8658 1 1 462912 0
1 1 8659 8659 326292 0
8659 8659 1 1 462988 0
1 1 8660 8660 326346 0
8660 8660 1 1 463064 0
1 1 8661 8661 326400 0
8661 8661 1 1 463140 0
1 1 8662 8662 326454 0
8662 8662 1 1 463216 0
1 1 8663 8663 326508 0
8663 8663 1 1 463292 0
1 1 8664 8664 326562 0
8664 8664 1 1 463368 0
1 1 8665 8665 326616 0
8665 8665 1 1 463444 0
1 1 8666 8666 326670 0
8666 8666 1 1 463520 0
1 1 8667 8667 326724 0
8667 8667 1 1 463596 0
1 1 8668 8668 326778 0
8668 8668 1 1 463672 0
1 1 8669 8669 326832 0
8669 8669 1 1 463748 0
1 1 8670 8670 326886 0
8670 8670 1 1 463824 0
1 1 8671 8671 326940 0
8671 8671 1 1 463900 0
1 1 8672 8672 326994 0
8672 8672 1 1 463976 0
1 1 8673 8673 327048 0
8673 8673 1 1 464052 0
1 1 8674 8674 327102 0
8674 8674 1 1 464128 0
1 1 8675 8675 327156 0
8675 8675 1 1 464204 0
1 1 8676 8676 327210 0
8676 8676 1 1 464280 0
1 1 8677 8677 327264 0
8677 8677 1 1 464356 0
1 1 8678 8678 327318 0
8678 8678 1 1 464432 0
1 1 8679 8679 327372 0
8679 8679 1 1 464508 0
1 1 8680 8680 327426 0
8680 8680 1 1 464584 0
1 1 8681 8681 327480 0
8681 8681 1 1 464660 0
1 1 8682 8682 327534 0
8682 8682 1 1 464736 0
1 1 8683 8683 327588 0
8683 8683 1 1 464812 0
1 1 8684 8684 327642 0
8684 8684 1 1 464888 0
1 1 8685 8685 327696 0
8685 8685 1 1 464964 0
1 1 8686 8686 327750 0
8686 8686 1 1 465040 0
1 1 8687 8687 327804 0
8687 8687 1 1 465116 0
1 1 8688 8688 327858 0
8688 8688 1 1 465192 0
1 1 8689 8689 327912 0
8689 8689 1 1 465268 0
1 1 8690 8690 327966 0
8690 8690 1 1 465344 0
1 1 8691 8691 328020 0
8691 8691 1 1 465420 0
1 1 8692 8692 328074 0
8692 8692 1 1 465496 0
1 1 8693 8693 328128 0
8693 8693 1 1 465572 0
1 1 8694 8694 328182 0
8694 8694 1 1 465648 0
1 1 8695 8695 328236 0
8695 8695 1 1 465724 0
1 1 8696 8696 328290 0
8696 8696 1 1 465800 0
1 1 8697 8697 328344 0
8697 8697 1 1 465876 0
1 1 8698 8698 328398 0
8698 8698 1 1 465952 0
1 1 8699 8699 328452 0
8699 8699 1 1 466028 0
1 1 8700 8700 328506 0
8700 8700 1 1 466104 0
1 1 8701 8701 328560 0
8701 8701 1 1 466180 0
1 1 8702 8702 328614 0
8702 8702 1 1 466256 0
1 1 8703 8703 328668 0
8703 8703 1 1 466332 0
1 1 8704 8704 328722 0
8704 8704 1 1 466408 0
1 1 8705 8705 328776 0
8705 8705 1 1 466484 0
1 1 8706 8706 328830 0
8706 8706 1 1 466560 0
1 1 8707 8707 328884 0
8707 8707 1 1 466636 0
1 1 8708 8708 328938 0
8708 8708 1 1 466712 0
1 1 8709 8709 328992 0
8709 8709 1 1 466788 0
1 1 8710 8710 329046 0
8710 8710 1 1 466864 0
1 1 8711 8711 329100 0
8711 8711 1 1 466940 0
1 1 8712 8712 329154 0
8712 8712 1 1 467016 0
1 1 8713 8713 329208 0
8713 8713 1 1 467092 0
1 1 8714 8714 329262 0
8714 8714 1 1 467168 0
1 1 8715 8715 329316 0
8715 8715 1 1 467244 0
1 1 8716 8716 329370 0
8716 8716 1 1 467320 0
1 1 8717 8717 329424 0
8717 8717 1 1 467396 0
1 1 8718 8718 329478 0
8718 8718 1 1 467472 0
1 1 8719 8719 329532 0
8719 8719 1 1 467548 0
1 1 8720 8720 329586 0
8720 8720 1 1 467624 0
1 1 8721 8721 329640 0
8721 8721 1 1 467700 0
1 1 8722 8722 329694 0
8722 8722 1 1 465729 0
1 1 8723 8723 329748 0
8723 8723 1 1 465805 0
1 1 8724 8724 329802 0
8724 8724 1 1 465881 0
1 1 8725 8725 329856 0
8725 8725 1 1 465957 0
1 1 8726 8726 329910 0
8726 8726 1 1 466033 0
1 1 8727 8727 329964 0
8727 8727 1 1 466109 0
1 1 8728 8728 330018 0
8728 8728 1 1 466185 0
1 1 8729 8729 330072 0
8729 8729 1 1 466261 0
1 1 8730 8730 328477 0
8730 8730 1 1 466337 0
1 1 8731 8731 328531 0
8731 8731 1 1 466413 0
1 1 8732 8732 328585 0
8732 8732 1 1 466489 0
1 1 8733 8733 328639 0
8733 8733 1 1 466565 0
1 1 8734 8734 328693 0
8734 8734 1 1 466641 0
1 1 8735 8735 328747 0
8735 8735 1 1 466717 0
1 1 8736 8736 328801 0
8736 8736 1 1 466793 0
1 1 8737 8737 328855 0
8737 8737 1 1 466869 0
1 1 8738 8738 328909 0
8738 8738 1 1 466945 0
1 1 8739 8739 328963 0
8739 8739 1 1 467021 0
1 1 8740 8740 329017 0
8740 8740 1 1 467097 0
1 1 8741 8741 329071 0
8741 8741 1 1 467173 0
1 1 8742 8742 329125 0
8742 8742 1 1 467249 0
1 1 8743 8743 329179 0
8743 8743 1 1 467325 0
1 1 8744 8744 329233 0
8744 8744 1 1 467401 0
1 1 8745 8745 329287 0
8745 8745 1 1 467477 0
1 1 8746 8746 329341 0
8746 8746 1 1 467553 0
1 1 8747 8747 329395 0
8747 8747 1 1 467629 0
1 1 8748 8748 329449 0
8748 8748 1 1 467705 0
1 1 8749 8749 329503 0
8749 8749 1 1 467781 0
1 1 8750 8750 329557 0
8750 8750 1 1 467857 0
1 1 8751 8751 329611 0
8751 8751 1 1 467933 0
1 1 8752 8752 329665 0
8752 8752 1 1 468009 0
1 1 8753 8753 329719 0
8753 8753 1 1 468085 0
1 1 8754 8754 329773 0
8754 8754 1 1 468161 0
1 1 8755 8755 329827 0
8755 8755 1 1 468237 0
1 1 8756 8756 329881 0
8756 8756 1 1 468313 0
1 1 8757 8757 329935 0
8757 8757 1 1 468389 0
1 1 8758 8758 329989 0
8758 8758 1 1 468465 0
1 1 8759 8759 330043 0
8759 8759 1 1 468541 0
1 1 8760 8760 330097 0
8760 8760 1 1 468617 0
1 1 8761 8761 330151 0
8761 8761 1 1 468693 0
1 1 8762 8762 330205 0
8762 8762 1 1 468769 0
1 1 8763 8763 330259 0
8763 8763 1 1 468845 0
1 1 8764 8764 330313 0
8764 8764 1 1 468921 0
1 1 8765 8765 330367 0
8765 8765 1 1 468997 0
1 1 8766 8766 330421 0
8766 8766 1 1 469073 0
1 1 8767 8767 330475 0
8767 8767 1 1 469149 0
1 1 8768 8768 330529 0
8768 8768 1 1 469225 0
1 1 8769 8769 330583 0
8769 8769 1 1 469301 0
1 1 8770 8770 330637 0
8770 8770 1 1 469377 0
1 1 8771 8771 330691 0
8771 8771 1 1 469453 0
1 1 8772 8772 330745 0
8772 8772 1 1 469529 0
1 1 8773 8773 330799 0
8773 8773 1 1 469605 0
1 1 8774 8774 330853 0
8774 8774 1 1 469681 0
1 1 8775 8775 330907 0
8775 8775 1 1 469757 0
1 1 8776 8776 330961 0
8776 8776 1 1 469833 0
1 1 8777 8777 331015 0
8777 8777 1 1 469909 0
1 1 8778 8778 331069 0
8778 8778 1 1 469985 0
1 1 8779 8779 331123 0
8779 8779 1 1 470061 0
1 1 8780 8780 331177 0
8780 8780 1 1 470137 0
1 1 8781 8781 331231 0
8781 8781 1 1 470213 0
1 1 8782 8782 331285 0
8782 8782 1 1 470289 0
1 1 8783 8783 331339 0
8783 8783 1 1 470365 0
1 1 8784 8784 331393 0
8784 8784 1 1 470441 0
1 1 8785 8785 331447 0
8785 8785 1 1 470517 0
1 1 8786 8786 331501 0
8786 8786 1 1 470593 0
1 1 8787 8787 331555 0
8787 8787 1 1 470669 0
1 1 8788 8788 331609 0
8788 8788 1 1 470745 0
1 1 8789 8789 331663 0
8789 8789 1 1 470821 0
1 1 8790 8790 331717 0
8790 8790 1 1 470897 0
1 1 8791 8791 331771 0
8791 8791 1 1 470973 0
1 1 8792 8792 331825 0
8792 8792 1 1 471049 0
1 1 8793 8793 331879 0
8793 8793 1 1 471125 0
1 1 8794 8794 331933 0
8794 8794 1 1 471201 0
1 1 8795 8795 331987 0
8795 8795 1 1 471277 0
1 1 8796 8796 332041 0
8796 8796 1 1 471353 0
1 1 8797 8797 332095 0
8797 8797 1 1 471429 0
1 1 8798 8798 332149 0
8798 8798 1 1 471505 0
1 1 8799 8799 332203 0
8799 8799 1 1 471581 0
1 1 8800 8800 332257 0
8800 8800 1 1 471657 0
1 1 8801 8801 332311 0
8801 8801 1 1 471733 0
1 1 8802 8802 332365 0
8802 8802 1 1 471809 0
1 1 8803 8803 332419 0
8803 8803 1 1 471885 0
1 1 8804 8804 332473 0
8804 8804 1 1 471961 0
1 1 8805 8805 332527 0
8805 8805 1 1 472037 0
1 1 8806 8806 332581 0
8806 8806 1 1 472113 0
1 1 8807 8807 332635 0
8807 8807 1 1 472189 0
1 1 8808 8808 332689 0
8808 8808 1 1 472265 0
1 1 8809 8809 332743 0
8809 8809 1 1 472341 0
1 1 8810 8810 332797 0
8810 8810 1 1 472417 0
1 1 8811 8811 332851 0
8811 8811 1 1 470446 0
1 1 8812 8812 332905 0
8812 8812 1 1 470522 0
1 1 8813 8813 332959 0
8813 8813 1 1 470598 0
1 1 8814 8814 333013 0
8814 8814 1 1 470674 0
1 1 8815 8815 333067 0
8815 8815 1 1 470750 0
1 1 8816 8816 333121 0
8816 8816 1 1 470826 0
1 1 8817 8817 333175 0
8817 8817 1 1 470902 0
1 1 8818 8818 333229 0
8818 8818 1 1 470978 0
1 1 8819 8819 333283 0
8819 8819 1 1 471054 0
1 1 8820 8820 333337 0
8820 8820 1 1 471130 0
1 1 8821 8821 333391 0
8821 8821 1 1 471206 0
1 1 8822 8822 333445 0
8822 8822 1 1 471282 0
1 1 8823 8823 333499 0
8823 8823 1 1 471358 0
1 1 8824 8824 333553 0
8824 8824 1 1 471434 0
1 1 8825 8825 333607 0
8825 8825 1 1 471510 0
1 1 8826 8826 333661 0
8826 8826 1 1 471586 0
1 1 8827 8827 332066 0
8827 8827 1 1 471662 0
1 1 8828 8828 332120 0
8828 8828 1 1 471738 0
1 1 8829 8829 332174 0
8829 8829 1 1 471814 0
1 1 8830 8830 332228 0
8830 8830 1 1 471890 0
1 1 8831 8831 332282 0
8831 8831 1 1 471966 0
1 1 8832 8832 332336 0
8832 8832 1 1 472042 0
1 1 8833 8833 332390 0
8833 8833 1 1 472118 0
1 1 8834 8834 332444 0
8834 8834 1 1 472194 0
1 1 8835 8835 332498 0
8835 8835 1 1 472270 0
1 1 8836 8836 332552 0
8836 8836 1 1 472346 0
1 1 8837 8837 332606 0
8837 8837 1 1 472422 0
1 1 8838 8838 332660 0
8838 8838 1 1 472498 0
1 1 8839 8839 332714 0
8839 8839 1 1 472574 0
1 1 8840 8840 332768 0
8840 8840 1 1 472650 0
1 1 8841 8841 332822 0
8841 8841 1 1 472726 0
1 1 8842 8842 332876 0
8842 8842 1 1 472802 0
1 1 8843 8843 332930 0
8843 8843 1 1 472878 0
1 1 8844 8844 332984 0
8844 8844 1 1 472954 0
1 1 8845 8845 333038 0
8845 8845 1 1 473030 0
1 1 8846 8846 333092 0
8846 8846 1 1 473106 0
1 1 8847 8847 333146 0
8847 8847 1 1 473182 0
1 1 8848 8848 333200 0
8848 8848 1 1 473258 0
1 1 8849 8849 333254 0
8849 8849 1 1 473334 0
1 1 8850 8850 333308 0
8850 8850 1 1 473410 0
1 1 8851 8851 333362 0
8851 8851 1 1 473486 0
1 1 8852 8852 333416 0
8852 8852 1 1 473562 0
1 1 8853 8853 333470 0
8853 8853 1 1 473638 0
1 1 8854 8854 333524 0
8854 8854 1 1 473714 0
1 1 8855 8855 333578 0
8855 8855 1 1 473790 0
1 1 8856 8856 333632 0
8856 8856 1 1 473866 0
1 1 8857 8857 333686 0
8857 8857 1 1 473942 0
1 1 8858 8858 333740 0
8858 8858 1 1 474018 0
1 1 8859 8859 333794 0
8859 8859 1 1 474094 0
1 1 8860 8860 333848 0
8860 8860 1 1 474170 0
1 1 8861 8861 333902 0
8861 8861 1 1 474246 0
1 1 8862 8862 333956 0
8862 8862 1 1 474322 0
1 1 8863 8863 334010 0
8863 8863 1 1 474398 0
1 1 8864 8864 334064 0
8864 8864 1 1 474474 0
1 1 8865 8865 334118 0
8865 8865 1 1 474550 0
1 1 8866 8866 334172 0
8866 8866 1 1 474626 0
1 1 8867 8867 334226 0
8867 8867 1 1 474702 0
1 1 8868 8868 334280 0
8868 8868 1 1 474778 0
1 1 8869 8869 334334 0
8869 8869 1 1 474854 0
1 1 8870 8870 334388 0
8870 8870 1 1 474930 0
1 1 8871 8871 334442 0
8871 8871 1 1 475006 0
1 1 8872 8872 334496 0
8872 8872 1 1 475082 0
1 1 8873 8873 334550 0
8873 8873 1 1 475158 0
1 1 8874 8874 334604 0
8874 8874 1 1 475234 0
1 1 8875 8875 334658 0
8875 8875 1 1 475310 0
1 1 8876 8876 334712 0
8876 8876 1 1 475386 0
1 1 8877 8877 334766 0
8877 8877 1 1 475462 0
1 1 8878 8878 334820 0
8878 8878 1 1 475538 0
1 1 8879 8879 334874 0
8879 8879 1 1 475614 0
1 1 8880 8880 334928 0
8880 8880 1 1 475690 0
1 1 8881 8881 334982 0
8881 8881 1 1 475766 0
1 1 8882 8882 335036 0
8882 8882 1 1 475842 0
1 1 8883 8883 335090 0
8883 8883 1 1 475918 0
1 1 8884 8884 335144 0
8884 8884 1 1 475994 0
1 1 8885 8885 335198 0
8885 8885 1 1 476070 0
1 1 8886 8886 335252 0
8886 8886 1 1 476146 0
1 1 8887 8887 335306 0
8887 8887 1 1 476222 0
1 1 8888 8888 335360 0
8888 8888 1 1 476298 0
1 1 8889 8889 335414 0
8889 8889 1 1 476374 0
1 1 8890 8890 335468 0
8890 8890 1 1 476450 0
1 1 8891 8891 335522 0
8891 8891 1 1 476526 0
1 1 8892 8892 335576 0
8892 8892 1 1 476602 0
1 1 8893 8893 335630 0
8893 8893 1 1 476678 0
1 1 8894 8894 335684 0
8894 8894 1 1 476754 0
1 1 8895 8895 335738 0
8895 8895 1 1 476830 0
1 1 8896 8896 335792 0
8896 8896 1 1 476906 0
1 1 8897 8897 335846 0
8897 8897 1 1 476982 0
1 1 8898 8898 335900 0
8898 8898 1 1 477058 0
1 1 8899 8899 335954 0
8899 8899 1 1 477134 0
1 1 8900 8900 336008 0
8900 8900 1 1 475163 0
1 1 8901 8901 336062 0
8901 8901 1 1 475239 0
1 1 8902 8902 336116 0
8902 8902 1 1 475315 0
1 1 8903 8903 336170 0
8903 8903 1 1 475391 0
1 1 8904 8904 336224 0
8904 8904 1 1 475467 0
1 1 8905 8905 336278 0
8905 8905 1 1 475543 0
1 1 8906 8906 336332 0
8906 8906 1 1 475619 0
1 1 8907 8907 336386 0
8907 8907 1 1 475695 0
1 1 8908 8908 336440 0
8908 8908 1 1 475771 0
1 1 8909 8909 336494 0
8909 8909 1 1 475847 0
1 1 8910 8910 336548 0
8910 8910 1 1 475923 0
1 1 8911 8911 336602 0
8911 8911 1 1 475999 0
1 1 8912 8912 336656 0
8912 8912 1 1 476075 0
1 1 8913 8913 336710 0
8913 8913 1 1 476151 0
1 1 8914 8914 336764 0
8914 8914 1 1 476227 0
1 1 8915 8915 336818 0
8915 8915 1 1 476303 0
1 1 8916 8916 336872 0
8916 8916 1 1 476379 0
1 1 8917 8917 336926 0
8917 8917 1 1 476455 0
1 1 8918 8918 336980 0
8918 8918 1 1 476531 0
1 1 8919 8919 337034 0
8919 8919 1 1 476607 0
1 1 8920 8920 337088 0
8920 8920 1 1 476683 0
1 1 8921 8921 337142 0
8921 8921 1 1 476759 0
1 1 8922 8922 337196 0
8922 8922 1 1 476835 0
1 1 8923 8923 337250 0
8923 8923 1 1 476911 0
1 1 8924 8924 335655 0
8924 8924 1 1 476987 0
1 1 8925 8925 335709 0
8925 8925 1 1 477063 0
1 1 8926 8926 335763 0
8926 8926 1 1 477139 0
1 1 8927 8927 335817 0
8927 8927 1 1 477215 0
1 1 8928 8928 335871 0
8928 8928 1 1 477291 0
1 1 8929 8929 335925 0
8929 8929 1 1 477367 0
1 1 8930 8930 335979 0
8930 8930 1 1 477443 0
1 1 8931 8931 336033 0
8931 8931 1 1 477519 0
1 1 8932 8932 336087 0
8932 8932 1 1 477595 0
1 1 8933 8933 336141 0
8933 8933 1 1 477671 0
1 1 8934 8934 336195 0
8934 8934 1 1 477747 0
1 1 8935 8935 336249 0
8935 8935 1 1 477823 0
1 1 8936 8936 336303 0
8936 8936 1 1 477899 0
1 1 8937 8937 336357 0
8937 8937 1 1 477975 0
1 1 8938 8938 336411 0
8938 8938 1 1 478051 0
1 1 8939 8939 336465 0
8939 8939 1 1 478127 0
1 1 8940 8940 336519 0
8940 8940 1 1 478203 0
1 1 8941 8941 336573 0
8941 8941 1 1 478279 0
1 1 8942 8942 336627 0
8942 8942 1 1 478355 0
1 1 8943 8943 336681 0
8943 8943 1 1 478431 0
1 1 8944 8944 336735 0
8944 8944 1 1 478507 0
1 1 8945 8945 336789 0
8945 8945 1 1 478583 0
1 1 8946 8946 336843 0
8946 8946 1 1 478659 0
1 1 8947 8947 336897 0
8947 8947 1 1 478735 0
1 1 8948 8948 336951 0
8948 8948 1 1 478811 0
1 1 8949 8949 337005 0
8949 8949 1 1 478887 0
1 1 8950 8950 337059 0
8950 8950 1 1 478963 0
1 1 8951 8951 337113 0
8951 8951 1 1 479039 0
1 1 8952 8952 337167 0
8952 8952 1 1 479115 0
1 1 8953 8953 337221 0
8953 8953 1 1 479191 0
1 1 8954 8954 337275 0
8954 8954 1 1 479267 0
1 1 8955 8955 337329 0
8955 8955 1 1 479343 0
1 1 8956 8956 337383 0
8956 8956 1 1 479419 0
1 1 8957 8957 337437 0
8957 8957 1 1 479495 0
1 1 8958 8958 337491 0
8958 8958 1 1 479571 0
1 1 8959 8959 337545 0
8959 8959 1 1 479647 0
1 1 8960 8960 337599 0
8960 8960 1 1 479723 0
1 1 8961 8961 337653 0
8961 8961 1 1 479799 0
1 1 8962 8962 337707 0
8962 8962 1 1 479875 0
1 1 8963 8963 337761 0
8963 8963 1 1 479951 0
1 1 8964 8964 337815 0
8964 8964 1 1 480027 0
1 1 8965 8965 337869 0
8965 8965 1 1 480103 0
1 1 8966 8966 337923 0
8966 8966 1 1 480179 0
1 1 8967 8967 337977 0
8967 8967 1 1 480255 0
1 1 8968 8968 338031 0
8968 8968 1 1 480331 0
1 1 8969 8969 338085 0
8969 8969 1 1 480407 0
1 1 8970 8970 338139 0
8970 8970 1 1 480483 0
1 1 8971 8971 338193 0
8971 8971 1 1 480559 0
1 1 8972 8972 338247 0
8972 8972 1 1 480635 0
1 1 8973 8973 338301 0
8973 8973 1 1 480711 0
1 1 8974 8974 338355 0
8974 8974 1 1 480787 0
1 1 8975 8975 338409 0
8975 8975 1 1 480863 0
1 1 8976 8976 338463 0
8976 8976 1 1 480939 0
1 1 8977 8977 338517 0
8977 8977 1 1 481015 0
1 1 8978 8978 338571 0
8978 8978 1 1 481091 0
1 1 8979 8979 338625 0
8979 8979 1 1 481167 0
1 1 8980 8980 338679 0
8980 8980 1 1 481243 0
1 1 8981 8981 338733 0
8981 8981 1 1 481319 0
1 1 8982 8982 338787 0
8982 8982 1 1 481395 0
1 1 8983 8983 338841 0
8983 8983 1 1 481471 0
1 1 8984 8984 338895 0
8984 8984 1 1 481547 0
1 1 8985 8985 338949 0
8985 8985 1 1 481623 0
1 1 8986 8986 339003 0
8986 8986 1 1 481699 0
1 1 8987 8987 339057 0
8987 8987 1 1 481775 0
1 1 8988 8988 339111 0
8988 8988 1 1 481851 0
1 1 8989 8989 339165 0
8989 8989 1 1 479880 0
1 1 8990 8990 339219 0
8990 8990 1 1 479956 0
1 1 8991 8991 339273 0
8991 8991 1 1 480032 0
1 1 8992 8992 339327 0
8992 8992 1 1 480108 0
1 1 8993 8993 339381 0
8993 8993 1 1 480184 0
1 1 8994 8994 339435 0
8994 8994 1 1 480260 0
1 1 8995 8995 339489 0
8995 8995 1 1 480336 0
1 1 8996 8996 339543 0
8996 8996 1 1 480412 0
1 1 8997 8997 339597 0
8997 8997 1 1 480488 0
1 1 8998 8998 339651 0
8998 8998 1 1 480564 0
1 1 8999 8999 339705 0
8999 8999 1 1 480640 0
1 1 9000 9000 339759 0
9000 9000 1 1 480716 0
1 1 9001 9001 339813 0
9001 9001 1 1 480792 0
1 1 9002 9002 339867 0
9002 9002 1 1 480868 0
1 1 9003 9003 339921 0
9003 9003 1 1 480944 0
1 1 9004 9004 339975 0
9004 9004 1 1 481020 0
1 1 9005 9005 340029 0
9005 9005 1 1 481096 0
1 1 9006 9006 340083 0
9006 9006 1 1 481172 0
1 1 9007 9007 340137 0
9007 9007 1 1 481248 0
1 1 9008 9008 340191 0
9008 9008 1 1 481324 0
1 1 9009 9009 340245 0
9009 9009 1 1 481400 0
1 1 9010 9010 340299 0
9010 9010 1 1 481476 0
1 1 9011 9011 340353 0
9011 9011 1 1 481552 0
1 1 9012 9012 340407 0
9012 9012 1 1 481628 0
1 1 9013 9013 340461 0
9013 9013 1 1 481704 0
1 1 9014 9014 340515 0
9014 9014 1 1 481780 0
1 1 9015 9015 340569 0
9015 9015 1 1 481856 0
1 1 9016 9016 340623 0
9016 9016 1 1 481932 0
1 1 9017 9017 340677 0
9017 9017 1 1 482008 0
1 1 9018 9018 340731 0
9018 9018 1 1 482084 0
1 1 9019 9019 340785 0
9019 9019 1 1 482160 0
1 1 9020 9020 340839 0
9020 9020 1 1 482236 0
1 1 9021 9021 339244 0
9021 9021 1 1 482312 0
1 1 9022 9022 339298 0
9022 9022 1 1 482388 0
1 1 9023 9023 339352 0
9023 9023 1 1 482464 0
1 1 9024 9024 339406 0
9024 9024 1 1 482540 0
1 1 9025 9025 339460 0
9025 9025 1 1 482616 0
1 1 9026 9026 339514 0
9026 9026 1 1 482692 0
1 1 9027 9027 339568 0
9027 9027 1 1 482768 0
1 1 9028 9028 339622 0
9028 9028 1 1 482844 0
1 1 9029 9029 339676 0
9029 9029 1 1 482920 0
1 1 9030 9030 339730 0
9030 9030 1 1 482996 0
1 1 9031 9031 339784 0
9031 9031 1 1 483072 0
1 1 9032 9032 339838 0
9032 9032 1 1 483148 0
1 1 9033 9033 339892 0
9033 9033 1 1 483224 0
1 1 9034 9034 339946 0
9034 9034 1 1 483300 0
1 1 9035 9035 340000 0
9035 9035 1 1 483376 0
1 1 9036 9036 340054 0
9036 9036 1 1 483452 0
1 1 9037 9037 340108 0
9037 9037 1 1 483528 0
1 1 9038 9038 340162 0
9038 9038 1 1 483604 0
1 1 9039 9039 340216 0
9039 9039 1 1 483680 0
1 1 9040 9040 340270 0
9040 9040 1 1 483756 0
1 1 9041 9041 340324 0
9041 9041 1 1 483832 0
1 1 9042 9042 340378 0
9042 9042 1 1 483908 0
1 1 9043 9043 340432 0
9043 9043 1 1 483984 0
1 1 9044 9044 340486 0
9044 9044 1 1 484060 0
1 1 9045 9045 340540 0
9045 9045 1 1 484136 0
1 1 9046 9046 340594 0
9046 9046 1 1 484212 0
1 1 9047 9047 340648 0
9047 9047 1 1 484288 0
1 1 9048 9048 340702 0
9048 9048 1 1 484364 0
1 1 9049 9049 340756 0
9049 9049 1 1 484440 0
1 1 9050 9050 340810 0
9050 9050 1 1 484516 0
1 1 9051 9051 340864 0
9051 9051 1 1 484592 0
1 1 9052 9052 340918 0
9052 9052 1 1 484668 0
1 1 9053 9053 340972 0
9053 9053 1 1 484744 0
1 1 9054 9054 341026 0
9054 9054 1 1 484820 0
1 1 9055 9055 341080 0
9055 9055 1 1 484896 0
1 1 9056 9056 341134 0
9056 9056 1 1 484972 0
1 1 9057 9057 341188 0
9057 9057 1 1 485048 0
1 1 9058 9058 341242 0
9058 9058 1 1 485124 0
1 1 9059 9059 341296 0
9059 9059 1 1 485200 0
1 1 9060 9060 341350 0
9060 9060 1 1 485276 0
1 1 9061 9061 341404 0
9061 9061 1 1 485352 0
1 1 9062 9062 341458 0
9062 9062 1 1 485428 0
1 1 9063 9063 341512 0
9063 9063 1 1 485504 0
1 1 9064 9064 341566 0
9064 9064 1 1 485580 0
1 1 9065 9065 341620 0
9065 9065 1 1 485656 0
1 1 9066 9066 341674 0
9066 9066 1 1 485732 0
1 1 9067 9067 341728 0
9067 9067 1 1 485808 0
1 1 9068 9068 341782 0
9068 9068 1 1 485884 0
1 1 9069 9069 341836 0
9069 9069 1 1 485960 0
1 1 9070 9070 341890 0
9070 9070 1 1 486036 0
1 1 9071 9071 341944 0
9071 9071 1 1 486112 0
1 1 9072 9072 341998 0
9072 9072 1 1 486188 0
1 1 9073 9073 342052 0
9073 9073 1 1 486264 0
1 1 9074 9074 342106 0
9074 9074 1 1 486340 0
1 1 9075 9075 342160 0
9075 9075 1 1 486416 0
1 1 9076 9076 342214 0
9076 9076 1 1 486492 0
1 1 9077 9077 342268 0
9077 9077 1 1 486568 0
1 1 9078 9078 342322 0
9078 9078 1 1 484597 0
1 1 9079 9079 342376 0
9079 9079 1 1 484673 0
1 1 9080 9080 342430 0
9080 9080 1 1 484749 0
1 1 9081 9081 342484 0
9081 9081 1 1 484825 0
1 1 9082 9082 342538 0
9082 9082 1 1 484901 0
1 1 9083 9083 342592 0
9083 9083 1 1 484977 0
1 1 9084 9084 342646 0
9084 9084 1 1 485053 0
1 1 9085 9085 342700 0
9085 9085 1 1 485129 0
1 1 9086 9086 342754 0
9086 9086 1 1 485205 0
1 1 9087 9087 342808 0
9087 9087 1 1 485281 0
1 1 9088 9088 342862 0
9088 9088 1 1 485357 0
1 1 9089 9089 342916 0
9089 9089 1 1 485433 0
1 1 9090 9090 342970 0
9090 9090 1 1 485509 0
1 1 9091 9091 343024 0
9091 9091 1 1 485585 0
1 1 9092 9092 343078 0
9092 9092 1 1 485661 0
1 1 9093 9093 343132 0
9093 9093 1 1 485737 0
1 1 9094 9094 343186 0
9094 9094 1 1 485813 0
1 1 9095 9095 343240 0
9095 9095 1 1 485889 0
1 1 9096 9096 343294 0
9096 9096 1 1 485965 0
1 1 9097 9097 343348 0
9097 9097 1 1 486041 0
1 1 9098 9098 343402 0
9098 9098 1 1 486117 0
1 1 9099 9099 343456 0
9099 9099 1 1 486193 0
1 1 9100 9100 343510 0
9100 9100 1 1 486269 0
1 1 9101 9101 343564 0
9101 9101 1 1 486345 0
1 1 9102 9102 343618 0
9102 9102 1 1 486421 0
1 1 9103 9103 343672 0
9103 9103 1 1 486497 0
1 1 9104 9104 343726 0
9104 9104 1 1 486573 0
1 1 9105 9105 343780 0
9105 9105 1 1 486649 0
1 1 9106 9106 343834 0
9106 9106 1 1 486725 0
1 1 9107 9107 343888 0
9107 9107 1 1 486801 0
1 1 9108 9108 343942 0
9108 9108 1 1 486877 0
1 1 9109 9109 343996 0
9109 9109 1 1 486953 0
1 1 9110 9110 344050 0
9110 9110 1 1 487029 0
1 1 9111 9111 344104 0
9111 9111 1 1 487105 0
1 1 9112 9112 344158 0
9112 9112 1 1 487181 0
1 1 9113 9113 344212 0
9113 9113 1 1 487257 0
1 1 9114 9114 344266 0
9114 9114 1 1 487333 0
1 1 9115 9115 344320 0
9115 9115 1 1 487409 0
1 1 9116 9116 344374 0
9116 9116 1 1 487485 0
1 1 9117 9117 344428 0
9117 9117 1 1 487561 0
1 1 9118 9118 342833 0
9118 9118 1 1 487637 0
1 1 9119 9119 342887 0
9119 9119 1 1 487713 0
1 1 9120 9120 342941 0
9120 9120 1 1 487789 0
1 1 9121 9121 342995 0
9121 9121 1 1 487865 0
1 1 9122 9122 343049 0
9122 9122 1 1 487941 0
1 1 9123 9123 343103 0
9123 9123 1 1 488017 0
1 1 9124 9124 343157 0
9124 9124 1 1 488093 0
1 1 9125 9125 343211 0
9125 9125 1 1 488169 0
1 1 9126 9126 343265 0
9126 9126 1 1 488245 0
1 1 9127 9127 343319 0
9127 9127 1 1 488321 0
1 1 9128 9128 343373 0
9128 9128 1 1 488397 0
1 1 9129 9129 343427 0
9129 9129 1 1 488473 0
1 1 9130 9130 343481 0
9130 9130 1 1 488549 0
1 1 9131 9131 343535 0
9131 9131 1 1 488625 0
1 1 9132 9132 343589 0
9132 9132 1 1 488701 0
1 1 9133 9133 343643 0
9133 9133 1 1 488777 0
1 1 9134 9134 343697 0
9134 9134 1 1 488853 0
1 1 9135 9135 343751 0
9135 9135 1 1 488929 0
1 1 9136 9136 343805 0
9136 9136 1 1 489005 0
1 1 9137 9137 343859 0
9137 9137 1 1 489081 0
1 1 9138 9138 343913 0
9138 9138 1 1 489157 0
1 1 9139 9139 343967 0
9139 9139 1 1 489233 0
1 1 9140 9140 344021 0
9140 9140 1 1 489309 0
1 1 9141 9141 344075 0
9141 9141 1 1 489385 0
1 1 9142 9142 344129 0
9142 9142 1 1 489461 0
1 1 9143 9143 344183 0
9143 9143 1 1 489537 0
1 1 9144 9144 344237 0
9144 9144 1 1 489613 0
1 1 9145 9145 344291 0
9145 9145 1 1 489689 0
1 1 9146 9146 344345 0
9146 9146 1 1 489765 0
1 1 9147 9147 344399 0
9147 9147 1 1 489841 0
1 1 9148 9148 344453 0
9148 9148 1 1 489917 0
1 1 9149 9149 344507 0
9149 9149 1 1 489993 0
1 1 9150 9150 344561 0
9150 9150 1 1 490069 0
1 1 9151 9151 344615 0
9151 9151 1 1 490145 0
1 1 9152 9152 344669 0
9152 9152 1 1 490221 0
1 1 9153 9153 344723 0
9153 9153 1 1 490297 0
1 1 9154 9154 344777 0
9154 9154 1 1 490373 0
1 1 9155 9155 344831 0
9155 9155 1 1 490449 0
1 1 9156 9156 344885 0
9156 9156 1 1 490525 0
1 1 9157 9157 344939 0
9157 9157 1 1 490601 0
1 1 9158 9158 344993 0
9158 9158 1 1 490677 0
1 1 9159 9159 345047 0
9159 9159 1 1 490753 0
1 1 9160 9160 345101 0
9160 9160 1 1 490829 0
1 1 9161 9161 345155 0
9161 9161 1 1 490905 0
1 1 9162 9162 345209 0
9162 9162 1 1 490981 0
1 1 9163 9163 345263 0
9163 9163 1 1 491057 0
1 1 9164 9164 345317 0
9164 9164 1 1 491133 0
1 1 9165 9165 345371 0
9165 9165 1 1 491209 0
1 1 9166 9166 345425 0
9166 9166 1 1 491285 0
1 1 9167 9167 345479 0
9167 9167 1 1 489314 0
1 1 9168 9168 345533 0
9168 9168 1 1 489390 0
1 1 9169 9169 345587 0
9169 9169 1 1 489466 0
1 1 9170 9170 345641 0
9170 9170 1 1 489542 0
1 1 9171 9171 345695 0
9171 9171 1 1 489618 0
1 1 9172 9172 345749 0
9172 9172 1 1 489694 0
1 1 9173 9173 345803 0
9173 9173 1 1 489770 0
1 1 9174 9174 345857 0
9174 9174 1 1 489846 0
1 1 9175 9175 345911 0
9175 9175 1 1 489922 0
1 1 9176 9176 345965 0
9176 9176 1 1 489998 0
1 1 9177 9177 346019 0
9177 9177 1 1 490074 0
1 1 9178 9178 346073 0
9178 9178 1 1 490150 0
1 1 9179 9179 346127 0
9179 9179 1 1 490226 0
1 1 9180 9180 346181 0
9180 9180 1 1 490302 0
1 1 9181 9181 346235 0
9181 9181 1 1 490378 0
1 1 9182 9182 346289 0
9182 9182 1 1 490454 0
1 1 9183 9183 346343 0
9183 9183 1 1 490530 0
1 1 9184 9184 346397 0
9184 9184 1 1 490606 0
1 1 9185 9185 346451 0
9185 9185 1 1 490682 0
1 1 9186 9186 346505 0
9186 9186 1 1 490758 0
1 1 9187 9187 346559 0
9187 9187 1 1 490834 0
1 1 9188 9188 346613 0
9188 9188 1 1 490910 0
1 1 9189 9189 346667 0
9189 9189 1 1 490986 0
1 1 9190 9190 346721 0
9190 9190 1 1 491062 0
1 1 9191 9191 346775 0
9191 9191 1 1 491138 0
1 1 9192 9192 346829 0
9192 9192 1 1 491214 0
1 1 9193 9193 346883 0
9193 9193 1 1 491290 0
1 1 9194 9194 346937 0
9194 9194 1 1 491366 0
1 1 9195 9195 346991 0
9195 9195 1 1 491442 0
1 1 9196 9196 347045 0
9196 9196 1 1 491518 0
1 1 9197 9197 347099 0
9197 9197 1 1 491594 0
1 1 9198 9198 347153 0
9198 9198 1 1 491670 0
1 1 9199 9199 347207 0
9199 9199 1 1 491746 0
1 1 9200 9200 347261 0
9200 9200 1 1 491822 0
1 1 9201 9201 347315 0
9201 9201 1 1 491898 0
1 1 9202 9202 347369 0
9202 9202 1 1 491974 0
1 1 9203 9203 347423 0
9203 9203 1 1 492050 0
1 1 9204 9204 347477 0
9204 9204 1 1 492126 0
1 1 9205 9205 347531 0
9205 9205 1 1 492202 0
1 1 9206 9206 347585 0
9206 9206 1 1 492278 0
1 1 9207 9207 347639 0
9207 9207 1 1 492354 0
1 1 9208 9208 347693 0
9208 9208 1 1 492430 0
1 1 9209 9209 347747 0
9209 9209 1 1 492506 0
1 1 9210 9210 347801 0
9210 9210 1 1 492582 0
1 1 9211 9211 347855 0
9211 9211 1 1 492658 0
1 1 9212 9212 347909 0
9212 9212 1 1 492734 0
1 1 9213 9213 347963 0
9213 9213 1 1 492810 0
1 1 9214 9214 348017 0
9214 9214 1 1 492886 0
1 1 9215 9215 346422 0
9215 9215 1 1 492962 0
1 1 9216 9216 346476 0
9216 9216 1 1 493038 0
1 1 9217 9217 346530 0
9217 9217 1 1 493114 0
1 1 9218 9218 346584 0
9218 9218 1 1 493190 0
1 1 9219 9219 346638 0
9219 9219 1 1 493266 0
1 1 9220 9220 346692 0
9220 9220 1 1 493342 0
1 1 9221 9221 346746 0
9221 9221 1 1 493418 0
1 1 9222 9222 346800 0
9222 9222 1 1 493494 0
1 1 9223 9223 346854 0
9223 9223 1 1 493570 0
1 1 9224 9224 346908 0
9224 9224 1 1 493646 0
1 1 9225 9225 346962 0
9225 9225 1 1 493722 0
1 1 9226 9226 347016 0
9226 9226 1 1 493798 0
1 1 9227 9227 347070 0
9227 9227 1 1 493874 0
1 1 9228 9228 347124 0
9228 9228 1 1 493950 0
1 1 9229 9229 347178 0
9229 9229 1 1 494026 0
1 1 9230 9230 347232 0
9230 9230 1 1 494102 0
1 1 9231 9231 347286 0
9231 9231 1 1 494178 0
1 1 9232 9232 347340 0
9232 9232 1 1 494254 0
1 1 9233 9233 347394 0
9233 9233 1 1 494330 0
1 1 9234 9234 347448 0
9234 9234 1 1 494406 0
1 1 9235 9235 347502 0
9235 9235 1 1 494482 0
1 1 9236 9236 347556 0
9236 9236 1 1 494558 0
1 1 9237 9237 347610 0
9237 9237 1 1 494634 0
1 1 9238 9238 347664 0
9238 9238 1 1 494710 0
1 1 9239 9239 347718 0
9239 9239 1 1 494786 0
1 1 9240 9240 347772 0
9240 9240 1 1 494862 0
1 1 9241 9241 347826 0
9241 9241 1 1 494938 0
1 1 9242 9242 347880 0
9242 9242 1 1 495014 0
1 1 9243 9243 347934 0
9243 9243 1 1 495090 0
1 1 9244 9244 347988 0
9244 9244 1 1 495166 0
1 1 9245 9245 348042 0
9245 9245 1 1 495242 0
1 1 9246 9246 348096 0
9246 9246 1 1 495318 0
1 1 9247 9247 348150 0
9247 9247 1 1 495394 0
1 1 9248 9248 348204 0
9248 9248 1 1 495470 0
1 1 9249 9249 348258 0
9249 9249 1 1 495546 0
1 1 9250 9250 348312 0
9250 9250 1 1 495622 0
1 1 9251 9251 348366 0
9251 9251 1 1 495698 0
1 1 9252 9252 348420 0
9252 9252 1 1 495774 0
1 1 9253 9253 348474 0
9253 9253 1 1 495850 0
1 1 9254 9254 348528 0
9254 9254 1 1 495926 0
1 1 9255 9255 348582 0
9255 9255 1 1 496002 0
1 1 9256 9256 348636 0
9256 9256 1 1 494031 0
1 1 9257 9257 348690 0
9257 9257 1 1 494107 0
1 1 9258 9258 348744 0
9258 9258 1 1 494183 0
1 1 9259 9259 348798 0
9259 9259 1 1 494259 0
1 1 9260 9260 348852 0
9260 9260 1 1 494335 0
1 1 9261 9261 348906 0
9261 9261 1 1 494411 0
1 1 9262 9262 348960 0
9262 9262 1 1 494487 0
1 1 9263 9263 349014 0
9263 9263 1 1 494563 0
1 1 9264 9264 349068 0
9264 9264 1 1 494639 0
1 1 9265 9265 349122 0
9265 9265 1 1 494715 0
1 1 9266 9266 349176 0
9266 9266 1 1 494791 0
1 1 9267 9267 349230 0
9267 9267 1 1 494867 0
1 1 9268 9268 349284 0
9268 9268 1 1 494943 0
1 1 9269 9269 349338 0
9269 9269 1 1 495019 0
1 1 9270 9270 349392 0
9270 9270 1 1 495095 0
1 1 9271 9271 349446 0
9271 9271 1 1 495171 0
1 1 9272 9272 349500 0
9272 9272 1 1 495247 0
1 1 9273 9273 349554 0
9273 9273 1 1 495323 0
1 1 9274 9274 349608 0
9274 9274 1 1 495399 0
1 1 9275 9275 349662 0
9275 9275 1 1 495475 0
1 1 9276 9276 349716 0
9276 9276 1 1 495551 0
1 1 9277 9277 349770 0
9277 9277 1 1 495627 0
1 1 9278 9278 349824 0
9278 9278 1 1 495703 0
1 1 9279 9279 349878 0
9279 9279 1 1 495779 0
1 1 9280 9280 349932 0
9280 9280 1 1 495855 0
1 1 9281 9281 349986 0
9281 9281 1 1 495931 0
1 1 9282 9282 350040 0
9282 9282 1 1 496007 0
1 1 9283 9283 350094 0
9283 9283 1 1 496083 0
1 1 9284 9284 350148 0
9284 9284 1 1 496159 0
1 1 9285 9285 350202 0
9285 9285 1 1 496235 0
1 1 9286 9286 350256 0
9286 9286 1 1 496311 0
1 1 9287 9287 350310 0
9287 9287 1 1 496387 0
1 1 9288 9288 350364 0
9288 9288 1 1 496463 0
1 1 9289 9289 350418 0
9289 9289 1 1 496539 0
1 1 9290 9290 350472 0
9290 9290 1 1 496615 0
1 1 9291 9291 350526 0
9291 9291 1 1 496691 0
1 1 9292 9292 350580 0
9292 9292 1 1 496767 0
1 1 9293 9293 350634 0
9293 9293 1 1 496843 0
1 1 9294 9294 350688 0
9294 9294 1 1 496919 0
1 1 9295 9295 350742 0
9295 9295 1 1 496995 0
1 1 9296 9296 350796 0
9296 9296 1 1 497071 0
1 1 9297 9297 350850 0
9297 9297 1 1 497147 0
1 1 9298 9298 350904 0
9298 9298 1 1 497223 0
1 1 9299 9299 350958 0
9299 9299 1 1 497299 0
1 1 9300 9300 351012 0
9300 9300 1 1 497375 0
1 1 9301 9301 351066 0
9301 9301 1 1 497451 0
1 1 9302 9302 351120 0
9302 9302 1 1 497527 0
1 1 9303 9303 351174 0
9303 9303 1 1 497603 0
1 1 9304 9304 351228 0
9304 9304 1 1 497679 0
1 1 9305 9305 351282 0
9305 9305 1 1 497755 0
1 1 9306 9306 351336 0
9306 9306 1 1 497831 0
1 1 9307 9307 351390 0
9307 9307 1 1 497907 0
1 1 9308 9308 351444 0
9308 9308 1 1 497983 0
1 1 9309 9309 351498 0
9309 9309 1 1 498059 0
1 1 9310 9310 351552 0
9310 9310 1 1 498135 0
1 1 9311 9311 351606 0
9311 9311 1 1 498211 0
1 1 9312 9312 350011 0
9312 9312 1 1 498287 0
1 1 9313 9313 350065 0
9313 9313 1 1 498363 0
1 1 9314 9314 350119 0
9314 9314 1 1 498439 0
1 1 9315 9315 350173 0
9315 9315 1 1 498515 0
1 1 9316 9316 350227 0
9316 9316 1 1 498591 0
1 1 9317 9317 350281 0
9317 9317 1 1 498667 0
1 1 9318 9318 350335 0
9318 9318 1 1 498743 0
1 1 9319 9319 350389 0
9319 9319 1 1 498819 0
1 1 9320 9320 350443 0
9320 9320 1 1 498895 0
1 1 9321 9321 350497 0
9321 9321 1 1 498971 0
1 1 9322 9322 350551 0
9322 9322 1 1 499047 0
1 1 9323 9323 350605 0
9323 9323 1 1 499123 0
1 1 9324 9324 350659 0
9324 9324 1 1 499199 0
1 1 9325 9325 350713 0
9325 9325 1 1 499275 0
1 1 9326 9326 350767 0
9326 9326 1 1 499351 0
1 1 9327 9327 350821 0
9327 9327 1 1 499427 0
1 1 9328 9328 350875 0
9328 9328 1 1 499503 0
1 1 9329 9329 350929 0
9329 9329 1 1 499579 0
1 1 9330 9330 350983 0
9330 9330 1 1 499655 0
1 1 9331 9331 351037 0
9331 9331 1 1 499731 0
1 1 9332 9332 351091 0
9332 9332 1 1 499807 0
1 1 9333 9333 351145 0
9333 9333 1 1 499883 0
1 1 9334 9334 351199 0
9334 9334 1 1 499959 0
1 1 9335 9335 351253 0
9335 9335 1 1 500035 0
1 1 9336 9336 351307 0
9336 9336 1 1 500111 0
1 1 9337 9337 351361 0
9337 9337 1 1 500187 0
1 1 9338 9338 351415 0
9338 9338 1 1 500263 0
1 1 9339 9339 351469 0
9339 9339 1 1 500339 0
1 1 9340 9340 351523 0
9340 9340 1 1 500415 0
1 1 9341 9341 351577 0
9341 9341 1 1 500491 0
1 1 9342 9342 351631 0
9342 9342 1 1 500567 0
1 1 9343 9343 351685 0
9343 9343 1 1 500643 0
1 1 9344 9344 351739 0
9344 9344 1 1 500719 0
1 1 9345 9345 351793 0
9345 9345 1 1 498748 0
1 1 9346 9346 351847 0
9346 9346 1 1 498824 0
1 1 9347 9347 351901 0
9347 9347 1 1 498900 0
1 1 9348 9348 351955 0
9348 9348 1 1 498976 0
1 1 9349 9349 352009 0
9349 9349 1 1 499052 0
1 1 9350 9350 352063 0
9350 9350 1 1 499128 0
1 1 9351 9351 352117 0
9351 9351 1 1 499204 0
1 1 9352 9352 352171 0
9352 9352 1 1 499280 0
1 1 9353 9353 352225 0
9353 9353 1 1 499356 0
1 1 9354 9354 352279 0
9354 9354 1 1 499432 0
1 1 9355 9355 352333 0
9355 9355 1 1 499508 0
1 1 9356 9356 352387 0
9356 9356 1 1 499584 0
1 1 9357 9357 352441 0
9357 9357 1 1 499660 0
1 1 9358 9358 352495 0
9358 9358 1 1 499736 0
1 1 9359 9359 352549 0
9359 9359 1 1 499812 0
1 1 9360 9360 352603 0
9360 9360 1 1 499888 0
1 1 9361 9361 352657 0
9361 9361 1 1 499964 0
1 1 9362 9362 352711 0
9362 9362 1 1 500040 0
1 1 9363 9363 352765 0
9363 9363 1 1 500116 0
1 1 9364 9364 352819 0
9364 9364 1 1 500192 0
1 1 9365 9365 352873 0
9365 9365 1 1 500268 0
1 1 9366 9366 352927 0
9366 9366 1 1 500344 0
1 1 9367 9367 352981 0
9367 9367 1 1 500420 0
1 1 9368 9368 353035 0
9368 9368 1 1 500496 0
1 1 9369 9369 353089 0
9369 9369 1 1 500572 0
1 1 9370 9370 353143 0
9370 9370 1 1 500648 0
1 1 9371 9371 353197 0
9371 9371 1 1 500724 0
1 1 9372 9372 353251 0
9372 9372 1 1 500800 0
1 1 9373 9373 353305 0
9373 9373 1 1 500876 0
1 1 9374 9374 353359 0
9374 9374 1 1 500952 0
1 1 9375 9375 353413 0
9375 9375 1 1 501028 0
1 1 9376 9376 353467 0
9376 9376 1 1 501104 0
1 1 9377 9377 353521 0
9377 9377 1 1 501180 0
1 1 9378 9378 353575 0
9378 9378 1 1 501256 0
1 1 9379 9379 353629 0
9379 9379 1 1 501332 0
1 1 9380 9380 353683 0
9380 9380 1 1 501408 0
1 1 9381 9381 353737 0
9381 9381 1 1 501484 0
1 1 9382 9382 353791 0
9382 9382 1 1 501560 0
1 1 9383 9383 353845 0
9383 9383 1 1 501636 0
1 1 9384 9384 353899 0
9384 9384 1 1 501712 0
1 1 9385 9385 353953 0
9385 9385 1 1 501788 0
1 1 9386 9386 354007 0
9386 9386 1 1 501864 0
1 1 9387 9387 354061 0
9387 9387 1 1 501940 0
1 1 9388 9388 354115 0
9388 9388 1 1 502016 0
1 1 9389 9389 354169 0
9389 9389 1 1 502092 0
1 1 9390 9390 354223 0
9390 9390 1 1 502168 0
1 1 9391 9391 354277 0
9391 9391 1 1 502244 0
1 1 9392 9392 354331 0
9392 9392 1 1 502320 0
1 1 9393 9393 354385 0
9393 9393 1 1 502396 0
1 1 9394 9394 354439 0
9394 9394 1 1 502472 0
1 1 9395 9395 354493 0
9395 9395 1 1 502548 0
1 1 9396 9396 354547 0
9396 9396 1 1 502624 0
1 1 9397 9397 354601 0
9397 9397 1 1 502700 0
1 1 9398 9398 354655 0
9398 9398 1 1 502776 0
1 1 9399 9399 354709 0
9399 9399 1 1 502852 0
1 1 9400 9400 354763 0
9400 9400 1 1 502928 0
1 1 9401 9401 354817 0
9401 9401 1 1 503004 0
1 1 9402 9402 354871 0
9402 9402 1 1 503080 0
1 1 9403 9403 354925 0
9403 9403 1 1 503156 0
1 1 9404 9404 354979 0
9404 9404 1 1 503232 0
1 1 9405 9405 355033 0
9405 9405 1 1 503308 0
1 1 9406 9406 355087 0
9406 9406 1 1 503384 0
1 1 9407 9407 355141 0
9407 9407 1 1 503460 0
1 1 9408 9408 355195 0
9408 9408 1 1 503536 0
1 1 9409 9409 353600 0
9409 9409 1 1 503612 0
1 1 9410 9410 353654 0
9410 9410 1 1 503688 0
1 1 9411 9411 353708 0
9411 9411 1 1 503764 0
1 1 9412 9412 353762 0
9412 9412 1 1 503840 0
1 1 9413 9413 353816 0
9413 9413 1 1 503916 0
1 1 9414 9414 353870 0
9414 9414 1 1 503992 0
1 1 9415 9415 353924 0
9415 9415 1 1 504068 0
1 1 9416 9416 353978 0
9416 9416 1 1 504144 0
1 1 9417 9417 354032 0
9417 9417 1 1 504220 0
1 1 9418 9418 354086 0
9418 9418 1 1 504296 0
1 1 9419 9419 354140 0
9419 9419 1 1 504372 0
1 1 9420 9420 354194 0
9420 9420 1 1 504448 0
1 1 9421 9421 354248 0
9421 9421 1 1 504524 0
1 1 9422 9422 354302 0
9422 9422 1 1 504600 0
1 1 9423 9423 354356 0
9423 9423 1 1 504676 0
1 1 9424 9424 354410 0
9424 9424 1 1 504752 0
1 1 9425 9425 354464 0
9425 9425 1 1 504828 0
1 1 9426 9426 354518 0
9426 9426 1 1 504904 0
1 1 9427 9427 354572 0
9427 9427 1 1 504980 0
1 1 9428 9428 354626 0
9428 9428 1 1 505056 0
1 1 9429 9429 354680 0
9429 9429 1 1 505132 0
1 1 9430 9430 354734 0
9430 9430 1 1 505208 0
1 1 9431 9431 354788 0
9431 9431 1 1 505284 0
1 1 9432 9432 354842 0
9432 9432 1 1 505360 0
1 1 9433 9433 354896 0
9433 9433 1 1 505436 0
1 1 9434 9434 354950 0
9434 9434 1 1 503465 0
1 1 9435 9435 355004 0
9435 9435 1 1 503541 0
1 1 9436 9436 355058 0
9436 9436 1 1 503617 0
1 1 9437 9437 355112 0
9437 9437 1 1 503693 0
1 1 9438 9438 355166 0
9438 9438 1 1 503769 0
1 1 9439 9439 355220 0
9439 9439 1 1 503845 0
1 1 9440 9440 355274 0
9440 9440 1 1 503921 0
1 1 9441 9441 355328 0
9441 9441 1 1 503997 0
1 1 9442 9442 355382 0
9442 9442 1 1 504073 0
1 1 9443 9443 355436 0
9443 9443 1 1 504149 0
1 1 9444 9444 355490 0
9444 9444 1 1 504225 0
1 1 9445 9445 355544 0
9445 9445 1 1 504301 0
1 1 9446 9446 355598 0
9446 9446 1 1 504377 0
1 1 9447 9447 355652 0
9447 9447 1 1 504453 0
1 1 9448 9448 355706 0
9448 9448 1 1 504529 0
1 1 9449 9449 355760 0
9449 9449 1 1 504605 0
1 1 9450 9450 355814 0
9450 9450 1 1 504681 0
1 1 9451 9451 355868 0
9451 9451 1 1 504757 0
1 1 9452 9452 355922 0
9452 9452 1 1 504833 0
1 1 9453 9453 355976 0
9453 9453 1 1 504909 0
1 1 9454 9454 356030 0
9454 9454 1 1 504985 0
1 1 9455 9455 356084 0
9455 9455 1 1 505061 0
1 1 9456 9456 356138 0
9456 9456 1 1 505137 0
1 1 9457 9457 356192 0
9457 9457 1 1 505213 0
1 1 9458 9458 356246 0
9458 9458 1 1 505289 0
1 1 9459 9459 356300 0
9459 9459 1 1 505365 0
1 1 9460 9460 356354 0
9460 9460 1 1 505441 0
1 1 9461 9461 356408 0
9461 9461 1 1 505517 0
1 1 9462 9462 356462 0
9462 9462 1 1 505593 0
1 1 9463 9463 356516 0
9463 9463 1 1 505669 0
1 1 9464 9464 356570 0
9464 9464 1 1 505745 0
1 1 9465 9465 356624 0
9465 9465 1 1 505821 0
1 1 9466 9466 356678 0
9466 9466 1 1 505897 0
1 1 9467 9467 356732 0
9467 9467 1 1 505973 0
1 1 9468 9468 356786 0
9468 9468 1 1 506049 0
1 1 9469 9469 356840 0
9469 9469 1 1 506125 0
1 1 9470 9470 356894 0
9470 9470 1 1 506201 0
1 1 9471 9471 356948 0
9471 9471 1 1 506277 0
1 1 9472 9472 357002 0
9472 9472 1 1 506353 0
1 1 9473 9473 357056 0
9473 9473 1 1 506429 0
1 1 9474 9474 357110 0
9474 9474 1 1 506505 0
1 1 9475 9475 357164 0
9475 9475 1 1 506581 0
1 1 9476 9476 357218 0
9476 9476 1 1 506657 0
1 1 9477 9477 357272 0
9477 9477 1 1 506733 0
1 1 9478 9478 357326 0
9478 9478 1 1 506809 0
1 1 9479 9479 357380 0
9479 9479 1 1 506885 0
1 1 9480 9480 357434 0
9480 9480 1 1 506961 0
1 1 9481 9481 357488 0
9481 9481 1 1 507037 0
1 1 9482 9482 357542 0
9482 9482 1 1 507113 0
1 1 9483 9483 357596 0
9483 9483 1 1 507189 0
1 1 9484 9484 357650 0
9484 9484 1 1 507265 0
1 1 9485 9485 357704 0
9485 9485 1 1 507341 0
1 1 9486 9486 357758 0
9486 9486 1 1 507417 0
1 1 9487 9487 357812 0
9487 9487 1 1 507493 0
1 1 9488 9488 357866 0
9488 9488 1 1 507569 0
1 1 9489 9489 357920 0
9489 9489 1 1 507645 0
1 1 9490 9490 357974 0
9490 9490 1 1 507721 0
1 1 9491 9491 358028 0
9491 9491 1 1 507797 0
1 1 9492 9492 358082 0
9492 9492 1 1 507873 0
1 1 9493 9493 358136 0
9493 9493 1 1 507949 0
1 1 9494 9494 358190 0
9494 9494 1 1 508025 0
1 1 9495 9495 358244 0
9495 9495 1 1 508101 0
1 1 9496 9496 358298 0
9496 9496 1 1 508177 0
1 1 9497 9497 358352 0
9497 9497 1 1 508253 0
1 1 9498 9498 358406 0
9498 9498 1 1 508329 0
1 1 9499 9499 358460 0
9499 9499 1 1 508405 0
1 1 9500 9500 358514 0
9500 9500 1 1 508481 0
1 1 9501 9501 358568 0
9501 9501 1 1 508557 0
1 1 9502 9502 358622 0
9502 9502 1 1 508633 0
1 1 9503 9503 358676 0
9503 9503 1 1 508709 0
1 1 9504 9504 358730 0
9504 9504 1 1 508785 0
1 1 9505 9505 358784 0
9505 9505 1 1 508861 0
1 1 9506 9506 357189 0
9506 9506 1 1 508937 0
1 1 9507 9507 357243 0
9507 9507 1 1 509013 0
1 1 9508 9508 357297 0
9508 9508 1 1 509089 0
1 1 9509 9509 357351 0
9509 9509 1 1 509165 0
1 1 9510 9510 357405 0
9510 9510 1 1 509241 0
1 1 9511 9511 357459 0
9511 9511 1 1 509317 0
1 1 9512 9512 357513 0
9512 9512 1 1 509393 0
1 1 9513 9513 357567 0
9513 9513 1 1 509469 0
1 1 9514 9514 357621 0
9514 9514 1 1 509545 0
1 1 9515 9515 357675 0
9515 9515 1 1 509621 0
1 1 9516 9516 357729 0
9516 9516 1 1 509697 0
1 1 9517 9517 357783 0
9517 9517 1 1 509773 0
1 1 9518 9518 357837 0
9518 9518 1 1 509849 0
1 1 9519 9519 357891 0
9519 9519 1 1 509925 0
1 1 9520 9520 357945 0
9520 9520 1 1 510001 0
1 1 9521 9521 357999 0
9521 9521 1 1 510077 0
1 1 9522 9522 358053 0
9522 9522 1 1 510153 0
1 1 9523 9523 358107 0
9523 9523 1 1 508182 0
1 1 9524 9524 358161 0
9524 9524 1 1 508258 0
1 1 9525 9525 358215 0
9525 9525 1 1 508334 0
1 1 9526 9526 358269 0
9526 9526 1 1 508410 0
1 1 9527 9527 358323 0
9527 9527 1 1 508486 0
1 1 9528 9528 358377 0
9528 9528 1 1 508562 0
1 1 9529 9529 358431 0
9529 9529 1 1 508638 0
1 1 9530 9530 358485 0
9530 9530 1 1 508714 0
1 1 9531 9531 358539 0
9531 9531 1 1 508790 0
1 1 9532 9532 358593 0
9532 9532 1 1 508866 0
1 1 9533 9533 358647 0
9533 9533 1 1 508942 0
1 1 9534 9534 358701 0
9534 9534 1 1 509018 0
1 1 9535 9535 358755 0
9535 9535 1 1 509094 0
1 1 9536 9536 358809 0
9536 9536 1 1 509170 0
1 1 9537 9537 358863 0
9537 9537 1 1 509246 0
1 1 9538 9538 358917 0
9538 9538 1 1 509322 0
1 1 9539 9539 358971 0
9539 9539 1 1 509398 0
1 1 9540 9540 359025 0
9540 9540 1 1 509474 0
1 1 9541 9541 359079 0
9541 9541 1 1 509550 0
1 1 9542 9542 359133 0
9542 9542 1 1 509626 0
1 1 9543 9543 359187 0
9543 9543 1 1 509702 0
1 1 9544 9544 359241 0
9544 9544 1 1 509778 0
1 1 9545 9545 359295 0
9545 9545 1 1 509854 0
1 1 9546 9546 359349 0
9546 9546 1 1 509930 0
1 1 9547 9547 359403 0
9547 9547 1 1 510006 0
1 1 9548 9548 359457 0
9548 9548 1 1 510082 0
1 1 9549 9549 359511 0
9549 9549 1 1 510158 0
1 1 9550 9550 359565 0
9550 9550 1 1 510234 0
1 1 9551 9551 359619 0
9551 9551 1 1 510310 0
1 1 9552 9552 359673 0
9552 9552 1 1 510386 0
1 1 9553 9553 359727 0
9553 9553 1 1 510462 0
1 1 9554 9554 359781 0
9554 9554 1 1 510538 0
1 1 9555 9555 359835 0
9555 9555 1 1 510614 0
1 1 9556 9556 359889 0
9556 9556 1 1 510690 0
1 1 9557 9557 359943 0
9557 9557 1 1 510766 0
1 1 9558 9558 359997 0
9558 9558 1 1 510842 0
1 1 9559 9559 360051 0
9559 9559 1 1 510918 0
1 1 9560 9560 360105 0
9560 9560 1 1 510994 0
1 1 9561 9561 360159 0
9561 9561 1 1 511070 0
1 1 9562 9562 360213 0
9562 9562 1 1 511146 0
1 1 9563 9563 360267 0
9563 9563 1 1 511222 0
1 1 9564 9564 360321 0
9564 9564 1 1 511298 0
1 1 9565 9565 360375 0
9565 9565 1 1 511374 0
1 1 9566 9566 360429 0
9566 9566 1 1 511450 0
1 1 9567 9567 360483 0
9567 9567 1 1 511526 0
1 1 9568 9568 360537 0
9568 9568 1 1 511602 0
1 1 9569 9569 360591 0
9569 9569 1 1 511678 0
1 1 9570 9570 360645 0
9570 9570 1 1 511754 0
1 1 9571 9571 360699 0
9571 9571 1 1 511830 0
1 1 9572 9572 360753 0
9572 9572 1 1 511906 0
1 1 9573 9573 360807 0
9573 9573 1 1 511982 0
1 1 9574 9574 360861 0
9574 9574 1 1 512058 0
1 1 9575 9575 360915 0
9575 9575 1 1 512134 0
1 1 9576 9576 360969 0
9576 9576 1 1 512210 0
1 1 9577 9577 361023 0
9577 9577 1 1 512286 0
1 1 9578 9578 361077 0
9578 9578 1 1 512362 0
1 1 9579 9579 361131 0
9579 9579 1 1 512438 0
1 1 9580 9580 361185 0
9580 9580 1 1 512514 0
1 1 9581 9581 361239 0
9581 9581 1 1 512590 0
1 1 9582 9582 361293 0
9582 9582 1 1 512666 0
1 1 9583 9583 361347 0
9583 9583 1 1 512742 0
1 1 9584 9584 361401 0
9584 9584 1 1 512818 0
1 1 9585 9585 361455 0
9585 9585 1 1 512894 0
1 1 9586 9586 361509 0
9586 9586 1 1 512970 0
1 1 9587 9587 361563 0
9587 9587 1 1 513046 0
1 1 9588 9588 361617 0
9588 9588 1 1 513122 0
1 1 9589 9589 361671 0
9589 9589 1 1 513198 0
1 1 9590 9590 361725 0
9590 9590 1 1 513274 0
1 1 9591 9591 361779 0
9591 9591 1 1 513350 0
1 1 9592 9592 361833 0
9592 9592 1 1 513426 0
1 1 9593 9593 361887 0
9593 9593 1 1 513502 0
1 1 9594 9594 361941 0
9594 9594 1 1 513578 0
1 1 9595 9595 361995 0
9595 9595 1 1 513654 0
1 1 9596 9596 362049 0
9596 9596 1 1 513730 0
1 1 9597 9597 362103 0
9597 9597 1 1 513806 0
1 1 9598 9598 362157 0
9598 9598 1 1 513882 0
1 1 9599 9599 362211 0
9599 9599 1 1 513958 0
1 1 9600 9600 362265 0
9600 9600 1 1 514034 0
1 1 9601 9601 362319 0
9601 9601 1 1 514110 0
1 1 9602 9602 362373 0
9602 9602 1 1 514186 0
1 1 9603 9603 360778 0
9603 9603 1 1 514262 0
1 1 9604 9604 360832 0
9604 9604 1 1 514338 0
1 1 9605 9605 360886 0
9605 9605 1 1 514414 0
1 1 9606 9606 360940 0
9606 9606 1 1 514490 0
1 1 9607 9607 360994 0
9607 9607 1 1 514566 0
1 1 9608 9608 361048 0
9608 9608 1 1 514642 0
1 1 9609 9609 361102 0
9609 9609 1 1 514718 0
1 1 9610 9610 361156 0
9610 9610 1 1 514794 0
1 1 9611 9611 361210 0
9611 9611 1 1 514870 0
1 1 9612 9612 361264 0
9612 9612 1 1 512899 0
1 1 9613 9613 361318 0
9613 9613 1 1 512975 0
1 1 9614 9614 361372 0
9614 9614 1 1 513051 0
1 1 9615 9615 361426 0
9615 9615 1 1 513127 0
1 1 9616 9616 361480 0
9616 9616 1 1 513203 0
1 1 9617 9617 361534 0
9617 9617 1 1 513279 0
1 1 9618 9618 361588 0
9618 9618 1 1 513355 0
1 1 9619 9619 361642 0
9619 9619 1 1 513431 0
1 1 9620 9620 361696 0
9620 9620 1 1 513507 0
1 1 9621 9621 361750 0
9621 9621 1 1 513583 0
1 1 9622 9622 361804 0
9622 9622 1 1 513659 0
1 1 9623 9623 361858 0
9623 9623 1 1 513735 0
1 1 9624 9624 361912 0
9624 9624 1 1 513811 0
1 1 9625 9625 361966 0
9625 9625 1 1 513887 0
1 1 9626 9626 362020 0
9626 9626 1 1 513963 0
1 1 9627 9627 362074 0
9627 9627 1 1 514039 0
1 1 9628 9628 362128 0
9628 9628 1 1 514115 0
1 1 9629 9629 362182 0
9629 9629 1 1 514191 0
1 1 9630 9630 362236 0
9630 9630 1 1 514267 0
1 1 9631 9631 362290 0
9631 9631 1 1 514343 0
1 1 9632 9632 362344 0
9632 9632 1 1 514419 0
1 1 9633 9633 362398 0
9633 9633 1 1 514495 0
1 1 9634 9634 362452 0
9634 9634 1 1 514571 0
1 1 9635 9635 362506 0
9635 9635 1 1 514647 0
1 1 9636 9636 362560 0
9636 9636 1 1 514723 0
1 1 9637 9637 362614 0
9637 9637 1 1 514799 0
1 1 9638 9638 362668 0
9638 9638 1 1 514875 0
1 1 9639 9639 362722 0
9639 9639 1 1 514951 0
1 1 9640 9640 362776 0
9640 9640 1 1 515027 0
1 1 9641 9641 362830 0
9641 9641 1 1 515103 0
1 1 9642 9642 362884 0
9642 9642 1 1 515179 0
1 1 9643 9643 362938 0
9643 9643 1 1 515255 0
1 1 9644 9644 362992 0
9644 9644 1 1 515331 0
1 1 9645 9645 363046 0
9645 9645 1 1 515407 0
1 1 9646 9646 363100 0
9646 9646 1 1 515483 0
1 1 9647 9647 363154 0
9647 9647 1 1 515559 0
1 1 9648 9648 363208 0
9648 9648 1 1 515635 0
1 1 9649 9649 363262 0
9649 9649 1 1 515711 0
1 1 9650 9650 363316 0
9650 9650 1 1 515787 0
1 1 9651 9651 363370 0
9651 9651 1 1 515863 0
1 1 9652 9652 363424 0
9652 9652 1 1 515939 0
1 1 9653 9653 363478 0
9653 9653 1 1 516015 0
1 1 9654 9654 363532 0
9654 9654 1 1 516091 0
1 1 9655 9655 363586 0
9655 9655 1 1 516167 0
1 1 9656 9656 363640 0
9656 9656 1 1 516243 0
1 1 9657 9657 363694 0
9657 9657 1 1 516319 0
1 1 9658 9658 363748 0
9658 9658 1 1 516395 0
1 1 9659 9659 363802 0
9659 9659 1 1 516471 0
1 1 9660 9660 363856 0
9660 9660 1 1 516547 0
1 1 9661 9661 363910 0
9661 9661 1 1 516623 0
1 1 9662 9662 363964 0
9662 9662 1 1 516699 0
1 1 9663 9663 364018 0
9663 9663 1 1 516775 0
1 1 9664 9664 364072 0
9664 9664 1 1 516851 0
1 1 9665 9665 364126 0
9665 9665 1 1 516927 0
1 1 9666 9666 364180 0
9666 9666 1 1 517003 0
1 1 9667 9667 364234 0
9667 9667 1 1 517079 0
1 1 9668 9668 364288 0
9668 9668 1 1 517155 0
1 1 9669 9669 364342 0
9669 9669 1 1 517231 0
1 1 9670 9670 364396 0
9670 9670 1 1 517307 0
1 1 9671 9671 364450 0
9671 9671 1 1 517383 0
1 1 9672 9672 364504 0
9672 9672 1 1 517459 0
1 1 9673 9673 364558 0
9673 9673 1 1 517535 0
1 1 9674 9674 364612 0
9674 9674 1 1 517611 0
1 1 9675 9675 364666 0
9675 9675 1 1 517687 0
1 1 9676 9676 364720 0
9676 9676 1 1 517763 0
1 1 9677 9677 364774 0
9677 9677 1 1 517839 0
1 1 9678 9678 364828 0
9678 9678 1 1 517915 0
1 1 9679 9679 364882 0
9679 9679 1 1 517991 0
1 1 9680 9680 364936 0
9680 9680 1 1 518067 0
1 1 9681 9681 364990 0
9681 9681 1 1 518143 0
1 1 9682 9682 365044 0
9682 9682 1 1 518219 0
1 1 9683 9683 365098 0
9683 9683 1 1 518295 0
1 1 9684 9684 365152 0
9684 9684 1 1 518371 0
1 1 9685 9685 365206 0
9685 9685 1 1 518447 0
1 1 9686 9686 365260 0
9686 9686 1 1 518523 0
1 1 9687 9687 365314 0
9687 9687 1 1 518599 0
1 1 9688 9688 365368 0
9688 9688 1 1 518675 0
1 1 9689 9689 365422 0
9689 9689 1 1 518751 0
1 1 9690 9690 365476 0
9690 9690 1 1 518827 0
1 1 9691 9691 365530 0
9691 9691 1 1 518903 0
1 1 9692 9692 365584 0
9692 9692 1 1 518979 0
1 1 9693 9693 365638 0
9693 9693 1 1 519055 0
1 1 9694 9694 365692 0
9694 9694 1 1 519131 0
1 1 9695 9695 365746 0
9695 9695 1 1 519207 0
1 1 9696 9696 365800 0
9696 9696 1 1 519283 0
1 1 9697 9697 365854 0
9697 9697 1 1 519359 0
1 1 9698 9698 365908 0
9698 9698 1 1 519435 0
1 1 9699 9699 365962 0
9699 9699 1 1 519511 0
1 1 9700 9700 364367 0
9700 9700 1 1 519587 0
1 1 9701 9701 364421 0
9701 9701 1 1 517616 0
1 1 9702 9702 364475 0
9702 9702 1 1 517692 0
1 1 9703 9703 364529 0
9703 9703 1 1 517768 0
1 1 9704 9704 364583 0
9704 9704 1 1 517844 0
1 1 9705 9705 364637 0
9705 9705 1 1 517920 0
1 1 9706 9706 364691 0
9706 9706 1 1 517996 0
1 1 9707 9707 364745 0
9707 9707 1 1 518072 0
1 1 9708 9708 364799 0
9708 9708 1 1 518148 0
1 1 9709 9709 364853 0
9709 9709 1 1 518224 0
1 1 9710 9710 364907 0
9710 9710 1 1 518300 0
1 1 9711 9711 364961 0
9711 9711 1 1 518376 0
1 1 9712 9712 365015 0
9712 9712 1 1 518452 0
1 1 9713 9713 365069 0
9713 9713 1 1 518528 0
1 1 9714 9714 365123 0
9714 9714 1 1 518604 0
1 1 9715 9715 365177 0
9715 9715 1 1 518680 0
1 1 9716 9716 365231 0
9716 9716 1 1 518756 0
1 1 9717 9717 365285 0
9717 9717 1 1 518832 0
1 1 9718 9718 365339 0
9718 9718 1 1 518908 0
1 1 9719 9719 365393 0
9719 9719 1 1 518984 0
1 1 9720 9720 365447 0
9720 9720 1 1 519060 0
1 1 9721 9721 365501 0
9721 9721 1 1 519136 0
1 1 9722 9722 365555 0
9722 9722 1 1 519212 0
1 1 9723 9723 365609 0
9723 9723 1 1 519288 0
1 1 9724 9724 365663 0
9724 9724 1 1 519364 0
1 1 9725 9725 365717 0
9725 9725 1 1 519440 0
1 1 9726 9726 365771 0
9726 9726 1 1 519516 0
1 1 9727 9727 365825 0
9727 9727 1 1 519592 0
1 1 9728 9728 365879 0
9728 9728 1 1 519668 0
1 1 9729 9729 365933 0
9729 9729 1 1 519744 0
1 1 9730 9730 365987 0
9730 9730 1 1 519820 0
1 1 9731 9731 366041 0
9731 9731 1 1 519896 0
1 1 9732 9732 366095 0
9732 9732 1 1 519972 0
1 1 9733 9733 366149 0
9733 9733 1 1 520048 0
1 1 9734 9734 366203 0
9734 9734 1 1 520124 0
1 1 9735 9735 366257 0
9735 9735 1 1 520200 0
1 1 9736 9736 366311 0
9736 9736 1 1 520276 0
1 1 9737 9737 366365 0
9737 9737 1 1 520352 0
1 1 9738 9738 366419 0
9738 9738 1 1 520428 0
1 1 9739 9739 366473 0
9739 9739 1 1 520504 0
1 1 9740 9740 366527 0
9740 9740 1 1 520580 0
1 1 9741 9741 366581 0
9741 9741 1 1 520656 0
1 1 9742 9742 366635 0
9742 9742 1 1 520732 0
1 1 9743 9743 366689 0
9743 9743 1 1 520808 0
1 1 9744 9744 366743 0
9744 9744 1 1 520884 0
1 1 9745 9745 366797 0
9745 9745 1 1 520960 0
1 1 9746 9746 366851 0
9746 9746 1 1 521036 0
1 1 9747 9747 366905 0
9747 9747 1 1 521112 0
1 1 9748 9748 366959 0
9748 9748 1 1 521188 0
1 1 9749 9749 367013 0
9749 9749 1 1 521264 0
1 1 9750 9750 367067 0
9750 9750 1 1 521340 0
1 1 9751 9751 367121 0
9751 9751 1 1 521416 0
1 1 9752 9752 367175 0
9752 9752 1 1 521492 0
1 1 9753 9753 367229 0
9753 9753 1 1 521568 0
1 1 9754 9754 367283 0
9754 9754 1 1 521644 0
1 1 9755 9755 367337 0
9755 9755 1 1 521720 0
1 1 9756 9756 367391 0
9756 9756 1 1 521796 0
1 1 9757 9757 367445 0
9757 9757 1 1 521872 0
1 1 9758 9758 367499 0
9758 9758 1 1 521948 0
1 1 9759 9759 367553 0
9759 9759 1 1 522024 0
1 1 9760 9760 367607 0
9760 9760 1 1 522100 0
1 1 9761 9761 367661 0
9761 9761 1 1 522176 0
1 1 9762 9762 367715 0
9762 9762 1 1 522252 0
1 1 9763 9763 367769 0
9763 9763 1 1 522328 0
1 1 9764 9764 367823 0
9764 9764 1 1 522404 0
1 1 9765 9765 367877 0
9765 9765 1 1 522480 0
1 1 9766 9766 367931 0
9766 9766 1 1 522556 0
1 1 9767 9767 367985 0
9767 9767 1 1 522632 0
1 1 9768 9768 368039 0
9768 9768 1 1 522708 0
1 1 9769 9769 368093 0
9769 9769 1 1 522784 0
1 1 9770 9770 368147 0
9770 9770 1 1 522860 0
1 1 9771 9771 368201 0
9771 9771 1 1 522936 0
1 1 9772 9772 368255 0
9772 9772 1 1 523012 0
1 1 9773 9773 368309 0
9773 9773 1 1 523088 0
1 1 9774 9774 368363 0
9774 9774 1 1 523164 0
1 1 9775 9775 368417 0
9775 9775 1 1 523240 0
1 1 9776 9776 368471 0
9776 9776 1 1 523316 0
1 1 9777 9777 368525 0
9777 9777 1 1 523392 0
1 1 9778 9778 368579 0
9778 9778 1 1 523468 0
1 1 9779 9779 368633 0
9779 9779 1 1 523544 0
1 1 9780 9780 368687 0
9780 9780 1 1 523620 0
1 1 9781 9781 368741 0
9781 9781 1 1 523696 0
1 1 9782 9782 368795 0
9782 9782 1 1 523772 0
1 1 9783 9783 368849 0
9783 9783 1 1 523848 0
1 1 9784 9784 368903 0
9784 9784 1 1 523924 0
1 1 9785 9785 368957 0
9785 9785 1 1 524000 0
1 1 9786 9786 369011 0
9786 9786 1 1 524076 0
1 1 9787 9787 369065 0
9787 9787 1 1 524152 0
1 1 9788 9788 369119 0
9788 9788 1 1 524228 0
1 1 9789 9789 369173 0
9789 9789 1 1 524304 0
1 1 9790 9790 369227 0
9790 9790 1 1 522333 0
1 1 9791 9791 369281 0
9791 9791 1 1 522409 0
1 1 9792 9792 369335 0
9792 9792 1 1 522485 0
1 1 9793 9793 369389 0
9793 9793 1 1 522561 0
1 1 9794 9794 369443 0
9794 9794 1 1 522637 0
1 1 9795 9795 369497 0
9795 9795 1 1 522713 0
1 1 9796 9796 369551 0
9796 9796 1 1 522789 0
1 1 9797 9797 367956 0
9797 9797 1 1 522865 0
1 1 9798 9798 368010 0
9798 9798 1 1 522941 0
1 1 9799 9799 368064 0
9799 9799 1 1 523017 0
1 1 9800 9800 368118 0
9800 9800 1 1 523093 0
1 1 9801 9801 368172 0
9801 9801 1 1 523169 0
1 1 9802 9802 368226 0
9802 9802 1 1 523245 0
1 1 9803 9803 368280 0
9803 9803 1 1 523321 0
1 1 9804 9804 368334 0
9804 9804 1 1 523397 0
1 1 9805 9805 368388 0
9805 9805 1 1 523473 0
1 1 9806 9806 368442 0
9806 9806 1 1 523549 0
1 1 9807 9807 368496 0
9807 9807 1 1 523625 0
1 1 9808 9808 368550 0
9808 9808 1 1 523701 0
1 1 9809 9809 368604 0
9809 9809 1 1 523777 0
1 1 9810 9810 368658 0
9810 9810 1 1 523853 0
1 1 9811 9811 368712 0
9811 9811 1 1 523929 0
1 1 9812 9812 368766 0
9812 9812 1 1 524005 0
1 1 9813 9813 368820 0
9813 9813 1 1 524081 0
1 1 9814 9814 368874 0
9814 9814 1 1 524157 0
1 1 9815 9815 368928 0
9815 9815 1 1 524233 0
1 1 9816 9816 368982 0
9816 9816 1 1 524309 0
1 1 9817 9817 369036 0
9817 9817 1 1 524385 0
1 1 9818 9818 369090 0
9818 9818 1 1 524461 0
1 1 9819 9819 369144 0
9819 9819 1 1 524537 0
1 1 9820 9820 369198 0
9820 9820 1 1 524613 0
1 1 9821 9821 369252 0
9821 9821 1 1 524689 0
1 1 9822 9822 369306 0
9822 9822 1 1 524765 0
1 1 9823 9823 369360 0
9823 9823 1 1 524841 0
1 1 9824 9824 369414 0
9824 9824 1 1 524917 0
1 1 9825 9825 369468 0
9825 9825 1 1 524993 0
1 1 9826 9826 369522 0
9826 9826 1 1 525069 0
1 1 9827 9827 369576 0
9827 9827 1 1 525145 0
1 1 9828 9828 369630 0
9828 9828 1 1 525221 0
1 1 9829 9829 369684 0
9829 9829 1 1 525297 0
1 1 9830 9830 369738 0
9830 9830 1 1 525373 0
1 1 9831 9831 369792 0
9831 9831 1 1 525449 0
1 1 9832 9832 369846 0
9832 9832 1 1 525525 0
1 1 9833 9833 369900 0
9833 9833 1 1 525601 0
1 1 9834 9834 369954 0
9834 9834 1 1 525677 0
1 1 9835 9835 370008 0
9835 9835 1 1 525753 0
1 1 9836 9836 370062 0
9836 9836 1 1 525829 0
1 1 9837 9837 370116 0
9837 9837 1 1 525905 0
1 1 9838 9838 370170 0
9838 9838 1 1 525981 0
1 1 9839 9839 370224 0
9839 9839 1 1 526057 0
1 1 9840 9840 370278 0
9840 9840 1 1 526133 0
1 1 9841 9841 370332 0
9841 9841 1 1 526209 0
1 1 9842 9842 370386 0
9842 9842 1 1 526285 0
1 1 9843 9843 370440 0
9843 9843 1 1 526361 0
1 1 9844 9844 370494 0
9844 9844 1 1 526437 0
1 1 9845 9845 370548 0
9845 9845 1 1 526513 0
1 1 9846 9846 370602 0
9846 9846 1 1 526589 0
1 1 9847 9847 370656 0
9847 9847 1 1 526665 0
1 1 9848 9848 370710 0
9848 9848 1 1 526741 0
1 1 9849 9849 370764 0
9849 9849 1 1 526817 0
1 1 9850 9850 370818 0
9850 9850 1 1 526893 0
1 1 9851 9851 370872 0
9851 9851 1 1 526969 0
1 1 9852 9852 370926 0
9852 9852 1 1 527045 0
1 1 9853 9853 370980 0
9853 9853 1 1 527121 0
1 1 9854 9854 371034 0
9854 9854 1 1 527197 0
1 1 9855 9855 371088 0
9855 9855 1 1 527273 0
1 1 9856 9856 371142 0
9856 9856 1 1 527349 0
1 1 9857 9857 371196 0
9857 9857 1 1 527425 0
1 1 9858 9858 371250 0
9858 9858 1 1 527501 0
1 1 9859 9859 371304 0
9859 9859 1 1 527577 0
1 1 9860 9860 371358 0
9860 9860 1 1 527653 0
1 1 9861 9861 371412 0
9861 9861 1 1 527729 0
1 1 9862 9862 371466 0
9862 9862 1 1 527805 0
1 1 9863 9863 371520 0
9863 9863 1 1 527881 0
1 1 9864 9864 371574 0
9864 9864 1 1 527957 0
1 1 9865 9865 371628 0
9865 9865 1 1 528033 0
1 1 9866 9866 371682 0
9866 9866 1 1 528109 0
1 1 9867 9867 371736 0
9867 9867 1 1 528185 0
1 1 9868 9868 371790 0
9868 9868 1 1 528261 0
1 1 9869 9869 371844 0
9869 9869 1 1 528337 0
1 1 9870 9870 371898 0
9870 9870 1 1 528413 0
1 1 9871 9871 371952 0
9871 9871 1 1 528489 0
1 1 9872 9872 372006 0
9872 9872 1 1 528565 0
1 1 9873 9873 372060 0
9873 9873 1 1 528641 0
1 1 9874 9874 372114 0
9874 9874 1 1 528717 0
1 1 9875 9875 372168 0
9875 9875 1 1 528793 0
1 1 9876 9876 372222 0
9876 9876 1 1 528869 0
1 1 9877 9877 372276 0
9877 9877 1 1 528945 0
1 1 9878 9878 372330 0
9878 9878 1 1 529021 0
1 1 9879 9879 372384 0
9879 9879 1 1 527050 0
1 1 9880 9880 372438 0
9880 9880 1 1 527126 0
1 1 9881 9881 372492 0
9881 9881 1 1 527202 0
1 1 9882 9882 372546 0
9882 9882 1 1 527278 0
1 1 9883 9883 372600 0
9883 9883 1 1 527354 0
1 1 9884 9884 372654 0
9884 9884 1 1 527430 0
1 1 9885 9885 372708 0
9885 9885 1 1 527506 0
1 1 9886 9886 372762 0
9886 9886 1 1 527582 0
1 1 9887 9887 372816 0
9887 9887 1 1 527658 0
1 1 9888 9888 372870 0
9888 9888 1 1 527734 0
1 1 9889 9889 372924 0
9889 9889 1 1 527810 0
1 1 9890 9890 372978 0
9890 9890 1 1 527886 0
1 1 9891 9891 373032 0
9891 9891 1 1 527962 0
1 1 9892 9892 373086 0
9892 9892 1 1 528038 0
1 1 9893 9893 373140 0
9893 9893 1 1 528114 0
1 1 9894 9894 371545 0
9894 9894 1 1 528190 0
1 1 9895 9895 371599 0
9895 9895 1 1 528266 0
1 1 9896 9896 371653 0
9896 9896 1 1 528342 0
1 1 9897 9897 371707 0
9897 9897 1 1 528418 0
1 1 9898 9898 371761 0
9898 9898 1 1 528494 0
1 1 9899 9899 371815 0
9899 9899 1 1 528570 0
1 1 9900 9900 371869 0
9900 9900 1 1 528646 0
1 1 9901 9901 371923 0
9901 9901 1 1 528722 0
1 1 9902 9902 371977 0
9902 9902 1 1 528798 0
1 1 9903 9903 372031 0
9903 9903 1 1 528874 0
1 1 9904 9904 372085 0
9904 9904 1 1 528950 0
1 1 9905 9905 372139 0
9905 9905 1 1 529026 0
1 1 9906 9906 372193 0
9906 9906 1 1 529102 0
1 1 9907 9907 372247 0
9907 9907 1 1 529178 0
1 1 9908 9908 372301 0
9908 9908 1 1 529254 0
1 1 9909 9909 372355 0
9909 9909 1 1 529330 0
1 1 9910 9910 372409 0
9910 9910 1 1 529406 0
1 1 9911 9911 372463 0
9911 9911 1 1 529482 0
1 1 9912 9912 372517 0
9912 9912 1 1 529558 0
1 1 9913 9913 372571 0
9913 9913 1 1 529634 0
1 1 9914 9914 372625 0
9914 9914 1 1 529710 0
1 1 9915 9915 372679 0
9915 9915 1 1 529786 0
1 1 9916 9916 372733 0
9916 9916 1 1 529862 0
1 1 9917 9917 372787 0
9917 9917 1 1 529938 0
1 1 9918 9918 372841 0
9918 9918 1 1 530014 0
1 1 9919 9919 372895 0
9919 9919 1 1 530090 0
1 1 9920 9920 372949 0
9920 9920 1 1 530166 0
1 1 9921 9921 373003 0
9921 9921 1 1 530242 0
1 1 9922 9922 373057 0
9922 9922 1 1 530318 0
1 1 9923 9923 373111 0
9923 9923 1 1 530394 0
1 1 9924 9924 373165 0
9924 9924 1 1 530470 0
1 1 9925 9925 373219 0
9925 9925 1 1 530546 0
1 1 9926 9926 373273 0
9926 9926 1 1 530622 0
1 1 9927 9927 373327 0
9927 9927 1 1 530698 0
1 1 9928 9928 373381 0
9928 9928 1 1 530774 0
1 1 9929 9929 373435 0
9929 9929 1 1 530850 0
1 1 9930 9930 373489 0
9930 9930 1 1 530926 0
1 1 9931 9931 373543 0
9931 9931 1 1 531002 0
1 1 9932 9932 373597 0
9932 9932 1 1 531078 0
1 1 9933 9933 373651 0
9933 9933 1 1 531154 0
1 1 9934 9934 373705 0
9934 9934 1 1 531230 0
1 1 9935 9935 373759 0
9935 9935 1 1 531306 0
1 1 9936 9936 373813 0
9936 9936 1 1 531382 0
1 1 9937 9937 373867 0
9937 9937 1 1 531458 0
1 1 9938 9938 373921 0
9938 9938 1 1 531534 0
1 1 9939 9939 373975 0
9939 9939 1 1 531610 0
1 1 9940 9940 374029 0
9940 9940 1 1 531686 0
1 1 9941 9941 374083 0
9941 9941 1 1 531762 0
1 1 9942 9942 374137 0
9942 9942 1 1 531838 0
1 1 9943 9943 374191 0
9943 9943 1 1 531914 0
1 1 9944 9944 374245 0
9944 9944 1 1 531990 0
1 1 9945 9945 374299 0
9945 9945 1 1 532066 0
1 1 9946 9946 374353 0
9946 9946 1 1 532142 0
1 1 9947 9947 374407 0
9947 9947 1 1 532218 0
1 1 9948 9948 374461 0
9948 9948 1 1 532294 0
1 1 9949 9949 374515 0
9949 9949 1 1 532370 0
1 1 9950 9950 374569 0
9950 9950 1 1 532446 0
1 1 9951 9951 374623 0
9951 9951 1 1 532522 0
1 1 9952 9952 374677 0
9952 9952 1 1 532598 0
1 1 9953 9953 374731 0
9953 9953 1 1 532674 0
1 1 9954 9954 374785 0
9954 9954 1 1 532750 0
1 1 9955 9955 374839 0
9955 9955 1 1 532826 0
1 1 9956 9956 374893 0
9956 9956 1 1 532902 0
1 1 9957 9957 374947 0
9957 9957 1 1 532978 0
1 1 9958 9958 375001 0
9958 9958 1 1 533054 0
1 1 9959 9959 375055 0
9959 9959 1 1 533130 0
1 1 9960 9960 375109 0
9960 9960 1 1 533206 0
1 1 9961 9961 375163 0
9961 9961 1 1 533282 0
1 1 9962 9962 375217 0
9962 9962 1 1 533358 0
1 1 9963 9963 375271 0
9963 9963 1 1 533434 0
1 1 9964 9964 375325 0
9964 9964 1 1 533510 0
1 1 9965 9965 375379 0
9965 9965 1 1 533586 0
1 1 9966 9966 375433 0
9966 9966 1 1 533662 0
1 1 9967 9967 375487 0
9967 9967 1 1 533738 0
1 1 9968 9968 375541 0
9968 9968 1 1 531767 0
1 1 9969 9969 375595 0
9969 9969 1 1 531843 0
1 1 9970 9970 375649 0
9970 9970 1 1 531919 0
1 1 9971 9971 375703 0
9971 9971 1 1 531995 0
1 1 9972 9972 375757 0
9972 9972 1 1 532071 0
1 1 9973 9973 375811 0
9973 9973 1 1 532147 0
1 1 9974 9974 375865 0
9974 9974 1 1 532223 0
1 1 9975 9975 375919 0
9975 9975 1 1 532299 0
1 1 9976 9976 375973 0
9976 9976 1 1 532375 0
1 1 9977 9977 376027 0
9977 9977 1 1 532451 0
1 1 9978 9978 376081 0
9978 9978 1 1 532527 0
1 1 9979 9979 376135 0
9979 9979 1 1 532603 0
1 1 9980 9980 376189 0
9980 9980 1 1 532679 0
1 1 9981 9981 376243 0
9981 9981 1 1 532755 0
1 1 9982 9982 376297 0
9982 9982 1 1 532831 0
1 1 9983 9983 376351 0
9983 9983 1 1 532907 0
1 1 9984 9984 376405 0
9984 9984 1 1 532983 0
1 1 9985 9985 376459 0
9985 9985 1 1 533059 0
1 1 9986 9986 376513 0
9986 9986 1 1 533135 0
1 1 9987 9987 376567 0
9987 9987 1 1 533211 0
1 1 9988 9988 376621 0
9988 9988 1 1 533287 0
1 1 9989 9989 376675 0
9989 9989 1 1 533363 0
1 1 9990 9990 376729 0
9990 9990 1 1 533439 0
1 1 9991 9991 375134 0
9991 9991 1 1 533515 0
1 1 9992 9992 375188 0
9992 9992 1 1 533591 0
1 1 9993 9993 375242 0
9993 9993 1 1 533667 0
1 1 9994 9994 375296 0
9994 9994 1 1 533743 0
1 1 9995 9995 375350 0
9995 9995 1 1 533819 0
1 1 9996 9996 375404 0
9996 9996 1 1 533895 0
1 1 9997 9997 375458 0
9997 9997 1 1 533971 0
1 1 9998 9998 375512 0
9998 9998 1 1 534047 0
1 1 9999 9999 375566 0
9999 9999 1 1 534123 0
1 1 10000 10000 375620 0
10000 10000 1 1 534199 0
1 1 10001 10001 375674 0
10001 10001 1 1 534275 0
1 1 10002 10002 375728 0
10002 10002 1 1 534351 0
1 1 10003 10003 375782 0
10003 10003 1 1 534427 0
1 1 10004 10004 375836 0
10004 10004 1 1 534503 0
1 1 10005 10005 375890 0
10005 10005 1 1 534579 0
1 1 10006 10006 375944 0
10006 10006 1 1 534655 0
1 1 10007 10007 375998 0
10007 10007 1 1 534731 0
1 1 10008 10008 376052 0
10008 10008 1 1 534807 0
1 1 10009 10009 376106 0
10009 10009 1 1 534883 0
1 1 10010 10010 376160 0
10010 10010 1 1 534959 0
1 1 10011 10011 376214 0
10011 10011 1 1 535035 0
1 1 10012 10012 376268 0
10012 10012 1 1 535111 0
1 1 10013 10013 376322 0
10013 10013 1 1 535187 0
1 1 10014 10014 376376 0
10014 10014 1 1 535263 0
1 1 10015 10015 376430 0
10015 10015 1 1 535339 0
1 1 10016 10016 376484 0
10016 10016 1 1 535415 0
1 1 10017 10017 376538 0
10017 10017 1 1 535491 0
1 1 10018 10018 376592 0
10018 10018 1 1 535567 0
1 1 10019 10019 376646 0
10019 10019 1 1 535643 0
1 1 10020 10020 376700 0
10020 10020 1 1 535719 0
1 1 10021 10021 376754 0
10021 10021 1 1 535795 0
1 1 10022 10022 376808 0
10022 10022 1 1 535871 0
1 1 10023 10023 376862 0
10023 10023 1 1 535947 0
1 1 10024 10024 376916 0
10024 10024 1 1 536023 0
1 1 10025 10025 376970 0
10025 10025 1 1 536099 0
1 1 10026 10026 377024 0
10026 10026 1 1 536175 0
1 1 10027 10027 377078 0
10027 10027 1 1 536251 0
1 1 10028 10028 377132 0
10028 10028 1 1 536327 0
1 1 10029 10029 377186 0
10029 10029 1 1 536403 0
1 1 10030 10030 377240 0
10030 10030 1 1 536479 0
1 1 10031 10031 377294 0
10031 10031 1 1 536555 0
1 1 10032 10032 377348 0
10032 10032 1 1 536631 0
1 1 10033 10033 377402 0
10033 10033 1 1 536707 0
1 1 10034 10034 377456 0
10034 10034 1 1 536783 0
1 1 10035 10035 377510 0
10035 10035 1 1 536859 0
1 1 10036 10036 377564 0
10036 10036 1 1 536935 0
1 1 10037 10037 377618 0
10037 10037 1 1 537011 0
1 1 10038 10038 377672 0
10038 10038 1 1 537087 0
1 1 10039 10039 377726 0
10039 10039 1 1 537163 0
1 1 10040 10040 377780 0
10040 10040 1 1 537239 0
1 1 10041 10041 377834 0
10041 10041 1 1 537315 0
1 1 10042 10042 377888 0
10042 10042 1 1 537391 0
1 1 10043 10043 377942 0
10043 10043 1 1 537467 0
1 1 10044 10044 377996 0
10044 10044 1 1 537543 0
1 1 10045 10045 378050 0
10045 10045 1 1 537619 0
1 1 10046 10046 378104 0
10046 10046 1 1 537695 0
1 1 10047 10047 378158 0
10047 10047 1 1 537771 0
1 1 10048 10048 378212 0
10048 10048 1 1 537847 0
1 1 10049 10049 378266 0
10049 10049 1 1 537923 0
1 1 10050 10050 378320 0
10050 10050 1 1 537999 0
1 1 10051 10051 378374 0
10051 10051 1 1 538075 0
1 1 10052 10052 378428 0
10052 10052 1 1 538151 0
1 1 10053 10053 378482 0
10053 10053 1 1 538227 0
1 1 10054 10054 378536 0
10054 10054 1 1 538303 0
1 1 10055 10055 378590 0
10055 10055 1 1 538379 0
1 1 10056 10056 378644 0
10056 10056 1 1 538455 0
1 1 10057 10057 378698 0
10057 10057 1 1 536484 0
1 1 10058 10058 378752 0
10058 10058 1 1 536560 0
1 1 10059 10059 378806 0
10059 10059 1 1 536636 0
1 1 10060 10060 378860 0
10060 10060 1 1 536712 0
1 1 10061 10061 378914 0
10061 10061 1 1 536788 0
1 1 10062 10062 378968 0
10062 10062 1 1 536864 0
1 1 10063 10063 379022 0
10063 10063 1 1 536940 0
1 1 10064 10064 379076 0
10064 10064 1 1 537016 0
1 1 10065 10065 379130 0
10065 10065 1 1 537092 0
1 1 10066 10066 379184 0
10066 10066 1 1 537168 0
1 1 10067 10067 379238 0
10067 10067 1 1 537244 0
1 1 10068 10068 379292 0
10068 10068 1 1 537320 0
1 1 10069 10069 379346 0
10069 10069 1 1 537396 0
1 1 10070 10070 379400 0
10070 10070 1 1 537472 0
1 1 10071 10071 379454 0
10071 10071 1 1 537548 0
1 1 10072 10072 379508 0
10072 10072 1 1 537624 0
1 1 10073 10073 379562 0
10073 10073 1 1 537700 0
1 1 10074 10074 379616 0
10074 10074 1 1 537776 0
1 1 10075 10075 379670 0
10075 10075 1 1 537852 0
1 1 10076 10076 379724 0
10076 10076 1 1 537928 0
1 1 10077 10077 379778 0
10077 10077 1 1 538004 0
1 1 10078 10078 379832 0
10078 10078 1 1 538080 0
1 1 10079 10079 379886 0
10079 10079 1 1 538156 0
1 1 10080 10080 379940 0
10080 10080 1 1 538232 0
1 1 10081 10081 379994 0
10081 10081 1 1 538308 0
1 1 10082 10082 380048 0
10082 10082 1 1 538384 0
1 1 10083 10083 380102 0
10083 10083 1 1 538460 0
1 1 10084 10084 380156 0
10084 10084 1 1 538536 0
1 1 10085 10085 380210 0
10085 10085 1 1 538612 0
1 1 10086 10086 380264 0
10086 10086 1 1 538688 0
1 1 10087 10087 380318 0
10087 10087 1 1 538764 0
1 1 10088 10088 378723 0
10088 10088 1 1 538840 0
1 1 10089 10089 378777 0
10089 10089 1 1 538916 0
1 1 10090 10090 378831 0
10090 10090 1 1 538992 0
1 1 10091 10091 378885 0
10091 10091 1 1 539068 0
1 1 10092 10092 378939 0
10092 10092 1 1 539144 0
1 1 10093 10093 378993 0
10093 10093 1 1 539220 0
1 1 10094 10094 379047 0
10094 10094 1 1 539296 0
1 1 10095 10095 379101 0
10095 10095 1 1 539372 0
1 1 10096 10096 379155 0
10096 10096 1 1 539448 0
1 1 10097 10097 379209 0
10097 10097 1 1 539524 0
1 1 10098 10098 379263 0
10098 10098 1 1 539600 0
1 1 10099 10099 379317 0
10099 10099 1 1 539676 0
1 1 10100 10100 379371 0
10100 10100 1 1 539752 0
1 1 10101 10101 379425 0
10101 10101 1 1 539828 0
1 1 10102 10102 379479 0
10102 10102 1 1 539904 0
1 1 10103 10103 379533 0
10103 10103 1 1 539980 0
1 1 10104 10104 379587 0
10104 10104 1 1 540056 0
1 1 10105 10105 379641 0
10105 10105 1 1 540132 0
1 1 10106 10106 379695 0
10106 10106 1 1 540208 0
1 1 10107 10107 379749 0
10107 10107 1 1 540284 0
1 1 10108 10108 379803 0
10108 10108 1 1 540360 0
1 1 10109 10109 379857 0
10109 10109 1 1 540436 0
1 1 10110 10110 379911 0
10110 10110 1 1 540512 0
1 1 10111 10111 379965 0
10111 10111 1 1 540588 0
1 1 10112 10112 380019 0
10112 10112 1 1 540664 0
1 1 10113 10113 380073 0
10113 10113 1 1 540740 0
1 1 10114 10114 380127 0
10114 10114 1 1 540816 0
1 1 10115 10115 380181 0
10115 10115 1 1 540892 0
1 1 10116 10116 380235 0
10116 10116 1 1 540968 0
1 1 10117 10117 380289 0
10117 10117 1 1 541044 0
1 1 10118 10118 380343 0
10118 10118 1 1 541120 0
1 1 10119 10119 380397 0
10119 10119 1 1 541196 0
1 1 10120 10120 380451 0
10120 10120 1 1 541272 0
1 1 10121 10121 380505 0
10121 10121 1 1 541348 0
1 1 10122 10122 380559 0
10122 10122 1 1 541424 0
1 1 10123 10123 380613 0
10123 10123 1 1 541500 0
1 1 10124 10124 380667 0
10124 10124 1 1 541576 0
1 1 10125 10125 380721 0
10125 10125 1 1 541652 0
1 1 10126 10126 380775 0
10126 10126 1 1 541728 0
1 1 10127 10127 380829 0
10127 10127 1 1 541804 0
1 1 10128 10128 380883 0
10128 10128 1 1 541880 0
1 1 10129 10129 380937 0
10129 10129 1 1 541956 0
1 1 10130 10130 380991 0
10130 10130 1 1 542032 0
1 1 10131 10131 381045 0
10131 10131 1 1 542108 0
1 1 10132 10132 381099 0
10132 10132 1 1 542184 0
1 1 10133 10133 381153 0
10133 10133 1 1 542260 0
1 1 10134 10134 381207 0
10134 10134 1 1 542336 0
1 1 10135 10135 381261 0
10135 10135 1 1 542412 0
1 1 10136 10136 381315 0
10136 10136 1 1 542488 0
1 1 10137 10137 381369 0
10137 10137 1 1 542564 0
1 1 10138 10138 381423 0
10138 10138 1 1 542640 0
1 1 10139 10139 381477 0
10139 10139 1 1 542716 0
1 1 10140 10140 381531 0
10140 10140 1 1 542792 0
1 1 10141 10141 381585 0
10141 10141 1 1 542868 0
1 1 10142 10142 381639 0
10142 10142 1 1 542944 0
1 1 10143 10143 381693 0
10143 10143 1 1 543020 0
1 1 10144 10144 381747 0
10144 10144 1 1 543096 0
1 1 10145 10145 381801 0
10145 10145 1 1 543172 0
1 1 10146 10146 381855 0
10146 10146 1 1 541201 0
1 1 10147 10147 381909 0
10147 10147 1 1 541277 0
1 1 10148 10148 381963 0
10148 10148 1 1 541353 0
1 1 10149 10149 382017 0
10149 10149 1 1 541429 0
1 1 10150 10150 382071 0
10150 10150 1 1 541505 0
1 1 10151 10151 382125 0
10151 10151 1 1 541581 0
1 1 10152 10152 382179 0
10152 10152 1 1 541657 0
1 1 10153 10153 382233 0
10153 10153 1 1 541733 0
1 1 10154 10154 382287 0
10154 10154 1 1 541809 0
1 1 10155 10155 382341 0
10155 10155 1 1 541885 0
1 1 10156 10156 382395 0
10156 10156 1 1 541961 0
1 1 10157 10157 382449 0
10157 10157 1 1 542037 0
1 1 10158 10158 382503 0
10158 10158 1 1 542113 0
1 1 10159 10159 382557 0
10159 10159 1 1 542189 0
1 1 10160 10160 382611 0
10160 10160 1 1 542265 0
1 1 10161 10161 382665 0
10161 10161 1 1 542341 0
1 1 10162 10162 382719 0
10162 10162 1 1 542417 0
1 1 10163 10163 382773 0
10163 10163 1 1 542493 0
1 1 10164 10164 382827 0
10164 10164 1 1 542569 0
1 1 10165 10165 382881 0
10165 10165 1 1 542645 0
1 1 10166 10166 382935 0
10166 10166 1 1 542721 0
1 1 10167 10167 382989 0
10167 10167 1 1 542797 0
1 1 10168 10168 383043 0
10168 10168 1 1 542873 0
1 1 10169 10169 383097 0
10169 10169 1 1 542949 0
1 1 10170 10170 383151 0
10170 10170 1 1 543025 0
1 1 10171 10171 383205 0
10171 10171 1 1 543101 0
1 1 10172 10172 383259 0
10172 10172 1 1 543177 0
1 1 10173 10173 383313 0
10173 10173 1 1 543253 0
1 1 10174 10174 383367 0
10174 10174 1 1 543329 0
1 1 10175 10175 383421 0
10175 10175 1 1 543405 0
1 1 10176 10176 383475 0
10176 10176 1 1 543481 0
1 1 10177 10177 383529 0
10177 10177 1 1 543557 0
1 1 10178 10178 383583 0
10178 10178 1 1 543633 0
1 1 10179 10179 383637 0
10179 10179 1 1 543709 0
1 1 10180 10180 383691 0
10180 10180 1 1 543785 0
1 1 10181 10181 383745 0
10181 10181 1 1 543861 0
1 1 10182 10182 383799 0
10182 10182 1 1 543937 0
1 1 10183 10183 383853 0
10183 10183 1 1 544013 0
1 1 10184 10184 383907 0
10184 10184 1 1 544089 0
1 1 10185 10185 382312 0
10185 10185 1 1 544165 0
1 1 10186 10186 382366 0
10186 10186 1 1 544241 0
1 1 10187 10187 382420 0
10187 10187 1 1 544317 0
1 1 10188 10188 382474 0
10188 10188 1 1 544393 0
1 1 10189 10189 382528 0
10189 10189 1 1 544469 0
1 1 10190 10190 382582 0
10190 10190 1 1 544545 0
1 1 10191 10191 382636 0
10191 10191 1 1 544621 0
1 1 10192 10192 382690 0
10192 10192 1 1 544697 0
1 1 10193 10193 382744 0
10193 10193 1 1 544773 0
1 1 10194 10194 382798 0
10194 10194 1 1 544849 0
1 1 10195 10195 382852 0
10195 10195 1 1 544925 0
1 1 10196 10196 382906 0
10196 10196 1 1 545001 0
1 1 10197 10197 382960 0
10197 10197 1 1 545077 0
1 1 10198 10198 383014 0
10198 10198 1 1 545153 0
1 1 10199 10199 383068 0
10199 10199 1 1 545229 0
1 1 10200 10200 383122 0
10200 10200 1 1 545305 0
1 1 10201 10201 383176 0
10201 10201 1 1 545381 0
1 1 10202 10202 383230 0
10202 10202 1 1 545457 0
1 1 10203 10203 383284 0
10203 10203 1 1 545533 0
1 1 10204 10204 383338 0
10204 10204 1 1 545609 0
1 1 10205 10205 383392 0
10205 10205 1 1 545685 0
1 1 10206 10206 383446 0
10206 10206 1 1 545761 0
1 1 10207 10207 383500 0
10207 10207 1 1 545837 0
1 1 10208 10208 383554 0
10208 10208 1 1 545913 0
1 1 10209 10209 383608 0
10209 10209 1 1 545989 0
1 1 10210 10210 383662 0
10210 10210 1 1 546065 0
1 1 10211 10211 383716 0
10211 10211 1 1 546141 0
1 1 10212 10212 383770 0
10212 10212 1 1 546217 0
1 1 10213 10213 383824 0
10213 10213 1 1 546293 0
1 1 10214 10214 383878 0
10214 10214 1 1 546369 0
1 1 10215 10215 383932 0
10215 10215 1 1 546445 0
1 1 10216 10216 383986 0
10216 10216 1 1 546521 0
1 1 10217 10217 384040 0
10217 10217 1 1 546597 0
1 1 10218 10218 384094 0
10218 10218 1 1 546673 0
1 1 10219 10219 384148 0
10219 10219 1 1 546749 0
1 1 10220 10220 384202 0
10220 10220 1 1 546825 0
1 1 10221 10221 384256 0
10221 10221 1 1 546901 0
1 1 10222 10222 384310 0
10222 10222 1 1 546977 0
1 1 10223 10223 384364 0
10223 10223 1 1 547053 0
1 1 10224 10224 384418 0
10224 10224 1 1 547129 0
1 1 10225 10225 384472 0
10225 10225 1 1 547205 0
1 1 10226 10226 384526 0
10226 10226 1 1 547281 0
1 1 10227 10227 384580 0
10227 10227 1 1 547357 0
1 1 10228 10228 384634 0
10228 10228 1 1 547433 0
1 1 10229 10229 384688 0
10229 10229 1 1 547509 0
1 1 10230 10230 384742 0
10230 10230 1 1 547585 0
1 1 10231 10231 384796 0
10231 10231 1 1 547661 0
1 1 10232 10232 384850 0
10232 10232 1 1 547737 0
1 1 10233 10233 384904 0
10233 10233 1 1 547813 0
1 1 10234 10234 384958 0
10234 10234 1 1 547889 0
1 1 10235 10235 385012 0
10235 10235 1 1 545918 0
1 1 10236 10236 385066 0
10236 10236 1 1 545994 0
1 1 10237 10237 385120 0
10237 10237 1 1 546070 0
1 1 10238 10238 385174 0
10238 10238 1 1 546146 0
1 1 10239 10239 385228 0
10239 10239 1 1 546222 0
1 1 10240 10240 385282 0
10240 10240 1 1 546298 0
1 1 10241 10241 385336 0
10241 10241 1 1 546374 0
1 1 10242 10242 385390 0
10242 10242 1 1 546450 0
1 1 10243 10243 385444 0
10243 10243 1 1 546526 0
1 1 10244 10244 385498 0
10244 10244 1 1 546602 0
1 1 10245 10245 385552 0
10245 10245 1 1 546678 0
1 1 10246 10246 385606 0
10246 10246 1 1 546754 0
1 1 10247 10247 385660 0
10247 10247 1 1 546830 0
1 1 10248 10248 385714 0
10248 10248 1 1 546906 0
1 1 10249 10249 385768 0
10249 10249 1 1 546982 0
1 1 10250 10250 385822 0
10250 10250 1 1 547058 0
1 1 10251 10251 385876 0
10251 10251 1 1 547134 0
1 1 10252 10252 385930 0
10252 10252 1 1 547210 0
1 1 10253 10253 385984 0
10253 10253 1 1 547286 0
1 1 10254 10254 386038 0
10254 10254 1 1 547362 0
1 1 10255 10255 386092 0
10255 10255 1 1 547438 0
1 1 10256 10256 386146 0
10256 10256 1 1 547514 0
1 1 10257 10257 386200 0
10257 10257 1 1 547590 0
1 1 10258 10258 386254 0
10258 10258 1 1 547666 0
1 1 10259 10259 386308 0
10259 10259 1 1 547742 0
1 1 10260 10260 386362 0
10260 10260 1 1 547818 0
1 1 10261 10261 386416 0
10261 10261 1 1 547894 0
1 1 10262 10262 386470 0
10262 10262 1 1 547970 0
1 1 10263 10263 386524 0
10263 10263 1 1 548046 0
1 1 10264 10264 386578 0
10264 10264 1 1 548122 0
1 1 10265 10265 386632 0
10265 10265 1 1 548198 0
1 1 10266 10266 386686 0
10266 10266 1 1 548274 0
1 1 10267 10267 386740 0
10267 10267 1 1 548350 0
1 1 10268 10268 386794 0
10268 10268 1 1 548426 0
1 1 10269 10269 386848 0
10269 10269 1 1 548502 0
1 1 10270 10270 386902 0
10270 10270 1 1 548578 0
1 1 10271 10271 386956 0
10271 10271 1 1 548654 0
1 1 10272 10272 387010 0
10272 10272 1 1 548730 0
1 1 10273 10273 387064 0
10273 10273 1 1 548806 0
1 1 10274 10274 387118 0
10274 10274 1 1 548882 0
1 1 10275 10275 387172 0
10275 10275 1 1 548958 0
1 1 10276 10276 387226 0
10276 10276 1 1 549034 0
1 1 10277 10277 387280 0
10277 10277 1 1 549110 0
1 1 10278 10278 387334 0
10278 10278 1 1 549186 0
1 1 10279 10279 387388 0
10279 10279 1 1 549262 0
1 1 10280 10280 387442 0
10280 10280 1 1 549338 0
1 1 10281 10281 387496 0
10281 10281 1 1 549414 0
1 1 10282 10282 385901 0
10282 10282 1 1 549490 0
1 1 10283 10283 385955 0
10283 10283 1 1 549566 0
1 1 10284 10284 386009 0
10284 10284 1 1 549642 0
1 1 10285 10285 386063 0
10285 10285 1 1 549718 0
1 1 10286 10286 386117 0
10286 10286 1 1 549794 0
1 1 10287 10287 386171 0
10287 10287 1 1 549870 0
1 1 10288 10288 386225 0
10288 10288 1 1 549946 0
1 1 10289 10289 386279 0
10289 10289 1 1 550022 0
1 1 10290 10290 386333 0
10290 10290 1 1 550098 0
1 1 10291 10291 386387 0
10291 10291 1 1 550174 0
1 1 10292 10292 386441 0
10292 10292 1 1 550250 0
1 1 10293 10293 386495 0
10293 10293 1 1 550326 0
1 1 10294 10294 386549 0
10294 10294 1 1 550402 0
1 1 10295 10295 386603 0
10295 10295 1 1 550478 0
1 1 10296 10296 386657 0
10296 10296 1 1 550554 0
1 1 10297 10297 386711 0
10297 10297 1 1 550630 0
1 1 10298 10298 386765 0
10298 10298 1 1 550706 0
1 1 10299 10299 386819 0
10299 10299 1 1 550782 0
1 1 10300 10300 386873 0
10300 10300 1 1 550858 0
1 1 10301 10301 386927 0
10301 10301 1 1 550934 0
1 1 10302 10302 386981 0
10302 10302 1 1 551010 0
1 1 10303 10303 387035 0
10303 10303 1 1 551086 0
1 1 10304 10304 387089 0
10304 10304 1 1 551162 0
1 1 10305 10305 387143 0
10305 10305 1 1 551238 0
1 1 10306 10306 387197 0
10306 10306 1 1 551314 0
1 1 10307 10307 387251 0
10307 10307 1 1 551390 0
1 1 10308 10308 387305 0
10308 10308 1 1 551466 0
1 1 10309 10309 387359 0
10309 10309 1 1 551542 0
1 1 10310 10310 387413 0
10310 10310 1 1 551618 0
1 1 10311 10311 387467 0
10311 10311 1 1 551694 0
1 1 10312 10312 387521 0
10312 10312 1 1 551770 0
1 1 10313 10313 387575 0
10313 10313 1 1 551846 0
1 1 10314 10314 387629 0
10314 10314 1 1 551922 0
1 1 10315 10315 387683 0
10315 10315 1 1 551998 0
1 1 10316 10316 387737 0
10316 10316 1 1 552074 0
1 1 10317 10317 387791 0
10317 10317 1 1 552150 0
1 1 10318 10318 387845 0
10318 10318 1 1 552226 0
1 1 10319 10319 387899 0
10319 10319 1 1 552302 0
1 1 10320 10320 387953 0
10320 10320 1 1 552378 0
1 1 10321 10321 388007 0
10321 10321 1 1 552454 0
1 1 10322 10322 388061 0
10322 10322 1 1 552530 0
1 1 10323 10323 388115 0
10323 10323 1 1 552606 0
1 1 10324 10324 388169 0
10324 10324 1 1 550635 0
1 1 10325 10325 388223 0
10325 10325 1 1 550711 0
1 1 10326 10326 388277 0
10326 10326 1 1 550787 0
1 1 10327 10327 388331 0
10327 10327 1 1 550863 0
1 1 10328 10328 388385 0
10328 10328 1 1 550939 0
1 1 10329 10329 388439 0
10329 10329 1 1 551015 0
1 1 10330 10330 388493 0
10330 10330 1 1 551091 0
1 1 10331 10331 388547 0
10331 10331 1 1 551167 0
1 1 10332 10332 388601 0
10332 10332 1 1 551243 0
1 1 10333 10333 388655 0
10333 10333 1 1 551319 0
1 1 10334 10334 388709 0
10334 10334 1 1 551395 0
1 1 10335 10335 388763 0
10335 10335 1 1 551471 0
1 1 10336 10336 388817 0
10336 10336 1 1 551547 0
1 1 10337 10337 388871 0
10337 10337 1 1 551623 0
1 1 10338 10338 388925 0
10338 10338 1 1 551699 0
1 1 10339 10339 388979 0
10339 10339 1 1 551775 0
1 1 10340 10340 389033 0
10340 10340 1 1 551851 0
1 1 10341 10341 389087 0
10341 10341 1 1 551927 0
1 1 10342 10342 389141 0
10342 10342 1 1 552003 0
1 1 10343 10343 389195 0
10343 10343 1 1 552079 0
1 1 10344 10344 389249 0
10344 10344 1 1 552155 0
1 1 10345 10345 389303 0
10345 10345 1 1 552231 0
1 1 10346 10346 389357 0
10346 10346 1 1 552307 0
1 1 10347 10347 389411 0
10347 10347 1 1 552383 0
1 1 10348 10348 389465 0
10348 10348 1 1 552459 0
1 1 10349 10349 389519 0
10349 10349 1 1 552535 0
1 1 10350 10350 389573 0
10350 10350 1 1 552611 0
1 1 10351 10351 389627 0
10351 10351 1 1 552687 0
1 1 10352 10352 389681 0
10352 10352 1 1 552763 0
1 1 10353 10353 389735 0
10353 10353 1 1 552839 0
1 1 10354 10354 389789 0
10354 10354 1 1 552915 0
1 1 10355 10355 389843 0
10355 10355 1 1 552991 0
1 1 10356 10356 389897 0
10356 10356 1 1 553067 0
1 1 10357 10357 389951 0
10357 10357 1 1 553143 0
1 1 10358 10358 390005 0
10358 10358 1 1 553219 0
1 1 10359 10359 390059 0
10359 10359 1 1 553295 0
1 1 10360 10360 390113 0
10360 10360 1 1 553371 0
1 1 10361 10361 390167 0
10361 10361 1 1 553447 0
1 1 10362 10362 390221 0
10362 10362 1 1 553523 0
1 1 10363 10363 390275 0
10363 10363 1 1 553599 0
1 1 10364 10364 390329 0
10364 10364 1 1 553675 0
1 1 10365 10365 390383 0
10365 10365 1 1 553751 0
1 1 10366 10366 390437 0
10366 10366 1 1 553827 0
1 1 10367 10367 390491 0
10367 10367 1 1 553903 0
1 1 10368 10368 390545 0
10368 10368 1 1 553979 0
1 1 10369 10369 390599 0
10369 10369 1 1 554055 0
1 1 10370 10370 390653 0
10370 10370 1 1 554131 0
1 1 10371 10371 390707 0
10371 10371 1 1 554207 0
1 1 10372 10372 390761 0
10372 10372 1 1 554283 0
1 1 10373 10373 390815 0
10373 10373 1 1 554359 0
1 1 10374 10374 390869 0
10374 10374 1 1 554435 0
1 1 10375 10375 390923 0
10375 10375 1 1 554511 0
1 1 10376 10376 390977 0
10376 10376 1 1 554587 0
1 1 10377 10377 391031 0
10377 10377 1 1 554663 0
1 1 10378 10378 391085 0
10378 10378 1 1 554739 0
1 1 10379 10379 389490 0
10379 10379 1 1 554815 0
1 1 10380 10380 389544 0
10380 10380 1 1 554891 0
1 1 10381 10381 389598 0
10381 10381 1 1 554967 0
1 1 10382 10382 389652 0
10382 10382 1 1 555043 0
1 1 10383 10383 389706 0
10383 10383 1 1 555119 0
1 1 10384 10384 389760 0
10384 10384 1 1 555195 0
1 1 10385 10385 389814 0
10385 10385 1 1 555271 0
1 1 10386 10386 389868 0
10386 10386 1 1 555347 0
1 1 10387 10387 389922 0
10387 10387 1 1 555423 0
1 1 10388 10388 389976 0
10388 10388 1 1 555499 0
1 1 10389 10389 390030 0
10389 10389 1 1 555575 0
1 1 10390 10390 390084 0
10390 10390 1 1 555651 0
1 1 10391 10391 390138 0
10391 10391 1 1 555727 0
1 1 10392 10392 390192 0
10392 10392 1 1 555803 0
1 1 10393 10393 390246 0
10393 10393 1 1 555879 0
1 1 10394 10394 390300 0
10394 10394 1 1 555955 0
1 1 10395 10395 390354 0
10395 10395 1 1 556031 0
1 1 10396 10396 390408 0
10396 10396 1 1 556107 0
1 1 10397 10397 390462 0
10397 10397 1 1 556183 0
1 1 10398 10398 390516 0
10398 10398 1 1 556259 0
1 1 10399 10399 390570 0
10399 10399 1 1 556335 0
1 1 10400 10400 390624 0
10400 10400 1 1 556411 0
1 1 10401 10401 390678 0
10401 10401 1 1 556487 0
1 1 10402 10402 390732 0
10402 10402 1 1 556563 0
1 1 10403 10403 390786 0
10403 10403 1 1 556639 0
1 1 10404 10404 390840 0
10404 10404 1 1 556715 0
1 1 10405 10405 390894 0
10405 10405 1 1 556791 0
1 1 10406 10406 390948 0
10406 10406 1 1 556867 0
1 1 10407 10407 391002 0
10407 10407 1 1 556943 0
1 1 10408 10408 391056 0
10408 10408 1 1 557019 0
1 1 10409 10409 391110 0
10409 10409 1 1 557095 0
1 1 10410 10410 391164 0
10410 10410 1 1 557171 0
1 1 10411 10411 391218 0
10411 10411 1 1 557247 0
1 1 10412 10412 391272 0
10412 10412 1 1 557323 0
1 1 10413 10413 391326 0
10413 10413 1 1 555352 0
1 1 10414 10414 391380 0
10414 10414 1 1 555428 0
1 1 10415 10415 391434 0
10415 10415 1 1 555504 0
1 1 10416 10416 391488 0
10416 10416 1 1 555580 0
1 1 10417 10417 391542 0
10417 10417 1 1 555656 0
1 1 10418 10418 391596 0
10418 10418 1 1 555732 0
1 1 10419 10419 391650 0
10419 10419 1 1 555808 0
1 1 10420 10420 391704 0
10420 10420 1 1 555884 0
1 1 10421 10421 391758 0
10421 10421 1 1 555960 0
1 1 10422 10422 391812 0
10422 10422 1 1 556036 0
1 1 10423 10423 391866 0
10423 10423 1 1 556112 0
1 1 10424 10424 391920 0
10424 10424 1 1 556188 0
1 1 10425 10425 391974 0
10425 10425 1 1 556264 0
1 1 10426 10426 392028 0
10426 10426 1 1 556340 0
1 1 10427 10427 392082 0
10427 10427 1 1 556416 0
1 1 10428 10428 392136 0
10428 10428 1 1 556492 0
1 1 10429 10429 392190 0
10429 10429 1 1 556568 0
1 1 10430 10430 392244 0
10430 10430 1 1 556644 0
1 1 10431 10431 392298 0
10431 10431 1 1 556720 0
1 1 10432 10432 392352 0
10432 10432 1 1 556796 0
1 1 10433 10433 392406 0
10433 10433 1 1 556872 0
1 1 10434 10434 392460 0
10434 10434 1 1 556948 0
1 1 10435 10435 392514 0
10435 10435 1 1 557024 0
1 1 10436 10436 392568 0
10436 10436 1 1 557100 0
1 1 10437 10437 392622 0
10437 10437 1 1 557176 0
1 1 10438 10438 392676 0
10438 10438 1 1 557252 0
1 1 10439 10439 392730 0
10439 10439 1 1 557328 0
1 1 10440 10440 392784 0
10440 10440 1 1 557404 0
1 1 10441 10441 392838 0
10441 10441 1 1 557480 0
1 1 10442 10442 392892 0
10442 10442 1 1 557556 0
1 1 10443 10443 392946 0
10443 10443 1 1 557632 0
1 1 10444 10444 393000 0
10444 10444 1 1 557708 0
1 1 10445 10445 393054 0
10445 10445 1 1 557784 0
1 1 10446 10446 393108 0
10446 10446 1 1 557860 0
1 1 10447 10447 393162 0
10447 10447 1 1 557936 0
1 1 10448 10448 393216 0
10448 10448 1 1 558012 0
1 1 10449 10449 393270 0
10449 10449 1 1 558088 0
1 1 10450 10450 393324 0
10450 10450 1 1 558164 0
1 1 10451 10451 393378 0
10451 10451 1 1 558240 0
1 1 10452 10452 393432 0
10452 10452 1 1 558316 0
1 1 10453 10453 393486 0
10453 10453 1 1 558392 0
1 1 10454 10454 393540 0
10454 10454 1 1 558468 0
1 1 10455 10455 393594 0
10455 10455 1 1 558544 0
1 1 10456 10456 393648 0
10456 10456 1 1 558620 0
1 1 10457 10457 393702 0
10457 10457 1 1 558696 0
1 1 10458 10458 393756 0
10458 10458 1 1 558772 0
1 1 10459 10459 393810 0
10459 10459 1 1 558848 0
1 1 10460 10460 393864 0
10460 10460 1 1 558924 0
1 1 10461 10461 393918 0
10461 10461 1 1 559000 0
1 1 10462 10462 393972 0
10462 10462 1 1 559076 0
1 1 10463 10463 394026 0
10463 10463 1 1 559152 0
1 1 10464 10464 394080 0
10464 10464 1 1 559228 0
1 1 10465 10465 394134 0
10465 10465 1 1 559304 0
1 1 10466 10466 394188 0
10466 10466 1 1 559380 0
1 1 10467 10467 394242 0
10467 10467 1 1 559456 0
1 1 10468 10468 394296 0
10468 10468 1 1 559532 0
1 1 10469 10469 394350 0
10469 10469 1 1 559608 0
1 1 10470 10470 394404 0
10470 10470 1 1 559684 0
1 1 10471 10471 394458 0
10471 10471 1 1 559760 0
1 1 10472 10472 394512 0
10472 10472 1 1 559836 0
1 1 10473 10473 394566 0
10473 10473 1 1 559912 0
1 1 10474 10474 394620 0
10474 10474 1 1 559988 0
1 1 10475 10475 394674 0
10475 10475 1 1 560064 0
1 1 10476 10476 393079 0
10476 10476 1 1 560140 0
1 1 10477 10477 393133 0
10477 10477 1 1 560216 0
1 1 10478 10478 393187 0
10478 10478 1 1 560292 0
1 1 10479 10479 393241 0
10479 10479 1 1 560368 0
1 1 10480 10480 393295 0
10480 10480 1 1 560444 0
1 1 10481 10481 393349 0
10481 10481 1 1 560520 0
1 1 10482 10482 393403 0
10482 10482 1 1 560596 0
1 1 10483 10483 393457 0
10483 10483 1 1 560672 0
1 1 10484 10484 393511 0
10484 10484 1 1 560748 0
1 1 10485 10485 393565 0
10485 10485 1 1 560824 0
1 1 10486 10486 393619 0
10486 10486 1 1 560900 0
1 1 10487 10487 393673 0
10487 10487 1 1 560976 0
1 1 10488 10488 393727 0
10488 10488 1 1 561052 0
1 1 10489 10489 393781 0
10489 10489 1 1 561128 0
1 1 10490 10490 393835 0
10490 10490 1 1 561204 0
1 1 10491 10491 393889 0
10491 10491 1 1 561280 0
1 1 10492 10492 393943 0
10492 10492 1 1 561356 0
1 1 10493 10493 393997 0
10493 10493 1 1 561432 0
1 1 10494 10494 394051 0
10494 10494 1 1 561508 0
1 1 10495 10495 394105 0
10495 10495 1 1 561584 0
1 1 10496 10496 394159 0
10496 10496 1 1 561660 0
1 1 10497 10497 394213 0
10497 10497 1 1 561736 0
1 1 10498 10498 394267 0
10498 10498 1 1 561812 0
1 1 10499 10499 394321 0
10499 10499 1 1 561888 0
1 1 10500 10500 394375 0
10500 10500 1 1 561964 0
1 1 10501 10501 394429 0
10501 10501 1 1 562040 0
1 1 10502 10502 394483 0
10502 10502 1 1 560069 0
1 1 10503 10503 394537 0
10503 10503 1 1 560145 0
1 1 10504 10504 394591 0
10504 10504 1 1 560221 0
1 1 10505 10505 394645 0
10505 10505 1 1 560297 0
1 1 10506 10506 394699 0
10506 10506 1 1 560373 0
1 1 10507 10507 394753 0
10507 10507 1 1 560449 0
1 1 10508 10508 394807 0
10508 10508 1 1 560525 0
1 1 10509 10509 394861 0
10509 10509 1 1 560601 0
1 1 10510 10510 394915 0
10510 10510 1 1 560677 0
1 1 10511 10511 394969 0
10511 10511 1 1 560753 0
1 1 10512 10512 395023 0
10512 10512 1 1 560829 0
1 1 10513 10513 395077 0
10513 10513 1 1 560905 0
1 1 10514 10514 395131 0
10514 10514 1 1 560981 0
1 1 10515 10515 395185 0
10515 10515 1 1 561057 0
1 1 10516 10516 395239 0
10516 10516 1 1 561133 0
1 1 10517 10517 395293 0
10517 10517 1 1 561209 0
1 1 10518 10518 395347 0
10518 10518 1 1 561285 0
1 1 10519 10519 395401 0
10519 10519 1 1 561361 0
1 1 10520 10520 395455 0
10520 10520 1 1 561437 0
1 1 10521 10521 395509 0
10521 10521 1 1 561513 0
1 1 10522 10522 395563 0
10522 10522 1 1 561589 0
1 1 10523 10523 395617 0
10523 10523 1 1 561665 0
1 1 10524 10524 395671 0
10524 10524 1 1 561741 0
1 1 10525 10525 395725 0
10525 10525 1 1 561817 0
1 1 10526 10526 395779 0
10526 10526 1 1 561893 0
1 1 10527 10527 395833 0
10527 10527 1 1 561969 0
1 1 10528 10528 395887 0
10528 10528 1 1 562045 0
1 1 10529 10529 395941 0
10529 10529 1 1 562121 0
1 1 10530 10530 395995 0
10530 10530 1 1 562197 0
1 1 10531 10531 396049 0
10531 10531 1 1 562273 0
1 1 10532 10532 396103 0
10532 10532 1 1 562349 0
1 1 10533 10533 396157 0
10533 10533 1 1 562425 0
1 1 10534 10534 396211 0
10534 10534 1 1 562501 0
1 1 10535 10535 396265 0
10535 10535 1 1 562577 0
1 1 10536 10536 396319 0
10536 10536 1 1 562653 0
1 1 10537 10537 396373 0
10537 10537 1 1 562729 0
1 1 10538 10538 396427 0
10538 10538 1 1 562805 0
1 1 10539 10539 396481 0
10539 10539 1 1 562881 0
1 1 10540 10540 396535 0
10540 10540 1 1 562957 0
1 1 10541 10541 396589 0
10541 10541 1 1 563033 0
1 1 10542 10542 396643 0
10542 10542 1 1 563109 0
1 1 10543 10543 396697 0
10543 10543 1 1 563185 0
1 1 10544 10544 396751 0
10544 10544 1 1 563261 0
1 1 10545 10545 396805 0
10545 10545 1 1 563337 0
1 1 10546 10546 396859 0
10546 10546 1 1 563413 0
1 1 10547 10547 396913 0
10547 10547 1 1 563489 0
1 1 10548 10548 396967 0
10548 10548 1 1 563565 0
1 1 10549 10549 397021 0
10549 10549 1 1 563641 0
1 1 10550 10550 397075 0
10550 10550 1 1 563717 0
1 1 10551 10551 397129 0
10551 10551 1 1 563793 0
1 1 10552 10552 397183 0
10552 10552 1 1 563869 0
1 1 10553 10553 397237 0
10553 10553 1 1 563945 0
1 1 10554 10554 397291 0
10554 10554 1 1 564021 0
1 1 10555 10555 397345 0
10555 10555 1 1 564097 0
1 1 10556 10556 397399 0
10556 10556 1 1 564173 0
1 1 10557 10557 397453 0
10557 10557 1 1 564249 0
1 1 10558 10558 397507 0
10558 10558 1 1 564325 0
1 1 10559 10559 397561 0
10559 10559 1 1 564401 0
1 1 10560 10560 397615 0
10560 10560 1 1 564477 0
1 1 10561 10561 397669 0
10561 10561 1 1 564553 0
1 1 10562 10562 397723 0
10562 10562 1 1 564629 0
1 1 10563 10563 397777 0
10563 10563 1 1 564705 0
1 1 10564 10564 397831 0
10564 10564 1 1 564781 0
1 1 10565 10565 397885 0
10565 10565 1 1 564857 0
1 1 10566 10566 397939 0
10566 10566 1 1 564933 0
1 1 10567 10567 397993 0
10567 10567 1 1 565009 0
1 1 10568 10568 398047 0
10568 10568 1 1 565085 0
1 1 10569 10569 398101 0
10569 10569 1 1 565161 0
1 1 10570 10570 398155 0
10570 10570 1 1 565237 0
1 1 10571 10571 398209 0
10571 10571 1 1 565313 0
1 1 10572 10572 398263 0
10572 10572 1 1 565389 0
1 1 10573 10573 396668 0
10573 10573 1 1 565465 0
1 1 10574 10574 396722 0
10574 10574 1 1 565541 0
1 1 10575 10575 396776 0
10575 10575 1 1 565617 0
1 1 10576 10576 396830 0
10576 10576 1 1 565693 0
1 1 10577 10577 396884 0
10577 10577 1 1 565769 0
1 1 10578 10578 396938 0
10578 10578 1 1 565845 0
1 1 10579 10579 396992 0
10579 10579 1 1 565921 0
1 1 10580 10580 397046 0
10580 10580 1 1 565997 0
1 1 10581 10581 397100 0
10581 10581 1 1 566073 0
1 1 10582 10582 397154 0
10582 10582 1 1 566149 0
1 1 10583 10583 397208 0
10583 10583 1 1 566225 0
1 1 10584 10584 397262 0
10584 10584 1 1 566301 0
1 1 10585 10585 397316 0
10585 10585 1 1 566377 0
1 1 10586 10586 397370 0
10586 10586 1 1 566453 0
1 1 10587 10587 397424 0
10587 10587 1 1 566529 0
1 1 10588 10588 397478 0
10588 10588 1 1 566605 0
1 1 10589 10589 397532 0
10589 10589 1 1 566681 0
1 1 10590 10590 397586 0
10590 10590 1 1 566757 0
1 1 10591 10591 397640 0
10591 10591 1 1 564786 0
1 1 10592 10592 397694 0
10592 10592 1 1 564862 0
1 1 10593 10593 397748 0
10593 10593 1 1 564938 0
1 1 10594 10594 397802 0
10594 10594 1 1 565014 0
1 1 10595 10595 397856 0
10595 10595 1 1 565090 0
1 1 10596 10596 397910 0
10596 10596 1 1 565166 0
1 1 10597 10597 397964 0
10597 10597 1 1 565242 0
1 1 10598 10598 398018 0
10598 10598 1 1 565318 0
1 1 10599 10599 398072 0
10599 10599 1 1 565394 0
1 1 10600 10600 398126 0
10600 10600 1 1 565470 0
1 1 10601 10601 398180 0
10601 10601 1 1 565546 0
1 1 10602 10602 398234 0
10602 10602 1 1 565622 0
1 1 10603 10603 398288 0
10603 10603 1 1 565698 0
1 1 10604 10604 398342 0
10604 10604 1 1 565774 0
1 1 10605 10605 398396 0
10605 10605 1 1 565850 0
1 1 10606 10606 398450 0
10606 10606 1 1 565926 0
1 1 10607 10607 398504 0
10607 10607 1 1 566002 0
1 1 10608 10608 398558 0
10608 10608 1 1 566078 0
1 1 10609 10609 398612 0
10609 10609 1 1 566154 0
1 1 10610 10610 398666 0
10610 10610 1 1 566230 0
1 1 10611 10611 398720 0
10611 10611 1 1 566306 0
1 1 10612 10612 398774 0
10612 10612 1 1 566382 0
1 1 10613 10613 398828 0
10613 10613 1 1 566458 0
1 1 10614 10614 398882 0
10614 10614 1 1 566534 0
1 1 10615 10615 398936 0
10615 10615 1 1 566610 0
1 1 10616 10616 398990 0
10616 10616 1 1 566686 0
1 1 10617 10617 399044 0
10617 10617 1 1 566762 0
1 1 10618 10618 399098 0
10618 10618 1 1 566838 0
1 1 10619 10619 399152 0
10619 10619 1 1 566914 0
1 1 10620 10620 399206 0
10620 10620 1 1 566990 0
1 1 10621 10621 399260 0
10621 10621 1 1 567066 0
1 1 10622 10622 399314 0
10622 10622 1 1 567142 0
1 1 10623 10623 399368 0
10623 10623 1 1 567218 0
1 1 10624 10624 399422 0
10624 10624 1 1 567294 0
1 1 10625 10625 399476 0
10625 10625 1 1 567370 0
1 1 10626 10626 399530 0
10626 10626 1 1 567446 0
1 1 10627 10627 399584 0
10627 10627 1 1 567522 0
1 1 10628 10628 399638 0
10628 10628 1 1 567598 0
1 1 10629 10629 399692 0
10629 10629 1 1 567674 0
1 1 10630 10630 399746 0
10630 10630 1 1 567750 0
1 1 10631 10631 399800 0
10631 10631 1 1 567826 0
1 1 10632 10632 399854 0
10632 10632 1 1 567902 0
1 1 10633 10633 399908 0
10633 10633 1 1 567978 0
1 1 10634 10634 399962 0
10634 10634 1 1 568054 0
1 1 10635 10635 400016 0
10635 10635 1 1 568130 0
1 1 10636 10636 400070 0
10636 10636 1 1 568206 0
1 1 10637 10637 400124 0
10637 10637 1 1 568282 0
1 1 10638 10638 400178 0
10638 10638 1 1 568358 0
1 1 10639 10639 400232 0
10639 10639 1 1 568434 0
1 1 10640 10640 400286 0
10640 10640 1 1 568510 0
1 1 10641 10641 400340 0
10641 10641 1 1 568586 0
1 1 10642 10642 400394 0
10642 10642 1 1 568662 0
1 1 10643 10643 400448 0
10643 10643 1 1 568738 0
1 1 10644 10644 400502 0
10644 10644 1 1 568814 0
1 1 10645 10645 400556 0
10645 10645 1 1 568890 0
1 1 10646 10646 400610 0
10646 10646 1 1 568966 0
1 1 10647 10647 400664 0
10647 10647 1 1 569042 0
1 1 10648 10648 400718 0
10648 10648 1 1 569118 0
1 1 10649 10649 400772 0
10649 10649 1 1 569194 0
1 1 10650 10650 400826 0
10650 10650 1 1 569270 0
1 1 10651 10651 400880 0
10651 10651 1 1 569346 0
1 1 10652 10652 400934 0
10652 10652 1 1 569422 0
1 1 10653 10653 400988 0
10653 10653 1 1 569498 0
1 1 10654 10654 401042 0
10654 10654 1 1 569574 0
1 1 10655 10655 401096 0
10655 10655 1 1 569650 0
1 1 10656 10656 401150 0
10656 10656 1 1 569726 0
1 1 10657 10657 401204 0
10657 10657 1 1 569802 0
1 1 10658 10658 401258 0
10658 10658 1 1 569878 0
1 1 10659 10659 401312 0
10659 10659 1 1 569954 0
1 1 10660 10660 401366 0
10660 10660 1 1 570030 0
1 1 10661 10661 401420 0
10661 10661 1 1 570106 0
1 1 10662 10662 401474 0
10662 10662 1 1 570182 0
1 1 10663 10663 401528 0
10663 10663 1 1 570258 0
1 1 10664 10664 401582 0
10664 10664 1 1 570334 0
1 1 10665 10665 401636 0
10665 10665 1 1 570410 0
1 1 10666 10666 401690 0
10666 10666 1 1 570486 0
1 1 10667 10667 401744 0
10667 10667 1 1 570562 0
1 1 10668 10668 401798 0
10668 10668 1 1 570638 0
1 1 10669 10669 401852 0
10669 10669 1 1 570714 0
1 1 10670 10670 400257 0
10670 10670 1 1 570790 0
1 1 10671 10671 400311 0
10671 10671 1 1 570866 0
1 1 10672 10672 400365 0
10672 10672 1 1 570942 0
1 1 10673 10673 400419 0
10673 10673 1 1 571018 0
1 1 10674 10674 400473 0
10674 10674 1 1 571094 0
1 1 10675 10675 400527 0
10675 10675 1 1 571170 0
1 1 10676 10676 400581 0
10676 10676 1 1 571246 0
1 1 10677 10677 400635 0
10677 10677 1 1 571322 0
1 1 10678 10678 400689 0
10678 10678 1 1 571398 0
1 1 10679 10679 400743 0
10679 10679 1 1 571474 0
1 1 10680 10680 400797 0
10680 10680 1 1 569503 0
1 1 10681 10681 400851 0
10681 10681 1 1 569579 0
1 1 10682 10682 400905 0
10682 10682 1 1 569655 0
1 1 10683 10683 400959 0
10683 10683 1 1 569731 0
1 1 10684 10684 401013 0
10684 10684 1 1 569807 0
1 1 10685 10685 401067 0
10685 10685 1 1 569883 0
1 1 10686 10686 401121 0
10686 10686 1 1 569959 0
1 1 10687 10687 401175 0
10687 10687 1 1 570035 0
1 1 10688 10688 401229 0
10688 10688 1 1 570111 0
1 1 10689 10689 401283 0
10689 10689 1 1 570187 0
1 1 10690 10690 401337 0
10690 10690 1 1 570263 0
1 1 10691 10691 401391 0
10691 10691 1 1 570339 0
1 1 10692 10692 401445 0
10692 10692 1 1 570415 0
1 1 10693 10693 401499 0
10693 10693 1 1 570491 0
1 1 10694 10694 401553 0
10694 10694 1 1 570567 0
1 1 10695 10695 401607 0
10695 10695 1 1 570643 0
1 1 10696 10696 401661 0
10696 10696 1 1 570719 0
1 1 10697 10697 401715 0
10697 10697 1 1 570795 0
1 1 10698 10698 401769 0
10698 10698 1 1 570871 0
1 1 10699 10699 401823 0
10699 10699 1 1 570947 0
1 1 10700 10700 401877 0
10700 10700 1 1 571023 0
1 1 10701 10701 401931 0
10701 10701 1 1 571099 0
1 1 10702 10702 401985 0
10702 10702 1 1 571175 0
1 1 10703 10703 402039 0
10703 10703 1 1 571251 0
1 1 10704 10704 402093 0
10704 10704 1 1 571327 0
1 1 10705 10705 402147 0
10705 10705 1 1 571403 0
1 1 10706 10706 402201 0
10706 10706 1 1 571479 0
1 1 10707 10707 402255 0
10707 10707 1 1 571555 0
1 1 10708 10708 402309 0
10708 10708 1 1 571631 0
1 1 10709 10709 402363 0
10709 10709 1 1 571707 0
1 1 10710 10710 402417 0
10710 10710 1 1 571783 0
1 1 10711 10711 402471 0
10711 10711 1 1 571859 0
1 1 10712 10712 402525 0
10712 10712 1 1 571935 0
1 1 10713 10713 402579 0
10713 10713 1 1 572011 0
1 1 10714 10714 402633 0
10714 10714 1 1 572087 0
1 1 10715 10715 402687 0
10715 10715 1 1 572163 0
1 1 10716 10716 402741 0
10716 10716 1 1 572239 0
1 1 10717 10717 402795 0
10717 10717 1 1 572315 0
1 1 10718 10718 402849 0
10718 10718 1 1 572391 0
1 1 10719 10719 402903 0
10719 10719 1 1 572467 0
1 1 10720 10720 402957 0
10720 10720 1 1 572543 0
1 1 10721 10721 403011 0
10721 10721 1 1 572619 0
1 1 10722 10722 403065 0
10722 10722 1 1 572695 0
1 1 10723 10723 403119 0
10723 10723 1 1 572771 0
1 1 10724 10724 403173 0
10724 10724 1 1 572847 0
1 1 10725 10725 403227 0
10725 10725 1 1 572923 0
1 1 10726 10726 403281 0
10726 10726 1 1 572999 0
1 1 10727 10727 403335 0
10727 10727 1 1 573075 0
1 1 10728 10728 403389 0
10728 10728 1 1 573151 0
1 1 10729 10729 403443 0
10729 10729 1 1 573227 0
1 1 10730 10730 403497 0
10730 10730 1 1 573303 0
1 1 10731 10731 403551 0
10731 10731 1 1 573379 0
1 1 10732 10732 403605 0
10732 10732 1 1 573455 0
1 1 10733 10733 403659 0
10733 10733 1 1 573531 0
1 1 10734 10734 403713 0
10734 10734 1 1 573607 0
1 1 10735 10735 403767 0
10735 10735 1 1 573683 0
1 1 10736 10736 403821 0
10736 10736 1 1 573759 0
1 1 10737 10737 403875 0
10737 10737 1 1 573835 0
1 1 10738 10738 403929 0
10738 10738 1 1 573911 0
1 1 10739 10739 403983 0
10739 10739 1 1 573987 0
1 1 10740 10740 404037 0
10740 10740 1 1 574063 0
1 1 10741 10741 404091 0
10741 10741 1 1 574139 0
1 1 10742 10742 404145 0
10742 10742 1 1 574215 0
1 1 10743 10743 404199 0
10743 10743 1 1 574291 0
1 1 10744 10744 404253 0
10744 10744 1 1 574367 0
1 1 10745 10745 404307 0
10745 10745 1 1 574443 0
1 1 10746 10746 404361 0
10746 10746 1 1 574519 0
1 1 10747 10747 404415 0
10747 10747 1 1 574595 0
1 1 10748 10748 404469 0
10748 10748 1 1 574671 0
1 1 10749 10749 404523 0
10749 10749 1 1 574747 0
1 1 10750 10750 404577 0
10750 10750 1 1 574823 0
1 1 10751 10751 404631 0
10751 10751 1 1 574899 0
1 1 10752 10752 404685 0
10752 10752 1 1 574975 0
1 1 10753 10753 404739 0
10753 10753 1 1 575051 0
1 1 10754 10754 404793 0
10754 10754 1 1 575127 0
1 1 10755 10755 404847 0
10755 10755 1 1 575203 0
1 1 10756 10756 404901 0
10756 10756 1 1 575279 0
1 1 10757 10757 404955 0
10757 10757 1 1 575355 0
1 1 10758 10758 405009 0
10758 10758 1 1 575431 0
1 1 10759 10759 405063 0
10759 10759 1 1 575507 0
1 1 10760 10760 405117 0
10760 10760 1 1 575583 0
1 1 10761 10761 405171 0
10761 10761 1 1 575659 0
1 1 10762 10762 405225 0
10762 10762 1 1 575735 0
1 1 10763 10763 405279 0
10763 10763 1 1 575811 0
1 1 10764 10764 405333 0
10764 10764 1 1 575887 0
1 1 10765 10765 405387 0
10765 10765 1 1 575963 0
1 1 10766 10766 405441 0
10766 10766 1 1 576039 0
1 1 10767 10767 403846 0
10767 10767 1 1 576115 0
1 1 10768 10768 403900 0
10768 10768 1 1 576191 0
1 1 10769 10769 403954 0
10769 10769 1 1 574220 0
1 1 10770 10770 404008 0
10770 10770 1 1 574296 0
1 1 10771 10771 404062 0
10771 10771 1 1 574372 0
1 1 10772 10772 404116 0
10772 10772 1 1 574448 0
1 1 10773 10773 404170 0
10773 10773 1 1 574524 0
1 1 10774 10774 404224 0
10774 10774 1 1 574600 0
1 1 10775 10775 404278 0
10775 10775 1 1 574676 0
1 1 10776 10776 404332 0
10776 10776 1 1 574752 0
1 1 10777 10777 404386 0
10777 10777 1 1 574828 0
1 1 10778 10778 404440 0
10778 10778 1 1 574904 0
1 1 10779 10779 404494 0
10779 10779 1 1 574980 0
1 1 10780 10780 404548 0
10780 10780 1 1 575056 0
1 1 10781 10781 404602 0
10781 10781 1 1 575132 0
1 1 10782 10782 404656 0
10782 10782 1 1 575208 0
1 1 10783 10783 404710 0
10783 10783 1 1 575284 0
1 1 10784 10784 404764 0
10784 10784 1 1 575360 0
1 1 10785 10785 404818 0
10785 10785 1 1 575436 0
1 1 10786 10786 404872 0
10786 10786 1 1 575512 0
1 1 10787 10787 404926 0
10787 10787 1 1 575588 0
1 1 10788 10788 404980 0
10788 10788 1 1 575664 0
1 1 10789 10789 405034 0
10789 10789 1 1 575740 0
1 1 10790 10790 405088 0
10790 10790 1 1 575816 0
1 1 10791 10791 405142 0
10791 10791 1 1 575892 0
1 1 10792 10792 405196 0
10792 10792 1 1 575968 0
1 1 10793 10793 405250 0
10793 10793 1 1 576044 0
1 1 10794 10794 405304 0
10794 10794 1 1 576120 0
1 1 10795 10795 405358 0
10795 10795 1 1 576196 0
1 1 10796 10796 405412 0
10796 10796 1 1 576272 0
1 1 10797 10797 405466 0
10797 10797 1 1 576348 0
1 1 10798 10798 405520 0
10798 10798 1 1 576424 0
1 1 10799 10799 405574 0
10799 10799 1 1 576500 0
1 1 10800 10800 405628 0
10800 10800 1 1 576576 0
1 1 10801 10801 405682 0
10801 10801 1 1 576652 0
1 1 10802 10802 405736 0
10802 10802 1 1 576728 0
1 1 10803 10803 405790 0
10803 10803 1 1 576804 0
1 1 10804 10804 405844 0
10804 10804 1 1 576880 0
1 1 10805 10805 405898 0
10805 10805 1 1 576956 0
1 1 10806 10806 405952 0
10806 10806 1 1 577032 0
1 1 10807 10807 406006 0
10807 10807 1 1 577108 0
1 1 10808 10808 406060 0
10808 10808 1 1 577184 0
1 1 10809 10809 406114 0
10809 10809 1 1 577260 0
1 1 10810 10810 406168 0
10810 10810 1 1 577336 0
1 1 10811 10811 406222 0
10811 10811 1 1 577412 0
1 1 10812 10812 406276 0
10812 10812 1 1 577488 0
1 1 10813 10813 406330 0
10813 10813 1 1 577564 0
1 1 10814 10814 406384 0
10814 10814 1 1 577640 0
1 1 10815 10815 406438 0
10815 10815 1 1 577716 0
1 1 10816 10816 406492 0
10816 10816 1 1 577792 0
1 1 10817 10817 406546 0
10817 10817 1 1 577868 0
1 1 10818 10818 406600 0
10818 10818 1 1 577944 0
1 1 10819 10819 406654 0
10819 10819 1 1 578020 0
1 1 10820 10820 406708 0
10820 10820 1 1 578096 0
1 1 10821 10821 406762 0
10821 10821 1 1 578172 0
1 1 10822 10822 406816 0
10822 10822 1 1 578248 0
1 1 10823 10823 406870 0
10823 10823 1 1 578324 0
1 1 10824 10824 406924 0
10824 10824 1 1 578400 0
1 1 10825 10825 406978 0
10825 10825 1 1 578476 0
1 1 10826 10826 407032 0
10826 10826 1 1 578552 0
1 1 10827 10827 407086 0
10827 10827 1 1 578628 0
1 1 10828 10828 407140 0
10828 10828 1 1 578704 0
1 1 10829 10829 407194 0
10829 10829 1 1 578780 0
1 1 10830 10830 407248 0
10830 10830 1 1 578856 0
1 1 10831 10831 407302 0
10831 10831 1 1 578932 0
1 1 10832 10832 407356 0
10832 10832 1 1 579008 0
1 1 10833 10833 407410 0
10833 10833 1 1 579084 0
1 1 10834 10834 407464 0
10834 10834 1 1 579160 0
1 1 10835 10835 407518 0
10835 10835 1 1 579236 0
1 1 10836 10836 407572 0
10836 10836 1 1 579312 0
1 1 10837 10837 407626 0
10837 10837 1 1 579388 0
1 1 10838 10838 407680 0
10838 10838 1 1 579464 0
1 1 10839 10839 407734 0
10839 10839 1 1 579540 0
1 1 10840 10840 407788 0
10840 10840 1 1 579616 0
1 1 10841 10841 407842 0
10841 10841 1 1 579692 0
1 1 10842 10842 407896 0
10842 10842 1 1 579768 0
1 1 10843 10843 407950 0
10843 10843 1 1 579844 0
1 1 10844 10844 408004 0
10844 10844 1 1 579920 0
1 1 10845 10845 408058 0
10845 10845 1 1 579996 0
1 1 10846 10846 408112 0
10846 10846 1 1 580072 0
1 1 10847 10847 408166 0
10847 10847 1 1 580148 0
1 1 10848 10848 408220 0
10848 10848 1 1 580224 0
1 1 10849 10849 408274 0
10849 10849 1 1 580300 0
1 1 10850 10850 408328 0
10850 10850 1 1 580376 0
1 1 10851 10851 408382 0
10851 10851 1 1 580452 0
1 1 10852 10852 408436 0
10852 10852 1 1 580528 0
1 1 10853 10853 408490 0
10853 10853 1 1 580604 0
1 1 10854 10854 408544 0
10854 10854 1 1 580680 0
1 1 10855 10855 408598 0
10855 10855 1 1 580756 0
1 1 10856 10856 408652 0
10856 10856 1 1 580832 0
1 1 10857 10857 408706 0
10857 10857 1 1 580908 0
1 1 10858 10858 408760 0
10858 10858 1 1 578937 0
1 1 10859 10859 408814 0
10859 10859 1 1 579013 0
1 1 10860 10860 408868 0
10860 10860 1 1 579089 0
1 1 10861 10861 408922 0
10861 10861 1 1 579165 0
1 1 10862 10862 408976 0
10862 10862 1 1 579241 0
1 1 10863 10863 409030 0
10863 10863 1 1 579317 0
1 1 10864 10864 407435 0
10864 10864 1 1 579393 0
1 1 10865 10865 407489 0
10865 10865 1 1 579469 0
1 1 10866 10866 407543 0
10866 10866 1 1 579545 0
1 1 10867 10867 407597 0
10867 10867 1 1 579621 0
1 1 10868 10868 407651 0
10868 10868 1 1 579697 0
1 1 10869 10869 407705 0
10869 10869 1 1 579773 0
1 1 10870 10870 407759 0
10870 10870 1 1 579849 0
1 1 10871 10871 407813 0
10871 10871 1 1 579925 0
1 1 10872 10872 407867 0
10872 10872 1 1 580001 0
1 1 10873 10873 407921 0
10873 10873 1 1 580077 0
1 1 10874 10874 407975 0
10874 10874 1 1 580153 0
1 1 10875 10875 408029 0
10875 10875 1 1 580229 0
1 1 10876 10876 408083 0
10876 10876 1 1 580305 0
1 1 10877 10877 408137 0
10877 10877 1 1 580381 0
1 1 10878 10878 408191 0
10878 10878 1 1 580457 0
1 1 10879 10879 408245 0
10879 10879 1 1 580533 0
1 1 10880 10880 408299 0
10880 10880 1 1 580609 0
1 1 10881 10881 408353 0
10881 10881 1 1 580685 0
1 1 10882 10882 408407 0
10882 10882 1 1 580761 0
1 1 10883 10883 408461 0
10883 10883 1 1 580837 0
1 1 10884 10884 408515 0
10884 10884 1 1 580913 0
1 1 10885 10885 408569 0
10885 10885 1 1 580989 0
1 1 10886 10886 408623 0
10886 10886 1 1 581065 0
1 1 10887 10887 408677 0
10887 10887 1 1 581141 0
1 1 10888 10888 408731 0
10888 10888 1 1 581217 0
1 1 10889 10889 408785 0
10889 10889 1 1 581293 0
1 1 10890 10890 408839 0
10890 10890 1 1 581369 0
1 1 10891 10891 408893 0
10891 10891 1 1 581445 0
1 1 10892 10892 408947 0
10892 10892 1 1 581521 0
1 1 10893 10893 409001 0
10893 10893 1 1 581597 0
1 1 10894 10894 409055 0
10894 10894 1 1 581673 0
1 1 10895 10895 409109 0
10895 10895 1 1 581749 0
1 1 10896 10896 409163 0
10896 10896 1 1 581825 0
1 1 10897 10897 409217 0
10897 10897 1 1 581901 0
1 1 10898 10898 409271 0
10898 10898 1 1 581977 0
1 1 10899 10899 409325 0
10899 10899 1 1 582053 0
1 1 10900 10900 409379 0
10900 10900 1 1 582129 0
1 1 10901 10901 409433 0
10901 10901 1 1 582205 0
1 1 10902 10902 409487 0
10902 10902 1 1 582281 0
1 1 10903 10903 409541 0
10903 10903 1 1 582357 0
1 1 10904 10904 409595 0
10904 10904 1 1 582433 0
1 1 10905 10905 409649 0
10905 10905 1 1 582509 0
1 1 10906 10906 409703 0
10906 10906 1 1 582585 0
1 1 10907 10907 409757 0
10907 10907 1 1 582661 0
1 1 10908 10908 409811 0
10908 10908 1 1 582737 0
1 1 10909 10909 409865 0
10909 10909 1 1 582813 0
1 1 10910 10910 409919 0
10910 10910 1 1 582889 0
1 1 10911 10911 409973 0
10911 10911 1 1 582965 0
1 1 10912 10912 410027 0
10912 10912 1 1 583041 0
1 1 10913 10913 410081 0
10913 10913 1 1 583117 0
1 1 10914 10914 410135 0
10914 10914 1 1 583193 0
1 1 10915 10915 410189 0
10915 10915 1 1 583269 0
1 1 10916 10916 410243 0
10916 10916 1 1 583345 0
1 1 10917 10917 410297 0
10917 10917 1 1 583421 0
1 1 10918 10918 410351 0
10918 10918 1 1 583497 0
1 1 10919 10919 410405 0
10919 10919 1 1 583573 0
1 1 10920 10920 410459 0
10920 10920 1 1 583649 0
1 1 10921 10921 410513 0
10921 10921 1 1 583725 0
1 1 10922 10922 410567 0
10922 10922 1 1 583801 0
1 1 10923 10923 410621 0
10923 10923 1 1 583877 0
1 1 10924 10924 410675 0
10924 10924 1 1 583953 0
1 1 10925 10925 410729 0
10925 10925 1 1 584029 0
1 1 10926 10926 410783 0
10926 10926 1 1 584105 0
1 1 10927 10927 410837 0
10927 10927 1 1 584181 0
1 1 10928 10928 410891 0
10928 10928 1 1 584257 0
1 1 10929 10929 410945 0
10929 10929 1 1 584333 0
1 1 10930 10930 410999 0
10930 10930 1 1 584409 0
1 1 10931 10931 411053 0
10931 10931 1 1 584485 0
1 1 10932 10932 411107 0
10932 10932 1 1 584561 0
1 1 10933 10933 411161 0
10933 10933 1 1 584637 0
1 1 10934 10934 411215 0
10934 10934 1 1 584713 0
1 1 10935 10935 411269 0
10935 10935 1 1 584789 0
1 1 10936 10936 411323 0
10936 10936 1 1 584865 0
1 1 10937 10937 411377 0
10937 10937 1 1 584941 0
1 1 10938 10938 411431 0
10938 10938 1 1 585017 0
1 1 10939 10939 411485 0
10939 10939 1 1 585093 0
1 1 10940 10940 411539 0
10940 10940 1 1 585169 0
1 1 10941 10941 411593 0
10941 10941 1 1 585245 0
1 1 10942 10942 411647 0
10942 10942 1 1 585321 0
1 1 10943 10943 411701 0
10943 10943 1 1 585397 0
1 1 10944 10944 411755 0
10944 10944 1 1 585473 0
1 1 10945 10945 411809 0
10945 10945 1 1 585549 0
1 1 10946 10946 411863 0
10946 10946 1 1 585625 0
1 1 10947 10947 411917 0
10947 10947 1 1 583654 0
1 1 10948 10948 411971 0
10948 10948 1 1 583730 0
1 1 10949 10949 412025 0
10949 10949 1 1 583806 0
1 1 10950 10950 412079 0
10950 10950 1 1 583882 0
1 1 10951 10951 412133 0
10951 10951 1 1 583958 0
1 1 10952 10952 412187 0
10952 10952 1 1 584034 0
1 1 10953 10953 412241 0
10953 10953 1 1 584110 0
1 1 10954 10954 412295 0
10954 10954 1 1 584186 0
1 1 10955 10955 412349 0
10955 10955 1 1 584262 0
1 1 10956 10956 412403 0
10956 10956 1 1 584338 0
1 1 10957 10957 412457 0
10957 10957 1 1 584414 0
1 1 10958 10958 412511 0
10958 10958 1 1 584490 0
1 1 10959 10959 412565 0
10959 10959 1 1 584566 0
1 1 10960 10960 412619 0
10960 10960 1 1 584642 0
1 1 10961 10961 411024 0
10961 10961 1 1 584718 0
1 1 10962 10962 411078 0
10962 10962 1 1 584794 0
1 1 10963 10963 411132 0
10963 10963 1 1 584870 0
1 1 10964 10964 411186 0
10964 10964 1 1 584946 0
1 1 10965 10965 411240 0
10965 10965 1 1 585022 0
1 1 10966 10966 411294 0
10966 10966 1 1 585098 0
1 1 10967 10967 411348 0
10967 10967 1 1 585174 0
1 1 10968 10968 411402 0
10968 10968 1 1 585250 0
1 1 10969 10969 411456 0
10969 10969 1 1 585326 0
1 1 10970 10970 411510 0
10970 10970 1 1 585402 0
1 1 10971 10971 411564 0
10971 10971 1 1 585478 0
1 1 10972 10972 411618 0
10972 10972 1 1 585554 0
1 1 10973 10973 411672 0
10973 10973 1 1 585630 0
1 1 10974 10974 411726 0
10974 10974 1 1 585706 0
1 1 10975 10975 411780 0
10975 10975 1 1 585782 0
1 1 10976 10976 411834 0
10976 10976 1 1 585858 0
1 1 10977 10977 411888 0
10977 10977 1 1 585934 0
1 1 10978 10978 411942 0
10978 10978 1 1 586010 0
1 1 10979 10979 411996 0
10979 10979 1 1 586086 0
1 1 10980 10980 412050 0
10980 10980 1 1 586162 0
1 1 10981 10981 412104 0
10981 10981 1 1 586238 0
1 1 10982 10982 412158 0
10982 10982 1 1 586314 0
1 1 10983 10983 412212 0
10983 10983 1 1 586390 0
1 1 10984 10984 412266 0
10984 10984 1 1 586466 0
1 1 10985 10985 412320 0
10985 10985 1 1 586542 0
1 1 10986 10986 412374 0
10986 10986 1 1 586618 0
1 1 10987 10987 412428 0
10987 10987 1 1 586694 0
1 1 10988 10988 412482 0
10988 10988 1 1 586770 0
1 1 10989 10989 412536 0
10989 10989 1 1 586846 0
1 1 10990 10990 412590 0
10990 10990 1 1 586922 0
1 1 10991 10991 412644 0
10991 10991 1 1 586998 0
1 1 10992 10992 412698 0
10992 10992 1 1 587074 0
1 1 10993 10993 412752 0
10993 10993 1 1 587150 0
1 1 10994 10994 412806 0
10994 10994 1 1 587226 0
1 1 10995 10995 412860 0
10995 10995 1 1 587302 0
1 1 10996 10996 412914 0
10996 10996 1 1 587378 0
1 1 10997 10997 412968 0
10997 10997 1 1 587454 0
1 1 10998 10998 413022 0
10998 10998 1 1 587530 0
1 1 10999 10999 413076 0
10999 10999 1 1 587606 0
1 1 11000 11000 413130 0
11000 11000 1 1 587682 0
1 1 11001 11001 413184 0
11001 11001 1 1 587758 0
1 1 11002 11002 413238 0
11002 11002 1 1 587834 0
1 1 11003 11003 413292 0
11003 11003 1 1 587910 0
1 1 11004 11004 413346 0
11004 11004 1 1 587986 0
1 1 11005 11005 413400 0
11005 11005 1 1 588062 0
1 1 11006 11006 413454 0
11006 11006 1 1 588138 0
1 1 11007 11007 413508 0
11007 11007 1 1 588214 0
1 1 11008 11008 413562 0
11008 11008 1 1 588290 0
1 1 11009 11009 413616 0
11009 11009 1 1 588366 0
1 1 11010 11010 413670 0
11010 11010 1 1 588442 0
1 1 11011 11011 413724 0
11011 11011 1 1 588518 0
1 1 11012 11012 413778 0
11012 11012 1 1 588594 0
1 1 11013 11013 413832 0
11013 11013 1 1 588670 0
1 1 11014 11014 413886 0
11014 11014 1 1 588746 0
1 1 11015 11015 413940 0
11015 11015 1 1 588822 0
1 1 11016 11016 413994 0
11016 11016 1 1 588898 0
1 1 11017 11017 414048 0
11017 11017 1 1 588974 0
1 1 11018 11018 414102 0
11018 11018 1 1 589050 0
1 1 11019 11019 414156 0
11019 11019 1 1 589126 0
1 1 11020 11020 414210 0
11020 11020 1 1 589202 0
1 1 11021 11021 414264 0
11021 11021 1 1 589278 0
1 1 11022 11022 414318 0
11022 11022 1 1 589354 0
1 1 11023 11023 414372 0
11023 11023 1 1 589430 0
1 1 11024 11024 414426 0
11024 11024 1 1 589506 0
1 1 11025 11025 414480 0
11025 11025 1 1 589582 0
1 1 11026 11026 414534 0
11026 11026 1 1 589658 0
1 1 11027 11027 414588 0
11027 11027 1 1 589734 0
1 1 11028 11028 414642 0
11028 11028 1 1 589810 0
1 1 11029 11029 414696 0
11029 11029 1 1 589886 0
1 1 11030 11030 414750 0
11030 11030 1 1 589962 0
1 1 11031 11031 414804 0
11031 11031 1 1 590038 0
1 1 11032 11032 414858 0
11032 11032 1 1 590114 0
1 1 11033 11033 414912 0
11033 11033 1 1 590190 0
1 1 11034 11034 414966 0
11034 11034 1 1 590266 0
1 1 11035 11035 415020 0
11035 11035 1 1 590342 0
1 1 11036 11036 415074 0
11036 11036 1 1 588371 0
1 1 11037 11037 415128 0
11037 11037 1 1 588447 0
1 1 11038 11038 415182 0
11038 11038 1 1 588523 0
1 1 11039 11039 415236 0
11039 11039 1 1 588599 0
1 1 11040 11040 415290 0
11040 11040 1 1 588675 0
1 1 11041 11041 415344 0
11041 11041 1 1 588751 0
1 1 11042 11042 415398 0
11042 11042 1 1 588827 0
1 1 11043 11043 415452 0
11043 11043 1 1 588903 0
1 1 11044 11044 415506 0
11044 11044 1 1 588979 0
1 1 11045 11045 415560 0
11045 11045 1 1 589055 0
1 1 11046 11046 415614 0
11046 11046 1 1 589131 0
1 1 11047 11047 415668 0
11047 11047 1 1 589207 0
1 1 11048 11048 415722 0
11048 11048 1 1 589283 0
1 1 11049 11049 415776 0
11049 11049 1 1 589359 0
1 1 11050 11050 415830 0
11050 11050 1 1 589435 0
1 1 11051 11051 415884 0
11051 11051 1 1 589511 0
1 1 11052 11052 415938 0
11052 11052 1 1 589587 0
1 1 11053 11053 415992 0
11053 11053 1 1 589663 0
1 1 11054 11054 416046 0
11054 11054 1 1 589739 0
1 1 11055 11055 416100 0
11055 11055 1 1 589815 0
1 1 11056 11056 416154 0
11056 11056 1 1 589891 0
1 1 11057 11057 416208 0
11057 11057 1 1 589967 0
1 1 11058 11058 414613 0
11058 11058 1 1 590043 0
1 1 11059 11059 414667 0
11059 11059 1 1 590119 0
1 1 11060 11060 414721 0
11060 11060 1 1 590195 0
1 1 11061 11061 414775 0
11061 11061 1 1 590271 0
1 1 11062 11062 414829 0
11062 11062 1 1 590347 0
1 1 11063 11063 414883 0
11063 11063 1 1 590423 0
1 1 11064 11064 414937 0
11064 11064 1 1 590499 0
1 1 11065 11065 414991 0
11065 11065 1 1 590575 0
1 1 11066 11066 415045 0
11066 11066 1 1 590651 0
1 1 11067 11067 415099 0
11067 11067 1 1 590727 0
1 1 11068 11068 415153 0
11068 11068 1 1 590803 0
1 1 11069 11069 415207 0
11069 11069 1 1 590879 0
1 1 11070 11070 415261 0
11070 11070 1 1 590955 0
1 1 11071 11071 415315 0
11071 11071 1 1 591031 0
1 1 11072 11072 415369 0
11072 11072 1 1 591107 0
1 1 11073 11073 415423 0
11073 11073 1 1 591183 0
1 1 11074 11074 415477 0
11074 11074 1 1 591259 0
1 1 11075 11075 415531 0
11075 11075 1 1 591335 0
1 1 11076 11076 415585 0
11076 11076 1 1 591411 0
1 1 11077 11077 415639 0
11077 11077 1 1 591487 0
1 1 11078 11078 415693 0
11078 11078 1 1 591563 0
1 1 11079 11079 415747 0
11079 11079 1 1 591639 0
1 1 11080 11080 415801 0
11080 11080 1 1 591715 0
1 1 11081 11081 415855 0
11081 11081 1 1 591791 0
1 1 11082 11082 415909 0
11082 11082 1 1 591867 0
1 1 11083 11083 415963 0
11083 11083 1 1 591943 0
1 1 11084 11084 416017 0
11084 11084 1 1 592019 0
1 1 11085 11085 416071 0
11085 11085 1 1 592095 0
1 1 11086 11086 416125 0
11086 11086 1 1 592171 0
1 1 11087 11087 416179 0
11087 11087 1 1 592247 0
1 1 11088 11088 416233 0
11088 11088 1 1 592323 0
1 1 11089 11089 416287 0
11089 11089 1 1 592399 0
1 1 11090 11090 416341 0
11090 11090 1 1 592475 0
1 1 11091 11091 416395 0
11091 11091 1 1 592551 0
1 1 11092 11092 416449 0
11092 11092 1 1 592627 0
1 1 11093 11093 416503 0
11093 11093 1 1 592703 0
1 1 11094 11094 416557 0
11094 11094 1 1 592779 0
1 1 11095 11095 416611 0
11095 11095 1 1 592855 0
1 1 11096 11096 416665 0
11096 11096 1 1 592931 0
1 1 11097 11097 416719 0
11097 11097 1 1 593007 0
1 1 11098 11098 416773 0
11098 11098 1 1 593083 0
1 1 11099 11099 416827 0
11099 11099 1 1 593159 0
1 1 11100 11100 416881 0
11100 11100 1 1 593235 0
1 1 11101 11101 416935 0
11101 11101 1 1 593311 0
1 1 11102 11102 416989 0
11102 11102 1 1 593387 0
1 1 11103 11103 417043 0
11103 11103 1 1 593463 0
1 1 11104 11104 417097 0
11104 11104 1 1 593539 0
1 1 11105 11105 417151 0
11105 11105 1 1 593615 0
1 1 11106 11106 417205 0
11106 11106 1 1 593691 0
1 1 11107 11107 417259 0
11107 11107 1 1 593767 0
1 1 11108 11108 417313 0
11108 11108 1 1 593843 0
1 1 11109 11109 417367 0
11109 11109 1 1 593919 0
1 1 11110 11110 417421 0
11110 11110 1 1 593995 0
1 1 11111 11111 417475 0
11111 11111 1 1 594071 0
1 1 11112 11112 417529 0
11112 11112 1 1 594147 0
1 1 11113 11113 417583 0
11113 11113 1 1 594223 0
1 1 11114 11114 417637 0
11114 11114 1 1 594299 0
1 1 11115 11115 417691 0
11115 11115 1 1 594375 0
1 1 11116 11116 417745 0
11116 11116 1 1 594451 0
1 1 11117 11117 417799 0
11117 11117 1 1 594527 0
1 1 11118 11118 417853 0
11118 11118 1 1 594603 0
1 1 11119 11119 417907 0
11119 11119 1 1 594679 0
1 1 11120 11120 417961 0
11120 11120 1 1 594755 0
1 1 11121 11121 418015 0
11121 11121 1 1 594831 0
1 1 11122 11122 418069 0
11122 11122 1 1 594907 0
1 1 11123 11123 418123 0
11123 11123 1 1 594983 0
1 1 11124 11124 418177 0
11124 11124 1 1 595059 0
1 1 11125 11125 418231 0
11125 11125 1 1 593088 0
1 1 11126 11126 418285 0
11126 11126 1 1 593164 0
1 1 11127 11127 418339 0
11127 11127 1 1 593240 0
1 1 11128 11128 418393 0
11128 11128 1 1 593316 0
1 1 11129 11129 418447 0
11129 11129 1 1 593392 0
1 1 11130 11130 418501 0
11130 11130 1 1 593468 0
1 1 11131 11131 418555 0
11131 11131 1 1 593544 0
1 1 11132 11132 418609 0
11132 11132 1 1 593620 0
1 1 11133 11133 418663 0
11133 11133 1 1 593696 0
1 1 11134 11134 418717 0
11134 11134 1 1 593772 0
1 1 11135 11135 418771 0
11135 11135 1 1 593848 0
1 1 11136 11136 418825 0
11136 11136 1 1 593924 0
1 1 11137 11137 418879 0
11137 11137 1 1 594000 0
1 1 11138 11138 418933 0
11138 11138 1 1 594076 0
1 1 11139 11139 418987 0
11139 11139 1 1 594152 0
1 1 11140 11140 419041 0
11140 11140 1 1 594228 0
1 1 11141 11141 419095 0
11141 11141 1 1 594304 0
1 1 11142 11142 419149 0
11142 11142 1 1 594380 0
1 1 11143 11143 419203 0
11143 11143 1 1 594456 0
1 1 11144 11144 419257 0
11144 11144 1 1 594532 0
1 1 11145 11145 419311 0
11145 11145 1 1 594608 0
1 1 11146 11146 419365 0
11146 11146 1 1 594684 0
1 1 11147 11147 419419 0
11147 11147 1 1 594760 0
1 1 11148 11148 419473 0
11148 11148 1 1 594836 0
1 1 11149 11149 419527 0
11149 11149 1 1 594912 0
1 1 11150 11150 419581 0
11150 11150 1 1 594988 0
1 1 11151 11151 419635 0
11151 11151 1 1 595064 0
1 1 11152 11152 419689 0
11152 11152 1 1 595140 0
1 1 11153 11153 419743 0
11153 11153 1 1 595216 0
1 1 11154 11154 419797 0
11154 11154 1 1 595292 0
1 1 11155 11155 418202 0
11155 11155 1 1 595368 0
1 1 11156 11156 418256 0
11156 11156 1 1 595444 0
1 1 11157 11157 418310 0
11157 11157 1 1 595520 0
1 1 11158 11158 418364 0
11158 11158 1 1 595596 0
1 1 11159 11159 418418 0
11159 11159 1 1 595672 0
1 1 11160 11160 418472 0
11160 11160 1 1 595748 0
1 1 11161 11161 418526 0
11161 11161 1 1 595824 0
1 1 11162 11162 418580 0
11162 11162 1 1 595900 0
1 1 11163 11163 418634 0
11163 11163 1 1 595976 0
1 1 11164 11164 418688 0
11164 11164 1 1 596052 0
1 1 11165 11165 418742 0
11165 11165 1 1 596128 0
1 1 11166 11166 418796 0
11166 11166 1 1 596204 0
1 1 11167 11167 418850 0
11167 11167 1 1 596280 0
1 1 11168 11168 418904 0
11168 11168 1 1 596356 0
1 1 11169 11169 418958 0
11169 11169 1 1 596432 0
1 1 11170 11170 419012 0
11170 11170 1 1 596508 0
1 1 11171 11171 419066 0
11171 11171 1 1 596584 0
1 1 11172 11172 419120 0
11172 11172 1 1 596660 0
1 1 11173 11173 419174 0
11173 11173 1 1 596736 0
1 1 11174 11174 419228 0
11174 11174 1 1 596812 0
1 1 11175 11175 419282 0
11175 11175 1 1 596888 0
1 1 11176 11176 419336 0
11176 11176 1 1 596964 0
1 1 11177 11177 419390 0
11177 11177 1 1 597040 0
1 1 11178 11178 419444 0
11178 11178 1 1 597116 0
1 1 11179 11179 419498 0
11179 11179 1 1 597192 0
1 1 11180 11180 419552 0
11180 11180 1 1 597268 0
1 1 11181 11181 419606 0
11181 11181 1 1 597344 0
1 1 11182 11182 419660 0
11182 11182 1 1 597420 0
1 1 11183 11183 419714 0
11183 11183 1 1 597496 0
1 1 11184 11184 419768 0
11184 11184 1 1 597572 0
1 1 11185 11185 419822 0
11185 11185 1 1 597648 0
1 1 11186 11186 419876 0
11186 11186 1 1 597724 0
1 1 11187 11187 419930 0
11187 11187 1 1 597800 0
1 1 11188 11188 419984 0
11188 11188 1 1 597876 0
1 1 11189 11189 420038 0
11189 11189 1 1 597952 0
1 1 11190 11190 420092 0
11190 11190 1 1 598028 0
1 1 11191 11191 420146 0
11191 11191 1 1 598104 0
1 1 11192 11192 420200 0
11192 11192 1 1 598180 0
1 1 11193 11193 420254 0
11193 11193 1 1 598256 0
1 1 11194 11194 420308 0
11194 11194 1 1 598332 0
1 1 11195 11195 420362 0
11195 11195 1 1 598408 0
1 1 11196 11196 420416 0
11196 11196 1 1 598484 0
1 1 11197 11197 420470 0
11197 11197 1 1 598560 0
1 1 11198 11198 420524 0
11198 11198 1 1 598636 0
1 1 11199 11199 420578 0
11199 11199 1 1 598712 0
1 1 11200 11200 420632 0
11200 11200 1 1 598788 0
1 1 11201 11201 420686 0
11201 11201 1 1 598864 0
1 1 11202 11202 420740 0
11202 11202 1 1 598940 0
1 1 11203 11203 420794 0
11203 11203 1 1 599016 0
1 1 11204 11204 420848 0
11204 11204 1 1 599092 0
1 1 11205 11205 420902 0
11205 11205 1 1 599168 0
1 1 11206 11206 420956 0
11206 11206 1 1 599244 0
1 1 11207 11207 421010 0
11207 11207 1 1 599320 0
1 1 11208 11208 421064 0
11208 11208 1 1 599396 0
1 1 11209 11209 421118 0
11209 11209 1 1 599472 0
1 1 11210 11210 421172 0
11210 11210 1 1 599548 0
1 1 11211 11211 421226 0
11211 11211 1 1 599624 0
1 1 11212 11212 421280 0
11212 11212 1 1 599700 0
1 1 11213 11213 421334 0
11213 11213 1 1 599776 0
1 1 11214 11214 421388 0
11214 11214 1 1 597805 0
1 1 11215 11215 421442 0
11215 11215 1 1 597881 0
1 1 11216 11216 421496 0
11216 11216 1 1 597957 0
1 1 11217 11217 421550 0
11217 11217 1 1 598033 0
1 1 11218 11218 421604 0
11218 11218 1 1 598109 0
1 1 11219 11219 421658 0
11219 11219 1 1 598185 0
1 1 11220 11220 421712 0
11220 11220 1 1 598261 0
1 1 11221 11221 421766 0
11221 11221 1 1 598337 0
1 1 11222 11222 421820 0
11222 11222 1 1 598413 0
1 1 11223 11223 421874 0
11223 11223 1 1 598489 0
1 1 11224 11224 421928 0
11224 11224 1 1 598565 0
1 1 11225 11225 421982 0
11225 11225 1 1 598641 0
1 1 11226 11226 422036 0
11226 11226 1 1 598717 0
1 1 11227 11227 422090 0
11227 11227 1 1 598793 0
1 1 11228 11228 422144 0
11228 11228 1 1 598869 0
1 1 11229 11229 422198 0
11229 11229 1 1 598945 0
1 1 11230 11230 422252 0
11230 11230 1 1 599021 0
1 1 11231 11231 422306 0
11231 11231 1 1 599097 0
1 1 11232 11232 422360 0
11232 11232 1 1 599173 0
1 1 11233 11233 422414 0
11233 11233 1 1 599249 0
1 1 11234 11234 422468 0
11234 11234 1 1 599325 0
1 1 11235 11235 422522 0
11235 11235 1 1 599401 0
1 1 11236 11236 422576 0
11236 11236 1 1 599477 0
1 1 11237 11237 422630 0
11237 11237 1 1 599553 0
1 1 11238 11238 422684 0
11238 11238 1 1 599629 0
1 1 11239 11239 422738 0
11239 11239 1 1 599705 0
1 1 11240 11240 422792 0
11240 11240 1 1 599781 0
1 1 11241 11241 422846 0
11241 11241 1 1 599857 0
1 1 11242 11242 422900 0
11242 11242 1 1 599933 0
1 1 11243 11243 422954 0
11243 11243 1 1 600009 0
1 1 11244 11244 423008 0
11244 11244 1 1 600085 0
1 1 11245 11245 423062 0
11245 11245 1 1 600161 0
1 1 11246 11246 423116 0
11246 11246 1 1 600237 0
1 1 11247 11247 423170 0
11247 11247 1 1 600313 0
1 1 11248 11248 423224 0
11248 11248 1 1 600389 0
1 1 11249 11249 423278 0
11249 11249 1 1 600465 0
1 1 11250 11250 423332 0
11250 11250 1 1 600541 0
1 1 11251 11251 423386 0
11251 11251 1 1 600617 0
1 1 11252 11252 421791 0
11252 11252 1 1 600693 0
1 1 11253 11253 421845 0
11253 11253 1 1 600769 0
1 1 11254 11254 421899 0
11254 11254 1 1 600845 0
1 1 11255 11255 421953 0
11255 11255 1 1 600921 0
1 1 11256 11256 422007 0
11256 11256 1 1 600997 0
1 1 11257 11257 422061 0
11257 11257 1 1 601073 0
1 1 11258 11258 422115 0
11258 11258 1 1 601149 0
1 1 11259 11259 422169 0
11259 11259 1 1 601225 0
1 1 11260 11260 422223 0
11260 11260 1 1 601301 0
1 1 11261 11261 422277 0
11261 11261 1 1 601377 0
1 1 11262 11262 422331 0
11262 11262 1 1 601453 0
1 1 11263 11263 422385 0
11263 11263 1 1 601529 0
1 1 11264 11264 422439 0
11264 11264 1 1 601605 0
1 1 11265 11265 422493 0
11265 11265 1 1 601681 0
1 1 11266 11266 422547 0
11266 11266 1 1 601757 0
1 1 11267 11267 422601 0
11267 11267 1 1 601833 0
1 1 11268 11268 422655 0
11268 11268 1 1 601909 0
1 1 11269 11269 422709 0
11269 11269 1 1 601985 0
1 1 11270 11270 422763 0
11270 11270 1 1 602061 0
1 1 11271 11271 422817 0
11271 11271 1 1 602137 0
1 1 11272 11272 422871 0
11272 11272 1 1 602213 0
1 1 11273 11273 422925 0
11273 11273 1 1 602289 0
1 1 11274 11274 422979 0
11274 11274 1 1 602365 0
1 1 11275 11275 423033 0
11275 11275 1 1 602441 0
1 1 11276 11276 423087 0
11276 11276 1 1 602517 0
1 1 11277 11277 423141 0
11277 11277 1 1 602593 0
1 1 11278 11278 423195 0
11278 11278 1 1 602669 0
1 1 11279 11279 423249 0
11279 11279 1 1 602745 0
1 1 11280 11280 423303 0
11280 11280 1 1 602821 0
1 1 11281 11281 423357 0
11281 11281 1 1 602897 0
1 1 11282 11282 423411 0
11282 11282 1 1 602973 0
1 1 11283 11283 423465 0
11283 11283 1 1 603049 0
1 1 11284 11284 423519 0
11284 11284 1 1 603125 0
1 1 11285 11285 423573 0
11285 11285 1 1 603201 0
1 1 11286 11286 423627 0
11286 11286 1 1 603277 0
1 1 11287 11287 423681 0
11287 11287 1 1 603353 0
1 1 11288 11288 423735 0
11288 11288 1 1 603429 0
1 1 11289 11289 423789 0
11289 11289 1 1 603505 0
1 1 11290 11290 423843 0
11290 11290 1 1 603581 0
1 1 11291 11291 423897 0
11291 11291 1 1 603657 0
1 1 11292 11292 423951 0
11292 11292 1 1 603733 0
1 1 11293 11293 424005 0
11293 11293 1 1 603809 0
1 1 11294 11294 424059 0
11294 11294 1 1 603885 0
1 1 11295 11295 424113 0
11295 11295 1 1 603961 0
1 1 11296 11296 424167 0
11296 11296 1 1 604037 0
1 1 11297 11297 424221 0
11297 11297 1 1 604113 0
1 1 11298 11298 424275 0
11298 11298 1 1 604189 0
1 1 11299 11299 424329 0
11299 11299 1 1 604265 0
1 1 11300 11300 424383 0
11300 11300 1 1 604341 0
1 1 11301 11301 424437 0
11301 11301 1 1 604417 0
1 1 11302 11302 424491 0
11302 11302 1 1 604493 0
1 1 11303 11303 424545 0
11303 11303 1 1 602522 0
1 1 11304 11304 424599 0
11304 11304 1 1 602598 0
1 1 11305 11305 424653 0
11305 11305 1 1 602674 0
1 1 11306 11306 424707 0
11306 11306 1 1 602750 0
1 1 11307 11307 424761 0
11307 11307 1 1 602826 0
1 1 11308 11308 424815 0
11308 11308 1 1 602902 0
1 1 11309 11309 424869 0
11309 11309 1 1 602978 0
1 1 11310 11310 424923 0
11310 11310 1 1 603054 0
1 1 11311 11311 424977 0
11311 11311 1 1 603130 0
1 1 11312 11312 425031 0
11312 11312 1 1 603206 0
1 1 11313 11313 425085 0
11313 11313 1 1 603282 0
1 1 11314 11314 425139 0
11314 11314 1 1 603358 0
1 1 11315 11315 425193 0
11315 11315 1 1 603434 0
1 1 11316 11316 425247 0
11316 11316 1 1 603510 0
1 1 11317 11317 425301 0
11317 11317 1 1 603586 0
1 1 11318 11318 425355 0
11318 11318 1 1 603662 0
1 1 11319 11319 425409 0
11319 11319 1 1 603738 0
1 1 11320 11320 425463 0
11320 11320 1 1 603814 0
1 1 11321 11321 425517 0
11321 11321 1 1 603890 0
1 1 11322 11322 425571 0
11322 11322 1 1 603966 0
1 1 11323 11323 425625 0
11323 11323 1 1 604042 0
1 1 11324 11324 425679 0
11324 11324 1 1 604118 0
1 1 11325 11325 425733 0
11325 11325 1 1 604194 0
1 1 11326 11326 425787 0
11326 11326 1 1 604270 0
1 1 11327 11327 425841 0
11327 11327 1 1 604346 0
1 1 11328 11328 425895 0
11328 11328 1 1 604422 0
1 1 11329 11329 425949 0
11329 11329 1 1 604498 0
1 1 11330 11330 426003 0
11330 11330 1 1 604574 0
1 1 11331 11331 426057 0
11331 11331 1 1 604650 0
1 1 11332 11332 426111 0
11332 11332 1 1 604726 0
1 1 11333 11333 426165 0
11333 11333 1 1 604802 0
1 1 11334 11334 426219 0
11334 11334 1 1 604878 0
1 1 11335 11335 426273 0
11335 11335 1 1 604954 0
1 1 11336 11336 426327 0
11336 11336 1 1 605030 0
1 1 11337 11337 426381 0
11337 11337 1 1 605106 0
1 1 11338 11338 426435 0
11338 11338 1 1 605182 0
1 1 11339 11339 426489 0
11339 11339 1 1 605258 0
1 1 11340 11340 426543 0
11340 11340 1 1 605334 0
1 1 11341 11341 426597 0
11341 11341 1 1 605410 0
1 1 11342 11342 426651 0
11342 11342 1 1 605486 0
1 1 11343 11343 426705 0
11343 11343 1 1 605562 0
1 1 11344 11344 426759 0
11344 11344 1 1 605638 0
1 1 11345 11345 426813 0
11345 11345 1 1 605714 0
1 1 11346 11346 426867 0
11346 11346 1 1 605790 0
1 1 11347 11347 426921 0
11347 11347 1 1 605866 0
1 1 11348 11348 426975 0
11348 11348 1 1 605942 0
1 1 11349 11349 425380 0
11349 11349 1 1 606018 0
1 1 11350 11350 425434 0
11350 11350 1 1 606094 0
1 1 11351 11351 425488 0
11351 11351 1 1 606170 0
1 1 11352 11352 425542 0
11352 11352 1 1 606246 0
1 1 11353 11353 425596 0
11353 11353 1 1 606322 0
1 1 11354 11354 425650 0
11354 11354 1 1 606398 0
1 1 11355 11355 425704 0
11355 11355 1 1 606474 0
1 1 11356 11356 425758 0
11356 11356 1 1 606550 0
1 1 11357 11357 425812 0
11357 11357 1 1 606626 0
1 1 11358 11358 425866 0
11358 11358 1 1 606702 0
1 1 11359 11359 425920 0
11359 11359 1 1 606778 0
1 1 11360 11360 425974 0
11360 11360 1 1 606854 0
1 1 11361 11361 426028 0
11361 11361 1 1 606930 0
1 1 11362 11362 426082 0
11362 11362 1 1 607006 0
1 1 11363 11363 426136 0
11363 11363 1 1 607082 0
1 1 11364 11364 426190 0
11364 11364 1 1 607158 0
1 1 11365 11365 426244 0
11365 11365 1 1 607234 0
1 1 11366 11366 426298 0
11366 11366 1 1 607310 0
1 1 11367 11367 426352 0
11367 11367 1 1 607386 0
1 1 11368 11368 426406 0
11368 11368 1 1 607462 0
1 1 11369 11369 426460 0
11369 11369 1 1 607538 0
1 1 11370 11370 426514 0
11370 11370 1 1 607614 0
1 1 11371 11371 426568 0
11371 11371 1 1 607690 0
1 1 11372 11372 426622 0
11372 11372 1 1 607766 0
1 1 11373 11373 426676 0
11373 11373 1 1 607842 0
1 1 11374 11374 426730 0
11374 11374 1 1 607918 0
1 1 11375 11375 426784 0
11375 11375 1 1 607994 0
1 1 11376 11376 426838 0
11376 11376 1 1 608070 0
1 1 11377 11377 426892 0
11377 11377 1 1 608146 0
1 1 11378 11378 426946 0
11378 11378 1 1 608222 0
1 1 11379 11379 427000 0
11379 11379 1 1 608298 0
1 1 11380 11380 427054 0
11380 11380 1 1 608374 0
1 1 11381 11381 427108 0
11381 11381 1 1 608450 0
1 1 11382 11382 427162 0
11382 11382 1 1 608526 0
1 1 11383 11383 427216 0
11383 11383 1 1 608602 0
1 1 11384 11384 427270 0
11384 11384 1 1 608678 0
1 1 11385 11385 427324 0
11385 11385 1 1 608754 0
1 1 11386 11386 427378 0
11386 11386 1 1 608830 0
1 1 11387 11387 427432 0
11387 11387 1 1 608906 0
1 1 11388 11388 427486 0
11388 11388 1 1 608982 0
1 1 11389 11389 427540 0
11389 11389 1 1 609058 0
1 1 11390 11390 427594 0
11390 11390 1 1 609134 0
1 1 11391 11391 427648 0
11391 11391 1 1 609210 0
1 1 11392 11392 427702 0
11392 11392 1 1 607239 0
1 1 11393 11393 427756 0
11393 11393 1 1 607315 0
1 1 11394 11394 427810 0
11394 11394 1 1 607391 0
1 1 11395 11395 427864 0
11395 11395 1 1 607467 0
1 1 11396 11396 427918 0
11396 11396 1 1 607543 0
1 1 11397 11397 427972 0
11397 11397 1 1 607619 0
1 1 11398 11398 428026 0
11398 11398 1 1 607695 0
1 1 11399 11399 428080 0
11399 11399 1 1 607771 0
1 1 11400 11400 428134 0
11400 11400 1 1 607847 0
1 1 11401 11401 428188 0
11401 11401 1 1 607923 0
1 1 11402 11402 428242 0
11402 11402 1 1 607999 0
1 1 11403 11403 428296 0
11403 11403 1 1 608075 0
1 1 11404 11404 428350 0
11404 11404 1 1 608151 0
1 1 11405 11405 428404 0
11405 11405 1 1 608227 0
1 1 11406 11406 428458 0
11406 11406 1 1 608303 0
1 1 11407 11407 428512 0
11407 11407 1 1 608379 0
1 1 11408 11408 428566 0
11408 11408 1 1 608455 0
1 1 11409 11409 428620 0
11409 11409 1 1 608531 0
1 1 11410 11410 428674 0
11410 11410 1 1 608607 0
1 1 11411 11411 428728 0
11411 11411 1 1 608683 0
1 1 11412 11412 428782 0
11412 11412 1 1 608759 0
1 1 11413 11413 428836 0
11413 11413 1 1 608835 0
1 1 11414 11414 428890 0
11414 11414 1 1 608911 0
1 1 11415 11415 428944 0
11415 11415 1 1 608987 0
1 1 11416 11416 428998 0
11416 11416 1 1 609063 0
1 1 11417 11417 429052 0
11417 11417 1 1 609139 0
1 1 11418 11418 429106 0
11418 11418 1 1 609215 0
1 1 11419 11419 429160 0
11419 11419 1 1 609291 0
1 1 11420 11420 429214 0
11420 11420 1 1 609367 0
1 1 11421 11421 429268 0
11421 11421 1 1 609443 0
1 1 11422 11422 429322 0
11422 11422 1 1 609519 0
1 1 11423 11423 429376 0
11423 11423 1 1 609595 0
1 1 11424 11424 429430 0
11424 11424 1 1 609671 0
1 1 11425 11425 429484 0
11425 11425 1 1 609747 0
1 1 11426 11426 429538 0
11426 11426 1 1 609823 0
1 1 11427 11427 429592 0
11427 11427 1 1 609899 0
1 1 11428 11428 429646 0
11428 11428 1 1 609975 0
1 1 11429 11429 429700 0
11429 11429 1 1 610051 0
1 1 11430 11430 429754 0
11430 11430 1 1 610127 0
1 1 11431 11431 429808 0
11431 11431 1 1 610203 0
1 1 11432 11432 429862 0
11432 11432 1 1 610279 0
1 1 11433 11433 429916 0
11433 11433 1 1 610355 0
1 1 11434 11434 429970 0
11434 11434 1 1 610431 0
1 1 11435 11435 430024 0
11435 11435 1 1 610507 0
1 1 11436 11436 430078 0
11436 11436 1 1 610583 0
1 1 11437 11437 430132 0
11437 11437 1 1 610659 0
1 1 11438 11438 430186 0
11438 11438 1 1 610735 0
1 1 11439 11439 430240 0
11439 11439 1 1 610811 0
1 1 11440 11440 430294 0
11440 11440 1 1 610887 0
1 1 11441 11441 430348 0
11441 11441 1 1 610963 0
1 1 11442 11442 430402 0
11442 11442 1 1 611039 0
1 1 11443 11443 430456 0
11443 11443 1 1 611115 0
1 1 11444 11444 430510 0
11444 11444 1 1 611191 0
1 1 11445 11445 430564 0
11445 11445 1 1 611267 0
1 1 11446 11446 428969 0
11446 11446 1 1 611343 0
1 1 11447 11447 429023 0
11447 11447 1 1 611419 0
1 1 11448 11448 429077 0
11448 11448 1 1 611495 0
1 1 11449 11449 429131 0
11449 11449 1 1 611571 0
1 1 11450 11450 429185 0
11450 11450 1 1 611647 0
1 1 11451 11451 429239 0
11451 11451 1 1 611723 0
1 1 11452 11452 429293 0
11452 11452 1 1 611799 0
1 1 11453 11453 429347 0
11453 11453 1 1 611875 0
1 1 11454 11454 429401 0
11454 11454 1 1 611951 0
1 1 11455 11455 429455 0
11455 11455 1 1 612027 0
1 1 11456 11456 429509 0
11456 11456 1 1 612103 0
1 1 11457 11457 429563 0
11457 11457 1 1 612179 0
1 1 11458 11458 429617 0
11458 11458 1 1 612255 0
1 1 11459 11459 429671 0
11459 11459 1 1 612331 0
1 1 11460 11460 429725 0
11460 11460 1 1 612407 0
1 1 11461 11461 429779 0
11461 11461 1 1 612483 0
1 1 11462 11462 429833 0
11462 11462 1 1 612559 0
1 1 11463 11463 429887 0
11463 11463 1 1 612635 0
1 1 11464 11464 429941 0
11464 11464 1 1 612711 0
1 1 11465 11465 429995 0
11465 11465 1 1 612787 0
1 1 11466 11466 430049 0
11466 11466 1 1 612863 0
1 1 11467 11467 430103 0
11467 11467 1 1 612939 0
1 1 11468 11468 430157 0
11468 11468 1 1 613015 0
1 1 11469 11469 430211 0
11469 11469 1 1 613091 0
1 1 11470 11470 430265 0
11470 11470 1 1 613167 0
1 1 11471 11471 430319 0
11471 11471 1 1 613243 0
1 1 11472 11472 430373 0
11472 11472 1 1 613319 0
1 1 11473 11473 430427 0
11473 11473 1 1 613395 0
1 1 11474 11474 430481 0
11474 11474 1 1 613471 0
1 1 11475 11475 430535 0
11475 11475 1 1 613547 0
1 1 11476 11476 430589 0
11476 11476 1 1 613623 0
1 1 11477 11477 430643 0
11477 11477 1 1 613699 0
1 1 11478 11478 430697 0
11478 11478 1 1 613775 0
1 1 11479 11479 430751 0
11479 11479 1 1 613851 0
1 1 11480 11480 430805 0
11480 11480 1 1 613927 0
1 1 11481 11481 430859 0
11481 11481 1 1 611956 0
1 1 11482 11482 430913 0
11482 11482 1 1 612032 0
1 1 11483 11483 430967 0
11483 11483 1 1 612108 0
1 1 11484 11484 431021 0
11484 11484 1 1 612184 0
1 1 11485 11485 431075 0
11485 11485 1 1 612260 0
1 1 11486 11486 431129 0
11486 11486 1 1 612336 0
1 1 11487 11487 431183 0
11487 11487 1 1 612412 0
1 1 11488 11488 431237 0
11488 11488 1 1 612488 0
1 1 11489 11489 431291 0
11489 11489 1 1 612564 0
1 1 11490 11490 431345 0
11490 11490 1 1 612640 0
1 1 11491 11491 431399 0
11491 11491 1 1 612716 0
1 1 11492 11492 431453 0
11492 11492 1 1 612792 0
1 1 11493 11493 431507 0
11493 11493 1 1 612868 0
1 1 11494 11494 431561 0
11494 11494 1 1 612944 0
1 1 11495 11495 431615 0
11495 11495 1 1 613020 0
1 1 11496 11496 431669 0
11496 11496 1 1 613096 0
1 1 11497 11497 431723 0
11497 11497 1 1 613172 0
1 1 11498 11498 431777 0
11498 11498 1 1 613248 0
1 1 11499 11499 431831 0
11499 11499 1 1 613324 0
1 1 11500 11500 431885 0
11500 11500 1 1 613400 0
1 1 11501 11501 431939 0
11501 11501 1 1 613476 0
1 1 11502 11502 431993 0
11502 11502 1 1 613552 0
1 1 11503 11503 432047 0
11503 11503 1 1 613628 0
1 1 11504 11504 432101 0
11504 11504 1 1 613704 0
1 1 11505 11505 432155 0
11505 11505 1 1 613780 0
1 1 11506 11506 432209 0
11506 11506 1 1 613856 0
1 1 11507 11507 432263 0
11507 11507 1 1 613932 0
1 1 11508 11508 432317 0
11508 11508 1 1 614008 0
1 1 11509 11509 432371 0
11509 11509 1 1 614084 0
1 1 11510 11510 432425 0
11510 11510 1 1 614160 0
1 1 11511 11511 432479 0
11511 11511 1 1 614236 0
1 1 11512 11512 432533 0
11512 11512 1 1 614312 0
1 1 11513 11513 432587 0
11513 11513 1 1 614388 0
1 1 11514 11514 432641 0
11514 11514 1 1 614464 0
1 1 11515 11515 432695 0
11515 11515 1 1 614540 0
1 1 11516 11516 432749 0
11516 11516 1 1 614616 0
1 1 11517 11517 432803 0
11517 11517 1 1 614692 0
1 1 11518 11518 432857 0
11518 11518 1 1 614768 0
1 1 11519 11519 432911 0
11519 11519 1 1 614844 0
1 1 11520 11520 432965 0
11520 11520 1 1 614920 0
1 1 11521 11521 433019 0
11521 11521 1 1 614996 0
1 1 11522 11522 433073 0
11522 11522 1 1 615072 0
1 1 11523 11523 433127 0
11523 11523 1 1 615148 0
1 1 11524 11524 433181 0
11524 11524 1 1 615224 0
1 1 11525 11525 433235 0
11525 11525 1 1 615300 0
1 1 11526 11526 433289 0
11526 11526 1 1 615376 0
1 1 11527 11527 433343 0
11527 11527 1 1 615452 0
1 1 11528 11528 433397 0
11528 11528 1 1 615528 0
1 1 11529 11529 433451 0
11529 11529 1 1 615604 0
1 1 11530 11530 433505 0
11530 11530 1 1 615680 0
1 1 11531 11531 433559 0
11531 11531 1 1 615756 0
1 1 11532 11532 433613 0
11532 11532 1 1 615832 0
1 1 11533 11533 433667 0
11533 11533 1 1 615908 0
1 1 11534 11534 433721 0
11534 11534 1 1 615984 0
1 1 11535 11535 433775 0
11535 11535 1 1 616060 0
1 1 11536 11536 433829 0
11536 11536 1 1 616136 0
1 1 11537 11537 433883 0
11537 11537 1 1 616212 0
1 1 11538 11538 433937 0
11538 11538 1 1 616288 0
1 1 11539 11539 433991 0
11539 11539 1 1 616364 0
1 1 11540 11540 434045 0
11540 11540 1 1 616440 0
1 1 11541 11541 434099 0
11541 11541 1 1 616516 0
1 1 11542 11542 434153 0
11542 11542 1 1 616592 0
1 1 11543 11543 432558 0
11543 11543 1 1 616668 0
1 1 11544 11544 432612 0
11544 11544 1 1 616744 0
1 1 11545 11545 432666 0
11545 11545 1 1 616820 0
1 1 11546 11546 432720 0
11546 11546 1 1 616896 0
1 1 11547 11547 432774 0
11547 11547 1 1 616972 0
1 1 11548 11548 432828 0
11548 11548 1 1 617048 0
1 1 11549 11549 432882 0
11549 11549 1 1 617124 0
1 1 11550 11550 432936 0
11550 11550 1 1 617200 0
1 1 11551 11551 432990 0
11551 11551 1 1 617276 0
1 1 11552 11552 433044 0
11552 11552 1 1 617352 0
1 1 11553 11553 433098 0
11553 11553 1 1 617428 0
1 1 11554 11554 433152 0
11554 11554 1 1 617504 0
1 1 11555 11555 433206 0
11555 11555 1 1 617580 0
1 1 11556 11556 433260 0
11556 11556 1 1 617656 0
1 1 11557 11557 433314 0
11557 11557 1 1 617732 0
1 1 11558 11558 433368 0
11558 11558 1 1 617808 0
1 1 11559 11559 433422 0
11559 11559 1 1 617884 0
1 1 11560 11560 433476 0
11560 11560 1 1 617960 0
1 1 11561 11561 433530 0
11561 11561 1 1 618036 0
1 1 11562 11562 433584 0
11562 11562 1 1 618112 0
1 1 11563 11563 433638 0
11563 11563 1 1 618188 0
1 1 11564 11564 433692 0
11564 11564 1 1 618264 0
1 1 11565 11565 433746 0
11565 11565 1 1 618340 0
1 1 11566 11566 433800 0
11566 11566 1 1 618416 0
1 1 11567 11567 433854 0
11567 11567 1 1 618492 0
1 1 11568 11568 433908 0
11568 11568 1 1 618568 0
1 1 11569 11569 433962 0
11569 11569 1 1 618644 0
1 1 11570 11570 434016 0
11570 11570 1 1 616673 0
1 1 11571 11571 434070 0
11571 11571 1 1 616749 0
1 1 11572 11572 434124 0
11572 11572 1 1 616825 0
1 1 11573 11573 434178 0
11573 11573 1 1 616901 0
1 1 11574 11574 434232 0
11574 11574 1 1 616977 0
1 1 11575 11575 434286 0
11575 11575 1 1 617053 0
1 1 11576 11576 434340 0
11576 11576 1 1 617129 0
1 1 11577 11577 434394 0
11577 11577 1 1 617205 0
1 1 11578 11578 434448 0
11578 11578 1 1 617281 0
1 1 11579 11579 434502 0
11579 11579 1 1 617357 0
1 1 11580 11580 434556 0
11580 11580 1 1 617433 0
1 1 11581 11581 434610 0
11581 11581 1 1 617509 0
1 1 11582 11582 434664 0
11582 11582 1 1 617585 0
1 1 11583 11583 434718 0
11583 11583 1 1 617661 0
1 1 11584 11584 434772 0
11584 11584 1 1 617737 0
1 1 11585 11585 434826 0
11585 11585 1 1 617813 0
1 1 11586 11586 434880 0
11586 11586 1 1 617889 0
1 1 11587 11587 434934 0
11587 11587 1 1 617965 0
1 1 11588 11588 434988 0
11588 11588 1 1 618041 0
1 1 11589 11589 435042 0
11589 11589 1 1 618117 0
1 1 11590 11590 435096 0
11590 11590 1 1 618193 0
1 1 11591 11591 435150 0
11591 11591 1 1 618269 0
1 1 11592 11592 435204 0
11592 11592 1 1 618345 0
1 1 11593 11593 435258 0
11593 11593 1 1 618421 0
1 1 11594 11594 435312 0
11594 11594 1 1 618497 0
1 1 11595 11595 435366 0
11595 11595 1 1 618573 0
1 1 11596 11596 435420 0
11596 11596 1 1 618649 0
1 1 11597 11597 435474 0
11597 11597 1 1 618725 0
1 1 11598 11598 435528 0
11598 11598 1 1 618801 0
1 1 11599 11599 435582 0
11599 11599 1 1 618877 0
1 1 11600 11600 435636 0
11600 11600 1 1 618953 0
1 1 11601 11601 435690 0
11601 11601 1 1 619029 0
1 1 11602 11602 435744 0
11602 11602 1 1 619105 0
1 1 11603 11603 435798 0
11603 11603 1 1 619181 0
1 1 11604 11604 435852 0
11604 11604 1 1 619257 0
1 1 11605 11605 435906 0
11605 11605 1 1 619333 0
1 1 11606 11606 435960 0
11606 11606 1 1 619409 0
1 1 11607 11607 436014 0
11607 11607 1 1 619485 0
1 1 11608 11608 436068 0
11608 11608 1 1 619561 0
1 1 11609 11609 436122 0
11609 11609 1 1 619637 0
1 1 11610 11610 436176 0
11610 11610 1 1 619713 0
1 1 11611 11611 436230 0
11611 11611 1 1 619789 0
1 1 11612 11612 436284 0
11612 11612 1 1 619865 0
1 1 11613 11613 436338 0
11613 11613 1 1 619941 0
1 1 11614 11614 436392 0
11614 11614 1 1 620017 0
1 1 11615 11615 436446 0
11615 11615 1 1 620093 0
1 1 11616 11616 436500 0
11616 11616 1 1 620169 0
1 1 11617 11617 436554 0
11617 11617 1 1 620245 0
1 1 11618 11618 436608 0
11618 11618 1 1 620321 0
1 1 11619 11619 436662 0
11619 11619 1 1 620397 0
1 1 11620 11620 436716 0
11620 11620 1 1 620473 0
1 1 11621 11621 436770 0
11621 11621 1 1 620549 0
1 1 11622 11622 436824 0
11622 11622 1 1 620625 0
1 1 11623 11623 436878 0
11623 11623 1 1 620701 0
1 1 11624 11624 436932 0
11624 11624 1 1 620777 0
1 1 11625 11625 436986 0
11625 11625 1 1 620853 0
1 1 11626 11626 437040 0
11626 11626 1 1 620929 0
1 1 11627 11627 437094 0
11627 11627 1 1 621005 0
1 1 11628 11628 437148 0
11628 11628 1 1 621081 0
1 1 11629 11629 437202 0
11629 11629 1 1 621157 0
1 1 11630 11630 437256 0
11630 11630 1 1 621233 0
1 1 11631 11631 437310 0
11631 11631 1 1 621309 0
1 1 11632 11632 437364 0
11632 11632 1 1 621385 0
1 1 11633 11633 437418 0
11633 11633 1 1 621461 0
1 1 11634 11634 437472 0
11634 11634 1 1 621537 0
1 1 11635 11635 437526 0
11635 11635 1 1 621613 0
1 1 11636 11636 437580 0
11636 11636 1 1 621689 0
1 1 11637 11637 437634 0
11637 11637 1 1 621765 0
1 1 11638 11638 437688 0
11638 11638 1 1 621841 0
1 1 11639 11639 437742 0
11639 11639 1 1 621917 0
1 1 11640 11640 436147 0
11640 11640 1 1 621993 0
1 1 11641 11641 436201 0
11641 11641 1 1 622069 0
1 1 11642 11642 436255 0
11642 11642 1 1 622145 0
1 1 11643 11643 436309 0
11643 11643 1 1 622221 0
1 1 11644 11644 436363 0
11644 11644 1 1 622297 0
1 1 11645 11645 436417 0
11645 11645 1 1 622373 0
1 1 11646 11646 436471 0
11646 11646 1 1 622449 0
1 1 11647 11647 436525 0
11647 11647 1 1 622525 0
1 1 11648 11648 436579 0
11648 11648 1 1 622601 0
1 1 11649 11649 436633 0
11649 11649 1 1 622677 0
1 1 11650 11650 436687 0
11650 11650 1 1 622753 0
1 1 11651 11651 436741 0
11651 11651 1 1 622829 0
1 1 11652 11652 436795 0
11652 11652 1 1 622905 0
1 1 11653 11653 436849 0
11653 11653 1 1 622981 0
1 1 11654 11654 436903 0
11654 11654 1 1 623057 0
1 1 11655 11655 436957 0
11655 11655 1 1 623133 0
1 1 11656 11656 437011 0
11656 11656 1 1 623209 0
1 1 11657 11657 437065 0
11657 11657 1 1 623285 0
1 1 11658 11658 437119 0
11658 11658 1 1 623361 0
1 1 11659 11659 437173 0
11659 11659 1 1 621390 0
1 1 11660 11660 437227 0
11660 11660 1 1 621466 0
1 1 11661 11661 437281 0
11661 11661 1 1 621542 0
1 1 11662 11662 437335 0
11662 11662 1 1 621618 0
1 1 11663 11663 437389 0
11663 11663 1 1 621694 0
1 1 11664 11664 437443 0
11664 11664 1 1 621770 0
1 1 11665 11665 437497 0
11665 11665 1 1 621846 0
1 1 11666 11666 437551 0
11666 11666 1 1 621922 0
1 1 11667 11667 437605 0
11667 11667 1 1 621998 0
1 1 11668 11668 437659 0
11668 11668 1 1 622074 0
1 1 11669 11669 437713 0
11669 11669 1 1 622150 0
1 1 11670 11670 437767 0
11670 11670 1 1 622226 0
1 1 11671 11671 437821 0
11671 11671 1 1 622302 0
1 1 11672 11672 437875 0
11672 11672 1 1 622378 0
1 1 11673 11673 437929 0
11673 11673 1 1 622454 0
1 1 11674 11674 437983 0
11674 11674 1 1 622530 0
1 1 11675 11675 438037 0
11675 11675 1 1 622606 0
1 1 11676 11676 438091 0
11676 11676 1 1 622682 0
1 1 11677 11677 438145 0
11677 11677 1 1 622758 0
1 1 11678 11678 438199 0
11678 11678 1 1 622834 0
1 1 11679 11679 438253 0
11679 11679 1 1 622910 0
1 1 11680 11680 438307 0
11680 11680 1 1 622986 0
1 1 11681 11681 438361 0
11681 11681 1 1 623062 0
1 1 11682 11682 438415 0
11682 11682 1 1 623138 0
1 1 11683 11683 438469 0
11683 11683 1 1 623214 0
1 1 11684 11684 438523 0
11684 11684 1 1 623290 0
1 1 11685 11685 438577 0
11685 11685 1 1 623366 0
1 1 11686 11686 438631 0
11686 11686 1 1 623442 0
1 1 11687 11687 438685 0
11687 11687 1 1 623518 0
1 1 11688 11688 438739 0
11688 11688 1 1 623594 0
1 1 11689 11689 438793 0
11689 11689 1 1 623670 0
1 1 11690 11690 438847 0
11690 11690 1 1 623746 0
1 1 11691 11691 438901 0
11691 11691 1 1 623822 0
1 1 11692 11692 438955 0
11692 11692 1 1 623898 0
1 1 11693 11693 439009 0
11693 11693 1 1 623974 0
1 1 11694 11694 439063 0
11694 11694 1 1 624050 0
1 1 11695 11695 439117 0
11695 11695 1 1 624126 0
1 1 11696 11696 439171 0
11696 11696 1 1 624202 0
1 1 11697 11697 439225 0
11697 11697 1 1 624278 0
1 1 11698 11698 439279 0
11698 11698 1 1 624354 0
1 1 11699 11699 439333 0
11699 11699 1 1 624430 0
1 1 11700 11700 439387 0
11700 11700 1 1 624506 0
1 1 11701 11701 439441 0
11701 11701 1 1 624582 0
1 1 11702 11702 439495 0
11702 11702 1 1 624658 0
1 1 11703 11703 439549 0
11703 11703 1 1 624734 0
1 1 11704 11704 439603 0
11704 11704 1 1 624810 0
1 1 11705 11705 439657 0
11705 11705 1 1 624886 0
1 1 11706 11706 439711 0
11706 11706 1 1 624962 0
1 1 11707 11707 439765 0
11707 11707 1 1 625038 0
1 1 11708 11708 439819 0
11708 11708 1 1 625114 0
1 1 11709 11709 439873 0
11709 11709 1 1 625190 0
1 1 11710 11710 439927 0
11710 11710 1 1 625266 0
1 1 11711 11711 439981 0
11711 11711 1 1 625342 0
1 1 11712 11712 440035 0
11712 11712 1 1 625418 0
1 1 11713 11713 440089 0
11713 11713 1 1 625494 0
1 1 11714 11714 440143 0
11714 11714 1 1 625570 0
1 1 11715 11715 440197 0
11715 11715 1 1 625646 0
1 1 11716 11716 440251 0
11716 11716 1 1 625722 0
1 1 11717 11717 440305 0
11717 11717 1 1 625798 0
1 1 11718 11718 440359 0
11718 11718 1 1 625874 0
1 1 11719 11719 440413 0
11719 11719 1 1 625950 0
1 1 11720 11720 440467 0
11720 11720 1 1 626026 0
1 1 11721 11721 440521 0
11721 11721 1 1 626102 0
1 1 11722 11722 440575 0
11722 11722 1 1 626178 0
1 1 11723 11723 440629 0
11723 11723 1 1 626254 0
1 1 11724 11724 440683 0
11724 11724 1 1 626330 0
1 1 11725 11725 440737 0
11725 11725 1 1 626406 0
1 1 11726 11726 440791 0
11726 11726 1 1 626482 0
1 1 11727 11727 440845 0
11727 11727 1 1 626558 0
1 1 11728 11728 440899 0
11728 11728 1 1 626634 0
1 1 11729 11729 440953 0
11729 11729 1 1 626710 0
1 1 11730 11730 441007 0
11730 11730 1 1 626786 0
1 1 11731 11731 441061 0
11731 11731 1 1 626862 0
1 1 11732 11732 441115 0
11732 11732 1 1 626938 0
1 1 11733 11733 441169 0
11733 11733 1 1 627014 0
1 1 11734 11734 441223 0
11734 11734 1 1 627090 0
1 1 11735 11735 441277 0
11735 11735 1 1 627166 0
1 1 11736 11736 441331 0
11736 11736 1 1 627242 0
1 1 11737 11737 439736 0
11737 11737 1 1 627318 0
1 1 11738 11738 439790 0
11738 11738 1 1 627394 0
1 1 11739 11739 439844 0
11739 11739 1 1 627470 0
1 1 11740 11740 439898 0
11740 11740 1 1 627546 0
1 1 11741 11741 439952 0
11741 11741 1 1 627622 0
1 1 11742 11742 440006 0
11742 11742 1 1 627698 0
1 1 11743 11743 440060 0
11743 11743 1 1 627774 0
1 1 11744 11744 440114 0
11744 11744 1 1 627850 0
1 1 11745 11745 440168 0
11745 11745 1 1 627926 0
1 1 11746 11746 440222 0
11746 11746 1 1 628002 0
1 1 11747 11747 440276 0
11747 11747 1 1 628078 0
1 1 11748 11748 440330 0
11748 11748 1 1 626107 0
1 1 11749 11749 440384 0
11749 11749 1 1 626183 0
1 1 11750 11750 440438 0
11750 11750 1 1 626259 0
1 1 11751 11751 440492 0
11751 11751 1 1 626335 0
1 1 11752 11752 440546 0
11752 11752 1 1 626411 0
1 1 11753 11753 440600 0
11753 11753 1 1 626487 0
1 1 11754 11754 440654 0
11754 11754 1 1 626563 0
1 1 11755 11755 440708 0
11755 11755 1 1 626639 0
1 1 11756 11756 440762 0
11756 11756 1 1 626715 0
1 1 11757 11757 440816 0
11757 11757 1 1 626791 0
1 1 11758 11758 440870 0
11758 11758 1 1 626867 0
1 1 11759 11759 440924 0
11759 11759 1 1 626943 0
1 1 11760 11760 440978 0
11760 11760 1 1 627019 0
1 1 11761 11761 441032 0
11761 11761 1 1 627095 0
1 1 11762 11762 441086 0
11762 11762 1 1 627171 0
1 1 11763 11763 441140 0
11763 11763 1 1 627247 0
1 1 11764 11764 441194 0
11764 11764 1 1 627323 0
1 1 11765 11765 441248 0
11765 11765 1 1 627399 0
1 1 11766 11766 441302 0
11766 11766 1 1 627475 0
1 1 11767 11767 441356 0
11767 11767 1 1 627551 0
1 1 11768 11768 441410 0
11768 11768 1 1 627627 0
1 1 11769 11769 441464 0
11769 11769 1 1 627703 0
1 1 11770 11770 441518 0
11770 11770 1 1 627779 0
1 1 11771 11771 441572 0
11771 11771 1 1 627855 0
1 1 11772 11772 441626 0
11772 11772 1 1 627931 0
1 1 11773 11773 441680 0
11773 11773 1 1 628007 0
1 1 11774 11774 441734 0
11774 11774 1 1 628083 0
1 1 11775 11775 441788 0
11775 11775 1 1 628159 0
1 1 11776 11776 441842 0
11776 11776 1 1 628235 0
1 1 11777 11777 441896 0
11777 11777 1 1 628311 0
1 1 11778 11778 441950 0
11778 11778 1 1 628387 0
1 1 11779 11779 442004 0
11779 11779 1 1 628463 0
1 1 11780 11780 442058 0
11780 11780 1 1 628539 0
1 1 11781 11781 442112 0
11781 11781 1 1 628615 0
1 1 11782 11782 442166 0
11782 11782 1 1 628691 0
1 1 11783 11783 442220 0
11783 11783 1 1 628767 0
1 1 11784 11784 442274 0
11784 11784 1 1 628843 0
1 1 11785 11785 442328 0
11785 11785 1 1 628919 0
1 1 11786 11786 442382 0
11786 11786 1 1 628995 0
1 1 11787 11787 442436 0
11787 11787 1 1 629071 0
1 1 11788 11788 442490 0
11788 11788 1 1 629147 0
1 1 11789 11789 442544 0
11789 11789 1 1 629223 0
1 1 11790 11790 442598 0
11790 11790 1 1 629299 0
1 1 11791 11791 442652 0
11791 11791 1 1 629375 0
1 1 11792 11792 442706 0
11792 11792 1 1 629451 0
1 1 11793 11793 442760 0
11793 11793 1 1 629527 0
1 1 11794 11794 442814 0
11794 11794 1 1 629603 0
1 1 11795 11795 442868 0
11795 11795 1 1 629679 0
1 1 11796 11796 442922 0
11796 11796 1 1 629755 0
1 1 11797 11797 442976 0
11797 11797 1 1 629831 0
1 1 11798 11798 443030 0
11798 11798 1 1 629907 0
1 1 11799 11799 443084 0
11799 11799 1 1 629983 0
1 1 11800 11800 443138 0
11800 11800 1 1 630059 0
1 1 11801 11801 443192 0
11801 11801 1 1 630135 0
1 1 11802 11802 443246 0
11802 11802 1 1 630211 0
1 1 11803 11803 443300 0
11803 11803 1 1 630287 0
1 1 11804 11804 443354 0
11804 11804 1 1 630363 0
1 1 11805 11805 443408 0
11805 11805 1 1 630439 0
1 1 11806 11806 443462 0
11806 11806 1 1 630515 0
1 1 11807 11807 443516 0
11807 11807 1 1 630591 0
1 1 11808 11808 443570 0
11808 11808 1 1 630667 0
1 1 11809 11809 443624 0
11809 11809 1 1 630743 0
1 1 11810 11810 443678 0
11810 11810 1 1 630819 0
1 1 11811 11811 443732 0
11811 11811 1 1 630895 0
1 1 11812 11812 443786 0
11812 11812 1 1 630971 0
1 1 11813 11813 443840 0
11813 11813 1 1 631047 0
1 1 11814 11814 443894 0
11814 11814 1 1 631123 0
1 1 11815 11815 443948 0
11815 11815 1 1 631199 0
1 1 11816 11816 444002 0
11816 11816 1 1 631275 0
1 1 11817 11817 444056 0
11817 11817 1 1 631351 0
1 1 11818 11818 444110 0
11818 11818 1 1 631427 0
1 1 11819 11819 444164 0
11819 11819 1 1 631503 0
1 1 11820 11820 444218 0
11820 11820 1 1 631579 0
1 1 11821 11821 444272 0
11821 11821 1 1 631655 0
1 1 11822 11822 444326 0
11822 11822 1 1 631731 0
1 1 11823 11823 444380 0
11823 11823 1 1 631807 0
1 1 11824 11824 444434 0
11824 11824 1 1 631883 0
1 1 11825 11825 444488 0
11825 11825 1 1 631959 0
1 1 11826 11826 444542 0
11826 11826 1 1 632035 0
1 1 11827 11827 444596 0
11827 11827 1 1 632111 0
1 1 11828 11828 444650 0
11828 11828 1 1 632187 0
1 1 11829 11829 444704 0
11829 11829 1 1 632263 0
1 1 11830 11830 444758 0
11830 11830 1 1 632339 0
1 1 11831 11831 444812 0
11831 11831 1 1 632415 0
1 1 11832 11832 444866 0
11832 11832 1 1 632491 0
1 1 11833 11833 444920 0
11833 11833 1 1 632567 0
1 1 11834 11834 443325 0
11834 11834 1 1 632643 0
1 1 11835 11835 443379 0
11835 11835 1 1 632719 0
1 1 11836 11836 443433 0
11836 11836 1 1 632795 0
1 1 11837 11837 443487 0
11837 11837 1 1 630824 0
1 1 11838 11838 443541 0
11838 11838 1 1 630900 0
1 1 11839 11839 443595 0
11839 11839 1 1 630976 0
1 1 11840 11840 443649 0
11840 11840 1 1 631052 0
1 1 11841 11841 443703 0
11841 11841 1 1 631128 0
1 1 11842 11842 443757 0
11842 11842 1 1 631204 0
1 1 11843 11843 443811 0
11843 11843 1 1 631280 0
1 1 11844 11844 443865 0
11844 11844 1 1 631356 0
1 1 11845 11845 443919 0
11845 11845 1 1 631432 0
1 1 11846 11846 443973 0
11846 11846 1 1 631508 0
1 1 11847 11847 444027 0
11847 11847 1 1 631584 0
1 1 11848 11848 444081 0
11848 11848 1 1 631660 0
1 1 11849 11849 444135 0
11849 11849 1 1 631736 0
1 1 11850 11850 444189 0
11850 11850 1 1 631812 0
1 1 11851 11851 444243 0
11851 11851 1 1 631888 0
1 1 11852 11852 444297 0
11852 11852 1 1 631964 0
1 1 11853 11853 444351 0
11853 11853 1 1 632040 0
1 1 11854 11854 444405 0
11854 11854 1 1 632116 0
1 1 11855 11855 444459 0
11855 11855 1 1 632192 0
1 1 11856 11856 444513 0
11856 11856 1 1 632268 0
1 1 11857 11857 444567 0
11857 11857 1 1 632344 0
1 1 11858 11858 444621 0
11858 11858 1 1 632420 0
1 1 11859 11859 444675 0
11859 11859 1 1 632496 0
1 1 11860 11860 444729 0
11860 11860 1 1 632572 0
1 1 11861 11861 444783 0
11861 11861 1 1 632648 0
1 1 11862 11862 444837 0
11862 11862 1 1 632724 0
1 1 11863 11863 444891 0
11863 11863 1 1 632800 0
1 1 11864 11864 444945 0
11864 11864 1 1 632876 0
1 1 11865 11865 444999 0
11865 11865 1 1 632952 0
1 1 11866 11866 445053 0
11866 11866 1 1 633028 0
1 1 11867 11867 445107 0
11867 11867 1 1 633104 0
1 1 11868 11868 445161 0
11868 11868 1 1 633180 0
1 1 11869 11869 445215 0
11869 11869 1 1 633256 0
1 1 11870 11870 445269 0
11870 11870 1 1 633332 0
1 1 11871 11871 445323 0
11871 11871 1 1 633408 0
1 1 11872 11872 445377 0
11872 11872 1 1 633484 0
1 1 11873 11873 445431 0
11873 11873 1 1 633560 0
1 1 11874 11874 445485 0
11874 11874 1 1 633636 0
1 1 11875 11875 445539 0
11875 11875 1 1 633712 0
1 1 11876 11876 445593 0
11876 11876 1 1 633788 0
1 1 11877 11877 445647 0
11877 11877 1 1 633864 0
1 1 11878 11878 445701 0
11878 11878 1 1 633940 0
1 1 11879 11879 445755 0
11879 11879 1 1 634016 0
1 1 11880 11880 445809 0
11880 11880 1 1 634092 0
1 1 11881 11881 445863 0
11881 11881 1 1 634168 0
1 1 11882 11882 445917 0
11882 11882 1 1 634244 0
1 1 11883 11883 445971 0
11883 11883 1 1 634320 0
1 1 11884 11884 446025 0
11884 11884 1 1 634396 0
1 1 11885 11885 446079 0
11885 11885 1 1 634472 0
1 1 11886 11886 446133 0
11886 11886 1 1 634548 0
1 1 11887 11887 446187 0
11887 11887 1 1 634624 0
1 1 11888 11888 446241 0
11888 11888 1 1 634700 0
1 1 11889 11889 446295 0
11889 11889 1 1 634776 0
1 1 11890 11890 446349 0
11890 11890 1 1 634852 0
1 1 11891 11891 446403 0
11891 11891 1 1 634928 0
1 1 11892 11892 446457 0
11892 11892 1 1 635004 0
1 1 11893 11893 446511 0
11893 11893 1 1 635080 0
1 1 11894 11894 446565 0
11894 11894 1 1 635156 0
1 1 11895 11895 446619 0
11895 11895 1 1 635232 0
1 1 11896 11896 446673 0
11896 11896 1 1 635308 0
1 1 11897 11897 446727 0
11897 11897 1 1 635384 0
1 1 11898 11898 446781 0
11898 11898 1 1 635460 0
1 1 11899 11899 446835 0
11899 11899 1 1 635536 0
1 1 11900 11900 446889 0
11900 11900 1 1 635612 0
1 1 11901 11901 446943 0
11901 11901 1 1 635688 0
1 1 11902 11902 446997 0
11902 11902 1 1 635764 0
1 1 11903 11903 447051 0
11903 11903 1 1 635840 0
1 1 11904 11904 447105 0
11904 11904 1 1 635916 0
1 1 11905 11905 447159 0
11905 11905 1 1 635992 0
1 1 11906 11906 447213 0
11906 11906 1 1 636068 0
1 1 11907 11907 447267 0
11907 11907 1 1 636144 0
1 1 11908 11908 447321 0
11908 11908 1 1 636220 0
1 1 11909 11909 447375 0
11909 11909 1 1 636296 0
1 1 11910 11910 447429 0
11910 11910 1 1 636372 0
1 1 11911 11911 447483 0
11911 11911 1 1 636448 0
1 1 11912 11912 447537 0
11912 11912 1 1 636524 0
1 1 11913 11913 447591 0
11913 11913 1 1 636600 0
1 1 11914 11914 447645 0
11914 11914 1 1 636676 0
1 1 11915 11915 447699 0
11915 11915 1 1 636752 0
1 1 11916 11916 447753 0
11916 11916 1 1 636828 0
1 1 11917 11917 447807 0
11917 11917 1 1 636904 0
1 1 11918 11918 447861 0
11918 11918 1 1 636980 0
1 1 11919 11919 447915 0
11919 11919 1 1 637056 0
1 1 11920 11920 447969 0
11920 11920 1 1 637132 0
1 1 11921 11921 448023 0
11921 11921 1 1 637208 0
1 1 11922 11922 448077 0
11922 11922 1 1 637284 0
1 1 11923 11923 448131 0
11923 11923 1 1 637360 0
1 1 11924 11924 448185 0
11924 11924 1 1 637436 0
1 1 11925 11925 448239 0
11925 11925 1 1 637512 0
1 1 11926 11926 448293 0
11926 11926 1 1 635541 0
1 1 11927 11927 448347 0
11927 11927 1 1 635617 0
1 1 11928 11928 448401 0
11928 11928 1 1 635693 0
1 1 11929 11929 448455 0
11929 11929 1 1 635769 0
1 1 11930 11930 448509 0
11930 11930 1 1 635845 0
1 1 11931 11931 446914 0
11931 11931 1 1 635921 0
1 1 11932 11932 446968 0
11932 11932 1 1 635997 0
1 1 11933 11933 447022 0
11933 11933 1 1 636073 0
1 1 11934 11934 447076 0
11934 11934 1 1 636149 0
1 1 11935 11935 447130 0
11935 11935 1 1 636225 0
1 1 11936 11936 447184 0
11936 11936 1 1 636301 0
1 1 11937 11937 447238 0
11937 11937 1 1 636377 0
1 1 11938 11938 447292 0
11938 11938 1 1 636453 0
1 1 11939 11939 447346 0
11939 11939 1 1 636529 0
1 1 11940 11940 447400 0
11940 11940 1 1 636605 0
1 1 11941 11941 447454 0
11941 11941 1 1 636681 0
1 1 11942 11942 447508 0
11942 11942 1 1 636757 0
1 1 11943 11943 447562 0
11943 11943 1 1 636833 0
1 1 11944 11944 447616 0
11944 11944 1 1 636909 0
1 1 11945 11945 447670 0
11945 11945 1 1 636985 0
1 1 11946 11946 447724 0
11946 11946 1 1 637061 0
1 1 11947 11947 447778 0
11947 11947 1 1 637137 0
1 1 11948 11948 447832 0
11948 11948 1 1 637213 0
1 1 11949 11949 447886 0
11949 11949 1 1 637289 0
1 1 11950 11950 447940 0
11950 11950 1 1 637365 0
1 1 11951 11951 447994 0
11951 11951 1 1 637441 0
1 1 11952 11952 448048 0
11952 11952 1 1 637517 0
1 1 11953 11953 448102 0
11953 11953 1 1 637593 0
1 1 11954 11954 448156 0
11954 11954 1 1 637669 0
1 1 11955 11955 448210 0
11955 11955 1 1 637745 0
1 1 11956 11956 448264 0
11956 11956 1 1 637821 0
1 1 11957 11957 448318 0
11957 11957 1 1 637897 0
1 1 11958 11958 448372 0
11958 11958 1 1 637973 0
1 1 11959 11959 448426 0
11959 11959 1 1 638049 0
1 1 11960 11960 448480 0
11960 11960 1 1 638125 0
1 1 11961 11961 448534 0
11961 11961 1 1 638201 0
1 1 11962 11962 448588 0
11962 11962 1 1 638277 0
1 1 11963 11963 448642 0
11963 11963 1 1 638353 0
1 1 11964 11964 448696 0
11964 11964 1 1 638429 0
1 1 11965 11965 448750 0
11965 11965 1 1 638505 0
1 1 11966 11966 448804 0
11966 11966 1 1 638581 0
1 1 11967 11967 448858 0
11967 11967 1 1 638657 0
1 1 11968 11968 448912 0
11968 11968 1 1 638733 0
1 1 11969 11969 448966 0
11969 11969 1 1 638809 0
1 1 11970 11970 449020 0
11970 11970 1 1 638885 0
1 1 11971 11971 449074 0
11971 11971 1 1 638961 0
1 1 11972 11972 449128 0
11972 11972 1 1 639037 0
1 1 11973 11973 449182 0
11973 11973 1 1 639113 0
1 1 11974 11974 449236 0
11974 11974 1 1 639189 0
1 1 11975 11975 449290 0
11975 11975 1 1 639265 0
1 1 11976 11976 449344 0
11976 11976 1 1 639341 0
1 1 11977 11977 449398 0
11977 11977 1 1 639417 0
1 1 11978 11978 449452 0
11978 11978 1 1 639493 0
1 1 11979 11979 449506 0
11979 11979 1 1 639569 0
1 1 11980 11980 449560 0
11980 11980 1 1 639645 0
1 1 11981 11981 449614 0
11981 11981 1 1 639721 0
1 1 11982 11982 449668 0
11982 11982 1 1 639797 0
1 1 11983 11983 449722 0
11983 11983 1 1 639873 0
1 1 11984 11984 449776 0
11984 11984 1 1 639949 0
1 1 11985 11985 449830 0
11985 11985 1 1 640025 0
1 1 11986 11986 449884 0
11986 11986 1 1 640101 0
1 1 11987 11987 449938 0
11987 11987 1 1 640177 0
1 1 11988 11988 449992 0
11988 11988 1 1 640253 0
1 1 11989 11989 450046 0
11989 11989 1 1 640329 0
1 1 11990 11990 450100 0
11990 11990 1 1 640405 0
1 1 11991 11991 450154 0
11991 11991 1 1 640481 0
1 1 11992 11992 450208 0
11992 11992 1 1 640557 0
1 1 11993 11993 450262 0
11993 11993 1 1 640633 0
1 1 11994 11994 450316 0
11994 11994 1 1 640709 0
1 1 11995 11995 450370 0
11995 11995 1 1 640785 0
1 1 11996 11996 450424 0
11996 11996 1 1 640861 0
1 1 11997 11997 450478 0
11997 11997 1 1 640937 0
1 1 11998 11998 450532 0
11998 11998 1 1 641013 0
1 1 11999 11999 450586 0
11999 11999 1 1 641089 0
1 1 12000 12000 450640 0
12000 12000 1 1 641165 0
1 1 12001 12001 450694 0
12001 12001 1 1 641241 0
1 1 12002 12002 450748 0
12002 12002 1 1 641317 0
1 1 12003 12003 450802 0
12003 12003 1 1 641393 0
1 1 12004 12004 450856 0
12004 12004 1 1 641469 0
1 1 12005 12005 450910 0
12005 12005 1 1 641545 0
1 1 12006 12006 450964 0
12006 12006 1 1 641621 0
1 1 12007 12007 451018 0
12007 12007 1 1 641697 0
1 1 12008 12008 451072 0
12008 12008 1 1 641773 0
1 1 12009 12009 451126 0
12009 12009 1 1 641849 0
1 1 12010 12010 451180 0
12010 12010 1 1 641925 0
1 1 12011 12011 451234 0
12011 12011 1 1 642001 0
1 1 12012 12012 451288 0
12012 12012 1 1 642077 0
1 1 12013 12013 451342 0
12013 12013 1 1 642153 0
1 1 12014 12014 451396 0
12014 12014 1 1 642229 0
1 1 12015 12015 451450 0
12015 12015 1 1 640258 0
1 1 12016 12016 451504 0
12016 12016 1 1 640334 0
1 1 12017 12017 451558 0
12017 12017 1 1 640410 0
1 1 12018 12018 451612 0
12018 12018 1 1 640486 0
1 1 12019 12019 451666 0
12019 12019 1 1 640562 0
1 1 12020 12020 451720 0
12020 12020 1 1 640638 0
1 1 12021 12021 451774 0
12021 12021 1 1 640714 0
1 1 12022 12022 451828 0
12022 12022 1 1 640790 0
1 1 12023 12023 451882 0
12023 12023 1 1 640866 0
1 1 12024 12024 451936 0
12024 12024 1 1 640942 0
1 1 12025 12025 451990 0
12025 12025 1 1 641018 0
1 1 12026 12026 452044 0
12026 12026 1 1 641094 0
1 1 12027 12027 452098 0
12027 12027 1 1 641170 0
1 1 12028 12028 450503 0
12028 12028 1 1 641246 0
1 1 12029 12029 450557 0
12029 12029 1 1 641322 0
1 1 12030 12030 450611 0
12030 12030 1 1 641398 0
1 1 12031 12031 450665 0
12031 12031 1 1 641474 0
1 1 12032 12032 450719 0
12032 12032 1 1 641550 0
1 1 12033 12033 450773 0
12033 12033 1 1 641626 0
1 1 12034 12034 450827 0
12034 12034 1 1 641702 0
1 1 12035 12035 450881 0
12035 12035 1 1 641778 0
1 1 12036 12036 450935 0
12036 12036 1 1 641854 0
1 1 12037 12037 450989 0
12037 12037 1 1 641930 0
1 1 12038 12038 451043 0
12038 12038 1 1 642006 0
1 1 12039 12039 451097 0
12039 12039 1 1 642082 0
1 1 12040 12040 451151 0
12040 12040 1 1 642158 0
1 1 12041 12041 451205 0
12041 12041 1 1 642234 0
1 1 12042 12042 451259 0
12042 12042 1 1 642310 0
1 1 12043 12043 451313 0
12043 12043 1 1 642386 0
1 1 12044 12044 451367 0
12044 12044 1 1 642462 0
1 1 12045 12045 451421 0
12045 12045 1 1 642538 0
1 1 12046 12046 451475 0
12046 12046 1 1 642614 0
1 1 12047 12047 451529 0
12047 12047 1 1 642690 0
1 1 12048 12048 451583 0
12048 12048 1 1 642766 0
1 1 12049 12049 451637 0
12049 12049 1 1 642842 0
1 1 12050 12050 451691 0
12050 12050 1 1 642918 0
1 1 12051 12051 451745 0
12051 12051 1 1 642994 0
1 1 12052 12052 451799 0
12052 12052 1 1 643070 0
1 1 12053 12053 451853 0
12053 12053 1 1 643146 0
1 1 12054 12054 451907 0
12054 12054 1 1 643222 0
1 1 12055 12055 451961 0
12055 12055 1 1 643298 0
1 1 12056 12056 452015 0
12056 12056 1 1 643374 0
1 1 12057 12057 452069 0
12057 12057 1 1 643450 0
1 1 12058 12058 452123 0
12058 12058 1 1 643526 0
1 1 12059 12059 452177 0
12059 12059 1 1 643602 0
1 1 12060 12060 452231 0
12060 12060 1 1 643678 0
1 1 12061 12061 452285 0
12061 12061 1 1 643754 0
1 1 12062 12062 452339 0
12062 12062 1 1 643830 0
1 1 12063 12063 452393 0
12063 12063 1 1 643906 0
1 1 12064 12064 452447 0
12064 12064 1 1 643982 0
1 1 12065 12065 452501 0
12065 12065 1 1 644058 0
1 1 12066 12066 452555 0
12066 12066 1 1 644134 0
1 1 12067 12067 452609 0
12067 12067 1 1 644210 0
1 1 12068 12068 452663 0
12068 12068 1 1 644286 0
1 1 12069 12069 452717 0
12069 12069 1 1 644362 0
1 1 12070 12070 452771 0
12070 12070 1 1 644438 0
1 1 12071 12071 452825 0
12071 12071 1 1 644514 0
1 1 12072 12072 452879 0
12072 12072 1 1 644590 0
1 1 12073 12073 452933 0
12073 12073 1 1 644666 0
1 1 12074 12074 452987 0
12074 12074 1 1 644742 0
1 1 12075 12075 453041 0
12075 12075 1 1 644818 0
1 1 12076 12076 453095 0
12076 12076 1 1 644894 0
1 1 12077 12077 453149 0
12077 12077 1 1 644970 0
1 1 12078 12078 453203 0
12078 12078 1 1 645046 0
1 1 12079 12079 453257 0
12079 12079 1 1 645122 0
1 1 12080 12080 453311 0
12080 12080 1 1 645198 0
1 1 12081 12081 453365 0
12081 12081 1 1 645274 0
1 1 12082 12082 453419 0
12082 12082 1 1 645350 0
1 1 12083 12083 453473 0
12083 12083 1 1 645426 0
1 1 12084 12084 453527 0
12084 12084 1 1 645502 0
1 1 12085 12085 453581 0
12085 12085 1 1 645578 0
1 1 12086 12086 453635 0
12086 12086 1 1 645654 0
1 1 12087 12087 453689 0
12087 12087 1 1 645730 0
1 1 12088 12088 453743 0
12088 12088 1 1 645806 0
1 1 12089 12089 453797 0
12089 12089 1 1 645882 0
1 1 12090 12090 453851 0
12090 12090 1 1 645958 0
1 1 12091 12091 453905 0
12091 12091 1 1 646034 0
1 1 12092 12092 453959 0
12092 12092 1 1 646110 0
1 1 12093 12093 454013 0
12093 12093 1 1 646186 0
1 1 12094 12094 454067 0
12094 12094 1 1 646262 0
1 1 12095 12095 454121 0
12095 12095 1 1 646338 0
1 1 12096 12096 454175 0
12096 12096 1 1 646414 0
1 1 12097 12097 454229 0
12097 12097 1 1 646490 0
1 1 12098 12098 454283 0
12098 12098 1 1 646566 0
1 1 12099 12099 454337 0
12099 12099 1 1 646642 0
1 1 12100 12100 454391 0
12100 12100 1 1 646718 0
1 1 12101 12101 454445 0
12101 12101 1 1 646794 0
1 1 12102 12102 454499 0
12102 12102 1 1 646870 0
1 1 12103 12103 454553 0
12103 12103 1 1 646946 0
1 1 12104 12104 454607 0
12104 12104 1 1 644975 0
1 1 12105 12105 454661 0
12105 12105 1 1 645051 0
1 1 12106 12106 454715 0
12106 12106 1 1 645127 0
1 1 12107 12107 454769 0
12107 12107 1 1 645203 0
1 1 12108 12108 454823 0
12108 12108 1 1 645279 0
1 1 12109 12109 454877 0
12109 12109 1 1 645355 0
1 1 12110 12110 454931 0
12110 12110 1 1 645431 0
1 1 12111 12111 454985 0
12111 12111 1 1 645507 0
1 1 12112 12112 455039 0
12112 12112 1 1 645583 0
1 1 12113 12113 455093 0
12113 12113 1 1 645659 0
1 1 12114 12114 455147 0
12114 12114 1 1 645735 0
1 1 12115 12115 455201 0
12115 12115 1 1 645811 0
1 1 12116 12116 455255 0
12116 12116 1 1 645887 0
1 1 12117 12117 455309 0
12117 12117 1 1 645963 0
1 1 12118 12118 455363 0
12118 12118 1 1 646039 0
1 1 12119 12119 455417 0
12119 12119 1 1 646115 0
1 1 12120 12120 455471 0
12120 12120 1 1 646191 0
1 1 12121 12121 455525 0
12121 12121 1 1 646267 0
1 1 12122 12122 455579 0
12122 12122 1 1 646343 0
1 1 12123 12123 455633 0
12123 12123 1 1 646419 0
1 1 12124 12124 455687 0
12124 12124 1 1 646495 0
1 1 12125 12125 454092 0
12125 12125 1 1 646571 0
1 1 12126 12126 454146 0
12126 12126 1 1 646647 0
1 1 12127 12127 454200 0
12127 12127 1 1 646723 0
1 1 12128 12128 454254 0
12128 12128 1 1 646799 0
1 1 12129 12129 454308 0
12129 12129 1 1 646875 0
1 1 12130 12130 454362 0
12130 12130 1 1 646951 0
1 1 12131 12131 454416 0
12131 12131 1 1 647027 0
1 1 12132 12132 454470 0
12132 12132 1 1 647103 0
1 1 12133 12133 454524 0
12133 12133 1 1 647179 0
1 1 12134 12134 454578 0
12134 12134 1 1 647255 0
1 1 12135 12135 454632 0
12135 12135 1 1 647331 0
1 1 12136 12136 454686 0
12136 12136 1 1 647407 0
1 1 12137 12137 454740 0
12137 12137 1 1 647483 0
1 1 12138 12138 454794 0
12138 12138 1 1 647559 0
1 1 12139 12139 454848 0
12139 12139 1 1 647635 0
1 1 12140 12140 454902 0
12140 12140 1 1 647711 0
1 1 12141 12141 454956 0
12141 12141 1 1 647787 0
1 1 12142 12142 455010 0
12142 12142 1 1 647863 0
1 1 12143 12143 455064 0
12143 12143 1 1 647939 0
1 1 12144 12144 455118 0
12144 12144 1 1 648015 0
1 1 12145 12145 455172 0
12145 12145 1 1 648091 0
1 1 12146 12146 455226 0
12146 12146 1 1 648167 0
1 1 12147 12147 455280 0
12147 12147 1 1 648243 0
1 1 12148 12148 455334 0
12148 12148 1 1 648319 0
1 1 12149 12149 455388 0
12149 12149 1 1 648395 0
1 1 12150 12150 455442 0
12150 12150 1 1 648471 0
1 1 12151 12151 455496 0
12151 12151 1 1 648547 0
1 1 12152 12152 455550 0
12152 12152 1 1 648623 0
1 1 12153 12153 455604 0
12153 12153 1 1 648699 0
1 1 12154 12154 455658 0
12154 12154 1 1 648775 0
1 1 12155 12155 455712 0
12155 12155 1 1 648851 0
1 1 12156 12156 455766 0
12156 12156 1 1 648927 0
1 1 12157 12157 455820 0
12157 12157 1 1 649003 0
1 1 12158 12158 455874 0
12158 12158 1 1 649079 0
1 1 12159 12159 455928 0
12159 12159 1 1 649155 0
1 1 12160 12160 455982 0
12160 12160 1 1 649231 0
1 1 12161 12161 456036 0
12161 12161 1 1 649307 0
1 1 12162 12162 456090 0
12162 12162 1 1 649383 0
1 1 12163 12163 456144 0
12163 12163 1 1 649459 0
1 1 12164 12164 456198 0
12164 12164 1 1 649535 0
1 1 12165 12165 456252 0
12165 12165 1 1 649611 0
1 1 12166 12166 456306 0
12166 12166 1 1 649687 0
1 1 12167 12167 456360 0
12167 12167 1 1 649763 0
1 1 12168 12168 456414 0
12168 12168 1 1 649839 0
1 1 12169 12169 456468 0
12169 12169 1 1 649915 0
1 1 12170 12170 456522 0
12170 12170 1 1 649991 0
1 1 12171 12171 456576 0
12171 12171 1 1 650067 0
1 1 12172 12172 456630 0
12172 12172 1 1 650143 0
1 1 12173 12173 456684 0
12173 12173 1 1 650219 0
1 1 12174 12174 456738 0
12174 12174 1 1 650295 0
1 1 12175 12175 456792 0
12175 12175 1 1 650371 0
1 1 12176 12176 456846 0
12176 12176 1 1 650447 0
1 1 12177 12177 456900 0
12177 12177 1 1 650523 0
1 1 12178 12178 456954 0
12178 12178 1 1 650599 0
1 1 12179 12179 457008 0
12179 12179 1 1 650675 0
1 1 12180 12180 457062 0
12180 12180 1 1 650751 0
1 1 12181 12181 457116 0
12181 12181 1 1 650827 0
1 1 12182 12182 457170 0
12182 12182 1 1 650903 0
1 1 12183 12183 457224 0
12183 12183 1 1 650979 0
1 1 12184 12184 457278 0
12184 12184 1 1 651055 0
1 1 12185 12185 457332 0
12185 12185 1 1 651131 0
1 1 12186 12186 457386 0
12186 12186 1 1 651207 0
1 1 12187 12187 457440 0
12187 12187 1 1 651283 0
1 1 12188 12188 457494 0
12188 12188 1 1 651359 0
1 1 12189 12189 457548 0
12189 12189 1 1 651435 0
1 1 12190 12190 457602 0
12190 12190 1 1 651511 0
1 1 12191 12191 457656 0
12191 12191 1 1 651587 0
1 1 12192 12192 457710 0
12192 12192 1 1 651663 0
1 1 12193 12193 457764 0
12193 12193 1 1 649692 0
1 1 12194 12194 457818 0
12194 12194 1 1 649768 0
1 1 12195 12195 457872 0
12195 12195 1 1 649844 0
1 1 12196 12196 457926 0
12196 12196 1 1 649920 0
1 1 12197 12197 457980 0
12197 12197 1 1 649996 0
1 1 12198 12198 458034 0
12198 12198 1 1 650072 0
1 1 12199 12199 458088 0
12199 12199 1 1 650148 0
1 1 12200 12200 458142 0
12200 12200 1 1 650224 0
1 1 12201 12201 458196 0
12201 12201 1 1 650300 0
1 1 12202 12202 458250 0
12202 12202 1 1 650376 0
1 1 12203 12203 458304 0
12203 12203 1 1 650452 0
1 1 12204 12204 458358 0
12204 12204 1 1 650528 0
1 1 12205 12205 458412 0
12205 12205 1 1 650604 0
1 1 12206 12206 458466 0
12206 12206 1 1 650680 0
1 1 12207 12207 458520 0
12207 12207 1 1 650756 0
1 1 12208 12208 458574 0
12208 12208 1 1 650832 0
1 1 12209 12209 458628 0
12209 12209 1 1 650908 0
1 1 12210 12210 458682 0
12210 12210 1 1 650984 0
1 1 12211 12211 458736 0
12211 12211 1 1 651060 0
1 1 12212 12212 458790 0
12212 12212 1 1 651136 0
1 1 12213 12213 458844 0
12213 12213 1 1 651212 0
1 1 12214 12214 458898 0
12214 12214 1 1 651288 0
1 1 12215 12215 458952 0
12215 12215 1 1 651364 0
1 1 12216 12216 459006 0
12216 12216 1 1 651440 0
1 1 12217 12217 459060 0
12217 12217 1 1 651516 0
1 1 12218 12218 459114 0
12218 12218 1 1 651592 0
1 1 12219 12219 459168 0
12219 12219 1 1 651668 0
1 1 12220 12220 459222 0
12220 12220 1 1 651744 0
1 1 12221 12221 459276 0
12221 12221 1 1 651820 0
1 1 12222 12222 457681 0
12222 12222 1 1 651896 0
1 1 12223 12223 457735 0
12223 12223 1 1 651972 0
1 1 12224 12224 457789 0
12224 12224 1 1 652048 0
1 1 12225 12225 457843 0
12225 12225 1 1 652124 0
1 1 12226 12226 457897 0
12226 12226 1 1 652200 0
1 1 12227 12227 457951 0
12227 12227 1 1 652276 0
1 1 12228 12228 458005 0
12228 12228 1 1 652352 0
1 1 12229 12229 458059 0
12229 12229 1 1 652428 0
1 1 12230 12230 458113 0
12230 12230 1 1 652504 0
1 1 12231 12231 458167 0
12231 12231 1 1 652580 0
1 1 12232 12232 458221 0
12232 12232 1 1 652656 0
1 1 12233 12233 458275 0
12233 12233 1 1 652732 0
1 1 12234 12234 458329 0
12234 12234 1 1 652808 0
1 1 12235 12235 458383 0
12235 12235 1 1 652884 0
1 1 12236 12236 458437 0
12236 12236 1 1 652960 0
1 1 12237 12237 458491 0
12237 12237 1 1 653036 0
1 1 12238 12238 458545 0
12238 12238 1 1 653112 0
1 1 12239 12239 458599 0
12239 12239 1 1 653188 0
1 1 12240 12240 458653 0
12240 12240 1 1 653264 0
1 1 12241 12241 458707 0
12241 12241 1 1 653340 0
1 1 12242 12242 458761 0
12242 12242 1 1 653416 0
1 1 12243 12243 458815 0
12243 12243 1 1 653492 0
1 1 12244 12244 458869 0
12244 12244 1 1 653568 0
1 1 12245 12245 458923 0
12245 12245 1 1 653644 0
1 1 12246 12246 458977 0
12246 12246 1 1 653720 0
1 1 12247 12247 459031 0
12247 12247 1 1 653796 0
1 1 12248 12248 459085 0
12248 12248 1 1 653872 0
1 1 12249 12249 459139 0
12249 12249 1 1 653948 0
1 1 12250 12250 459193 0
12250 12250 1 1 654024 0
1 1 12251 12251 459247 0
12251 12251 1 1 654100 0
1 1 12252 12252 459301 0
12252 12252 1 1 654176 0
1 1 12253 12253 459355 0
12253 12253 1 1 654252 0
1 1 12254 12254 459409 0
12254 12254 1 1 654328 0
1 1 12255 12255 459463 0
12255 12255 1 1 654404 0
1 1 12256 12256 459517 0
12256 12256 1 1 654480 0
1 1 12257 12257 459571 0
12257 12257 1 1 654556 0
1 1 12258 12258 459625 0
12258 12258 1 1 654632 0
1 1 12259 12259 459679 0
12259 12259 1 1 654708 0
1 1 12260 12260 459733 0
12260 12260 1 1 654784 0
1 1 12261 12261 459787 0
12261 12261 1 1 654860 0
1 1 12262 12262 459841 0
12262 12262 1 1 654936 0
1 1 12263 12263 459895 0
12263 12263 1 1 655012 0
1 1 12264 12264 459949 0
12264 12264 1 1 655088 0
1 1 12265 12265 460003 0
12265 12265 1 1 655164 0
1 1 12266 12266 460057 0
12266 12266 1 1 655240 0
1 1 12267 12267 460111 0
12267 12267 1 1 655316 0
1 1 12268 12268 460165 0
12268 12268 1 1 655392 0
1 1 12269 12269 460219 0
12269 12269 1 1 655468 0
1 1 12270 12270 460273 0
12270 12270 1 1 655544 0
1 1 12271 12271 460327 0
12271 12271 1 1 655620 0
1 1 12272 12272 460381 0
12272 12272 1 1 655696 0
1 1 12273 12273 460435 0
12273 12273 1 1 655772 0
1 1 12274 12274 460489 0
12274 12274 1 1 655848 0
1 1 12275 12275 460543 0
12275 12275 1 1 655924 0
1 1 12276 12276 460597 0
12276 12276 1 1 656000 0
1 1 12277 12277 460651 0
12277 12277 1 1 656076 0
1 1 12278 12278 460705 0
12278 12278 1 1 656152 0
1 1 12279 12279 460759 0
12279 12279 1 1 656228 0
1 1 12280 12280 460813 0
12280 12280 1 1 656304 0
1 1 12281 12281 460867 0
12281 12281 1 1 656380 0
1 1 12282 12282 460921 0
12282 12282 1 1 654409 0
1 1 12283 12283 460975 0
12283 12283 1 1 654485 0
1 1 12284 12284 461029 0
12284 12284 1 1 654561 0
1 1 12285 12285 461083 0
12285 12285 1 1 654637 0
1 1 12286 12286 461137 0
12286 12286 1 1 654713 0
1 1 12287 12287 461191 0
12287 12287 1 1 654789 0
1 1 12288 12288 461245 0
12288 12288 1 1 654865 0
1 1 12289 12289 461299 0
12289 12289 1 1 654941 0
1 1 12290 12290 461353 0
12290 12290 1 1 655017 0
1 1 12291 12291 461407 0
12291 12291 1 1 655093 0
1 1 12292 12292 461461 0
12292 12292 1 1 655169 0
1 1 12293 12293 461515 0
12293 12293 1 1 655245 0
1 1 12294 12294 461569 0
12294 12294 1 1 655321 0
1 1 12295 12295 461623 0
12295 12295 1 1 655397 0
1 1 12296 12296 461677 0
12296 12296 1 1 655473 0
1 1 12297 12297 461731 0
12297 12297 1 1 655549 0
1 1 12298 12298 461785 0
12298 12298 1 1 655625 0
1 1 12299 12299 461839 0
12299 12299 1 1 655701 0
1 1 12300 12300 461893 0
12300 12300 1 1 655777 0
1 1 12301 12301 461947 0
12301 12301 1 1 655853 0
1 1 12302 12302 462001 0
12302 12302 1 1 655929 0
1 1 12303 12303 462055 0
12303 12303 1 1 656005 0
1 1 12304 12304 462109 0
12304 12304 1 1 656081 0
1 1 12305 12305 462163 0
12305 12305 1 1 656157 0
1 1 12306 12306 462217 0
12306 12306 1 1 656233 0
1 1 12307 12307 462271 0
12307 12307 1 1 656309 0
1 1 12308 12308 462325 0
12308 12308 1 1 656385 0
1 1 12309 12309 462379 0
12309 12309 1 1 656461 0
1 1 12310 12310 462433 0
12310 12310 1 1 656537 0
1 1 12311 12311 462487 0
12311 12311 1 1 656613 0
1 1 12312 12312 462541 0
12312 12312 1 1 656689 0
1 1 12313 12313 462595 0
12313 12313 1 1 656765 0
1 1 12314 12314 462649 0
12314 12314 1 1 656841 0
1 1 12315 12315 462703 0
12315 12315 1 1 656917 0
1 1 12316 12316 462757 0
12316 12316 1 1 656993 0
1 1 12317 12317 462811 0
12317 12317 1 1 657069 0
1 1 12318 12318 462865 0
12318 12318 1 1 657145 0
1 1 12319 12319 461270 0
12319 12319 1 1 657221 0
1 1 12320 12320 461324 0
12320 12320 1 1 657297 0
1 1 12321 12321 461378 0
12321 12321 1 1 657373 0
1 1 12322 12322 461432 0
12322 12322 1 1 657449 0
1 1 12323 12323 461486 0
12323 12323 1 1 657525 0
1 1 12324 12324 461540 0
12324 12324 1 1 657601 0
1 1 12325 12325 461594 0
12325 12325 1 1 657677 0
1 1 12326 12326 461648 0
12326 12326 1 1 657753 0
1 1 12327 12327 461702 0
12327 12327 1 1 657829 0
1 1 12328 12328 461756 0
12328 12328 1 1 657905 0
1 1 12329 12329 461810 0
12329 12329 1 1 657981 0
1 1 12330 12330 461864 0
12330 12330 1 1 658057 0
1 1 12331 12331 461918 0
12331 12331 1 1 658133 0
1 1 12332 12332 461972 0
12332 12332 1 1 658209 0
1 1 12333 12333 462026 0
12333 12333 1 1 658285 0
1 1 12334 12334 462080 0
12334 12334 1 1 658361 0
1 1 12335 12335 462134 0
12335 12335 1 1 658437 0
1 1 12336 12336 462188 0
12336 12336 1 1 658513 0
1 1 12337 12337 462242 0
12337 12337 1 1 658589 0
1 1 12338 12338 462296 0
12338 12338 1 1 658665 0
1 1 12339 12339 462350 0
12339 12339 1 1 658741 0
1 1 12340 12340 462404 0
12340 12340 1 1 658817 0
1 1 12341 12341 462458 0
12341 12341 1 1 658893 0
1 1 12342 12342 462512 0
12342 12342 1 1 658969 0
1 1 12343 12343 462566 0
12343 12343 1 1 659045 0
1 1 12344 12344 462620 0
12344 12344 1 1 659121 0
1 1 12345 12345 462674 0
12345 12345 1 1 659197 0
1 1 12346 12346 462728 0
12346 12346 1 1 659273 0
1 1 12347 12347 462782 0
12347 12347 1 1 659349 0
1 1 12348 12348 462836 0
12348 12348 1 1 659425 0
1 1 12349 12349 462890 0
12349 12349 1 1 659501 0
1 1 12350 12350 462944 0
12350 12350 1 1 659577 0
1 1 12351 12351 462998 0
12351 12351 1 1 659653 0
1 1 12352 12352 463052 0
12352 12352 1 1 659729 0
1 1 12353 12353 463106 0
12353 12353 1 1 659805 0
1 1 12354 12354 463160 0
12354 12354 1 1 659881 0
1 1 12355 12355 463214 0
12355 12355 1 1 659957 0
1 1 12356 12356 463268 0
12356 12356 1 1 660033 0
1 1 12357 12357 463322 0
12357 12357 1 1 660109 0
1 1 12358 12358 463376 0
12358 12358 1 1 660185 0
1 1 12359 12359 463430 0
12359 12359 1 1 660261 0
1 1 12360 12360 463484 0
12360 12360 1 1 660337 0
1 1 12361 12361 463538 0
12361 12361 1 1 660413 0
1 1 12362 12362 463592 0
12362 12362 1 1 660489 0
1 1 12363 12363 463646 0
12363 12363 1 1 660565 0
1 1 12364 12364 463700 0
12364 12364 1 1 660641 0
1 1 12365 12365 463754 0
12365 12365 1 1 660717 0
1 1 12366 12366 463808 0
12366 12366 1 1 660793 0
1 1 12367 12367 463862 0
12367 12367 1 1 660869 0
1 1 12368 12368 463916 0
12368 12368 1 1 660945 0
1 1 12369 12369 463970 0
12369 12369 1 1 661021 0
1 1 12370 12370 464024 0
12370 12370 1 1 661097 0
1 1 12371 12371 464078 0
12371 12371 1 1 659126 0
1 1 12372 12372 464132 0
12372 12372 1 1 659202 0
1 1 12373 12373 464186 0
12373 12373 1 1 659278 0
1 1 12374 12374 464240 0
12374 12374 1 1 659354 0
1 1 12375 12375 464294 0
12375 12375 1 1 659430 0
1 1 12376 12376 464348 0
12376 12376 1 1 659506 0
1 1 12377 12377 464402 0
12377 12377 1 1 659582 0
1 1 12378 12378 464456 0
12378 12378 1 1 659658 0
1 1 12379 12379 464510 0
12379 12379 1 1 659734 0
1 1 12380 12380 464564 0
12380 12380 1 1 659810 0
1 1 12381 12381 464618 0
12381 12381 1 1 659886 0
1 1 12382 12382 464672 0
12382 12382 1 1 659962 0
1 1 12383 12383 464726 0
12383 12383 1 1 660038 0
1 1 12384 12384 464780 0
12384 12384 1 1 660114 0
1 1 12385 12385 464834 0
12385 12385 1 1 660190 0
1 1 12386 12386 464888 0
12386 12386 1 1 660266 0
1 1 12387 12387 464942 0
12387 12387 1 1 660342 0
1 1 12388 12388 464996 0
12388 12388 1 1 660418 0
1 1 12389 12389 465050 0
12389 12389 1 1 660494 0
1 1 12390 12390 465104 0
12390 12390 1 1 660570 0
1 1 12391 12391 465158 0
12391 12391 1 1 660646 0
1 1 12392 12392 465212 0
12392 12392 1 1 660722 0
1 1 12393 12393 465266 0
12393 12393 1 1 660798 0
1 1 12394 12394 465320 0
12394 12394 1 1 660874 0
1 1 12395 12395 465374 0
12395 12395 1 1 660950 0
1 1 12396 12396 465428 0
12396 12396 1 1 661026 0
1 1 12397 12397 465482 0
12397 12397 1 1 661102 0
1 1 12398 12398 465536 0
12398 12398 1 1 661178 0
1 1 12399 12399 465590 0
12399 12399 1 1 661254 0
1 1 12400 12400 465644 0
12400 12400 1 1 661330 0
1 1 12401 12401 465698 0
12401 12401 1 1 661406 0
1 1 12402 12402 465752 0
12402 12402 1 1 661482 0
1 1 12403 12403 465806 0
12403 12403 1 1 661558 0
1 1 12404 12404 465860 0
12404 12404 1 1 661634 0
1 1 12405 12405 465914 0
12405 12405 1 1 661710 0
1 1 12406 12406 465968 0
12406 12406 1 1 661786 0
1 1 12407 12407 466022 0
12407 12407 1 1 661862 0
1 1 12408 12408 466076 0
12408 12408 1 1 661938 0
1 1 12409 12409 466130 0
12409 12409 1 1 662014 0
1 1 12410 12410 466184 0
12410 12410 1 1 662090 0
1 1 12411 12411 466238 0
12411 12411 1 1 662166 0
1 1 12412 12412 466292 0
12412 12412 1 1 662242 0
1 1 12413 12413 466346 0
12413 12413 1 1 662318 0
1 1 12414 12414 466400 0
12414 12414 1 1 662394 0
1 1 12415 12415 466454 0
12415 12415 1 1 662470 0
1 1 12416 12416 464859 0
12416 12416 1 1 662546 0
1 1 12417 12417 464913 0
12417 12417 1 1 662622 0
1 1 12418 12418 464967 0
12418 12418 1 1 662698 0
1 1 12419 12419 465021 0
12419 12419 1 1 662774 0
1 1 12420 12420 465075 0
12420 12420 1 1 662850 0
1 1 12421 12421 465129 0
12421 12421 1 1 662926 0
1 1 12422 12422 465183 0
12422 12422 1 1 663002 0
1 1 12423 12423 465237 0
12423 12423 1 1 663078 0
1 1 12424 12424 465291 0
12424 12424 1 1 663154 0
1 1 12425 12425 465345 0
12425 12425 1 1 663230 0
1 1 12426 12426 465399 0
12426 12426 1 1 663306 0
1 1 12427 12427 465453 0
12427 12427 1 1 663382 0
1 1 12428 12428 465507 0
12428 12428 1 1 663458 0
1 1 12429 12429 465561 0
12429 12429 1 1 663534 0
1 1 12430 12430 465615 0
12430 12430 1 1 663610 0
1 1 12431 12431 465669 0
12431 12431 1 1 663686 0
1 1 12432 12432 465723 0
12432 12432 1 1 663762 0
1 1 12433 12433 465777 0
12433 12433 1 1 663838 0
1 1 12434 12434 465831 0
12434 12434 1 1 663914 0
1 1 12435 12435 465885 0
12435 12435 1 1 663990 0
1 1 12436 12436 465939 0
12436 12436 1 1 664066 0
1 1 12437 12437 465993 0
12437 12437 1 1 664142 0
1 1 12438 12438 466047 0
12438 12438 1 1 664218 0
1 1 12439 12439 466101 0
12439 12439 1 1 664294 0
1 1 12440 12440 466155 0
12440 12440 1 1 664370 0
1 1 12441 12441 466209 0
12441 12441 1 1 664446 0
1 1 12442 12442 466263 0
12442 12442 1 1 664522 0
1 1 12443 12443 466317 0
12443 12443 1 1 664598 0
1 1 12444 12444 466371 0
12444 12444 1 1 664674 0
1 1 12445 12445 466425 0
12445 12445 1 1 664750 0
1 1 12446 12446 466479 0
12446 12446 1 1 664826 0
1 1 12447 12447 466533 0
12447 12447 1 1 664902 0
1 1 12448 12448 466587 0
12448 12448 1 1 664978 0
1 1 12449 12449 466641 0
12449 12449 1 1 665054 0
1 1 12450 12450 466695 0
12450 12450 1 1 665130 0
1 1 12451 12451 466749 0
12451 12451 1 1 665206 0
1 1 12452 12452 466803 0
12452 12452 1 1 665282 0
1 1 12453 12453 466857 0
12453 12453 1 1 665358 0
1 1 12454 12454 466911 0
12454 12454 1 1 665434 0
1 1 12455 12455 466965 0
12455 12455 1 1 665510 0
1 1 12456 12456 467019 0
12456 12456 1 1 665586 0
1 1 12457 12457 467073 0
12457 12457 1 1 665662 0
1 1 12458 12458 467127 0
12458 12458 1 1 665738 0
1 1 12459 12459 467181 0
12459 12459 1 1 665814 0
1 1 12460 12460 467235 0
12460 12460 1 1 663843 0
1 1 12461 12461 467289 0
12461 12461 1 1 663919 0
1 1 12462 12462 467343 0
12462 12462 1 1 663995 0
1 1 12463 12463 467397 0
12463 12463 1 1 664071 0
1 1 12464 12464 467451 0
12464 12464 1 1 664147 0
1 1 12465 12465 467505 0
12465 12465 1 1 664223 0
1 1 12466 12466 467559 0
12466 12466 1 1 664299 0
1 1 12467 12467 467613 0
12467 12467 1 1 664375 0
1 1 12468 12468 467667 0
12468 12468 1 1 664451 0
1 1 12469 12469 467721 0
12469 12469 1 1 664527 0
1 1 12470 12470 467775 0
12470 12470 1 1 664603 0
1 1 12471 12471 467829 0
12471 12471 1 1 664679 0
1 1 12472 12472 467883 0
12472 12472 1 1 664755 0
1 1 12473 12473 467937 0
12473 12473 1 1 664831 0
1 1 12474 12474 467991 0
12474 12474 1 1 664907 0
1 1 12475 12475 468045 0
12475 12475 1 1 664983 0
1 1 12476 12476 468099 0
12476 12476 1 1 665059 0
1 1 12477 12477 468153 0
12477 12477 1 1 665135 0
1 1 12478 12478 468207 0
12478 12478 1 1 665211 0
1 1 12479 12479 468261 0
12479 12479 1 1 665287 0
1 1 12480 12480 468315 0
12480 12480 1 1 665363 0
1 1 12481 12481 468369 0
12481 12481 1 1 665439 0
1 1 12482 12482 468423 0
12482 12482 1 1 665515 0
1 1 12483 12483 468477 0
12483 12483 1 1 665591 0
1 1 12484 12484 468531 0
12484 12484 1 1 665667 0
1 1 12485 12485 468585 0
12485 12485 1 1 665743 0
1 1 12486 12486 468639 0
12486 12486 1 1 665819 0
1 1 12487 12487 468693 0
12487 12487 1 1 665895 0
1 1 12488 12488 468747 0
12488 12488 1 1 665971 0
1 1 12489 12489 468801 0
12489 12489 1 1 666047 0
1 1 12490 12490 468855 0
12490 12490 1 1 666123 0
1 1 12491 12491 468909 0
12491 12491 1 1 666199 0
1 1 12492 12492 468963 0
12492 12492 1 1 666275 0
1 1 12493 12493 469017 0
12493 12493 1 1 666351 0
1 1 12494 12494 469071 0
12494 12494 1 1 666427 0
1 1 12495 12495 469125 0
12495 12495 1 1 666503 0
1 1 12496 12496 469179 0
12496 12496 1 1 666579 0
1 1 12497 12497 469233 0
12497 12497 1 1 666655 0
1 1 12498 12498 469287 0
12498 12498 1 1 666731 0
1 1 12499 12499 469341 0
12499 12499 1 1 666807 0
1 1 12500 12500 469395 0
12500 12500 1 1 666883 0
1 1 12501 12501 469449 0
12501 12501 1 1 666959 0
1 1 12502 12502 469503 0
12502 12502 1 1 667035 0
1 1 12503 12503 469557 0
12503 12503 1 1 667111 0
1 1 12504 12504 469611 0
12504 12504 1 1 667187 0
1 1 12505 12505 469665 0
12505 12505 1 1 667263 0
1 1 12506 12506 469719 0
12506 12506 1 1 667339 0
1 1 12507 12507 469773 0
12507 12507 1 1 667415 0
1 1 12508 12508 469827 0
12508 12508 1 1 667491 0
1 1 12509 12509 469881 0
12509 12509 1 1 667567 0
1 1 12510 12510 469935 0
12510 12510 1 1 667643 0
1 1 12511 12511 469989 0
12511 12511 1 1 667719 0
1 1 12512 12512 470043 0
12512 12512 1 1 667795 0
1 1 12513 12513 468448 0
12513 12513 1 1 667871 0
1 1 12514 12514 468502 0
12514 12514 1 1 667947 0
1 1 12515 12515 468556 0
12515 12515 1 1 668023 0
1 1 12516 12516 468610 0
12516 12516 1 1 668099 0
1 1 12517 12517 468664 0
12517 12517 1 1 668175 0
1 1 12518 12518 468718 0
12518 12518 1 1 668251 0
1 1 12519 12519 468772 0
12519 12519 1 1 668327 0
1 1 12520 12520 468826 0
12520 12520 1 1 668403 0
1 1 12521 12521 468880 0
12521 12521 1 1 668479 0
1 1 12522 12522 468934 0
12522 12522 1 1 668555 0
1 1 12523 12523 468988 0
12523 12523 1 1 668631 0
1 1 12524 12524 469042 0
12524 12524 1 1 668707 0
1 1 12525 12525 469096 0
12525 12525 1 1 668783 0
1 1 12526 12526 469150 0
12526 12526 1 1 668859 0
1 1 12527 12527 469204 0
12527 12527 1 1 668935 0
1 1 12528 12528 469258 0
12528 12528 1 1 669011 0
1 1 12529 12529 469312 0
12529 12529 1 1 669087 0
1 1 12530 12530 469366 0
12530 12530 1 1 669163 0
1 1 12531 12531 469420 0
12531 12531 1 1 669239 0
1 1 12532 12532 469474 0
12532 12532 1 1 669315 0
1 1 12533 12533 469528 0
12533 12533 1 1 669391 0
1 1 12534 12534 469582 0
12534 12534 1 1 669467 0
1 1 12535 12535 469636 0
12535 12535 1 1 669543 0
1 1 12536 12536 469690 0
12536 12536 1 1 669619 0
1 1 12537 12537 469744 0
12537 12537 1 1 669695 0
1 1 12538 12538 469798 0
12538 12538 1 1 669771 0
1 1 12539 12539 469852 0
12539 12539 1 1 669847 0
1 1 12540 12540 469906 0
12540 12540 1 1 669923 0
1 1 12541 12541 469960 0
12541 12541 1 1 669999 0
1 1 12542 12542 470014 0
12542 12542 1 1 670075 0
1 1 12543 12543 470068 0
12543 12543 1 1 670151 0
1 1 12544 12544 470122 0
12544 12544 1 1 670227 0
1 1 12545 12545 470176 0
12545 12545 1 1 670303 0
1 1 12546 12546 470230 0
12546 12546 1 1 670379 0
1 1 12547 12547 470284 0
12547 12547 1 1 670455 0
1 1 12548 12548 470338 0
12548 12548 1 1 670531 0
1 1 12549 12549 470392 0
12549 12549 1 1 668560 0
1 1 12550 12550 470446 0
12550 12550 1 1 668636 0
1 1 12551 12551 470500 0
12551 12551 1 1 668712 0
1 1 12552 12552 470554 0
12552 12552 1 1 668788 0
1 1 12553 12553 470608 0
12553 12553 1 1 668864 0
1 1 12554 12554 470662 0
12554 12554 1 1 668940 0
1 1 12555 12555 470716 0
12555 12555 1 1 669016 0
1 1 12556 12556 470770 0
12556 12556 1 1 669092 0
1 1 12557 12557 470824 0
12557 12557 1 1 669168 0
1 1 12558 12558 470878 0
12558 12558 1 1 669244 0
1 1 12559 12559 470932 0
12559 12559 1 1 669320 0
1 1 12560 12560 470986 0
12560 12560 1 1 669396 0
1 1 12561 12561 471040 0
12561 12561 1 1 669472 0
1 1 12562 12562 471094 0
12562 12562 1 1 669548 0
1 1 12563 12563 471148 0
12563 12563 1 1 669624 0
1 1 12564 12564 471202 0
12564 12564 1 1 669700 0
1 1 12565 12565 471256 0
12565 12565 1 1 669776 0
1 1 12566 12566 471310 0
12566 12566 1 1 669852 0
1 1 12567 12567 471364 0
12567 12567 1 1 669928 0
1 1 12568 12568 471418 0
12568 12568 1 1 670004 0
1 1 12569 12569 471472 0
12569 12569 1 1 670080 0
1 1 12570 12570 471526 0
12570 12570 1 1 670156 0
1 1 12571 12571 471580 0
12571 12571 1 1 670232 0
1 1 12572 12572 471634 0
12572 12572 1 1 670308 0
1 1 12573 12573 471688 0
12573 12573 1 1 670384 0
1 1 12574 12574 471742 0
12574 12574 1 1 670460 0
1 1 12575 12575 471796 0
12575 12575 1 1 670536 0
1 1 12576 12576 471850 0
12576 12576 1 1 670612 0
1 1 12577 12577 471904 0
12577 12577 1 1 670688 0
1 1 12578 12578 471958 0
12578 12578 1 1 670764 0
1 1 12579 12579 472012 0
12579 12579 1 1 670840 0
1 1 12580 12580 472066 0
12580 12580 1 1 670916 0
1 1 12581 12581 472120 0
12581 12581 1 1 670992 0
1 1 12582 12582 472174 0
12582 12582 1 1 671068 0
1 1 12583 12583 472228 0
12583 12583 1 1 671144 0
1 1 12584 12584 472282 0
12584 12584 1 1 671220 0
1 1 12585 12585 472336 0
12585 12585 1 1 671296 0
1 1 12586 12586 472390 0
12586 12586 1 1 671372 0
1 1 12587 12587 472444 0
12587 12587 1 1 671448 0
1 1 12588 12588 472498 0
12588 12588 1 1 671524 0
1 1 12589 12589 472552 0
12589 12589 1 1 671600 0
1 1 12590 12590 472606 0
12590 12590 1 1 671676 0
1 1 12591 12591 472660 0
12591 12591 1 1 671752 0
1 1 12592 12592 472714 0
12592 12592 1 1 671828 0
1 1 12593 12593 472768 0
12593 12593 1 1 671904 0
1 1 12594 12594 472822 0
12594 12594 1 1 671980 0
1 1 12595 12595 472876 0
12595 12595 1 1 672056 0
1 1 12596 12596 472930 0
12596 12596 1 1 672132 0
1 1 12597 12597 472984 0
12597 12597 1 1 672208 0
1 1 12598 12598 473038 0
12598 12598 1 1 672284 0
1 1 12599 12599 473092 0
12599 12599 1 1 672360 0
1 1 12600 12600 473146 0
12600 12600 1 1 672436 0
1 1 12601 12601 473200 0
12601 12601 1 1 672512 0
1 1 12602 12602 473254 0
12602 12602 1 1 672588 0
1 1 12603 12603 473308 0
12603 12603 1 1 672664 0
1 1 12604 12604 473362 0
12604 12604 1 1 672740 0
1 1 12605 12605 473416 0
12605 12605 1 1 672816 0
1 1 12606 12606 473470 0
12606 12606 1 1 672892 0
1 1 12607 12607 473524 0
12607 12607 1 1 672968 0
1 1 12608 12608 473578 0
12608 12608 1 1 673044 0
1 1 12609 12609 473632 0
12609 12609 1 1 673120 0
1 1 12610 12610 472037 0
12610 12610 1 1 673196 0
1 1 12611 12611 472091 0
12611 12611 1 1 673272 0
1 1 12612 12612 472145 0
12612 12612 1 1 673348 0
1 1 12613 12613 472199 0
12613 12613 1 1 673424 0
1 1 12614 12614 472253 0
12614 12614 1 1 673500 0
1 1 12615 12615 472307 0
12615 12615 1 1 673576 0
1 1 12616 12616 472361 0
12616 12616 1 1 673652 0
1 1 12617 12617 472415 0
12617 12617 1 1 673728 0
1 1 12618 12618 472469 0
12618 12618 1 1 673804 0
1 1 12619 12619 472523 0
12619 12619 1 1 673880 0
1 1 12620 12620 472577 0
12620 12620 1 1 673956 0
1 1 12621 12621 472631 0
12621 12621 1 1 674032 0
1 1 12622 12622 472685 0
12622 12622 1 1 674108 0
1 1 12623 12623 472739 0
12623 12623 1 1 674184 0
1 1 12624 12624 472793 0
12624 12624 1 1 674260 0
1 1 12625 12625 472847 0
12625 12625 1 1 674336 0
1 1 12626 12626 472901 0
12626 12626 1 1 674412 0
1 1 12627 12627 472955 0
12627 12627 1 1 674488 0
1 1 12628 12628 473009 0
12628 12628 1 1 674564 0
1 1 12629 12629 473063 0
12629 12629 1 1 674640 0
1 1 12630 12630 473117 0
12630 12630 1 1 674716 0
1 1 12631 12631 473171 0
12631 12631 1 1 674792 0
1 1 12632 12632 473225 0
12632 12632 1 1 674868 0
1 1 12633 12633 473279 0
12633 12633 1 1 674944 0
1 1 12634 12634 473333 0
12634 12634 1 1 675020 0
1 1 12635 12635 473387 0
12635 12635 1 1 675096 0
1 1 12636 12636 473441 0
12636 12636 1 1 675172 0
1 1 12637 12637 473495 0
12637 12637 1 1 675248 0
1 1 12638 12638 473549 0
12638 12638 1 1 673277 0
1 1 12639 12639 473603 0
12639 12639 1 1 673353 0
1 1 12640 12640 473657 0
12640 12640 1 1 673429 0
1 1 12641 12641 473711 0
12641 12641 1 1 673505 0
1 1 12642 12642 473765 0
12642 12642 1 1 673581 0
1 1 12643 12643 473819 0
12643 12643 1 1 673657 0
1 1 12644 12644 473873 0
12644 12644 1 1 673733 0
1 1 12645 12645 473927 0
12645 12645 1 1 673809 0
1 1 12646 12646 473981 0
12646 12646 1 1 673885 0
1 1 12647 12647 474035 0
12647 12647 1 1 673961 0
1 1 12648 12648 474089 0
12648 12648 1 1 674037 0
1 1 12649 12649 474143 0
12649 12649 1 1 674113 0
1 1 12650 12650 474197 0
12650 12650 1 1 674189 0
1 1 12651 12651 474251 0
12651 12651 1 1 674265 0
1 1 12652 12652 474305 0
12652 12652 1 1 674341 0
1 1 12653 12653 474359 0
12653 12653 1 1 674417 0
1 1 12654 12654 474413 0
12654 12654 1 1 674493 0
1 1 12655 12655 474467 0
12655 12655 1 1 674569 0
1 1 12656 12656 474521 0
12656 12656 1 1 674645 0
1 1 12657 12657 474575 0
12657 12657 1 1 674721 0
1 1 12658 12658 474629 0
12658 12658 1 1 674797 0
1 1 12659 12659 474683 0
12659 12659 1 1 674873 0
1 1 12660 12660 474737 0
12660 12660 1 1 674949 0
1 1 12661 12661 474791 0
12661 12661 1 1 675025 0
1 1 12662 12662 474845 0
12662 12662 1 1 675101 0
1 1 12663 12663 474899 0
12663 12663 1 1 675177 0
1 1 12664 12664 474953 0
12664 12664 1 1 675253 0
1 1 12665 12665 475007 0
12665 12665 1 1 675329 0
1 1 12666 12666 475061 0
12666 12666 1 1 675405 0
1 1 12667 12667 475115 0
12667 12667 1 1 675481 0
1 1 12668 12668 475169 0
12668 12668 1 1 675557 0
1 1 12669 12669 475223 0
12669 12669 1 1 675633 0
1 1 12670 12670 475277 0
12670 12670 1 1 675709 0
1 1 12671 12671 475331 0
12671 12671 1 1 675785 0
1 1 12672 12672 475385 0
12672 12672 1 1 675861 0
1 1 12673 12673 475439 0
12673 12673 1 1 675937 0
1 1 12674 12674 475493 0
12674 12674 1 1 676013 0
1 1 12675 12675 475547 0
12675 12675 1 1 676089 0
1 1 12676 12676 475601 0
12676 12676 1 1 676165 0
1 1 12677 12677 475655 0
12677 12677 1 1 676241 0
1 1 12678 12678 475709 0
12678 12678 1 1 676317 0
1 1 12679 12679 475763 0
12679 12679 1 1 676393 0
1 1 12680 12680 475817 0
12680 12680 1 1 676469 0
1 1 12681 12681 475871 0
12681 12681 1 1 676545 0
1 1 12682 12682 475925 0
12682 12682 1 1 676621 0
1 1 12683 12683 475979 0
12683 12683 1 1 676697 0
1 1 12684 12684 476033 0
12684 12684 1 1 676773 0
1 1 12685 12685 476087 0
12685 12685 1 1 676849 0
1 1 12686 12686 476141 0
12686 12686 1 1 676925 0
1 1 12687 12687 476195 0
12687 12687 1 1 677001 0
1 1 12688 12688 476249 0
12688 12688 1 1 677077 0
1 1 12689 12689 476303 0
12689 12689 1 1 677153 0
1 1 12690 12690 476357 0
12690 12690 1 1 677229 0
1 1 12691 12691 476411 0
12691 12691 1 1 677305 0
1 1 12692 12692 476465 0
12692 12692 1 1 677381 0
1 1 12693 12693 476519 0
12693 12693 1 1 677457 0
1 1 12694 12694 476573 0
12694 12694 1 1 677533 0
1 1 12695 12695 476627 0
12695 12695 1 1 677609 0
1 1 12696 12696 476681 0
12696 12696 1 1 677685 0
1 1 12697 12697 476735 0
12697 12697 1 1 677761 0
1 1 12698 12698 476789 0
12698 12698 1 1 677837 0
1 1 12699 12699 476843 0
12699 12699 1 1 677913 0
1 1 12700 12700 476897 0
12700 12700 1 1 677989 0
1 1 12701 12701 476951 0
12701 12701 1 1 678065 0
1 1 12702 12702 477005 0
12702 12702 1 1 678141 0
1 1 12703 12703 477059 0
12703 12703 1 1 678217 0
1 1 12704 12704 477113 0
12704 12704 1 1 678293 0
1 1 12705 12705 477167 0
12705 12705 1 1 678369 0
1 1 12706 12706 477221 0
12706 12706 1 1 678445 0
1 1 12707 12707 475626 0
12707 12707 1 1 678521 0
1 1 12708 12708 475680 0
12708 12708 1 1 678597 0
1 1 12709 12709 475734 0
12709 12709 1 1 678673 0
1 1 12710 12710 475788 0
12710 12710 1 1 678749 0
1 1 12711 12711 475842 0
12711 12711 1 1 678825 0
1 1 12712 12712 475896 0
12712 12712 1 1 678901 0
1 1 12713 12713 475950 0
12713 12713 1 1 678977 0
1 1 12714 12714 476004 0
12714 12714 1 1 679053 0
1 1 12715 12715 476058 0
12715 12715 1 1 679129 0
1 1 12716 12716 476112 0
12716 12716 1 1 679205 0
1 1 12717 12717 476166 0
12717 12717 1 1 679281 0
1 1 12718 12718 476220 0
12718 12718 1 1 679357 0
1 1 12719 12719 476274 0
12719 12719 1 1 679433 0
1 1 12720 12720 476328 0
12720 12720 1 1 679509 0
1 1 12721 12721 476382 0
12721 12721 1 1 679585 0
1 1 12722 12722 476436 0
12722 12722 1 1 679661 0
1 1 12723 12723 476490 0
12723 12723 1 1 679737 0
1 1 12724 12724 476544 0
12724 12724 1 1 679813 0
1 1 12725 12725 476598 0
12725 12725 1 1 679889 0
1 1 12726 12726 476652 0
12726 12726 1 1 679965 0
1 1 12727 12727 476706 0
12727 12727 1 1 677994 0
1 1 12728 12728 476760 0
12728 12728 1 1 678070 0
1 1 12729 12729 476814 0
12729 12729 1 1 678146 0
1 1 12730 12730 476868 0
12730 12730 1 1 678222 0
1 1 12731 12731 476922 0
12731 12731 1 1 678298 0
1 1 12732 12732 476976 0
12732 12732 1 1 678374 0
1 1 12733 12733 477030 0
12733 12733 1 1 678450 0
1 1 12734 12734 477084 0
12734 12734 1 1 678526 0
1 1 12735 12735 477138 0
12735 12735 1 1 678602 0
1 1 12736 12736 477192 0
12736 12736 1 1 678678 0
1 1 12737 12737 477246 0
12737 12737 1 1 678754 0
1 1 12738 12738 477300 0
12738 12738 1 1 678830 0
1 1 12739 12739 477354 0
12739 12739 1 1 678906 0
1 1 12740 12740 477408 0
12740 12740 1 1 678982 0
1 1 12741 12741 477462 0
12741 12741 1 1 679058 0
1 1 12742 12742 477516 0
12742 12742 1 1 679134 0
1 1 12743 12743 477570 0
12743 12743 1 1 679210 0
1 1 12744 12744 477624 0
12744 12744 1 1 679286 0
1 1 12745 12745 477678 0
12745 12745 1 1 679362 0
1 1 12746 12746 477732 0
12746 12746 1 1 679438 0
1 1 12747 12747 477786 0
12747 12747 1 1 679514 0
1 1 12748 12748 477840 0
12748 12748 1 1 679590 0
1 1 12749 12749 477894 0
12749 12749 1 1 679666 0
1 1 12750 12750 477948 0
12750 12750 1 1 679742 0
1 1 12751 12751 478002 0
12751 12751 1 1 679818 0
1 1 12752 12752 478056 0
12752 12752 1 1 679894 0
1 1 12753 12753 478110 0
12753 12753 1 1 679970 0
1 1 12754 12754 478164 0
12754 12754 1 1 680046 0
1 1 12755 12755 478218 0
12755 12755 1 1 680122 0
1 1 12756 12756 478272 0
12756 12756 1 1 680198 0
1 1 12757 12757 478326 0
12757 12757 1 1 680274 0
1 1 12758 12758 478380 0
12758 12758 1 1 680350 0
1 1 12759 12759 478434 0
12759 12759 1 1 680426 0
1 1 12760 12760 478488 0
12760 12760 1 1 680502 0
1 1 12761 12761 478542 0
12761 12761 1 1 680578 0
1 1 12762 12762 478596 0
12762 12762 1 1 680654 0
1 1 12763 12763 478650 0
12763 12763 1 1 680730 0
1 1 12764 12764 478704 0
12764 12764 1 1 680806 0
1 1 12765 12765 478758 0
12765 12765 1 1 680882 0
1 1 12766 12766 478812 0
12766 12766 1 1 680958 0
1 1 12767 12767 478866 0
12767 12767 1 1 681034 0
1 1 12768 12768 478920 0
12768 12768 1 1 681110 0
1 1 12769 12769 478974 0
12769 12769 1 1 681186 0
1 1 12770 12770 479028 0
12770 12770 1 1 681262 0
1 1 12771 12771 479082 0
12771 12771 1 1 681338 0
1 1 12772 12772 479136 0
12772 12772 1 1 681414 0
1 1 12773 12773 479190 0
12773 12773 1 1 681490 0
1 1 12774 12774 479244 0
12774 12774 1 1 681566 0
1 1 12775 12775 479298 0
12775 12775 1 1 681642 0
1 1 12776 12776 479352 0
12776 12776 1 1 681718 0
1 1 12777 12777 479406 0
12777 12777 1 1 681794 0
1 1 12778 12778 479460 0
12778 12778 1 1 681870 0
1 1 12779 12779 479514 0
12779 12779 1 1 681946 0
1 1 12780 12780 479568 0
12780 12780 1 1 682022 0
1 1 12781 12781 479622 0
12781 12781 1 1 682098 0
1 1 12782 12782 479676 0
12782 12782 1 1 682174 0
1 1 12783 12783 479730 0
12783 12783 1 1 682250 0
1 1 12784 12784 479784 0
12784 12784 1 1 682326 0
1 1 12785 12785 479838 0
12785 12785 1 1 682402 0
1 1 12786 12786 479892 0
12786 12786 1 1 682478 0
1 1 12787 12787 479946 0
12787 12787 1 1 682554 0
1 1 12788 12788 480000 0
12788 12788 1 1 682630 0
1 1 12789 12789 480054 0
12789 12789 1 1 682706 0
1 1 12790 12790 480108 0
12790 12790 1 1 682782 0
1 1 12791 12791 480162 0
12791 12791 1 1 682858 0
1 1 12792 12792 480216 0
12792 12792 1 1 682934 0
1 1 12793 12793 480270 0
12793 12793 1 1 683010 0
1 1 12794 12794 480324 0
12794 12794 1 1 683086 0
1 1 12795 12795 480378 0
12795 12795 1 1 683162 0
1 1 12796 12796 480432 0
12796 12796 1 1 683238 0
1 1 12797 12797 480486 0
12797 12797 1 1 683314 0
1 1 12798 12798 480540 0
12798 12798 1 1 683390 0
1 1 12799 12799 480594 0
12799 12799 1 1 683466 0
1 1 12800 12800 480648 0
12800 12800 1 1 683542 0
1 1 12801 12801 480702 0
12801 12801 1 1 683618 0
1 1 12802 12802 480756 0
12802 12802 1 1 683694 0
1 1 12803 12803 480810 0
12803 12803 1 1 683770 0
1 1 12804 12804 479215 0
12804 12804 1 1 683846 0
1 1 12805 12805 479269 0
12805 12805 1 1 683922 0
1 1 12806 12806 479323 0
12806 12806 1 1 683998 0
1 1 12807 12807 479377 0
12807 12807 1 1 684074 0
1 1 12808 12808 479431 0
12808 12808 1 1 684150 0
1 1 12809 12809 479485 0
12809 12809 1 1 684226 0
1 1 12810 12810 479539 0
12810 12810 1 1 684302 0
1 1 12811 12811 479593 0
12811 12811 1 1 684378 0
1 1 12812 12812 479647 0
12812 12812 1 1 684454 0
1 1 12813 12813 479701 0
12813 12813 1 1 684530 0
1 1 12814 12814 479755 0
12814 12814 1 1 684606 0
1 1 12815 12815 479809 0
12815 12815 1 1 684682 0
1 1 12816 12816 479863 0
12816 12816 1 1 682711 0
1 1 12817 12817 479917 0
12817 12817 1 1 682787 0
1 1 12818 12818 479971 0
12818 12818 1 1 682863 0
1 1 12819 12819 480025 0
12819 12819 1 1 682939 0
1 1 12820 12820 480079 0
12820 12820 1 1 683015 0
1 1 12821 12821 480133 0
12821 12821 1 1 683091 0
1 1 12822 12822 480187 0
12822 12822 1 1 683167 0
1 1 12823 12823 480241 0
12823 12823 1 1 683243 0
1 1 12824 12824 480295 0
12824 12824 1 1 683319 0
1 1 12825 12825 480349 0
12825 12825 1 1 683395 0
1 1 12826 12826 480403 0
12826 12826 1 1 683471 0
1 1 12827 12827 480457 0
12827 12827 1 1 683547 0
1 1 12828 12828 480511 0
12828 12828 1 1 683623 0
1 1 12829 12829 480565 0
12829 12829 1 1 683699 0
1 1 12830 12830 480619 0
12830 12830 1 1 683775 0
1 1 12831 12831 480673 0
12831 12831 1 1 683851 0
1 1 12832 12832 480727 0
12832 12832 1 1 683927 0
1 1 12833 12833 480781 0
12833 12833 1 1 684003 0
1 1 12834 12834 480835 0
12834 12834 1 1 684079 0
1 1 12835 12835 480889 0
12835 12835 1 1 684155 0
1 1 12836 12836 480943 0
12836 12836 1 1 684231 0
1 1 12837 12837 480997 0
12837 12837 1 1 684307 0
1 1 12838 12838 481051 0
12838 12838 1 1 684383 0
1 1 12839 12839 481105 0
12839 12839 1 1 684459 0
1 1 12840 12840 481159 0
12840 12840 1 1 684535 0
1 1 12841 12841 481213 0
12841 12841 1 1 684611 0
1 1 12842 12842 481267 0
12842 12842 1 1 684687 0
1 1 12843 12843 481321 0
12843 12843 1 1 684763 0
1 1 12844 12844 481375 0
12844 12844 1 1 684839 0
1 1 12845 12845 481429 0
12845 12845 1 1 684915 0
1 1 12846 12846 481483 0
12846 12846 1 1 684991 0
1 1 12847 12847 481537 0
12847 12847 1 1 685067 0
1 1 12848 12848 481591 0
12848 12848 1 1 685143 0
1 1 12849 12849 481645 0
12849 12849 1 1 685219 0
1 1 12850 12850 481699 0
12850 12850 1 1 685295 0
1 1 12851 12851 481753 0
12851 12851 1 1 685371 0
1 1 12852 12852 481807 0
12852 12852 1 1 685447 0
1 1 12853 12853 481861 0
12853 12853 1 1 685523 0
1 1 12854 12854 481915 0
12854 12854 1 1 685599 0
1 1 12855 12855 481969 0
12855 12855 1 1 685675 0
1 1 12856 12856 482023 0
12856 12856 1 1 685751 0
1 1 12857 12857 482077 0
12857 12857 1 1 685827 0
1 1 12858 12858 482131 0
12858 12858 1 1 685903 0
1 1 12859 12859 482185 0
12859 12859 1 1 685979 0
1 1 12860 12860 482239 0
12860 12860 1 1 686055 0
1 1 12861 12861 482293 0
12861 12861 1 1 686131 0
1 1 12862 12862 482347 0
12862 12862 1 1 686207 0
1 1 12863 12863 482401 0
12863 12863 1 1 686283 0
1 1 12864 12864 482455 0
12864 12864 1 1 686359 0
1 1 12865 12865 482509 0
12865 12865 1 1 686435 0
1 1 12866 12866 482563 0
12866 12866 1 1 686511 0
1 1 12867 12867 482617 0
12867 12867 1 1 686587 0
1 1 12868 12868 482671 0
12868 12868 1 1 686663 0
1 1 12869 12869 482725 0
12869 12869 1 1 686739 0
1 1 12870 12870 482779 0
12870 12870 1 1 686815 0
1 1 12871 12871 482833 0
12871 12871 1 1 686891 0
1 1 12872 12872 482887 0
12872 12872 1 1 686967 0
1 1 12873 12873 482941 0
12873 12873 1 1 687043 0
1 1 12874 12874 482995 0
12874 12874 1 1 687119 0
1 1 12875 12875 483049 0
12875 12875 1 1 687195 0
1 1 12876 12876 483103 0
12876 12876 1 1 687271 0
1 1 12877 12877 483157 0
12877 12877 1 1 687347 0
1 1 12878 12878 483211 0
12878 12878 1 1 687423 0
1 1 12879 12879 483265 0
12879 12879 1 1 687499 0
1 1 12880 12880 483319 0
12880 12880 1 1 687575 0
1 1 12881 12881 483373 0
12881 12881 1 1 687651 0
1 1 12882 12882 483427 0
12882 12882 1 1 687727 0
1 1 12883 12883 483481 0
12883 12883 1 1 687803 0
1 1 12884 12884 483535 0
12884 12884 1 1 687879 0
1 1 12885 12885 483589 0
12885 12885 1 1 687955 0
1 1 12886 12886 483643 0
12886 12886 1 1 688031 0
1 1 12887 12887 483697 0
12887 12887 1 1 688107 0
1 1 12888 12888 483751 0
12888 12888 1 1 688183 0
1 1 12889 12889 483805 0
12889 12889 1 1 688259 0
1 1 12890 12890 483859 0
12890 12890 1 1 688335 0
1 1 12891 12891 483913 0
12891 12891 1 1 688411 0
1 1 12892 12892 483967 0
12892 12892 1 1 688487 0
1 1 12893 12893 484021 0
12893 12893 1 1 688563 0
1 1 12894 12894 484075 0
12894 12894 1 1 688639 0
1 1 12895 12895 484129 0
12895 12895 1 1 688715 0
1 1 12896 12896 484183 0
12896 12896 1 1 688791 0
1 1 12897 12897 484237 0
12897 12897 1 1 688867 0
1 1 12898 12898 484291 0
12898 12898 1 1 688943 0
1 1 12899 12899 484345 0
12899 12899 1 1 689019 0
1 1 12900 12900 484399 0
12900 12900 1 1 689095 0
1 1 12901 12901 482804 0
12901 12901 1 1 689171 0
1 1 12902 12902 482858 0
12902 12902 1 1 689247 0
1 1 12903 12903 482912 0
12903 12903 1 1 689323 0
1 1 12904 12904 482966 0
12904 12904 1 1 689399 0
1 1 12905 12905 483020 0
12905 12905 1 1 687428 0
1 1 12906 12906 483074 0
12906 12906 1 1 687504 0
1 1 12907 12907 483128 0
12907 12907 1 1 687580 0
1 1 12908 12908 483182 0
12908 12908 1 1 687656 0
1 1 12909 12909 483236 0
12909 12909 1 1 687732 0
1 1 12910 12910 483290 0
12910 12910 1 1 687808 0
1 1 12911 12911 483344 0
12911 12911 1 1 687884 0
1 1 12912 12912 483398 0
12912 12912 1 1 687960 0
1 1 12913 12913 483452 0
12913 12913 1 1 688036 0
1 1 12914 12914 483506 0
12914 12914 1 1 688112 0
1 1 12915 12915 483560 0
12915 12915 1 1 688188 0
1 1 12916 12916 483614 0
12916 12916 1 1 688264 0
1 1 12917 12917 483668 0
12917 12917 1 1 688340 0
1 1 12918 12918 483722 0
12918 12918 1 1 688416 0
1 1 12919 12919 483776 0
12919 12919 1 1 688492 0
1 1 12920 12920 483830 0
12920 12920 1 1 688568 0
1 1 12921 12921 483884 0
12921 12921 1 1 688644 0
1 1 12922 12922 483938 0
12922 12922 1 1 688720 0
1 1 12923 12923 483992 0
12923 12923 1 1 688796 0
1 1 12924 12924 484046 0
12924 12924 1 1 688872 0
1 1 12925 12925 484100 0
12925 12925 1 1 688948 0
1 1 12926 12926 484154 0
12926 12926 1 1 689024 0
1 1 12927 12927 484208 0
12927 12927 1 1 689100 0
1 1 12928 12928 484262 0
12928 12928 1 1 689176 0
1 1 12929 12929 484316 0
12929 12929 1 1 689252 0
1 1 12930 12930 484370 0
12930 12930 1 1 689328 0
1 1 12931 12931 484424 0
12931 12931 1 1 689404 0
1 1 12932 12932 484478 0
12932 12932 1 1 689480 0
1 1 12933 12933 484532 0
12933 12933 1 1 689556 0
1 1 12934 12934 484586 0
12934 12934 1 1 689632 0
1 1 12935 12935 484640 0
12935 12935 1 1 689708 0
1 1 12936 12936 484694 0
12936 12936 1 1 689784 0
1 1 12937 12937 484748 0
12937 12937 1 1 689860 0
1 1 12938 12938 484802 0
12938 12938 1 1 689936 0
1 1 12939 12939 484856 0
12939 12939 1 1 690012 0
1 1 12940 12940 484910 0
12940 12940 1 1 690088 0
1 1 12941 12941 484964 0
12941 12941 1 1 690164 0
1 1 12942 12942 485018 0
12942 12942 1 1 690240 0
1 1 12943 12943 485072 0
12943 12943 1 1 690316 0
1 1 12944 12944 485126 0
12944 12944 1 1 690392 0
1 1 12945 12945 485180 0
12945 12945 1 1 690468 0
1 1 12946 12946 485234 0
12946 12946 1 1 690544 0
1 1 12947 12947 485288 0
12947 12947 1 1 690620 0
1 1 12948 12948 485342 0
12948 12948 1 1 690696 0
1 1 12949 12949 485396 0
12949 12949 1 1 690772 0
1 1 12950 12950 485450 0
12950 12950 1 1 690848 0
1 1 12951 12951 485504 0
12951 12951 1 1 690924 0
1 1 12952 12952 485558 0
12952 12952 1 1 691000 0
1 1 12953 12953 485612 0
12953 12953 1 1 691076 0
1 1 12954 12954 485666 0
12954 12954 1 1 691152 0
1 1 12955 12955 485720 0
12955 12955 1 1 691228 0
1 1 12956 12956 485774 0
12956 12956 1 1 691304 0
1 1 12957 12957 485828 0
12957 12957 1 1 691380 0
1 1 12958 12958 485882 0
12958 12958 1 1 691456 0
1 1 12959 12959 485936 0
12959 12959 1 1 691532 0
1 1 12960 12960 485990 0
12960 12960 1 1 691608 0
1 1 12961 12961 486044 0
12961 12961 1 1 691684 0
1 1 12962 12962 486098 0
12962 12962 1 1 691760 0
1 1 12963 12963 486152 0
12963 12963 1 1 691836 0
1 1 12964 12964 486206 0
12964 12964 1 1 691912 0
1 1 12965 12965 486260 0
12965 12965 1 1 691988 0
1 1 12966 12966 486314 0
12966 12966 1 1 692064 0
1 1 12967 12967 486368 0
12967 12967 1 1 692140 0
1 1 12968 12968 486422 0
12968 12968 1 1 692216 0
1 1 12969 12969 486476 0
12969 12969 1 1 692292 0
1 1 12970 12970 486530 0
12970 12970 1 1 692368 0
1 1 12971 12971 486584 0
12971 12971 1 1 692444 0
1 1 12972 12972 486638 0
12972 12972 1 1 692520 0
1 1 12973 12973 486692 0
12973 12973 1 1 692596 0
1 1 12974 12974 486746 0
12974 12974 1 1 692672 0
1 1 12975 12975 486800 0
12975 12975 1 1 692748 0
1 1 12976 12976 486854 0
12976 12976 1 1 692824 0
1 1 12977 12977 486908 0
12977 12977 1 1 692900 0
1 1 12978 12978 486962 0
12978 12978 1 1 692976 0
1 1 12979 12979 487016 0
12979 12979 1 1 693052 0
1 1 12980 12980 487070 0
12980 12980 1 1 693128 0
1 1 12981 12981 487124 0
12981 12981 1 1 693204 0
1 1 12982 12982 487178 0
12982 12982 1 1 693280 0
1 1 12983 12983 487232 0
12983 12983 1 1 693356 0
1 1 12984 12984 487286 0
12984 12984 1 1 693432 0
1 1 12985 12985 487340 0
12985 12985 1 1 693508 0
1 1 12986 12986 487394 0
12986 12986 1 1 693584 0
1 1 12987 12987 487448 0
12987 12987 1 1 693660 0
1 1 12988 12988 487502 0
12988 12988 1 1 693736 0
1 1 12989 12989 487556 0
12989 12989 1 1 693812 0
1 1 12990 12990 487610 0
12990 12990 1 1 693888 0
1 1 12991 12991 487664 0
12991 12991 1 1 693964 0
1 1 12992 12992 487718 0
12992 12992 1 1 694040 0
1 1 12993 12993 487772 0
12993 12993 1 1 694116 0
1 1 12994 12994 487826 0
12994 12994 1 1 692145 0
1 1 12995 12995 487880 0
12995 12995 1 1 692221 0
1 1 12996 12996 487934 0
12996 12996 1 1 692297 0
1 1 12997 12997 487988 0
12997 12997 1 1 692373 0
1 1 12998 12998 486393 0
12998 12998 1 1 692449 0
1 1 12999 12999 486447 0
12999 12999 1 1 692525 0
1 1 13000 13000 486501 0
13000 13000 1 1 692601 0
1 1 13001 13001 486555 0
13001 13001 1 1 692677 0
1 1 13002 13002 486609 0
13002 13002 1 1 692753 0
1 1 13003 13003 486663 0
13003 13003 1 1 692829 0
1 1 13004 13004 486717 0
13004 13004 1 1 692905 0
1 1 13005 13005 486771 0
13005 13005 1 1 692981 0
1 1 13006 13006 486825 0
13006 13006 1 1 693057 0
1 1 13007 13007 486879 0
13007 13007 1 1 693133 0
1 1 13008 13008 486933 0
13008 13008 1 1 693209 0
1 1 13009 13009 486987 0
13009 13009 1 1 693285 0
1 1 13010 13010 487041 0
13010 13010 1 1 693361 0
1 1 13011 13011 487095 0
13011 13011 1 1 693437 0
1 1 13012 13012 487149 0
13012 13012 1 1 693513 0
1 1 13013 13013 487203 0
13013 13013 1 1 693589 0
1 1 13014 13014 487257 0
13014 13014 1 1 693665 0
1 1 13015 13015 487311 0
13015 13015 1 1 693741 0
1 1 13016 13016 487365 0
13016 13016 1 1 693817 0
1 1 13017 13017 487419 0
13017 13017 1 1 693893 0
1 1 13018 13018 487473 0
13018 13018 1 1 693969 0
1 1 13019 13019 487527 0
13019 13019 1 1 694045 0
1 1 13020 13020 487581 0
13020 13020 1 1 694121 0
1 1 13021 13021 487635 0
13021 13021 1 1 694197 0
1 1 13022 13022 487689 0
13022 13022 1 1 694273 0
1 1 13023 13023 487743 0
13023 13023 1 1 694349 0
1 1 13024 13024 487797 0
13024 13024 1 1 694425 0
1 1 13025 13025 487851 0
13025 13025 1 1 694501 0
1 1 13026 13026 487905 0
13026 13026 1 1 694577 0
1 1 13027 13027 487959 0
13027 13027 1 1 694653 0
1 1 13028 13028 488013 0
13028 13028 1 1 694729 0
1 1 13029 13029 488067 0
13029 13029 1 1 694805 0
1 1 13030 13030 488121 0
13030 13030 1 1 694881 0
1 1 13031 13031 488175 0
13031 13031 1 1 694957 0
1 1 13032 13032 488229 0
13032 13032 1 1 695033 0
1 1 13033 13033 488283 0
13033 13033 1 1 695109 0
1 1 13034 13034 488337 0
13034 13034 1 1 695185 0
1 1 13035 13035 488391 0
13035 13035 1 1 695261 0
1 1 13036 13036 488445 0
13036 13036 1 1 695337 0
1 1 13037 13037 488499 0
13037 13037 1 1 695413 0
1 1 13038 13038 488553 0
13038 13038 1 1 695489 0
1 1 13039 13039 488607 0
13039 13039 1 1 695565 0
1 1 13040 13040 488661 0
13040 13040 1 1 695641 0
1 1 13041 13041 488715 0
13041 13041 1 1 695717 0
1 1 13042 13042 488769 0
13042 13042 1 1 695793 0
1 1 13043 13043 488823 0
13043 13043 1 1 695869 0
1 1 13044 13044 488877 0
13044 13044 1 1 695945 0
1 1 13045 13045 488931 0
13045 13045 1 1 696021 0
1 1 13046 13046 488985 0
13046 13046 1 1 696097 0
1 1 13047 13047 489039 0
13047 13047 1 1 696173 0
1 1 13048 13048 489093 0
13048 13048 1 1 696249 0
1 1 13049 13049 489147 0
13049 13049 1 1 696325 0
1 1 13050 13050 489201 0
13050 13050 1 1 696401 0
1 1 13051 13051 489255 0
13051 13051 1 1 696477 0
1 1 13052 13052 489309 0
13052 13052 1 1 696553 0
1 1 13053 13053 489363 0
13053 13053 1 1 696629 0
1 1 13054 13054 489417 0
13054 13054 1 1 696705 0
1 1 13055 13055 489471 0
13055 13055 1 1 696781 0
1 1 13056 13056 489525 0
13056 13056 1 1 696857 0
1 1 13057 13057 489579 0
13057 13057 1 1 696933 0
1 1 13058 13058 489633 0
13058 13058 1 1 697009 0
1 1 13059 13059 489687 0
13059 13059 1 1 697085 0
1 1 13060 13060 489741 0
13060 13060 1 1 697161 0
1 1 13061 13061 489795 0
13061 13061 1 1 697237 0
1 1 13062 13062 489849 0
13062 13062 1 1 697313 0
1 1 13063 13063 489903 0
13063 13063 1 1 697389 0
1 1 13064 13064 489957 0
13064 13064 1 1 697465 0
1 1 13065 13065 490011 0
13065 13065 1 1 697541 0
1 1 13066 13066 490065 0
13066 13066 1 1 697617 0
1 1 13067 13067 490119 0
13067 13067 1 1 697693 0
1 1 13068 13068 490173 0
13068 13068 1 1 697769 0
1 1 13069 13069 490227 0
13069 13069 1 1 697845 0
1 1 13070 13070 490281 0
13070 13070 1 1 697921 0
1 1 13071 13071 490335 0
13071 13071 1 1 697997 0
1 1 13072 13072 490389 0
13072 13072 1 1 698073 0
1 1 13073 13073 490443 0
13073 13073 1 1 698149 0
1 1 13074 13074 490497 0
13074 13074 1 1 698225 0
1 1 13075 13075 490551 0
13075 13075 1 1 698301 0
1 1 13076 13076 490605 0
13076 13076 1 1 698377 0
1 1 13077 13077 490659 0
13077 13077 1 1 698453 0
1 1 13078 13078 490713 0
13078 13078 1 1 698529 0
1 1 13079 13079 490767 0
13079 13079 1 1 698605 0
1 1 13080 13080 490821 0
13080 13080 1 1 698681 0
1 1 13081 13081 490875 0
13081 13081 1 1 698757 0
1 1 13082 13082 490929 0
13082 13082 1 1 698833 0
1 1 13083 13083 490983 0
13083 13083 1 1 696862 0
1 1 13084 13084 491037 0
13084 13084 1 1 696938 0
1 1 13085 13085 491091 0
13085 13085 1 1 697014 0
1 1 13086 13086 491145 0
13086 13086 1 1 697090 0
1 1 13087 13087 491199 0
13087 13087 1 1 697166 0
1 1 13088 13088 491253 0
13088 13088 1 1 697242 0
1 1 13089 13089 491307 0
13089 13089 1 1 697318 0
1 1 13090 13090 491361 0
13090 13090 1 1 697394 0
1 1 13091 13091 491415 0
13091 13091 1 1 697470 0
1 1 13092 13092 491469 0
13092 13092 1 1 697546 0
1 1 13093 13093 491523 0
13093 13093 1 1 697622 0
1 1 13094 13094 491577 0
13094 13094 1 1 697698 0
1 1 13095 13095 489982 0
13095 13095 1 1 697774 0
1 1 13096 13096 490036 0
13096 13096 1 1 697850 0
1 1 13097 13097 490090 0
13097 13097 1 1 697926 0
1 1 13098 13098 490144 0
13098 13098 1 1 698002 0
1 1 13099 13099 490198 0
13099 13099 1 1 698078 0
1 1 13100 13100 490252 0
13100 13100 1 1 698154 0
1 1 13101 13101 490306 0
13101 13101 1 1 698230 0
1 1 13102 13102 490360 0
13102 13102 1 1 698306 0
1 1 13103 13103 490414 0
13103 13103 1 1 698382 0
1 1 13104 13104 490468 0
13104 13104 1 1 698458 0
1 1 13105 13105 490522 0
13105 13105 1 1 698534 0
1 1 13106 13106 490576 0
13106 13106 1 1 698610 0
1 1 13107 13107 490630 0
13107 13107 1 1 698686 0
1 1 13108 13108 490684 0
13108 13108 1 1 698762 0
1 1 13109 13109 490738 0
13109 13109 1 1 698838 0
1 1 13110 13110 490792 0
13110 13110 1 1 698914 0
1 1 13111 13111 490846 0
13111 13111 1 1 698990 0
1 1 13112 13112 490900 0
13112 13112 1 1 699066 0
1 1 13113 13113 490954 0
13113 13113 1 1 699142 0
1 1 13114 13114 491008 0
13114 13114 1 1 699218 0
1 1 13115 13115 491062 0
13115 13115 1 1 699294 0
1 1 13116 13116 491116 0
13116 13116 1 1 699370 0
1 1 13117 13117 491170 0
13117 13117 1 1 699446 0
1 1 13118 13118 491224 0
13118 13118 1 1 699522 0
1 1 13119 13119 491278 0
13119 13119 1 1 699598 0
1 1 13120 13120 491332 0
13120 13120 1 1 699674 0
1 1 13121 13121 491386 0
13121 13121 1 1 699750 0
1 1 13122 13122 491440 0
13122 13122 1 1 699826 0
1 1 13123 13123 491494 0
13123 13123 1 1 699902 0
1 1 13124 13124 491548 0
13124 13124 1 1 699978 0
1 1 13125 13125 491602 0
13125 13125 1 1 700054 0
1 1 13126 13126 491656 0
13126 13126 1 1 700130 0
1 1 13127 13127 491710 0
13127 13127 1 1 700206 0
1 1 13128 13128 491764 0
13128 13128 1 1 700282 0
1 1 13129 13129 491818 0
13129 13129 1 1 700358 0
1 1 13130 13130 491872 0
13130 13130 1 1 700434 0
1 1 13131 13131 491926 0
13131 13131 1 1 700510 0
1 1 13132 13132 491980 0
13132 13132 1 1 700586 0
1 1 13133 13133 492034 0
13133 13133 1 1 700662 0
1 1 13134 13134 492088 0
13134 13134 1 1 700738 0
1 1 13135 13135 492142 0
13135 13135 1 1 700814 0
1 1 13136 13136 492196 0
13136 13136 1 1 700890 0
1 1 13137 13137 492250 0
13137 13137 1 1 700966 0
1 1 13138 13138 492304 0
13138 13138 1 1 701042 0
1 1 13139 13139 492358 0
13139 13139 1 1 701118 0
1 1 13140 13140 492412 0
13140 13140 1 1 701194 0
1 1 13141 13141 492466 0
13141 13141 1 1 701270 0
1 1 13142 13142 492520 0
13142 13142 1 1 701346 0
1 1 13143 13143 492574 0
13143 13143 1 1 701422 0
1 1 13144 13144 492628 0
13144 13144 1 1 701498 0
1 1 13145 13145 492682 0
13145 13145 1 1 701574 0
1 1 13146 13146 492736 0
13146 13146 1 1 701650 0
1 1 13147 13147 492790 0
13147 13147 1 1 701726 0
1 1 13148 13148 492844 0
13148 13148 1 1 701802 0
1 1 13149 13149 492898 0
13149 13149 1 1 701878 0
1 1 13150 13150 492952 0
13150 13150 1 1 701954 0
1 1 13151 13151 493006 0
13151 13151 1 1 702030 0
1 1 13152 13152 493060 0
13152 13152 1 1 702106 0
1 1 13153 13153 493114 0
13153 13153 1 1 702182 0
1 1 13154 13154 493168 0
13154 13154 1 1 702258 0
1 1 13155 13155 493222 0
13155 13155 1 1 702334 0
1 1 13156 13156 493276 0
13156 13156 1 1 702410 0
1 1 13157 13157 493330 0
13157 13157 1 1 702486 0
1 1 13158 13158 493384 0
13158 13158 1 1 702562 0
1 1 13159 13159 493438 0
13159 13159 1 1 702638 0
1 1 13160 13160 493492 0
13160 13160 1 1 702714 0
1 1 13161 13161 493546 0
13161 13161 1 1 702790 0
1 1 13162 13162 493600 0
13162 13162 1 1 702866 0
1 1 13163 13163 493654 0
13163 13163 1 1 702942 0
1 1 13164 13164 493708 0
13164 13164 1 1 703018 0
1 1 13165 13165 493762 0
13165 13165 1 1 703094 0
1 1 13166 13166 493816 0
13166 13166 1 1 703170 0
1 1 13167 13167 493870 0
13167 13167 1 1 703246 0
1 1 13168 13168 493924 0
13168 13168 1 1 703322 0
1 1 13169 13169 493978 0
13169 13169 1 1 703398 0
1 1 13170 13170 494032 0
13170 13170 1 1 703474 0
1 1 13171 13171 494086 0
13171 13171 1 1 703550 0
1 1 13172 13172 494140 0
13172 13172 1 1 701579 0
1 1 13173 13173 494194 0
13173 13173 1 1 701655 0
1 1 13174 13174 494248 0
13174 13174 1 1 701731 0
1 1 13175 13175 494302 0
13175 13175 1 1 701807 0
1 1 13176 13176 494356 0
13176 13176 1 1 701883 0
1 1 13177 13177 494410 0
13177 13177 1 1 701959 0
1 1 13178 13178 494464 0
13178 13178 1 1 702035 0
1 1 13179 13179 494518 0
13179 13179 1 1 702111 0
1 1 13180 13180 494572 0
13180 13180 1 1 702187 0
1 1 13181 13181 494626 0
13181 13181 1 1 702263 0
1 1 13182 13182 494680 0
13182 13182 1 1 702339 0
1 1 13183 13183 494734 0
13183 13183 1 1 702415 0
1 1 13184 13184 494788 0
13184 13184 1 1 702491 0
1 1 13185 13185 494842 0
13185 13185 1 1 702567 0
1 1 13186 13186 494896 0
13186 13186 1 1 702643 0
1 1 13187 13187 494950 0
13187 13187 1 1 702719 0
1 1 13188 13188 495004 0
13188 13188 1 1 702795 0
1 1 13189 13189 495058 0
13189 13189 1 1 702871 0
1 1 13190 13190 495112 0
13190 13190 1 1 702947 0
1 1 13191 13191 495166 0
13191 13191 1 1 703023 0
1 1 13192 13192 493571 0
13192 13192 1 1 703099 0
1 1 13193 13193 493625 0
13193 13193 1 1 703175 0
1 1 13194 13194 493679 0
13194 13194 1 1 703251 0
1 1 13195 13195 493733 0
13195 13195 1 1 703327 0
1 1 13196 13196 493787 0
13196 13196 1 1 703403 0
1 1 13197 13197 493841 0
13197 13197 1 1 703479 0
1 1 13198 13198 493895 0
13198 13198 1 1 703555 0
1 1 13199 13199 493949 0
13199 13199 1 1 703631 0
1 1 13200 13200 494003 0
13200 13200 1 1 703707 0
1 1 13201 13201 494057 0
13201 13201 1 1 703783 0
1 1 13202 13202 494111 0
13202 13202 1 1 703859 0
1 1 13203 13203 494165 0
13203 13203 1 1 703935 0
1 1 13204 13204 494219 0
13204 13204 1 1 704011 0
1 1 13205 13205 494273 0
13205 13205 1 1 704087 0
1 1 13206 13206 494327 0
13206 13206 1 1 704163 0
1 1 13207 13207 494381 0
13207 13207 1 1 704239 0
1 1 13208 13208 494435 0
13208 13208 1 1 704315 0
1 1 13209 13209 494489 0
13209 13209 1 1 704391 0
1 1 13210 13210 494543 0
13210 13210 1 1 704467 0
1 1 13211 13211 494597 0
13211 13211 1 1 704543 0
1 1 13212 13212 494651 0
13212 13212 1 1 704619 0
1 1 13213 13213 494705 0
13213 13213 1 1 704695 0
1 1 13214 13214 494759 0
13214 13214 1 1 704771 0
1 1 13215 13215 494813 0
13215 13215 1 1 704847 0
1 1 13216 13216 494867 0
13216 13216 1 1 704923 0
1 1 13217 13217 494921 0
13217 13217 1 1 704999 0
1 1 13218 13218 494975 0
13218 13218 1 1 705075 0
1 1 13219 13219 495029 0
13219 13219 1 1 705151 0
1 1 13220 13220 495083 0
13220 13220 1 1 705227 0
1 1 13221 13221 495137 0
13221 13221 1 1 705303 0
1 1 13222 13222 495191 0
13222 13222 1 1 705379 0
1 1 13223 13223 495245 0
13223 13223 1 1 705455 0
1 1 13224 13224 495299 0
13224 13224 1 1 705531 0
1 1 13225 13225 495353 0
13225 13225 1 1 705607 0
1 1 13226 13226 495407 0
13226 13226 1 1 705683 0
1 1 13227 13227 495461 0
13227 13227 1 1 705759 0
1 1 13228 13228 495515 0
13228 13228 1 1 705835 0
1 1 13229 13229 495569 0
13229 13229 1 1 705911 0
1 1 13230 13230 495623 0
13230 13230 1 1 705987 0
1 1 13231 13231 495677 0
13231 13231 1 1 706063 0
1 1 13232 13232 495731 0
13232 13232 1 1 706139 0
1 1 13233 13233 495785 0
13233 13233 1 1 706215 0
1 1 13234 13234 495839 0
13234 13234 1 1 706291 0
1 1 13235 13235 495893 0
13235 13235 1 1 706367 0
1 1 13236 13236 495947 0
13236 13236 1 1 706443 0
1 1 13237 13237 496001 0
13237 13237 1 1 706519 0
1 1 13238 13238 496055 0
13238 13238 1 1 706595 0
1 1 13239 13239 496109 0
13239 13239 1 1 706671 0
1 1 13240 13240 496163 0
13240 13240 1 1 706747 0
1 1 13241 13241 496217 0
13241 13241 1 1 706823 0
1 1 13242 13242 496271 0
13242 13242 1 1 706899 0
1 1 13243 13243 496325 0
13243 13243 1 1 706975 0
1 1 13244 13244 496379 0
13244 13244 1 1 707051 0
1 1 13245 13245 496433 0
13245 13245 1 1 707127 0
1 1 13246 13246 496487 0
13246 13246 1 1 707203 0
1 1 13247 13247 496541 0
13247 13247 1 1 707279 0
1 1 13248 13248 496595 0
13248 13248 1 1 707355 0
1 1 13249 13249 496649 0
13249 13249 1 1 707431 0
1 1 13250 13250 496703 0
13250 13250 1 1 707507 0
1 1 13251 13251 496757 0
13251 13251 1 1 707583 0
1 1 13252 13252 496811 0
13252 13252 1 1 707659 0
1 1 13253 13253 496865 0
13253 13253 1 1 707735 0
1 1 13254 13254 496919 0
13254 13254 1 1 707811 0
1 1 13255 13255 496973 0
13255 13255 1 1 707887 0
1 1 13256 13256 497027 0
13256 13256 1 1 707963 0
1 1 13257 13257 497081 0
13257 13257 1 1 708039 0
1 1 13258 13258 497135 0
13258 13258 1 1 708115 0
1 1 13259 13259 497189 0
13259 13259 1 1 708191 0
1 1 13260 13260 497243 0
13260 13260 1 1 708267 0
1 1 13261 13261 497297 0
13261 13261 1 1 706296 0
1 1 13262 13262 497351 0
13262 13262 1 1 706372 0
1 1 13263 13263 497405 0
13263 13263 1 1 706448 0
1 1 13264 13264 497459 0
13264 13264 1 1 706524 0
1 1 13265 13265 497513 0
13265 13265 1 1 706600 0
1 1 13266 13266 497567 0
13266 13266 1 1 706676 0
1 1 13267 13267 497621 0
13267 13267 1 1 706752 0
1 1 13268 13268 497675 0
13268 13268 1 1 706828 0
1 1 13269 13269 497729 0
13269 13269 1 1 706904 0
1 1 13270 13270 497783 0
13270 13270 1 1 706980 0
1 1 13271 13271 497837 0
13271 13271 1 1 707056 0
1 1 13272 13272 497891 0
13272 13272 1 1 707132 0
1 1 13273 13273 497945 0
13273 13273 1 1 707208 0
1 1 13274 13274 497999 0
13274 13274 1 1 707284 0
1 1 13275 13275 498053 0
13275 13275 1 1 707360 0
1 1 13276 13276 498107 0
13276 13276 1 1 707436 0
1 1 13277 13277 498161 0
13277 13277 1 1 707512 0
1 1 13278 13278 498215 0
13278 13278 1 1 707588 0
1 1 13279 13279 498269 0
13279 13279 1 1 707664 0
1 1 13280 13280 498323 0
13280 13280 1 1 707740 0
1 1 13281 13281 498377 0
13281 13281 1 1 707816 0
1 1 13282 13282 498431 0
13282 13282 1 1 707892 0
1 1 13283 13283 498485 0
13283 13283 1 1 707968 0
1 1 13284 13284 498539 0
13284 13284 1 1 708044 0
1 1 13285 13285 498593 0
13285 13285 1 1 708120 0
1 1 13286 13286 498647 0
13286 13286 1 1 708196 0
1 1 13287 13287 498701 0
13287 13287 1 1 708272 0
1 1 13288 13288 498755 0
13288 13288 1 1 708348 0
1 1 13289 13289 497160 0
13289 13289 1 1 708424 0
1 1 13290 13290 497214 0
13290 13290 1 1 708500 0
1 1 13291 13291 497268 0
13291 13291 1 1 708576 0
1 1 13292 13292 497322 0
13292 13292 1 1 708652 0
1 1 13293 13293 497376 0
13293 13293 1 1 708728 0
1 1 13294 13294 497430 0
13294 13294 1 1 708804 0
1 1 13295 13295 497484 0
13295 13295 1 1 708880 0
1 1 13296 13296 497538 0
13296 13296 1 1 708956 0
1 1 13297 13297 497592 0
13297 13297 1 1 709032 0
1 1 13298 13298 497646 0
13298 13298 1 1 709108 0
1 1 13299 13299 497700 0
13299 13299 1 1 709184 0
1 1 13300 13300 497754 0
13300 13300 1 1 709260 0
1 1 13301 13301 497808 0
13301 13301 1 1 709336 0
1 1 13302 13302 497862 0
13302 13302 1 1 709412 0
1 1 13303 13303 497916 0
13303 13303 1 1 709488 0
1 1 13304 13304 497970 0
13304 13304 1 1 709564 0
1 1 13305 13305 498024 0
13305 13305 1 1 709640 0
1 1 13306 13306 498078 0
13306 13306 1 1 709716 0
1 1 13307 13307 498132 0
13307 13307 1 1 709792 0
1 1 13308 13308 498186 0
13308 13308 1 1 709868 0
1 1 13309 13309 498240 0
13309 13309 1 1 709944 0
1 1 13310 13310 498294 0
13310 13310 1 1 710020 0
1 1 13311 13311 498348 0
13311 13311 1 1 710096 0
1 1 13312 13312 498402 0
13312 13312 1 1 710172 0
1 1 13313 13313 498456 0
13313 13313 1 1 710248 0
1 1 13314 13314 498510 0
13314 13314 1 1 710324 0
1 1 13315 13315 498564 0
13315 13315 1 1 710400 0
1 1 13316 13316 498618 0
13316 13316 1 1 710476 0
1 1 13317 13317 498672 0
13317 13317 1 1 710552 0
1 1 13318 13318 498726 0
13318 13318 1 1 710628 0
1 1 13319 13319 498780 0
13319 13319 1 1 710704 0
1 1 13320 13320 498834 0
13320 13320 1 1 710780 0
1 1 13321 13321 498888 0
13321 13321 1 1 710856 0
1 1 13322 13322 498942 0
13322 13322 1 1 710932 0
1 1 13323 13323 498996 0
13323 13323 1 1 711008 0
1 1 13324 13324 499050 0
13324 13324 1 1 711084 0
1 1 13325 13325 499104 0
13325 13325 1 1 711160 0
1 1 13326 13326 499158 0
13326 13326 1 1 711236 0
1 1 13327 13327 499212 0
13327 13327 1 1 711312 0
1 1 13328 13328 499266 0
13328 13328 1 1 711388 0
1 1 13329 13329 499320 0
13329 13329 1 1 711464 0
1 1 13330 13330 499374 0
13330 13330 1 1 711540 0
1 1 13331 13331 499428 0
13331 13331 1 1 711616 0
1 1 13332 13332 499482 0
13332 13332 1 1 711692 0
1 1 13333 13333 499536 0
13333 13333 1 1 711768 0
1 1 13334 13334 499590 0
13334 13334 1 1 711844 0
1 1 13335 13335 499644 0
13335 13335 1 1 711920 0
1 1 13336 13336 499698 0
13336 13336 1 1 711996 0
1 1 13337 13337 499752 0
13337 13337 1 1 712072 0
1 1 13338 13338 499806 0
13338 13338 1 1 712148 0
1 1 13339 13339 499860 0
13339 13339 1 1 712224 0
1 1 13340 13340 499914 0
13340 13340 1 1 712300 0
1 1 13341 13341 499968 0
13341 13341 1 1 712376 0
1 1 13342 13342 500022 0
13342 13342 1 1 712452 0
1 1 13343 13343 500076 0
13343 13343 1 1 712528 0
1 1 13344 13344 500130 0
13344 13344 1 1 712604 0
1 1 13345 13345 500184 0
13345 13345 1 1 712680 0
1 1 13346 13346 500238 0
13346 13346 1 1 712756 0
1 1 13347 13347 500292 0
13347 13347 1 1 712832 0
1 1 13348 13348 500346 0
13348 13348 1 1 712908 0
1 1 13349 13349 500400 0
13349 13349 1 1 712984 0
1 1 13350 13350 500454 0
13350 13350 1 1 711013 0
1 1 13351 13351 500508 0
13351 13351 1 1 711089 0
1 1 13352 13352 500562 0
13352 13352 1 1 711165 0
1 1 13353 13353 500616 0
13353 13353 1 1 711241 0
1 1 13354 13354 500670 0
13354 13354 1 1 711317 0
1 1 13355 13355 500724 0
13355 13355 1 1 711393 0
1 1 13356 13356 500778 0
13356 13356 1 1 711469 0
1 1 13357 13357 500832 0
13357 13357 1 1 711545 0
1 1 13358 13358 500886 0
13358 13358 1 1 711621 0
1 1 13359 13359 500940 0
13359 13359 1 1 711697 0
1 1 13360 13360 500994 0
13360 13360 1 1 711773 0
1 1 13361 13361 501048 0
13361 13361 1 1 711849 0
1 1 13362 13362 501102 0
13362 13362 1 1 711925 0
1 1 13363 13363 501156 0
13363 13363 1 1 712001 0
1 1 13364 13364 501210 0
13364 13364 1 1 712077 0
1 1 13365 13365 501264 0
13365 13365 1 1 712153 0
1 1 13366 13366 501318 0
13366 13366 1 1 712229 0
1 1 13367 13367 501372 0
13367 13367 1 1 712305 0
1 1 13368 13368 501426 0
13368 13368 1 1 712381 0
1 1 13369 13369 501480 0
13369 13369 1 1 712457 0
1 1 13370 13370 501534 0
13370 13370 1 1 712533 0
1 1 13371 13371 501588 0
13371 13371 1 1 712609 0
1 1 13372 13372 501642 0
13372 13372 1 1 712685 0
1 1 13373 13373 501696 0
13373 13373 1 1 712761 0
1 1 13374 13374 501750 0
13374 13374 1 1 712837 0
1 1 13375 13375 501804 0
13375 13375 1 1 712913 0
1 1 13376 13376 501858 0
13376 13376 1 1 712989 0
1 1 13377 13377 501912 0
13377 13377 1 1 713065 0
1 1 13378 13378 501966 0
13378 13378 1 1 713141 0
1 1 13379 13379 502020 0
13379 13379 1 1 713217 0
1 1 13380 13380 502074 0
13380 13380 1 1 713293 0
1 1 13381 13381 502128 0
13381 13381 1 1 713369 0
1 1 13382 13382 502182 0
13382 13382 1 1 713445 0
1 1 13383 13383 502236 0
13383 13383 1 1 713521 0
1 1 13384 13384 502290 0
13384 13384 1 1 713597 0
1 1 13385 13385 502344 0
13385 13385 1 1 713673 0
1 1 13386 13386 500749 0
13386 13386 1 1 713749 0
1 1 13387 13387 500803 0
13387 13387 1 1 713825 0
1 1 13388 13388 500857 0
13388 13388 1 1 713901 0
1 1 13389 13389 500911 0
13389 13389 1 1 713977 0
1 1 13390 13390 500965 0
13390 13390 1 1 714053 0
1 1 13391 13391 501019 0
13391 13391 1 1 714129 0
1 1 13392 13392 501073 0
13392 13392 1 1 714205 0
1 1 13393 13393 501127 0
13393 13393 1 1 714281 0
1 1 13394 13394 501181 0
13394 13394 1 1 714357 0
1 1 13395 13395 501235 0
13395 13395 1 1 714433 0
1 1 13396 13396 501289 0
13396 13396 1 1 714509 0
1 1 13397 13397 501343 0
13397 13397 1 1 714585 0
1 1 13398 13398 501397 0
13398 13398 1 1 714661 0
1 1 13399 13399 501451 0
13399 13399 1 1 714737 0
1 1 13400 13400 501505 0
13400 13400 1 1 714813 0
1 1 13401 13401 501559 0
13401 13401 1 1 714889 0
1 1 13402 13402 501613 0
13402 13402 1 1 714965 0
1 1 13403 13403 501667 0
13403 13403 1 1 715041 0
1 1 13404 13404 501721 0
13404 13404 1 1 715117 0
1 1 13405 13405 501775 0
13405 13405 1 1 715193 0
1 1 13406 13406 501829 0
13406 13406 1 1 715269 0
1 1 13407 13407 501883 0
13407 13407 1 1 715345 0
1 1 13408 13408 501937 0
13408 13408 1 1 715421 0
1 1 13409 13409 501991 0
13409 13409 1 1 715497 0
1 1 13410 13410 502045 0
13410 13410 1 1 715573 0
1 1 13411 13411 502099 0
13411 13411 1 1 715649 0
1 1 13412 13412 502153 0
13412 13412 1 1 715725 0
1 1 13413 13413 502207 0
13413 13413 1 1 715801 0
1 1 13414 13414 502261 0
13414 13414 1 1 715877 0
1 1 13415 13415 502315 0
13415 13415 1 1 715953 0
1 1 13416 13416 502369 0
13416 13416 1 1 716029 0
1 1 13417 13417 502423 0
13417 13417 1 1 716105 0
1 1 13418 13418 502477 0
13418 13418 1 1 716181 0
1 1 13419 13419 502531 0
13419 13419 1 1 716257 0
1 1 13420 13420 502585 0
13420 13420 1 1 716333 0
1 1 13421 13421 502639 0
13421 13421 1 1 716409 0
1 1 13422 13422 502693 0
13422 13422 1 1 716485 0
1 1 13423 13423 502747 0
13423 13423 1 1 716561 0
1 1 13424 13424 502801 0
13424 13424 1 1 716637 0
1 1 13425 13425 502855 0
13425 13425 1 1 716713 0
1 1 13426 13426 502909 0
13426 13426 1 1 716789 0
1 1 13427 13427 502963 0
13427 13427 1 1 716865 0
1 1 13428 13428 503017 0
13428 13428 1 1 716941 0
1 1 13429 13429 503071 0
13429 13429 1 1 717017 0
1 1 13430 13430 503125 0
13430 13430 1 1 717093 0
1 1 13431 13431 503179 0
13431 13431 1 1 717169 0
1 1 13432 13432 503233 0
13432 13432 1 1 717245 0
1 1 13433 13433 503287 0
13433 13433 1 1 717321 0
1 1 13434 13434 503341 0
13434 13434 1 1 717397 0
1 1 13435 13435 503395 0
13435 13435 1 1 717473 0
1 1 13436 13436 503449 0
13436 13436 1 1 717549 0
1 1 13437 13437 503503 0
13437 13437 1 1 717625 0
1 1 13438 13438 503557 0
13438 13438 1 1 717701 0
1 1 13439 13439 503611 0
13439 13439 1 1 715730 0
1 1 13440 13440 503665 0
13440 13440 1 1 715806 0
1 1 13441 13441 503719 0
13441 13441 1 1 715882 0
1 1 13442 13442 503773 0
13442 13442 1 1 715958 0
1 1 13443 13443 503827 0
13443 13443 1 1 716034 0
1 1 13444 13444 503881 0
13444 13444 1 1 716110 0
1 1 13445 13445 503935 0
13445 13445 1 1 716186 0
1 1 13446 13446 503989 0
13446 13446 1 1 716262 0
1 1 13447 13447 504043 0
13447 13447 1 1 716338 0
1 1 13448 13448 504097 0
13448 13448 1 1 716414 0
1 1 13449 13449 504151 0
13449 13449 1 1 716490 0
1 1 13450 13450 504205 0
13450 13450 1 1 716566 0
1 1 13451 13451 504259 0
13451 13451 1 1 716642 0
1 1 13452 13452 504313 0
13452 13452 1 1 716718 0
1 1 13453 13453 504367 0
13453 13453 1 1 716794 0
1 1 13454 13454 504421 0
13454 13454 1 1 716870 0
1 1 13455 13455 504475 0
13455 13455 1 1 716946 0
1 1 13456 13456 504529 0
13456 13456 1 1 717022 0
1 1 13457 13457 504583 0
13457 13457 1 1 717098 0
1 1 13458 13458 504637 0
13458 13458 1 1 717174 0
1 1 13459 13459 504691 0
13459 13459 1 1 717250 0
1 1 13460 13460 504745 0
13460 13460 1 1 717326 0
1 1 13461 13461 504799 0
13461 13461 1 1 717402 0
1 1 13462 13462 504853 0
13462 13462 1 1 717478 0
1 1 13463 13463 504907 0
13463 13463 1 1 717554 0
1 1 13464 13464 504961 0
13464 13464 1 1 717630 0
1 1 13465 13465 505015 0
13465 13465 1 1 717706 0
1 1 13466 13466 505069 0
13466 13466 1 1 717782 0
1 1 13467 13467 505123 0
13467 13467 1 1 717858 0
1 1 13468 13468 505177 0
13468 13468 1 1 717934 0
1 1 13469 13469 505231 0
13469 13469 1 1 718010 0
1 1 13470 13470 505285 0
13470 13470 1 1 718086 0
1 1 13471 13471 505339 0
13471 13471 1 1 718162 0
1 1 13472 13472 505393 0
13472 13472 1 1 718238 0
1 1 13473 13473 505447 0
13473 13473 1 1 718314 0
1 1 13474 13474 505501 0
13474 13474 1 1 718390 0
1 1 13475 13475 505555 0
13475 13475 1 1 718466 0
1 1 13476 13476 505609 0
13476 13476 1 1 718542 0
1 1 13477 13477 505663 0
13477 13477 1 1 718618 0
1 1 13478 13478 505717 0
13478 13478 1 1 718694 0
1 1 13479 13479 505771 0
13479 13479 1 1 718770 0
1 1 13480 13480 505825 0
13480 13480 1 1 718846 0
1 1 13481 13481 505879 0
13481 13481 1 1 718922 0
1 1 13482 13482 505933 0
13482 13482 1 1 718998 0
1 1 13483 13483 504338 0
13483 13483 1 1 719074 0
1 1 13484 13484 504392 0
13484 13484 1 1 719150 0
1 1 13485 13485 504446 0
13485 13485 1 1 719226 0
1 1 13486 13486 504500 0
13486 13486 1 1 719302 0
1 1 13487 13487 504554 0
13487 13487 1 1 719378 0
1 1 13488 13488 504608 0
13488 13488 1 1 719454 0
1 1 13489 13489 504662 0
13489 13489 1 1 719530 0
1 1 13490 13490 504716 0
13490 13490 1 1 719606 0
1 1 13491 13491 504770 0
13491 13491 1 1 719682 0
1 1 13492 13492 504824 0
13492 13492 1 1 719758 0
1 1 13493 13493 504878 0
13493 13493 1 1 719834 0
1 1 13494 13494 504932 0
13494 13494 1 1 719910 0
1 1 13495 13495 504986 0
13495 13495 1 1 719986 0
1 1 13496 13496 505040 0
13496 13496 1 1 720062 0
1 1 13497 13497 505094 0
13497 13497 1 1 720138 0
1 1 13498 13498 505148 0
13498 13498 1 1 720214 0
1 1 13499 13499 505202 0
13499 13499 1 1 720290 0
1 1 13500 13500 505256 0
13500 13500 1 1 720366 0
1 1 13501 13501 505310 0
13501 13501 1 1 720442 0
1 1 13502 13502 505364 0
13502 13502 1 1 720518 0
1 1 13503 13503 505418 0
13503 13503 1 1 720594 0
1 1 13504 13504 505472 0
13504 13504 1 1 720670 0
1 1 13505 13505 505526 0
13505 13505 1 1 720746 0
1 1 13506 13506 505580 0
13506 13506 1 1 720822 0
1 1 13507 13507 505634 0
13507 13507 1 1 720898 0
1 1 13508 13508 505688 0
13508 13508 1 1 720974 0
1 1 13509 13509 505742 0
13509 13509 1 1 721050 0
1 1 13510 13510 505796 0
13510 13510 1 1 721126 0
1 1 13511 13511 505850 0
13511 13511 1 1 721202 0
1 1 13512 13512 505904 0
13512 13512 1 1 721278 0
1 1 13513 13513 505958 0
13513 13513 1 1 721354 0
1 1 13514 13514 506012 0
13514 13514 1 1 721430 0
1 1 13515 13515 506066 0
13515 13515 1 1 721506 0
1 1 13516 13516 506120 0
13516 13516 1 1 721582 0
1 1 13517 13517 506174 0
13517 13517 1 1 721658 0
1 1 13518 13518 506228 0
13518 13518 1 1 721734 0
1 1 13519 13519 506282 0
13519 13519 1 1 721810 0
1 1 13520 13520 506336 0
13520 13520 1 1 721886 0
1 1 13521 13521 506390 0
13521 13521 1 1 721962 0
1 1 13522 13522 506444 0
13522 13522 1 1 722038 0
1 1 13523 13523 506498 0
13523 13523 1 1 722114 0
1 1 13524 13524 506552 0
13524 13524 1 1 722190 0
1 1 13525 13525 506606 0
13525 13525 1 1 722266 0
1 1 13526 13526 506660 0
13526 13526 1 1 722342 0
1 1 13527 13527 506714 0
13527 13527 1 1 722418 0
1 1 13528 13528 506768 0
13528 13528 1 1 720447 0
1 1 13529 13529 506822 0
13529 13529 1 1 720523 0
1 1 13530 13530 506876 0
13530 13530 1 1 720599 0
1 1 13531 13531 506930 0
13531 13531 1 1 720675 0
1 1 13532 13532 506984 0
13532 13532 1 1 720751 0
1 1 13533 13533 507038 0
13533 13533 1 1 720827 0
1 1 13534 13534 507092 0
13534 13534 1 1 720903 0
1 1 13535 13535 507146 0
13535 13535 1 1 720979 0
1 1 13536 13536 507200 0
13536 13536 1 1 721055 0
1 1 13537 13537 507254 0
13537 13537 1 1 721131 0
1 1 13538 13538 507308 0
13538 13538 1 1 721207 0
1 1 13539 13539 507362 0
13539 13539 1 1 721283 0
1 1 13540 13540 507416 0
13540 13540 1 1 721359 0
1 1 13541 13541 507470 0
13541 13541 1 1 721435 0
1 1 13542 13542 507524 0
13542 13542 1 1 721511 0
1 1 13543 13543 507578 0
13543 13543 1 1 721587 0
1 1 13544 13544 507632 0
13544 13544 1 1 721663 0
1 1 13545 13545 507686 0
13545 13545 1 1 721739 0
1 1 13546 13546 507740 0
13546 13546 1 1 721815 0
1 1 13547 13547 507794 0
13547 13547 1 1 721891 0
1 1 13548 13548 507848 0
13548 13548 1 1 721967 0
1 1 13549 13549 507902 0
13549 13549 1 1 722043 0
1 1 13550 13550 507956 0
13550 13550 1 1 722119 0
1 1 13551 13551 508010 0
13551 13551 1 1 722195 0
1 1 13552 13552 508064 0
13552 13552 1 1 722271 0
1 1 13553 13553 508118 0
13553 13553 1 1 722347 0
1 1 13554 13554 508172 0
13554 13554 1 1 722423 0
1 1 13555 13555 508226 0
13555 13555 1 1 722499 0
1 1 13556 13556 508280 0
13556 13556 1 1 722575 0
1 1 13557 13557 508334 0
13557 13557 1 1 722651 0
1 1 13558 13558 508388 0
13558 13558 1 1 722727 0
1 1 13559 13559 508442 0
13559 13559 1 1 722803 0
1 1 13560 13560 508496 0
13560 13560 1 1 722879 0
1 1 13561 13561 508550 0
13561 13561 1 1 722955 0
1 1 13562 13562 508604 0
13562 13562 1 1 723031 0
1 1 13563 13563 508658 0
13563 13563 1 1 723107 0
1 1 13564 13564 508712 0
13564 13564 1 1 723183 0
1 1 13565 13565 508766 0
13565 13565 1 1 723259 0
1 1 13566 13566 508820 0
13566 13566 1 1 723335 0
1 1 13567 13567 508874 0
13567 13567 1 1 723411 0
1 1 13568 13568 508928 0
13568 13568 1 1 723487 0
1 1 13569 13569 508982 0
13569 13569 1 1 723563 0
1 1 13570 13570 509036 0
13570 13570 1 1 723639 0
1 1 13571 13571 509090 0
13571 13571 1 1 723715 0
1 1 13572 13572 509144 0
13572 13572 1 1 723791 0
1 1 13573 13573 509198 0
13573 13573 1 1 723867 0
1 1 13574 13574 509252 0
13574 13574 1 1 723943 0
1 1 13575 13575 509306 0
13575 13575 1 1 724019 0
1 1 13576 13576 509360 0
13576 13576 1 1 724095 0
1 1 13577 13577 509414 0
13577 13577 1 1 724171 0
1 1 13578 13578 509468 0
13578 13578 1 1 724247 0
1 1 13579 13579 509522 0
13579 13579 1 1 724323 0
1 1 13580 13580 507927 0
13580 13580 1 1 724399 0
1 1 13581 13581 507981 0
13581 13581 1 1 724475 0
1 1 13582 13582 508035 0
13582 13582 1 1 724551 0
1 1 13583 13583 508089 0
13583 13583 1 1 724627 0
1 1 13584 13584 508143 0
13584 13584 1 1 724703 0
1 1 13585 13585 508197 0
13585 13585 1 1 724779 0
1 1 13586 13586 508251 0
13586 13586 1 1 724855 0
1 1 13587 13587 508305 0
13587 13587 1 1 724931 0
1 1 13588 13588 508359 0
13588 13588 1 1 725007 0
1 1 13589 13589 508413 0
13589 13589 1 1 725083 0
1 1 13590 13590 508467 0
13590 13590 1 1 725159 0
1 1 13591 13591 508521 0
13591 13591 1 1 725235 0
1 1 13592 13592 508575 0
13592 13592 1 1 725311 0
1 1 13593 13593 508629 0
13593 13593 1 1 725387 0
1 1 13594 13594 508683 0
13594 13594 1 1 725463 0
1 1 13595 13595 508737 0
13595 13595 1 1 725539 0
1 1 13596 13596 508791 0
13596 13596 1 1 725615 0
1 1 13597 13597 508845 0
13597 13597 1 1 725691 0
1 1 13598 13598 508899 0
13598 13598 1 1 725767 0
1 1 13599 13599 508953 0
13599 13599 1 1 725843 0
1 1 13600 13600 509007 0
13600 13600 1 1 725919 0
1 1 13601 13601 509061 0
13601 13601 1 1 725995 0
1 1 13602 13602 509115 0
13602 13602 1 1 726071 0
1 1 13603 13603 509169 0
13603 13603 1 1 726147 0
1 1 13604 13604 509223 0
13604 13604 1 1 726223 0
1 1 13605 13605 509277 0
13605 13605 1 1 726299 0
1 1 13606 13606 509331 0
13606 13606 1 1 726375 0
1 1 13607 13607 509385 0
13607 13607 1 1 726451 0
1 1 13608 13608 509439 0
13608 13608 1 1 726527 0
1 1 13609 13609 509493 0
13609 13609 1 1 726603 0
1 1 13610 13610 509547 0
13610 13610 1 1 726679 0
1 1 13611 13611 509601 0
13611 13611 1 1 726755 0
1 1 13612 13612 509655 0
13612 13612 1 1 726831 0
1 1 13613 13613 509709 0
13613 13613 1 1 726907 0
1 1 13614 13614 509763 0
13614 13614 1 1 726983 0
1 1 13615 13615 509817 0
13615 13615 1 1 727059 0
1 1 13616 13616 509871 0
13616 13616 1 1 727135 0
1 1 13617 13617 509925 0
13617 13617 1 1 725164 0
1 1 13618 13618 509979 0
13618 13618 1 1 725240 0
1 1 13619 13619 510033 0
13619 13619 1 1 725316 0
1 1 13620 13620 510087 0
13620 13620 1 1 725392 0
1 1 13621 13621 510141 0
13621 13621 1 1 725468 0
1 1 13622 13622 510195 0
13622 13622 1 1 725544 0
1 1 13623 13623 510249 0
13623 13623 1 1 725620 0
1 1 13624 13624 510303 0
13624 13624 1 1 725696 0
1 1 13625 13625 510357 0
13625 13625 1 1 725772 0
1 1 13626 13626 510411 0
13626 13626 1 1 725848 0
1 1 13627 13627 510465 0
13627 13627 1 1 725924 0
1 1 13628 13628 510519 0
13628 13628 1 1 726000 0
1 1 13629 13629 510573 0
13629 13629 1 1 726076 0
1 1 13630 13630 510627 0
13630 13630 1 1 726152 0
1 1 13631 13631 510681 0
13631 13631 1 1 726228 0
1 1 13632 13632 510735 0
13632 13632 1 1 726304 0
1 1 13633 13633 510789 0
13633 13633 1 1 726380 0
1 1 13634 13634 510843 0
13634 13634 1 1 726456 0
1 1 13635 13635 510897 0
13635 13635 1 1 726532 0
1 1 13636 13636 510951 0
13636 13636 1 1 726608 0
1 1 13637 13637 511005 0
13637 13637 1 1 726684 0
1 1 13638 13638 511059 0
13638 13638 1 1 726760 0
1 1 13639 13639 511113 0
13639 13639 1 1 726836 0
1 1 13640 13640 511167 0
13640 13640 1 1 726912 0
1 1 13641 13641 511221 0
13641 13641 1 1 726988 0
1 1 13642 13642 511275 0
13642 13642 1 1 727064 0
1 1 13643 13643 511329 0
13643 13643 1 1 727140 0
1 1 13644 13644 511383 0
13644 13644 1 1 727216 0
1 1 13645 13645 511437 0
13645 13645 1 1 727292 0
1 1 13646 13646 511491 0
13646 13646 1 1 727368 0
1 1 13647 13647 511545 0
13647 13647 1 1 727444 0
1 1 13648 13648 511599 0
13648 13648 1 1 727520 0
1 1 13649 13649 511653 0
13649 13649 1 1 727596 0
1 1 13650 13650 511707 0
13650 13650 1 1 727672 0
1 1 13651 13651 511761 0
13651 13651 1 1 727748 0
1 1 13652 13652 511815 0
13652 13652 1 1 727824 0
1 1 13653 13653 511869 0
13653 13653 1 1 727900 0
1 1 13654 13654 511923 0
13654 13654 1 1 727976 0
1 1 13655 13655 511977 0
13655 13655 1 1 728052 0
1 1 13656 13656 512031 0
13656 13656 1 1 728128 0
1 1 13657 13657 512085 0
13657 13657 1 1 728204 0
1 1 13658 13658 512139 0
13658 13658 1 1 728280 0
1 1 13659 13659 512193 0
13659 13659 1 1 728356 0
1 1 13660 13660 512247 0
13660 13660 1 1 728432 0
1 1 13661 13661 512301 0
13661 13661 1 1 728508 0
1 1 13662 13662 512355 0
13662 13662 1 1 728584 0
1 1 13663 13663 512409 0
13663 13663 1 1 728660 0
1 1 13664 13664 512463 0
13664 13664 1 1 728736 0
1 1 13665 13665 512517 0
13665 13665 1 1 728812 0
1 1 13666 13666 512571 0
13666 13666 1 1 728888 0
1 1 13667 13667 512625 0
13667 13667 1 1 728964 0
1 1 13668 13668 512679 0
13668 13668 1 1 729040 0
1 1 13669 13669 512733 0
13669 13669 1 1 729116 0
1 1 13670 13670 512787 0
13670 13670 1 1 729192 0
1 1 13671 13671 512841 0
13671 13671 1 1 729268 0
1 1 13672 13672 512895 0
13672 13672 1 1 729344 0
1 1 13673 13673 512949 0
13673 13673 1 1 729420 0
1 1 13674 13674 513003 0
13674 13674 1 1 729496 0
1 1 13675 13675 513057 0
13675 13675 1 1 729572 0
1 1 13676 13676 513111 0
13676 13676 1 1 729648 0
1 1 13677 13677 511516 0
13677 13677 1 1 729724 0
1 1 13678 13678 511570 0
13678 13678 1 1 729800 0
1 1 13679 13679 511624 0
13679 13679 1 1 729876 0
1 1 13680 13680 511678 0
13680 13680 1 1 729952 0
1 1 13681 13681 511732 0
13681 13681 1 1 730028 0
1 1 13682 13682 511786 0
13682 13682 1 1 730104 0
1 1 13683 13683 511840 0
13683 13683 1 1 730180 0
1 1 13684 13684 511894 0
13684 13684 1 1 730256 0
1 1 13685 13685 511948 0
13685 13685 1 1 730332 0
1 1 13686 13686 512002 0
13686 13686 1 1 730408 0
1 1 13687 13687 512056 0
13687 13687 1 1 730484 0
1 1 13688 13688 512110 0
13688 13688 1 1 730560 0
1 1 13689 13689 512164 0
13689 13689 1 1 730636 0
1 1 13690 13690 512218 0
13690 13690 1 1 730712 0
1 1 13691 13691 512272 0
13691 13691 1 1 730788 0
1 1 13692 13692 512326 0
13692 13692 1 1 730864 0
1 1 13693 13693 512380 0
13693 13693 1 1 730940 0
1 1 13694 13694 512434 0
13694 13694 1 1 731016 0
1 1 13695 13695 512488 0
13695 13695 1 1 731092 0
1 1 13696 13696 512542 0
13696 13696 1 1 731168 0
1 1 13697 13697 512596 0
13697 13697 1 1 731244 0
1 1 13698 13698 512650 0
13698 13698 1 1 731320 0
1 1 13699 13699 512704 0
13699 13699 1 1 731396 0
1 1 13700 13700 512758 0
13700 13700 1 1 731472 0
1 1 13701 13701 512812 0
13701 13701 1 1 731548 0
1 1 13702 13702 512866 0
13702 13702 1 1 731624 0
1 1 13703 13703 512920 0
13703 13703 1 1 731700 0
1 1 13704 13704 512974 0
13704 13704 1 1 731776 0
1 1 13705 13705 513028 0
13705 13705 1 1 731852 0
1 1 13706 13706 513082 0
13706 13706 1 1 729881 0
1 1 13707 13707 513136 0
13707 13707 1 1 729957 0
1 1 13708 13708 513190 0
13708 13708 1 1 730033 0
1 1 13709 13709 513244 0
13709 13709 1 1 730109 0
1 1 13710 13710 513298 0
13710 13710 1 1 730185 0
1 1 13711 13711 513352 0
13711 13711 1 1 730261 0
1 1 13712 13712 513406 0
13712 13712 1 1 730337 0
1 1 13713 13713 513460 0
13713 13713 1 1 730413 0
1 1 13714 13714 513514 0
13714 13714 1 1 730489 0
1 1 13715 13715 513568 0
13715 13715 1 1 730565 0
1 1 13716 13716 513622 0
13716 13716 1 1 730641 0
1 1 13717 13717 513676 0
13717 13717 1 1 730717 0
1 1 13718 13718 513730 0
13718 13718 1 1 730793 0
1 1 13719 13719 513784 0
13719 13719 1 1 730869 0
1 1 13720 13720 513838 0
13720 13720 1 1 730945 0
1 1 13721 13721 513892 0
13721 13721 1 1 731021 0
1 1 13722 13722 513946 0
13722 13722 1 1 731097 0
1 1 13723 13723 514000 0
13723 13723 1 1 731173 0
1 1 13724 13724 514054 0
13724 13724 1 1 731249 0
1 1 13725 13725 514108 0
13725 13725 1 1 731325 0
1 1 13726 13726 514162 0
13726 13726 1 1 731401 0
1 1 13727 13727 514216 0
13727 13727 1 1 731477 0
1 1 13728 13728 514270 0
13728 13728 1 1 731553 0
1 1 13729 13729 514324 0
13729 13729 1 1 731629 0
1 1 13730 13730 514378 0
13730 13730 1 1 731705 0
1 1 13731 13731 514432 0
13731 13731 1 1 731781 0
1 1 13732 13732 514486 0
13732 13732 1 1 731857 0
1 1 13733 13733 514540 0
13733 13733 1 1 731933 0
1 1 13734 13734 514594 0
13734 13734 1 1 732009 0
1 1 13735 13735 514648 0
13735 13735 1 1 732085 0
1 1 13736 13736 514702 0
13736 13736 1 1 732161 0
1 1 13737 13737 514756 0
13737 13737 1 1 732237 0
1 1 13738 13738 514810 0
13738 13738 1 1 732313 0
1 1 13739 13739 514864 0
13739 13739 1 1 732389 0
1 1 13740 13740 514918 0
13740 13740 1 1 732465 0
1 1 13741 13741 514972 0
13741 13741 1 1 732541 0
1 1 13742 13742 515026 0
13742 13742 1 1 732617 0
1 1 13743 13743 515080 0
13743 13743 1 1 732693 0
1 1 13744 13744 515134 0
13744 13744 1 1 732769 0
1 1 13745 13745 515188 0
13745 13745 1 1 732845 0
1 1 13746 13746 515242 0
13746 13746 1 1 732921 0
1 1 13747 13747 515296 0
13747 13747 1 1 732997 0
1 1 13748 13748 515350 0
13748 13748 1 1 733073 0
1 1 13749 13749 515404 0
13749 13749 1 1 733149 0
1 1 13750 13750 515458 0
13750 13750 1 1 733225 0
1 1 13751 13751 515512 0
13751 13751 1 1 733301 0
1 1 13752 13752 515566 0
13752 13752 1 1 733377 0
1 1 13753 13753 515620 0
13753 13753 1 1 733453 0
1 1 13754 13754 515674 0
13754 13754 1 1 733529 0
1 1 13755 13755 515728 0
13755 13755 1 1 733605 0
1 1 13756 13756 515782 0
13756 13756 1 1 733681 0
1 1 13757 13757 515836 0
13757 13757 1 1 733757 0
1 1 13758 13758 515890 0
13758 13758 1 1 733833 0
1 1 13759 13759 515944 0
13759 13759 1 1 733909 0
1 1 13760 13760 515998 0
13760 13760 1 1 733985 0
1 1 13761 13761 516052 0
13761 13761 1 1 734061 0
1 1 13762 13762 516106 0
13762 13762 1 1 734137 0
1 1 13763 13763 516160 0
13763 13763 1 1 734213 0
1 1 13764 13764 516214 0
13764 13764 1 1 734289 0
1 1 13765 13765 516268 0
13765 13765 1 1 734365 0
1 1 13766 13766 516322 0
13766 13766 1 1 734441 0
1 1 13767 13767 516376 0
13767 13767 1 1 734517 0
1 1 13768 13768 516430 0
13768 13768 1 1 734593 0
1 1 13769 13769 516484 0
13769 13769 1 1 734669 0
1 1 13770 13770 516538 0
13770 13770 1 1 734745 0
1 1 13771 13771 516592 0
13771 13771 1 1 734821 0
1 1 13772 13772 516646 0
13772 13772 1 1 734897 0
1 1 13773 13773 516700 0
13773 13773 1 1 734973 0
1 1 13774 13774 515105 0
13774 13774 1 1 735049 0
1 1 13775 13775 515159 0
13775 13775 1 1 735125 0
1 1 13776 13776 515213 0
13776 13776 1 1 735201 0
1 1 13777 13777 515267 0
13777 13777 1 1 735277 0
1 1 13778 13778 515321 0
13778 13778 1 1 735353 0
1 1 13779 13779 515375 0
13779 13779 1 1 735429 0
1 1 13780 13780 515429 0
13780 13780 1 1 735505 0
1 1 13781 13781 515483 0
13781 13781 1 1 735581 0
1 1 13782 13782 515537 0
13782 13782 1 1 735657 0
1 1 13783 13783 515591 0
13783 13783 1 1 735733 0
1 1 13784 13784 515645 0
13784 13784 1 1 735809 0
1 1 13785 13785 515699 0
13785 13785 1 1 735885 0
1 1 13786 13786 515753 0
13786 13786 1 1 735961 0
1 1 13787 13787 515807 0
13787 13787 1 1 736037 0
1 1 13788 13788 515861 0
13788 13788 1 1 736113 0
1 1 13789 13789 515915 0
13789 13789 1 1 736189 0
1 1 13790 13790 515969 0
13790 13790 1 1 736265 0
1 1 13791 13791 516023 0
13791 13791 1 1 736341 0
1 1 13792 13792 516077 0
13792 13792 1 1 736417 0
1 1 13793 13793 516131 0
13793 13793 1 1 736493 0
1 1 13794 13794 516185 0
13794 13794 1 1 736569 0
1 1 13795 13795 516239 0
13795 13795 1 1 734598 0
1 1 13796 13796 516293 0
13796 13796 1 1 734674 0
1 1 13797 13797 516347 0
13797 13797 1 1 734750 0
1 1 13798 13798 516401 0
13798 13798 1 1 734826 0
1 1 13799 13799 516455 0
13799 13799 1 1 734902 0
1 1 13800 13800 516509 0
13800 13800 1 1 734978 0
1 1 13801 13801 516563 0
13801 13801 1 1 735054 0
1 1 13802 13802 516617 0
13802 13802 1 1 735130 0
1 1 13803 13803 516671 0
13803 13803 1 1 735206 0
1 1 13804 13804 516725 0
13804 13804 1 1 735282 0
1 1 13805 13805 516779 0
13805 13805 1 1 735358 0
1 1 13806 13806 516833 0
13806 13806 1 1 735434 0
1 1 13807 13807 516887 0
13807 13807 1 1 735510 0
1 1 13808 13808 516941 0
13808 13808 1 1 735586 0
1 1 13809 13809 516995 0
13809 13809 1 1 735662 0
1 1 13810 13810 517049 0
13810 13810 1 1 735738 0
1 1 13811 13811 517103 0
13811 13811 1 1 735814 0
1 1 13812 13812 517157 0
13812 13812 1 1 735890 0
1 1 13813 13813 517211 0
13813 13813 1 1 735966 0
1 1 13814 13814 517265 0
13814 13814 1 1 736042 0
1 1 13815 13815 517319 0
13815 13815 1 1 736118 0
1 1 13816 13816 517373 0
13816 13816 1 1 736194 0
1 1 13817 13817 517427 0
13817 13817 1 1 736270 0
1 1 13818 13818 517481 0
13818 13818 1 1 736346 0
1 1 13819 13819 517535 0
13819 13819 1 1 736422 0
1 1 13820 13820 517589 0
13820 13820 1 1 736498 0
1 1 13821 13821 517643 0
13821 13821 1 1 736574 0
1 1 13822 13822 517697 0
13822 13822 1 1 736650 0
1 1 13823 13823 517751 0
13823 13823 1 1 736726 0
1 1 13824 13824 517805 0
13824 13824 1 1 736802 0
1 1 13825 13825 517859 0
13825 13825 1 1 736878 0
1 1 13826 13826 517913 0
13826 13826 1 1 736954 0
1 1 13827 13827 517967 0
13827 13827 1 1 737030 0
1 1 13828 13828 518021 0
13828 13828 1 1 737106 0
1 1 13829 13829 518075 0
13829 13829 1 1 737182 0
1 1 13830 13830 518129 0
13830 13830 1 1 737258 0
1 1 13831 13831 518183 0
13831 13831 1 1 737334 0
1 1 13832 13832 518237 0
13832 13832 1 1 737410 0
1 1 13833 13833 518291 0
13833 13833 1 1 737486 0
1 1 13834 13834 518345 0
13834 13834 1 1 737562 0
1 1 13835 13835 518399 0
13835 13835 1 1 737638 0
1 1 13836 13836 518453 0
13836 13836 1 1 737714 0
1 1 13837 13837 518507 0
13837 13837 1 1 737790 0
1 1 13838 13838 518561 0
13838 13838 1 1 737866 0
1 1 13839 13839 518615 0
13839 13839 1 1 737942 0
1 1 13840 13840 518669 0
13840 13840 1 1 738018 0
1 1 13841 13841 518723 0
13841 13841 1 1 738094 0
1 1 13842 13842 518777 0
13842 13842 1 1 738170 0
1 1 13843 13843 518831 0
13843 13843 1 1 738246 0
1 1 13844 13844 518885 0
13844 13844 1 1 738322 0
1 1 13845 13845 518939 0
13845 13845 1 1 738398 0
1 1 13846 13846 518993 0
13846 13846 1 1 738474 0
1 1 13847 13847 519047 0
13847 13847 1 1 738550 0
1 1 13848 13848 519101 0
13848 13848 1 1 738626 0
1 1 13849 13849 519155 0
13849 13849 1 1 738702 0
1 1 13850 13850 519209 0
13850 13850 1 1 738778 0
1 1 13851 13851 519263 0
13851 13851 1 1 738854 0
1 1 13852 13852 519317 0
13852 13852 1 1 738930 0
1 1 13853 13853 519371 0
13853 13853 1 1 739006 0
1 1 13854 13854 519425 0
13854 13854 1 1 739082 0
1 1 13855 13855 519479 0
13855 13855 1 1 739158 0
1 1 13856 13856 519533 0
13856 13856 1 1 739234 0
1 1 13857 13857 519587 0
13857 13857 1 1 739310 0
1 1 13858 13858 519641 0
13858 13858 1 1 739386 0
1 1 13859 13859 519695 0
13859 13859 1 1 739462 0
1 1 13860 13860 519749 0
13860 13860 1 1 739538 0
1 1 13861 13861 519803 0
13861 13861 1 1 739614 0
1 1 13862 13862 519857 0
13862 13862 1 1 739690 0
1 1 13863 13863 519911 0
13863 13863 1 1 739766 0
1 1 13864 13864 519965 0
13864 13864 1 1 739842 0
1 1 13865 13865 520019 0
13865 13865 1 1 739918 0
1 1 13866 13866 520073 0
13866 13866 1 1 739994 0
1 1 13867 13867 520127 0
13867 13867 1 1 740070 0
1 1 13868 13868 520181 0
13868 13868 1 1 740146 0
1 1 13869 13869 520235 0
13869 13869 1 1 740222 0
1 1 13870 13870 520289 0
13870 13870 1 1 740298 0
1 1 13871 13871 518694 0
13871 13871 1 1 740374 0
1 1 13872 13872 518748 0
13872 13872 1 1 740450 0
1 1 13873 13873 518802 0
13873 13873 1 1 740526 0
1 1 13874 13874 518856 0
13874 13874 1 1 740602 0
1 1 13875 13875 518910 0
13875 13875 1 1 740678 0
1 1 13876 13876 518964 0
13876 13876 1 1 740754 0
1 1 13877 13877 519018 0
13877 13877 1 1 740830 0
1 1 13878 13878 519072 0
13878 13878 1 1 740906 0
1 1 13879 13879 519126 0
13879 13879 1 1 740982 0
1 1 13880 13880 519180 0
13880 13880 1 1 741058 0
1 1 13881 13881 519234 0
13881 13881 1 1 741134 0
1 1 13882 13882 519288 0
13882 13882 1 1 741210 0
1 1 13883 13883 519342 0
13883 13883 1 1 741286 0
1 1 13884 13884 519396 0
13884 13884 1 1 739315 0
1 1 13885 13885 519450 0
13885 13885 1 1 739391 0
1 1 13886 13886 519504 0
13886 13886 1 1 739467 0
1 1 13887 13887 519558 0
13887 13887 1 1 739543 0
1 1 13888 13888 519612 0
13888 13888 1 1 739619 0
1 1 13889 13889 519666 0
13889 13889 1 1 739695 0
1 1 13890 13890 519720 0
13890 13890 1 1 739771 0
1 1 13891 13891 519774 0
13891 13891 1 1 739847 0
1 1 13892 13892 519828 0
13892 13892 1 1 739923 0
1 1 13893 13893 519882 0
13893 13893 1 1 739999 0
1 1 13894 13894 519936 0
13894 13894 1 1 740075 0
1 1 13895 13895 519990 0
13895 13895 1 1 740151 0
1 1 13896 13896 520044 0
13896 13896 1 1 740227 0
1 1 13897 13897 520098 0
13897 13897 1 1 740303 0
1 1 13898 13898 520152 0
13898 13898 1 1 740379 0
1 1 13899 13899 520206 0
13899 13899 1 1 740455 0
1 1 13900 13900 520260 0
13900 13900 1 1 740531 0
1 1 13901 13901 520314 0
13901 13901 1 1 740607 0
1 1 13902 13902 520368 0
13902 13902 1 1 740683 0
1 1 13903 13903 520422 0
13903 13903 1 1 740759 0
1 1 13904 13904 520476 0
13904 13904 1 1 740835 0
1 1 13905 13905 520530 0
13905 13905 1 1 740911 0
1 1 13906 13906 520584 0
13906 13906 1 1 740987 0
1 1 13907 13907 520638 0
13907 13907 1 1 741063 0
1 1 13908 13908 520692 0
13908 13908 1 1 741139 0
1 1 13909 13909 520746 0
13909 13909 1 1 741215 0
1 1 13910 13910 520800 0
13910 13910 1 1 741291 0
1 1 13911 13911 520854 0
13911 13911 1 1 741367 0
1 1 13912 13912 520908 0
13912 13912 1 1 741443 0
1 1 13913 13913 520962 0
13913 13913 1 1 741519 0
1 1 13914 13914 521016 0
13914 13914 1 1 741595 0
1 1 13915 13915 521070 0
13915 13915 1 1 741671 0
1 1 13916 13916 521124 0
13916 13916 1 1 741747 0
1 1 13917 13917 521178 0
13917 13917 1 1 741823 0
1 1 13918 13918 521232 0
13918 13918 1 1 741899 0
1 1 13919 13919 521286 0
13919 13919 1 1 741975 0
1 1 13920 13920 521340 0
13920 13920 1 1 742051 0
1 1 13921 13921 521394 0
13921 13921 1 1 742127 0
1 1 13922 13922 521448 0
13922 13922 1 1 742203 0
1 1 13923 13923 521502 0
13923 13923 1 1 742279 0
1 1 13924 13924 521556 0
13924 13924 1 1 742355 0
1 1 13925 13925 521610 0
13925 13925 1 1 742431 0
1 1 13926 13926 521664 0
13926 13926 1 1 742507 0
1 1 13927 13927 521718 0
13927 13927 1 1 742583 0
1 1 13928 13928 521772 0
13928 13928 1 1 742659 0
1 1 13929 13929 521826 0
13929 13929 1 1 742735 0
1 1 13930 13930 521880 0
13930 13930 1 1 742811 0
1 1 13931 13931 521934 0
13931 13931 1 1 742887 0
1 1 13932 13932 521988 0
13932 13932 1 1 742963 0
1 1 13933 13933 522042 0
13933 13933 1 1 743039 0
1 1 13934 13934 522096 0
13934 13934 1 1 743115 0
1 1 13935 13935 522150 0
13935 13935 1 1 743191 0
1 1 13936 13936 522204 0
13936 13936 1 1 743267 0
1 1 13937 13937 522258 0
13937 13937 1 1 743343 0
1 1 13938 13938 522312 0
13938 13938 1 1 743419 0
1 1 13939 13939 522366 0
13939 13939 1 1 743495 0
1 1 13940 13940 522420 0
13940 13940 1 1 743571 0
1 1 13941 13941 522474 0
13941 13941 1 1 743647 0
1 1 13942 13942 522528 0
13942 13942 1 1 743723 0
1 1 13943 13943 522582 0
13943 13943 1 1 743799 0
1 1 13944 13944 522636 0
13944 13944 1 1 743875 0
1 1 13945 13945 522690 0
13945 13945 1 1 743951 0
1 1 13946 13946 522744 0
13946 13946 1 1 744027 0
1 1 13947 13947 522798 0
13947 13947 1 1 744103 0
1 1 13948 13948 522852 0
13948 13948 1 1 744179 0
1 1 13949 13949 522906 0
13949 13949 1 1 744255 0
1 1 13950 13950 522960 0
13950 13950 1 1 744331 0
1 1 13951 13951 523014 0
13951 13951 1 1 744407 0
1 1 13952 13952 523068 0
13952 13952 1 1 744483 0
1 1 13953 13953 523122 0
13953 13953 1 1 744559 0
1 1 13954 13954 523176 0
13954 13954 1 1 744635 0
1 1 13955 13955 523230 0
13955 13955 1 1 744711 0
1 1 13956 13956 523284 0
13956 13956 1 1 744787 0
1 1 13957 13957 523338 0
13957 13957 1 1 744863 0
1 1 13958 13958 523392 0
13958 13958 1 1 744939 0
1 1 13959 13959 523446 0
13959 13959 1 1 745015 0
1 1 13960 13960 523500 0
13960 13960 1 1 745091 0
1 1 13961 13961 523554 0
13961 13961 1 1 745167 0
1 1 13962 13962 523608 0
13962 13962 1 1 745243 0
1 1 13963 13963 523662 0
13963 13963 1 1 745319 0
1 1 13964 13964 523716 0
13964 13964 1 1 745395 0
1 1 13965 13965 523770 0
13965 13965 1 1 745471 0
1 1 13966 13966 523824 0
13966 13966 1 1 745547 0
1 1 13967 13967 523878 0
13967 13967 1 1 745623 0
1 1 13968 13968 522283 0
13968 13968 1 1 745699 0
1 1 13969 13969 522337 0
13969 13969 1 1 745775 0
1 1 13970 13970 522391 0
13970 13970 1 1 745851 0
1 1 13971 13971 522445 0
13971 13971 1 1 745927 0
1 1 13972 13972 522499 0
13972 13972 1 1 746003 0
1 1 13973 13973 522553 0
13973 13973 1 1 744032 0
1 1 13974 13974 522607 0
13974 13974 1 1 744108 0
1 1 13975 13975 522661 0
13975 13975 1 1 744184 0
1 1 13976 13976 522715 0
13976 13976 1 1 744260 0
1 1 13977 13977 522769 0
13977 13977 1 1 744336 0
1 1 13978 13978 522823 0
13978 13978 1 1 744412 0
1 1 13979 13979 522877 0
13979 13979 1 1 744488 0
1 1 13980 13980 522931 0
13980 13980 1 1 744564 0
1 1 13981 13981 522985 0
13981 13981 1 1 744640 0
1 1 13982 13982 523039 0
13982 13982 1 1 744716 0
1 1 13983 13983 523093 0
13983 13983 1 1 744792 0
1 1 13984 13984 523147 0
13984 13984 1 1 744868 0
1 1 13985 13985 523201 0
13985 13985 1 1 744944 0
1 1 13986 13986 523255 0
13986 13986 1 1 745020 0
1 1 13987 13987 523309 0
13987 13987 1 1 745096 0
1 1 13988 13988 523363 0
13988 13988 1 1 745172 0
1 1 13989 13989 523417 0
13989 13989 1 1 745248 0
1 1 13990 13990 523471 0
13990 13990 1 1 745324 0
1 1 13991 13991 523525 0
13991 13991 1 1 745400 0
1 1 13992 13992 523579 0
13992 13992 1 1 745476 0
1 1 13993 13993 523633 0
13993 13993 1 1 745552 0
1 1 13994 13994 523687 0
13994 13994 1 1 745628 0
1 1 13995 13995 523741 0
13995 13995 1 1 745704 0
1 1 13996 13996 523795 0
13996 13996 1 1 745780 0
1 1 13997 13997 523849 0
13997 13997 1 1 745856 0
1 1 13998 13998 523903 0
13998 13998 1 1 745932 0
1 1 13999 13999 523957 0
13999 13999 1 1 746008 0
1 1 14000 14000 524011 0
14000 14000 1 1 746084 0
1 1 14001 14001 524065 0
14001 14001 1 1 746160 0
1 1 14002 14002 524119 0
14002 14002 1 1 746236 0
1 1 14003 14003 524173 0
14003 14003 1 1 746312 0
1 1 14004 14004 524227 0
14004 14004 1 1 746388 0
1 1 14005 14005 524281 0
14005 14005 1 1 746464 0
1 1 14006 14006 524335 0
14006 14006 1 1 746540 0
1 1 14007 14007 524389 0
14007 14007 1 1 746616 0
1 1 14008 14008 524443 0
14008 14008 1 1 746692 0
1 1 14009 14009 524497 0
14009 14009 1 1 746768 0
1 1 14010 14010 524551 0
14010 14010 1 1 746844 0
1 1 14011 14011 524605 0
14011 14011 1 1 746920 0
1 1 14012 14012 524659 0
14012 14012 1 1 746996 0
1 1 14013 14013 524713 0
14013 14013 1 1 747072 0
1 1 14014 14014 524767 0
14014 14014 1 1 747148 0
1 1 14015 14015 524821 0
14015 14015 1 1 747224 0
1 1 14016 14016 524875 0
14016 14016 1 1 747300 0
1 1 14017 14017 524929 0
14017 14017 1 1 747376 0
1 1 14018 14018 524983 0
14018 14018 1 1 747452 0
1 1 14019 14019 525037 0
14019 14019 1 1 747528 0
1 1 14020 14020 525091 0
14020 14020 1 1 747604 0
1 1 14021 14021 525145 0
14021 14021 1 1 747680 0
1 1 14022 14022 525199 0
14022 14022 1 1 747756 0
1 1 14023 14023 525253 0
14023 14023 1 1 747832 0
1 1 14024 14024 525307 0
14024 14024 1 1 747908 0
1 1 14025 14025 525361 0
14025 14025 1 1 747984 0
1 1 14026 14026 525415 0
14026 14026 1 1 748060 0
1 1 14027 14027 525469 0
14027 14027 1 1 748136 0
1 1 14028 14028 525523 0
14028 14028 1 1 748212 0
1 1 14029 14029 525577 0
14029 14029 1 1 748288 0
1 1 14030 14030 525631 0
14030 14030 1 1 748364 0
1 1 14031 14031 525685 0
14031 14031 1 1 748440 0
1 1 14032 14032 525739 0
14032 14032 1 1 748516 0
1 1 14033 14033 525793 0
14033 14033 1 1 748592 0
1 1 14034 14034 525847 0
14034 14034 1 1 748668 0
1 1 14035 14035 525901 0
14035 14035 1 1 748744 0
1 1 14036 14036 525955 0
14036 14036 1 1 748820 0
1 1 14037 14037 526009 0
14037 14037 1 1 748896 0
1 1 14038 14038 526063 0
14038 14038 1 1 748972 0
1 1 14039 14039 526117 0
14039 14039 1 1 749048 0
1 1 14040 14040 526171 0
14040 14040 1 1 749124 0
1 1 14041 14041 526225 0
14041 14041 1 1 749200 0
1 1 14042 14042 526279 0
14042 14042 1 1 749276 0
1 1 14043 14043 526333 0
14043 14043 1 1 749352 0
1 1 14044 14044 526387 0
14044 14044 1 1 749428 0
1 1 14045 14045 526441 0
14045 14045 1 1 749504 0
1 1 14046 14046 526495 0
14046 14046 1 1 749580 0
1 1 14047 14047 526549 0
14047 14047 1 1 749656 0
1 1 14048 14048 526603 0
14048 14048 1 1 749732 0
1 1 14049 14049 526657 0
14049 14049 1 1 749808 0
1 1 14050 14050 526711 0
14050 14050 1 1 749884 0
1 1 14051 14051 526765 0
14051 14051 1 1 749960 0
1 1 14052 14052 526819 0
14052 14052 1 1 750036 0
1 1 14053 14053 526873 0
14053 14053 1 1 750112 0
1 1 14054 14054 526927 0
14054 14054 1 1 750188 0
1 1 14055 14055 526981 0
14055 14055 1 1 750264 0
1 1 14056 14056 527035 0
14056 14056 1 1 750340 0
1 1 14057 14057 527089 0
14057 14057 1 1 750416 0
1 1 14058 14058 527143 0
14058 14058 1 1 750492 0
1 1 14059 14059 527197 0
14059 14059 1 1 750568 0
1 1 14060 14060 527251 0
14060 14060 1 1 750644 0
1 1 14061 14061 527305 0
14061 14061 1 1 750720 0
1 1 14062 14062 527359 0
14062 14062 1 1 748749 0
1 1 14063 14063 527413 0
14063 14063 1 1 748825 0
1 1 14064 14064 527467 0
14064 14064 1 1 748901 0
1 1 14065 14065 525872 0
14065 14065 1 1 748977 0
1 1 14066 14066 525926 0
14066 14066 1 1 749053 0
1 1 14067 14067 525980 0
14067 14067 1 1 749129 0
1 1 14068 14068 526034 0
14068 14068 1 1 749205 0
1 1 14069 14069 526088 0
14069 14069 1 1 749281 0
1 1 14070 14070 526142 0
14070 14070 1 1 749357 0
1 1 14071 14071 526196 0
14071 14071 1 1 749433 0
1 1 14072 14072 526250 0
14072 14072 1 1 749509 0
1 1 14073 14073 526304 0
14073 14073 1 1 749585 0
1 1 14074 14074 526358 0
14074 14074 1 1 749661 0
1 1 14075 14075 526412 0
14075 14075 1 1 749737 0
1 1 14076 14076 526466 0
14076 14076 1 1 749813 0
1 1 14077 14077 526520 0
14077 14077 1 1 749889 0
1 1 14078 14078 526574 0
14078 14078 1 1 749965 0
1 1 14079 14079 526628 0
14079 14079 1 1 750041 0
1 1 14080 14080 526682 0
14080 14080 1 1 750117 0
1 1 14081 14081 526736 0
14081 14081 1 1 750193 0
1 1 14082 14082 526790 0
14082 14082 1 1 750269 0
1 1 14083 14083 526844 0
14083 14083 1 1 750345 0
1 1 14084 14084 526898 0
14084 14084 1 1 750421 0
1 1 14085 14085 526952 0
14085 14085 1 1 750497 0
1 1 14086 14086 527006 0
14086 14086 1 1 750573 0
1 1 14087 14087 527060 0
14087 14087 1 1 750649 0
1 1 14088 14088 527114 0
14088 14088 1 1 750725 0
1 1 14089 14089 527168 0
14089 14089 1 1 750801 0
1 1 14090 14090 527222 0
14090 14090 1 1 750877 0
1 1 14091 14091 527276 0
14091 14091 1 1 750953 0
1 1 14092 14092 527330 0
14092 14092 1 1 751029 0
1 1 14093 14093 527384 0
14093 14093 1 1 751105 0
1 1 14094 14094 527438 0
14094 14094 1 1 751181 0
1 1 14095 14095 527492 0
14095 14095 1 1 751257 0
1 1 14096 14096 527546 0
14096 14096 1 1 751333 0
1 1 14097 14097 527600 0
14097 14097 1 1 751409 0
1 1 14098 14098 527654 0
14098 14098 1 1 751485 0
1 1 14099 14099 527708 0
14099 14099 1 1 751561 0
1 1 14100 14100 527762 0
14100 14100 1 1 751637 0
1 1 14101 14101 527816 0
14101 14101 1 1 751713 0
1 1 14102 14102 527870 0
14102 14102 1 1 751789 0
1 1 14103 14103 527924 0
14103 14103 1 1 751865 0
1 1 14104 14104 527978 0
14104 14104 1 1 751941 0
1 1 14105 14105 528032 0
14105 14105 1 1 752017 0
1 1 14106 14106 528086 0
14106 14106 1 1 752093 0
1 1 14107 14107 528140 0
14107 14107 1 1 752169 0
1 1 14108 14108 528194 0
14108 14108 1 1 752245 0
1 1 14109 14109 528248 0
14109 14109 1 1 752321 0
1 1 14110 14110 528302 0
14110 14110 1 1 752397 0
1 1 14111 14111 528356 0
14111 14111 1 1 752473 0
1 1 14112 14112 528410 0
14112 14112 1 1 752549 0
1 1 14113 14113 528464 0
14113 14113 1 1 752625 0
1 1 14114 14114 528518 0
14114 14114 1 1 752701 0
1 1 14115 14115 528572 0
14115 14115 1 1 752777 0
1 1 14116 14116 528626 0
14116 14116 1 1 752853 0
1 1 14117 14117 528680 0
14117 14117 1 1 752929 0
1 1 14118 14118 528734 0
14118 14118 1 1 753005 0
1 1 14119 14119 528788 0
14119 14119 1 1 753081 0
1 1 14120 14120 528842 0
14120 14120 1 1 753157 0
1 1 14121 14121 528896 0
14121 14121 1 1 753233 0
1 1 14122 14122 528950 0
14122 14122 1 1 753309 0
1 1 14123 14123 529004 0
14123 14123 1 1 753385 0
1 1 14124 14124 529058 0
14124 14124 1 1 753461 0
1 1 14125 14125 529112 0
14125 14125 1 1 753537 0
1 1 14126 14126 529166 0
14126 14126 1 1 753613 0
1 1 14127 14127 529220 0
14127 14127 1 1 753689 0
1 1 14128 14128 529274 0
14128 14128 1 1 753765 0
1 1 14129 14129 529328 0
14129 14129 1 1 753841 0
1 1 14130 14130 529382 0
14130 14130 1 1 753917 0
1 1 14131 14131 529436 0
14131 14131 1 1 753993 0
1 1 14132 14132 529490 0
14132 14132 1 1 754069 0
1 1 14133 14133 529544 0
14133 14133 1 1 754145 0
1 1 14134 14134 529598 0
14134 14134 1 1 754221 0
1 1 14135 14135 529652 0
14135 14135 1 1 754297 0
1 1 14136 14136 529706 0
14136 14136 1 1 754373 0
1 1 14137 14137 529760 0
14137 14137 1 1 754449 0
1 1 14138 14138 529814 0
14138 14138 1 1 754525 0
1 1 14139 14139 529868 0
14139 14139 1 1 754601 0
1 1 14140 14140 529922 0
14140 14140 1 1 754677 0
1 1 14141 14141 529976 0
14141 14141 1 1 754753 0
1 1 14142 14142 530030 0
14142 14142 1 1 754829 0
1 1 14143 14143 530084 0
14143 14143 1 1 754905 0
1 1 14144 14144 530138 0
14144 14144 1 1 754981 0
1 1 14145 14145 530192 0
14145 14145 1 1 755057 0
1 1 14146 14146 530246 0
14146 14146 1 1 755133 0
1 1 14147 14147 530300 0
14147 14147 1 1 755209 0
1 1 14148 14148 530354 0
14148 14148 1 1 755285 0
1 1 14149 14149 530408 0
14149 14149 1 1 755361 0
1 1 14150 14150 530462 0
14150 14150 1 1 755437 0
1 1 14151 14151 530516 0
14151 14151 1 1 753466 0
1 1 14152 14152 530570 0
14152 14152 1 1 753542 0
1 1 14153 14153 530624 0
14153 14153 1 1 753618 0
1 1 14154 14154 530678 0
14154 14154 1 1 753694 0
1 1 14155 14155 530732 0
14155 14155 1 1 753770 0
1 1 14156 14156 530786 0
14156 14156 1 1 753846 0
1 1 14157 14157 530840 0
14157 14157 1 1 753922 0
1 1 14158 14158 530894 0
14158 14158 1 1 753998 0
1 1 14159 14159 530948 0
14159 14159 1 1 754074 0
1 1 14160 14160 531002 0
14160 14160 1 1 754150 0
1 1 14161 14161 531056 0
14161 14161 1 1 754226 0
1 1 14162 14162 529461 0
14162 14162 1 1 754302 0
1 1 14163 14163 529515 0
14163 14163 1 1 754378 0
1 1 14164 14164 529569 0
14164 14164 1 1 754454 0
1 1 14165 14165 529623 0
14165 14165 1 1 754530 0
1 1 14166 14166 529677 0
14166 14166 1 1 754606 0
1 1 14167 14167 529731 0
14167 14167 1 1 754682 0
1 1 14168 14168 529785 0
14168 14168 1 1 754758 0
1 1 14169 14169 529839 0
14169 14169 1 1 754834 0
1 1 14170 14170 529893 0
14170 14170 1 1 754910 0
1 1 14171 14171 529947 0
14171 14171 1 1 754986 0
1 1 14172 14172 530001 0
14172 14172 1 1 755062 0
1 1 14173 14173 530055 0
14173 14173 1 1 755138 0
1 1 14174 14174 530109 0
14174 14174 1 1 755214 0
1 1 14175 14175 530163 0
14175 14175 1 1 755290 0
1 1 14176 14176 530217 0
14176 14176 1 1 755366 0
1 1 14177 14177 530271 0
14177 14177 1 1 755442 0
1 1 14178 14178 530325 0
14178 14178 1 1 755518 0
1 1 14179 14179 530379 0
14179 14179 1 1 755594 0
1 1 14180 14180 530433 0
14180 14180 1 1 755670 0
1 1 14181 14181 530487 0
14181 14181 1 1 755746 0
1 1 14182 14182 530541 0
14182 14182 1 1 755822 0
1 1 14183 14183 530595 0
14183 14183 1 1 755898 0
1 1 14184 14184 530649 0
14184 14184 1 1 755974 0
1 1 14185 14185 530703 0
14185 14185 1 1 756050 0
1 1 14186 14186 530757 0
14186 14186 1 1 756126 0
1 1 14187 14187 530811 0
14187 14187 1 1 756202 0
1 1 14188 14188 530865 0
14188 14188 1 1 756278 0
1 1 14189 14189 530919 0
14189 14189 1 1 756354 0
1 1 14190 14190 530973 0
14190 14190 1 1 756430 0
1 1 14191 14191 531027 0
14191 14191 1 1 756506 0
1 1 14192 14192 531081 0
14192 14192 1 1 756582 0
1 1 14193 14193 531135 0
14193 14193 1 1 756658 0
1 1 14194 14194 531189 0
14194 14194 1 1 756734 0
1 1 14195 14195 531243 0
14195 14195 1 1 756810 0
1 1 14196 14196 531297 0
14196 14196 1 1 756886 0
1 1 14197 14197 531351 0
14197 14197 1 1 756962 0
1 1 14198 14198 531405 0
14198 14198 1 1 757038 0
1 1 14199 14199 531459 0
14199 14199 1 1 757114 0
1 1 14200 14200 531513 0
14200 14200 1 1 757190 0
1 1 14201 14201 531567 0
14201 14201 1 1 757266 0
1 1 14202 14202 531621 0
14202 14202 1 1 757342 0
1 1 14203 14203 531675 0
14203 14203 1 1 757418 0
1 1 14204 14204 531729 0
14204 14204 1 1 757494 0
1 1 14205 14205 531783 0
14205 14205 1 1 757570 0
1 1 14206 14206 531837 0
14206 14206 1 1 757646 0
1 1 14207 14207 531891 0
14207 14207 1 1 757722 0
1 1 14208 14208 531945 0
14208 14208 1 1 757798 0
1 1 14209 14209 531999 0
14209 14209 1 1 757874 0
1 1 14210 14210 532053 0
14210 14210 1 1 757950 0
1 1 14211 14211 532107 0
14211 14211 1 1 758026 0
1 1 14212 14212 532161 0
14212 14212 1 1 758102 0
1 1 14213 14213 532215 0
14213 14213 1 1 758178 0
1 1 14214 14214 532269 0
14214 14214 1 1 758254 0
1 1 14215 14215 532323 0
14215 14215 1 1 758330 0
1 1 14216 14216 532377 0
14216 14216 1 1 758406 0
1 1 14217 14217 532431 0
14217 14217 1 1 758482 0
1 1 14218 14218 532485 0
14218 14218 1 1 758558 0
1 1 14219 14219 532539 0
14219 14219 1 1 758634 0
1 1 14220 14220 532593 0
14220 14220 1 1 758710 0
1 1 14221 14221 532647 0
14221 14221 1 1 758786 0
1 1 14222 14222 532701 0
14222 14222 1 1 758862 0
1 1 14223 14223 532755 0
14223 14223 1 1 758938 0
1 1 14224 14224 532809 0
14224 14224 1 1 759014 0
1 1 14225 14225 532863 0
14225 14225 1 1 759090 0
1 1 14226 14226 532917 0
14226 14226 1 1 759166 0
1 1 14227 14227 532971 0
14227 14227 1 1 759242 0
1 1 14228 14228 533025 0
14228 14228 1 1 759318 0
1 1 14229 14229 533079 0
14229 14229 1 1 759394 0
1 1 14230 14230 533133 0
14230 14230 1 1 759470 0
1 1 14231 14231 533187 0
14231 14231 1 1 759546 0
1 1 14232 14232 533241 0
14232 14232 1 1 759622 0
1 1 14233 14233 533295 0
14233 14233 1 1 759698 0
1 1 14234 14234 533349 0
14234 14234 1 1 759774 0
1 1 14235 14235 533403 0
14235 14235 1 1 759850 0
1 1 14236 14236 533457 0
14236 14236 1 1 759926 0
1 1 14237 14237 533511 0
14237 14237 1 1 760002 0
1 1 14238 14238 533565 0
14238 14238 1 1 760078 0
1 1 14239 14239 533619 0
14239 14239 1 1 760154 0
1 1 14240 14240 533673 0
14240 14240 1 1 758183 0
1 1 14241 14241 533727 0
14241 14241 1 1 758259 0
1 1 14242 14242 533781 0
14242 14242 1 1 758335 0
1 1 14243 14243 533835 0
14243 14243 1 1 758411 0
1 1 14244 14244 533889 0
14244 14244 1 1 758487 0
1 1 14245 14245 533943 0
14245 14245 1 1 758563 0
1 1 14246 14246 533997 0
14246 14246 1 1 758639 0
1 1 14247 14247 534051 0
14247 14247 1 1 758715 0
1 1 14248 14248 534105 0
14248 14248 1 1 758791 0
1 1 14249 14249 534159 0
14249 14249 1 1 758867 0
1 1 14250 14250 534213 0
14250 14250 1 1 758943 0
1 1 14251 14251 534267 0
14251 14251 1 1 759019 0
1 1 14252 14252 534321 0
14252 14252 1 1 759095 0
1 1 14253 14253 534375 0
14253 14253 1 1 759171 0
1 1 14254 14254 534429 0
14254 14254 1 1 759247 0
1 1 14255 14255 534483 0
14255 14255 1 1 759323 0
1 1 14256 14256 534537 0
14256 14256 1 1 759399 0
1 1 14257 14257 534591 0
14257 14257 1 1 759475 0
1 1 14258 14258 534645 0
14258 14258 1 1 759551 0
1 1 14259 14259 533050 0
14259 14259 1 1 759627 0
1 1 14260 14260 533104 0
14260 14260 1 1 759703 0
1 1 14261 14261 533158 0
14261 14261 1 1 759779 0
1 1 14262 14262 533212 0
14262 14262 1 1 759855 0
1 1 14263 14263 533266 0
14263 14263 1 1 759931 0
1 1 14264 14264 533320 0
14264 14264 1 1 760007 0
1 1 14265 14265 533374 0
14265 14265 1 1 760083 0
1 1 14266 14266 533428 0
14266 14266 1 1 760159 0
1 1 14267 14267 533482 0
14267 14267 1 1 760235 0
1 1 14268 14268 533536 0
14268 14268 1 1 760311 0
1 1 14269 14269 533590 0
14269 14269 1 1 760387 0
1 1 14270 14270 533644 0
14270 14270 1 1 760463 0
1 1 14271 14271 533698 0
14271 14271 1 1 760539 0
1 1 14272 14272 533752 0
14272 14272 1 1 760615 0
1 1 14273 14273 533806 0
14273 14273 1 1 760691 0
1 1 14274 14274 533860 0
14274 14274 1 1 760767 0
1 1 14275 14275 533914 0
14275 14275 1 1 760843 0
1 1 14276 14276 533968 0
14276 14276 1 1 760919 0
1 1 14277 14277 534022 0
14277 14277 1 1 760995 0
1 1 14278 14278 534076 0
14278 14278 1 1 761071 0
1 1 14279 14279 534130 0
14279 14279 1 1 761147 0
1 1 14280 14280 534184 0
14280 14280 1 1 761223 0
1 1 14281 14281 534238 0
14281 14281 1 1 761299 0
1 1 14282 14282 534292 0
14282 14282 1 1 761375 0
1 1 14283 14283 534346 0
14283 14283 1 1 761451 0
1 1 14284 14284 534400 0
14284 14284 1 1 761527 0
1 1 14285 14285 534454 0
14285 14285 1 1 761603 0
1 1 14286 14286 534508 0
14286 14286 1 1 761679 0
1 1 14287 14287 534562 0
14287 14287 1 1 761755 0
1 1 14288 14288 534616 0
14288 14288 1 1 761831 0
1 1 14289 14289 534670 0
14289 14289 1 1 761907 0
1 1 14290 14290 534724 0
14290 14290 1 1 761983 0
1 1 14291 14291 534778 0
14291 14291 1 1 762059 0
1 1 14292 14292 534832 0
14292 14292 1 1 762135 0
1 1 14293 14293 534886 0
14293 14293 1 1 762211 0
1 1 14294 14294 534940 0
14294 14294 1 1 762287 0
1 1 14295 14295 534994 0
14295 14295 1 1 762363 0
1 1 14296 14296 535048 0
14296 14296 1 1 762439 0
1 1 14297 14297 535102 0
14297 14297 1 1 762515 0
1 1 14298 14298 535156 0
14298 14298 1 1 762591 0
1 1 14299 14299 535210 0
14299 14299 1 1 762667 0
1 1 14300 14300 535264 0
14300 14300 1 1 762743 0
1 1 14301 14301 535318 0
14301 14301 1 1 762819 0
1 1 14302 14302 535372 0
14302 14302 1 1 762895 0
1 1 14303 14303 535426 0
14303 14303 1 1 762971 0
1 1 14304 14304 535480 0
14304 14304 1 1 763047 0
1 1 14305 14305 535534 0
14305 14305 1 1 763123 0
1 1 14306 14306 535588 0
14306 14306 1 1 763199 0
1 1 14307 14307 535642 0
14307 14307 1 1 763275 0
1 1 14308 14308 535696 0
14308 14308 1 1 763351 0
1 1 14309 14309 535750 0
14309 14309 1 1 763427 0
1 1 14310 14310 535804 0
14310 14310 1 1 763503 0
1 1 14311 14311 535858 0
14311 14311 1 1 763579 0
1 1 14312 14312 535912 0
14312 14312 1 1 763655 0
1 1 14313 14313 535966 0
14313 14313 1 1 763731 0
1 1 14314 14314 536020 0
14314 14314 1 1 763807 0
1 1 14315 14315 536074 0
14315 14315 1 1 763883 0
1 1 14316 14316 536128 0
14316 14316 1 1 763959 0
1 1 14317 14317 536182 0
14317 14317 1 1 764035 0
1 1 14318 14318 536236 0
14318 14318 1 1 764111 0
1 1 14319 14319 536290 0
14319 14319 1 1 764187 0
1 1 14320 14320 536344 0
14320 14320 1 1 764263 0
1 1 14321 14321 536398 0
14321 14321 1 1 764339 0
1 1 14322 14322 536452 0
14322 14322 1 1 764415 0
1 1 14323 14323 536506 0
14323 14323 1 1 764491 0
1 1 14324 14324 536560 0
14324 14324 1 1 764567 0
1 1 14325 14325 536614 0
14325 14325 1 1 764643 0
1 1 14326 14326 536668 0
14326 14326 1 1 764719 0
1 1 14327 14327 536722 0
14327 14327 1 1 764795 0
1 1 14328 14328 536776 0
14328 14328 1 1 764871 0
1 1 14329 14329 536830 0
14329 14329 1 1 762900 0
1 1 14330 14330 536884 0
14330 14330 1 1 762976 0
1 1 14331 14331 536938 0
14331 14331 1 1 763052 0
1 1 14332 14332 536992 0
14332 14332 1 1 763128 0
1 1 14333 14333 537046 0
14333 14333 1 1 763204 0
1 1 14334 14334 537100 0
14334 14334 1 1 763280 0
1 1 14335 14335 537154 0
14335 14335 1 1 763356 0
1 1 14336 14336 537208 0
14336 14336 1 1 763432 0
1 1 14337 14337 537262 0
14337 14337 1 1 763508 0
1 1 14338 14338 537316 0
14338 14338 1 1 763584 0
1 1 14339 14339 537370 0
14339 14339 1 1 763660 0
1 1 14340 14340 537424 0
14340 14340 1 1 763736 0
1 1 14341 14341 537478 0
14341 14341 1 1 763812 0
1 1 14342 14342 537532 0
14342 14342 1 1 763888 0
1 1 14343 14343 537586 0
14343 14343 1 1 763964 0
1 1 14344 14344 537640 0
14344 14344 1 1 764040 0
1 1 14345 14345 537694 0
14345 14345 1 1 764116 0
1 1 14346 14346 537748 0
14346 14346 1 1 764192 0
1 1 14347 14347 537802 0
14347 14347 1 1 764268 0
1 1 14348 14348 537856 0
14348 14348 1 1 764344 0
1 1 14349 14349 537910 0
14349 14349 1 1 764420 0
1 1 14350 14350 537964 0
14350 14350 1 1 764496 0
1 1 14351 14351 538018 0
14351 14351 1 1 764572 0
1 1 14352 14352 538072 0
14352 14352 1 1 764648 0
1 1 14353 14353 538126 0
14353 14353 1 1 764724 0
1 1 14354 14354 538180 0
14354 14354 1 1 764800 0
1 1 14355 14355 538234 0
14355 14355 1 1 764876 0
1 1 14356 14356 536639 0
14356 14356 1 1 764952 0
1 1 14357 14357 536693 0
14357 14357 1 1 765028 0
1 1 14358 14358 536747 0
14358 14358 1 1 765104 0
1 1 14359 14359 536801 0
14359 14359 1 1 765180 0
1 1 14360 14360 536855 0
14360 14360 1 1 765256 0
1 1 14361 14361 536909 0
14361 14361 1 1 765332 0
1 1 14362 14362 536963 0
14362 14362 1 1 765408 0
1 1 14363 14363 537017 0
14363 14363 1 1 765484 0
1 1 14364 14364 537071 0
14364 14364 1 1 765560 0
1 1 14365 14365 537125 0
14365 14365 1 1 765636 0
1 1 14366 14366 537179 0
14366 14366 1 1 765712 0
1 1 14367 14367 537233 0
14367 14367 1 1 765788 0
1 1 14368 14368 537287 0
14368 14368 1 1 765864 0
1 1 14369 14369 537341 0
14369 14369 1 1 765940 0
1 1 14370 14370 537395 0
14370 14370 1 1 766016 0
1 1 14371 14371 537449 0
14371 14371 1 1 766092 0
1 1 14372 14372 537503 0
14372 14372 1 1 766168 0
1 1 14373 14373 537557 0
14373 14373 1 1 766244 0
1 1 14374 14374 537611 0
14374 14374 1 1 766320 0
1 1 14375 14375 537665 0
14375 14375 1 1 766396 0
1 1 14376 14376 537719 0
14376 14376 1 1 766472 0
1 1 14377 14377 537773 0
14377 14377 1 1 766548 0
1 1 14378 14378 537827 0
14378 14378 1 1 766624 0
1 1 14379 14379 537881 0
14379 14379 1 1 766700 0
1 1 14380 14380 537935 0
14380 14380 1 1 766776 0
1 1 14381 14381 537989 0
14381 14381 1 1 766852 0
1 1 14382 14382 538043 0
14382 14382 1 1 766928 0
1 1 14383 14383 538097 0
14383 14383 1 1 767004 0
1 1 14384 14384 538151 0
14384 14384 1 1 767080 0
1 1 14385 14385 538205 0
14385 14385 1 1 767156 0
1 1 14386 14386 538259 0
14386 14386 1 1 767232 0
1 1 14387 14387 538313 0
14387 14387 1 1 767308 0
1 1 14388 14388 538367 0
14388 14388 1 1 767384 0
1 1 14389 14389 538421 0
14389 14389 1 1 767460 0
1 1 14390 14390 538475 0
14390 14390 1 1 767536 0
1 1 14391 14391 538529 0
14391 14391 1 1 767612 0
1 1 14392 14392 538583 0
14392 14392 1 1 767688 0
1 1 14393 14393 538637 0
14393 14393 1 1 767764 0
1 1 14394 14394 538691 0
14394 14394 1 1 767840 0
1 1 14395 14395 538745 0
14395 14395 1 1 767916 0
1 1 14396 14396 538799 0
14396 14396 1 1 767992 0
1 1 14397 14397 538853 0
14397 14397 1 1 768068 0
1 1 14398 14398 538907 0
14398 14398 1 1 768144 0
1 1 14399 14399 538961 0
14399 14399 1 1 768220 0
1 1 14400 14400 539015 0
14400 14400 1 1 768296 0
1 1 14401 14401 539069 0
14401 14401 1 1 768372 0
1 1 14402 14402 539123 0
14402 14402 1 1 768448 0
1 1 14403 14403 539177 0
14403 14403 1 1 768524 0
1 1 14404 14404 539231 0
14404 14404 1 1 768600 0
1 1 14405 14405 539285 0
14405 14405 1 1 768676 0
1 1 14406 14406 539339 0
14406 14406 1 1 768752 0
1 1 14407 14407 539393 0
14407 14407 1 1 768828 0
1 1 14408 14408 539447 0
14408 14408 1 1 768904 0
1 1 14409 14409 539501 0
14409 14409 1 1 768980 0
1 1 14410 14410 539555 0
14410 14410 1 1 769056 0
1 1 14411 14411 539609 0
14411 14411 1 1 769132 0
1 1 14412 14412 539663 0
14412 14412 1 1 769208 0
1 1 14413 14413 539717 0
14413 14413 1 1 769284 0
1 1 14414 14414 539771 0
14414 14414 1 1 769360 0
1 1 14415 14415 539825 0
14415 14415 1 1 769436 0
1 1 14416 14416 539879 0
14416 14416 1 1 769512 0
1 1 14417 14417 539933 0
14417 14417 1 1 769588 0
1 1 14418 14418 539987 0
14418 14418 1 1 767617 0
1 1 14419 14419 540041 0
14419 14419 1 1 767693 0
1 1 14420 14420 540095 0
14420 14420 1 1 767769 0
1 1 14421 14421 540149 0
14421 14421 1 1 767845 0
1 1 14422 14422 540203 0
14422 14422 1 1 767921 0
1 1 14423 14423 540257 0
14423 14423 1 1 767997 0
1 1 14424 14424 540311 0
14424 14424 1 1 768073 0
1 1 14425 14425 540365 0
14425 14425 1 1 768149 0
1 1 14426 14426 540419 0
14426 14426 1 1 768225 0
1 1 14427 14427 540473 0
14427 14427 1 1 768301 0
1 1 14428 14428 540527 0
14428 14428 1 1 768377 0
1 1 14429 14429 540581 0
14429 14429 1 1 768453 0
1 1 14430 14430 540635 0
14430 14430 1 1 768529 0
1 1 14431 14431 540689 0
14431 14431 1 1 768605 0
1 1 14432 14432 540743 0
14432 14432 1 1 768681 0
1 1 14433 14433 540797 0
14433 14433 1 1 768757 0
1 1 14434 14434 540851 0
14434 14434 1 1 768833 0
1 1 14435 14435 540905 0
14435 14435 1 1 768909 0
1 1 14436 14436 540959 0
14436 14436 1 1 768985 0
1 1 14437 14437 541013 0
14437 14437 1 1 769061 0
1 1 14438 14438 541067 0
14438 14438 1 1 769137 0
1 1 14439 14439 541121 0
14439 14439 1 1 769213 0
1 1 14440 14440 541175 0
14440 14440 1 1 769289 0
1 1 14441 14441 541229 0
14441 14441 1 1 769365 0
1 1 14442 14442 541283 0
14442 14442 1 1 769441 0
1 1 14443 14443 541337 0
14443 14443 1 1 769517 0
1 1 14444 14444 541391 0
14444 14444 1 1 769593 0
1 1 14445 14445 541445 0
14445 14445 1 1 769669 0
1 1 14446 14446 541499 0
14446 14446 1 1 769745 0
1 1 14447 14447 541553 0
14447 14447 1 1 769821 0
1 1 14448 14448 541607 0
14448 14448 1 1 769897 0
1 1 14449 14449 541661 0
14449 14449 1 1 769973 0
1 1 14450 14450 541715 0
14450 14450 1 1 770049 0
1 1 14451 14451 541769 0
14451 14451 1 1 770125 0
1 1 14452 14452 541823 0
14452 14452 1 1 770201 0
1 1 14453 14453 540228 0
14453 14453 1 1 770277 0
1 1 14454 14454 540282 0
14454 14454 1 1 770353 0
1 1 14455 14455 540336 0
14455 14455 1 1 770429 0
1 1 14456 14456 540390 0
14456 14456 1 1 770505 0
1 1 14457 14457 540444 0
14457 14457 1 1 770581 0
1 1 14458 14458 540498 0
14458 14458 1 1 770657 0
1 1 14459 14459 540552 0
14459 14459 1 1 770733 0
1 1 14460 14460 540606 0
14460 14460 1 1 770809 0
1 1 14461 14461 540660 0
14461 14461 1 1 770885 0
1 1 14462 14462 540714 0
14462 14462 1 1 770961 0
1 1 14463 14463 540768 0
14463 14463 1 1 771037 0
1 1 14464 14464 540822 0
14464 14464 1 1 771113 0
1 1 14465 14465 540876 0
14465 14465 1 1 771189 0
1 1 14466 14466 540930 0
14466 14466 1 1 771265 0
1 1 14467 14467 540984 0
14467 14467 1 1 771341 0
1 1 14468 14468 541038 0
14468 14468 1 1 771417 0
1 1 14469 14469 541092 0
14469 14469 1 1 771493 0
1 1 14470 14470 541146 0
14470 14470 1 1 771569 0
1 1 14471 14471 541200 0
14471 14471 1 1 771645 0
1 1 14472 14472 541254 0
14472 14472 1 1 771721 0
1 1 14473 14473 541308 0
14473 14473 1 1 771797 0
1 1 14474 14474 541362 0
14474 14474 1 1 771873 0
1 1 14475 14475 541416 0
14475 14475 1 1 771949 0
1 1 14476 14476 541470 0
14476 14476 1 1 772025 0
1 1 14477 14477 541524 0
14477 14477 1 1 772101 0
1 1 14478 14478 541578 0
14478 14478 1 1 772177 0
1 1 14479 14479 541632 0
14479 14479 1 1 772253 0
1 1 14480 14480 541686 0
14480 14480 1 1 772329 0
1 1 14481 14481 541740 0
14481 14481 1 1 772405 0
1 1 14482 14482 541794 0
14482 14482 1 1 772481 0
1 1 14483 14483 541848 0
14483 14483 1 1 772557 0
1 1 14484 14484 541902 0
14484 14484 1 1 772633 0
1 1 14485 14485 541956 0
14485 14485 1 1 772709 0
1 1 14486 14486 542010 0
14486 14486 1 1 772785 0
1 1 14487 14487 542064 0
14487 14487 1 1 772861 0
1 1 14488 14488 542118 0
14488 14488 1 1 772937 0
1 1 14489 14489 542172 0
14489 14489 1 1 773013 0
1 1 14490 14490 542226 0
14490 14490 1 1 773089 0
1 1 14491 14491 542280 0
14491 14491 1 1 773165 0
1 1 14492 14492 542334 0
14492 14492 1 1 773241 0
1 1 14493 14493 542388 0
14493 14493 1 1 773317 0
1 1 14494 14494 542442 0
14494 14494 1 1 773393 0
1 1 14495 14495 542496 0
14495 14495 1 1 773469 0
1 1 14496 14496 542550 0
14496 14496 1 1 773545 0
1 1 14497 14497 542604 0
14497 14497 1 1 773621 0
1 1 14498 14498 542658 0
14498 14498 1 1 773697 0
1 1 14499 14499 542712 0
14499 14499 1 1 773773 0
1 1 14500 14500 542766 0
14500 14500 1 1 773849 0
1 1 14501 14501 542820 0
14501 14501 1 1 773925 0
1 1 14502 14502 542874 0
14502 14502 1 1 774001 0
1 1 14503 14503 542928 0
14503 14503 1 1 774077 0
1 1 14504 14504 542982 0
14504 14504 1 1 774153 0
1 1 14505 14505 543036 0
14505 14505 1 1 774229 0
1 1 14506 14506 543090 0
14506 14506 1 1 774305 0
1 1 14507 14507 543144 0
14507 14507 1 1 772334 0
1 1 14508 14508 543198 0
14508 14508 1 1 772410 0
1 1 14509 14509 543252 0
14509 14509 1 1 772486 0
1 1 14510 14510 543306 0
14510 14510 1 1 772562 0
1 1 14511 14511 543360 0
14511 14511 1 1 772638 0
1 1 14512 14512 543414 0
14512 14512 1 1 772714 0
1 1 14513 14513 543468 0
14513 14513 1 1 772790 0
1 1 14514 14514 543522 0
14514 14514 1 1 772866 0
1 1 14515 14515 543576 0
14515 14515 1 1 772942 0
1 1 14516 14516 543630 0
14516 14516 1 1 773018 0
1 1 14517 14517 543684 0
14517 14517 1 1 773094 0
1 1 14518 14518 543738 0
14518 14518 1 1 773170 0
1 1 14519 14519 543792 0
14519 14519 1 1 773246 0
1 1 14520 14520 543846 0
14520 14520 1 1 773322 0
1 1 14521 14521 543900 0
14521 14521 1 1 773398 0
1 1 14522 14522 543954 0
14522 14522 1 1 773474 0
1 1 14523 14523 544008 0
14523 14523 1 1 773550 0
1 1 14524 14524 544062 0
14524 14524 1 1 773626 0
1 1 14525 14525 544116 0
14525 14525 1 1 773702 0
1 1 14526 14526 544170 0
14526 14526 1 1 773778 0
1 1 14527 14527 544224 0
14527 14527 1 1 773854 0
1 1 14528 14528 544278 0
14528 14528 1 1 773930 0
1 1 14529 14529 544332 0
14529 14529 1 1 774006 0
1 1 14530 14530 544386 0
14530 14530 1 1 774082 0
1 1 14531 14531 544440 0
14531 14531 1 1 774158 0
1 1 14532 14532 544494 0
14532 14532 1 1 774234 0
1 1 14533 14533 544548 0
14533 14533 1 1 774310 0
1 1 14534 14534 544602 0
14534 14534 1 1 774386 0
1 1 14535 14535 544656 0
14535 14535 1 1 774462 0
1 1 14536 14536 544710 0
14536 14536 1 1 774538 0
1 1 14537 14537 544764 0
14537 14537 1 1 774614 0
1 1 14538 14538 544818 0
14538 14538 1 1 774690 0
1 1 14539 14539 544872 0
14539 14539 1 1 774766 0
1 1 14540 14540 544926 0
14540 14540 1 1 774842 0
1 1 14541 14541 544980 0
14541 14541 1 1 774918 0
1 1 14542 14542 545034 0
14542 14542 1 1 774994 0
1 1 14543 14543 545088 0
14543 14543 1 1 775070 0
1 1 14544 14544 545142 0
14544 14544 1 1 775146 0
1 1 14545 14545 545196 0
14545 14545 1 1 775222 0
1 1 14546 14546 545250 0
14546 14546 1 1 775298 0
1 1 14547 14547 545304 0
14547 14547 1 1 775374 0
1 1 14548 14548 545358 0
14548 14548 1 1 775450 0
1 1 14549 14549 545412 0
14549 14549 1 1 775526 0
1 1 14550 14550 543817 0
14550 14550 1 1 775602 0
1 1 14551 14551 543871 0
14551 14551 1 1 775678 0
1 1 14552 14552 543925 0
14552 14552 1 1 775754 0
1 1 14553 14553 543979 0
14553 14553 1 1 775830 0
1 1 14554 14554 544033 0
14554 14554 1 1 775906 0
1 1 14555 14555 544087 0
14555 14555 1 1 775982 0
1 1 14556 14556 544141 0
14556 14556 1 1 776058 0
1 1 14557 14557 544195 0
14557 14557 1 1 776134 0
1 1 14558 14558 544249 0
14558 14558 1 1 776210 0
1 1 14559 14559 544303 0
14559 14559 1 1 776286 0
1 1 14560 14560 544357 0
14560 14560 1 1 776362 0
1 1 14561 14561 544411 0
14561 14561 1 1 776438 0
1 1 14562 14562 544465 0
14562 14562 1 1 776514 0
1 1 14563 14563 544519 0
14563 14563 1 1 776590 0
1 1 14564 14564 544573 0
14564 14564 1 1 776666 0
1 1 14565 14565 544627 0
14565 14565 1 1 776742 0
1 1 14566 14566 544681 0
14566 14566 1 1 776818 0
1 1 14567 14567 544735 0
14567 14567 1 1 776894 0
1 1 14568 14568 544789 0
14568 14568 1 1 776970 0
1 1 14569 14569 544843 0
14569 14569 1 1 777046 0
1 1 14570 14570 544897 0
14570 14570 1 1 777122 0
1 1 14571 14571 544951 0
14571 14571 1 1 777198 0
1 1 14572 14572 545005 0
14572 14572 1 1 777274 0
1 1 14573 14573 545059 0
14573 14573 1 1 777350 0
1 1 14574 14574 545113 0
14574 14574 1 1 777426 0
1 1 14575 14575 545167 0
14575 14575 1 1 777502 0
1 1 14576 14576 545221 0
14576 14576 1 1 777578 0
1 1 14577 14577 545275 0
14577 14577 1 1 777654 0
1 1 14578 14578 545329 0
14578 14578 1 1 777730 0
1 1 14579 14579 545383 0
14579 14579 1 1 777806 0
1 1 14580 14580 545437 0
14580 14580 1 1 777882 0
1 1 14581 14581 545491 0
14581 14581 1 1 777958 0
1 1 14582 14582 545545 0
14582 14582 1 1 778034 0
1 1 14583 14583 545599 0
14583 14583 1 1 778110 0
1 1 14584 14584 545653 0
14584 14584 1 1 778186 0
1 1 14585 14585 545707 0
14585 14585 1 1 778262 0
1 1 14586 14586 545761 0
14586 14586 1 1 778338 0
1 1 14587 14587 545815 0
14587 14587 1 1 778414 0
1 1 14588 14588 545869 0
14588 14588 1 1 778490 0
1 1 14589 14589 545923 0
14589 14589 1 1 778566 0
1 1 14590 14590 545977 0
14590 14590 1 1 778642 0
1 1 14591 14591 546031 0
14591 14591 1 1 778718 0
1 1 14592 14592 546085 0
14592 14592 1 1 778794 0
1 1 14593 14593 546139 0
14593 14593 1 1 778870 0
1 1 14594 14594 546193 0
14594 14594 1 1 778946 0
1 1 14595 14595 546247 0
14595 14595 1 1 779022 0
1 1 14596 14596 546301 0
14596 14596 1 1 777051 0
1 1 14597 14597 546355 0
14597 14597 1 1 777127 0
1 1 14598 14598 546409 0
14598 14598 1 1 777203 0
1 1 14599 14599 546463 0
14599 14599 1 1 777279 0
1 1 14600 14600 546517 0
14600 14600 1 1 777355 0
1 1 14601 14601 546571 0
14601 14601 1 1 777431 0
1 1 14602 14602 546625 0
14602 14602 1 1 777507 0
1 1 14603 14603 546679 0
14603 14603 1 1 777583 0
1 1 14604 14604 546733 0
14604 14604 1 1 777659 0
1 1 14605 14605 546787 0
14605 14605 1 1 777735 0
1 1 14606 14606 546841 0
14606 14606 1 1 777811 0
1 1 14607 14607 546895 0
14607 14607 1 1 777887 0
1 1 14608 14608 546949 0
14608 14608 1 1 777963 0
1 1 14609 14609 547003 0
14609 14609 1 1 778039 0
1 1 14610 14610 547057 0
14610 14610 1 1 778115 0
1 1 14611 14611 547111 0
14611 14611 1 1 778191 0
1 1 14612 14612 547165 0
14612 14612 1 1 778267 0
1 1 14613 14613 547219 0
14613 14613 1 1 778343 0
1 1 14614 14614 547273 0
14614 14614 1 1 778419 0
1 1 14615 14615 547327 0
14615 14615 1 1 778495 0
1 1 14616 14616 547381 0
14616 14616 1 1 778571 0
1 1 14617 14617 547435 0
14617 14617 1 1 778647 0
1 1 14618 14618 547489 0
14618 14618 1 1 778723 0
1 1 14619 14619 547543 0
14619 14619 1 1 778799 0
1 1 14620 14620 547597 0
14620 14620 1 1 778875 0
1 1 14621 14621 547651 0
14621 14621 1 1 778951 0
1 1 14622 14622 547705 0
14622 14622 1 1 779027 0
1 1 14623 14623 547759 0
14623 14623 1 1 779103 0
1 1 14624 14624 547813 0
14624 14624 1 1 779179 0
1 1 14625 14625 547867 0
14625 14625 1 1 779255 0
1 1 14626 14626 547921 0
14626 14626 1 1 779331 0
1 1 14627 14627 547975 0
14627 14627 1 1 779407 0
1 1 14628 14628 548029 0
14628 14628 1 1 779483 0
1 1 14629 14629 548083 0
14629 14629 1 1 779559 0
1 1 14630 14630 548137 0
14630 14630 1 1 779635 0
1 1 14631 14631 548191 0
14631 14631 1 1 779711 0
1 1 14632 14632 548245 0
14632 14632 1 1 779787 0
1 1 14633 14633 548299 0
14633 14633 1 1 779863 0
1 1 14634 14634 548353 0
14634 14634 1 1 779939 0
1 1 14635 14635 548407 0
14635 14635 1 1 780015 0
1 1 14636 14636 548461 0
14636 14636 1 1 780091 0
1 1 14637 14637 548515 0
14637 14637 1 1 780167 0
1 1 14638 14638 548569 0
14638 14638 1 1 780243 0
1 1 14639 14639 548623 0
14639 14639 1 1 780319 0
1 1 14640 14640 548677 0
14640 14640 1 1 780395 0
1 1 14641 14641 548731 0
14641 14641 1 1 780471 0
1 1 14642 14642 548785 0
14642 14642 1 1 780547 0
1 1 14643 14643 548839 0
14643 14643 1 1 780623 0
1 1 14644 14644 548893 0
14644 14644 1 1 780699 0
1 1 14645 14645 548947 0
14645 14645 1 1 780775 0
1 1 14646 14646 549001 0
14646 14646 1 1 780851 0
1 1 14647 14647 547406 0
14647 14647 1 1 780927 0
1 1 14648 14648 547460 0
14648 14648 1 1 781003 0
1 1 14649 14649 547514 0
14649 14649 1 1 781079 0
1 1 14650 14650 547568 0
14650 14650 1 1 781155 0
1 1 14651 14651 547622 0
14651 14651 1 1 781231 0
1 1 14652 14652 547676 0
14652 14652 1 1 781307 0
1 1 14653 14653 547730 0
14653 14653 1 1 781383 0
1 1 14654 14654 547784 0
14654 14654 1 1 781459 0
1 1 14655 14655 547838 0
14655 14655 1 1 781535 0
1 1 14656 14656 547892 0
14656 14656 1 1 781611 0
1 1 14657 14657 547946 0
14657 14657 1 1 781687 0
1 1 14658 14658 548000 0
14658 14658 1 1 781763 0
1 1 14659 14659 548054 0
14659 14659 1 1 781839 0
1 1 14660 14660 548108 0
14660 14660 1 1 781915 0
1 1 14661 14661 548162 0
14661 14661 1 1 781991 0
1 1 14662 14662 548216 0
14662 14662 1 1 782067 0
1 1 14663 14663 548270 0
14663 14663 1 1 782143 0
1 1 14664 14664 548324 0
14664 14664 1 1 782219 0
1 1 14665 14665 548378 0
14665 14665 1 1 782295 0
1 1 14666 14666 548432 0
14666 14666 1 1 782371 0
1 1 14667 14667 548486 0
14667 14667 1 1 782447 0
1 1 14668 14668 548540 0
14668 14668 1 1 782523 0
1 1 14669 14669 548594 0
14669 14669 1 1 782599 0
1 1 14670 14670 548648 0
14670 14670 1 1 782675 0
1 1 14671 14671 548702 0
14671 14671 1 1 782751 0
1 1 14672 14672 548756 0
14672 14672 1 1 782827 0
1 1 14673 14673 548810 0
14673 14673 1 1 782903 0
1 1 14674 14674 548864 0
14674 14674 1 1 782979 0
1 1 14675 14675 548918 0
14675 14675 1 1 783055 0
1 1 14676 14676 548972 0
14676 14676 1 1 783131 0
1 1 14677 14677 549026 0
14677 14677 1 1 783207 0
1 1 14678 14678 549080 0
14678 14678 1 1 783283 0
1 1 14679 14679 549134 0
14679 14679 1 1 783359 0
1 1 14680 14680 549188 0
14680 14680 1 1 783435 0
1 1 14681 14681 549242 0
14681 14681 1 1 783511 0
1 1 14682 14682 549296 0
14682 14682 1 1 783587 0
1 1 14683 14683 549350 0
14683 14683 1 1 783663 0
1 1 14684 14684 549404 0
14684 14684 1 1 783739 0
1 1 14685 14685 549458 0
14685 14685 1 1 781768 0
1 1 14686 14686 549512 0
14686 14686 1 1 781844 0
1 1 14687 14687 549566 0
14687 14687 1 1 781920 0
1 1 14688 14688 549620 0
14688 14688 1 1 781996 0
1 1 14689 14689 549674 0
14689 14689 1 1 782072 0
1 1 14690 14690 549728 0
14690 14690 1 1 782148 0
1 1 14691 14691 549782 0
14691 14691 1 1 782224 0
1 1 14692 14692 549836 0
14692 14692 1 1 782300 0
1 1 14693 14693 549890 0
14693 14693 1 1 782376 0
1 1 14694 14694 549944 0
14694 14694 1 1 782452 0
1 1 14695 14695 549998 0
14695 14695 1 1 782528 0
1 1 14696 14696 550052 0
14696 14696 1 1 782604 0
1 1 14697 14697 550106 0
14697 14697 1 1 782680 0
1 1 14698 14698 550160 0
14698 14698 1 1 782756 0
1 1 14699 14699 550214 0
14699 14699 1 1 782832 0
1 1 14700 14700 550268 0
14700 14700 1 1 782908 0
1 1 14701 14701 550322 0
14701 14701 1 1 782984 0
1 1 14702 14702 550376 0
14702 14702 1 1 783060 0
1 1 14703 14703 550430 0
14703 14703 1 1 783136 0
1 1 14704 14704 550484 0
14704 14704 1 1 783212 0
1 1 14705 14705 550538 0
14705 14705 1 1 783288 0
1 1 14706 14706 550592 0
14706 14706 1 1 783364 0
1 1 14707 14707 550646 0
14707 14707 1 1 783440 0
1 1 14708 14708 550700 0
14708 14708 1 1 783516 0
1 1 14709 14709 550754 0
14709 14709 1 1 783592 0
1 1 14710 14710 550808 0
14710 14710 1 1 783668 0
1 1 14711 14711 550862 0
14711 14711 1 1 783744 0
1 1 14712 14712 550916 0
14712 14712 1 1 783820 0
1 1 14713 14713 550970 0
14713 14713 1 1 783896 0
1 1 14714 14714 551024 0
14714 14714 1 1 783972 0
1 1 14715 14715 551078 0
14715 14715 1 1 784048 0
1 1 14716 14716 551132 0
14716 14716 1 1 784124 0
1 1 14717 14717 551186 0
14717 14717 1 1 784200 0
1 1 14718 14718 551240 0
14718 14718 1 1 784276 0
1 1 14719 14719 551294 0
14719 14719 1 1 784352 0
1 1 14720 14720 551348 0
14720 14720 1 1 784428 0
1 1 14721 14721 551402 0
14721 14721 1 1 784504 0
1 1 14722 14722 551456 0
14722 14722 1 1 784580 0
1 1 14723 14723 551510 0
14723 14723 1 1 784656 0
1 1 14724 14724 551564 0
14724 14724 1 1 784732 0
1 1 14725 14725 551618 0
14725 14725 1 1 784808 0
1 1 14726 14726 551672 0
14726 14726 1 1 784884 0
1 1 14727 14727 551726 0
14727 14727 1 1 784960 0
1 1 14728 14728 551780 0
14728 14728 1 1 785036 0
1 1 14729 14729 551834 0
14729 14729 1 1 785112 0
1 1 14730 14730 551888 0
14730 14730 1 1 785188 0
1 1 14731 14731 551942 0
14731 14731 1 1 785264 0
1 1 14732 14732 551996 0
14732 14732 1 1 785340 0
1 1 14733 14733 552050 0
14733 14733 1 1 785416 0
1 1 14734 14734 552104 0
14734 14734 1 1 785492 0
1 1 14735 14735 552158 0
14735 14735 1 1 785568 0
1 1 14736 14736 552212 0
14736 14736 1 1 785644 0
1 1 14737 14737 552266 0
14737 14737 1 1 785720 0
1 1 14738 14738 552320 0
14738 14738 1 1 785796 0
1 1 14739 14739 552374 0
14739 14739 1 1 785872 0
1 1 14740 14740 552428 0
14740 14740 1 1 785948 0
1 1 14741 14741 552482 0
14741 14741 1 1 786024 0
1 1 14742 14742 552536 0
14742 14742 1 1 786100 0
1 1 14743 14743 552590 0
14743 14743 1 1 786176 0
1 1 14744 14744 550995 0
14744 14744 1 1 786252 0
1 1 14745 14745 551049 0
14745 14745 1 1 786328 0
1 1 14746 14746 551103 0
14746 14746 1 1 786404 0
1 1 14747 14747 551157 0
14747 14747 1 1 786480 0
1 1 14748 14748 551211 0
14748 14748 1 1 786556 0
1 1 14749 14749 551265 0
14749 14749 1 1 786632 0
1 1 14750 14750 551319 0
14750 14750 1 1 786708 0
1 1 14751 14751 551373 0
14751 14751 1 1 786784 0
1 1 14752 14752 551427 0
14752 14752 1 1 786860 0
1 1 14753 14753 551481 0
14753 14753 1 1 786936 0
1 1 14754 14754 551535 0
14754 14754 1 1 787012 0
1 1 14755 14755 551589 0
14755 14755 1 1 787088 0
1 1 14756 14756 551643 0
14756 14756 1 1 787164 0
1 1 14757 14757 551697 0
14757 14757 1 1 787240 0
1 1 14758 14758 551751 0
14758 14758 1 1 787316 0
1 1 14759 14759 551805 0
14759 14759 1 1 787392 0
1 1 14760 14760 551859 0
14760 14760 1 1 787468 0
1 1 14761 14761 551913 0
14761 14761 1 1 787544 0
1 1 14762 14762 551967 0
14762 14762 1 1 787620 0
1 1 14763 14763 552021 0
14763 14763 1 1 787696 0
1 1 14764 14764 552075 0
14764 14764 1 1 787772 0
1 1 14765 14765 552129 0
14765 14765 1 1 787848 0
1 1 14766 14766 552183 0
14766 14766 1 1 787924 0
1 1 14767 14767 552237 0
14767 14767 1 1 788000 0
1 1 14768 14768 552291 0
14768 14768 1 1 788076 0
1 1 14769 14769 552345 0
14769 14769 1 1 788152 0
1 1 14770 14770 552399 0
14770 14770 1 1 788228 0
1 1 14771 14771 552453 0
14771 14771 1 1 788304 0
1 1 14772 14772 552507 0
14772 14772 1 1 788380 0
1 1 14773 14773 552561 0
14773 14773 1 1 788456 0
1 1 14774 14774 552615 0
14774 14774 1 1 786485 0
1 1 14775 14775 552669 0
14775 14775 1 1 786561 0
1 1 14776 14776 552723 0
14776 14776 1 1 786637 0
1 1 14777 14777 552777 0
14777 14777 1 1 786713 0
1 1 14778 14778 552831 0
14778 14778 1 1 786789 0
1 1 14779 14779 552885 0
14779 14779 1 1 786865 0
1 1 14780 14780 552939 0
14780 14780 1 1 786941 0
1 1 14781 14781 552993 0
14781 14781 1 1 787017 0
1 1 14782 14782 553047 0
14782 14782 1 1 787093 0
1 1 14783 14783 553101 0
14783 14783 1 1 787169 0
1 1 14784 14784 553155 0
14784 14784 1 1 787245 0
1 1 14785 14785 553209 0
14785 14785 1 1 787321 0
1 1 14786 14786 553263 0
14786 14786 1 1 787397 0
1 1 14787 14787 553317 0
14787 14787 1 1 787473 0
1 1 14788 14788 553371 0
14788 14788 1 1 787549 0
1 1 14789 14789 553425 0
14789 14789 1 1 787625 0
1 1 14790 14790 553479 0
14790 14790 1 1 787701 0
1 1 14791 14791 553533 0
14791 14791 1 1 787777 0
1 1 14792 14792 553587 0
14792 14792 1 1 787853 0
1 1 14793 14793 553641 0
14793 14793 1 1 787929 0
1 1 14794 14794 553695 0
14794 14794 1 1 788005 0
1 1 14795 14795 553749 0
14795 14795 1 1 788081 0
1 1 14796 14796 553803 0
14796 14796 1 1 788157 0
1 1 14797 14797 553857 0
14797 14797 1 1 788233 0
1 1 14798 14798 553911 0
14798 14798 1 1 788309 0
1 1 14799 14799 553965 0
14799 14799 1 1 788385 0
1 1 14800 14800 554019 0
14800 14800 1 1 788461 0
1 1 14801 14801 554073 0
14801 14801 1 1 788537 0
1 1 14802 14802 554127 0
14802 14802 1 1 788613 0
1 1 14803 14803 554181 0
14803 14803 1 1 788689 0
1 1 14804 14804 554235 0
14804 14804 1 1 788765 0
1 1 14805 14805 554289 0
14805 14805 1 1 788841 0
1 1 14806 14806 554343 0
14806 14806 1 1 788917 0
1 1 14807 14807 554397 0
14807 14807 1 1 788993 0
1 1 14808 14808 554451 0
14808 14808 1 1 789069 0
1 1 14809 14809 554505 0
14809 14809 1 1 789145 0
1 1 14810 14810 554559 0
14810 14810 1 1 789221 0
1 1 14811 14811 554613 0
14811 14811 1 1 789297 0
1 1 14812 14812 554667 0
14812 14812 1 1 789373 0
1 1 14813 14813 554721 0
14813 14813 1 1 789449 0
1 1 14814 14814 554775 0
14814 14814 1 1 789525 0
1 1 14815 14815 554829 0
14815 14815 1 1 789601 0
1 1 14816 14816 554883 0
14816 14816 1 1 789677 0
1 1 14817 14817 554937 0
14817 14817 1 1 789753 0
1 1 14818 14818 554991 0
14818 14818 1 1 789829 0
1 1 14819 14819 555045 0
14819 14819 1 1 789905 0
1 1 14820 14820 555099 0
14820 14820 1 1 789981 0
1 1 14821 14821 555153 0
14821 14821 1 1 790057 0
1 1 14822 14822 555207 0
14822 14822 1 1 790133 0
1 1 14823 14823 555261 0
14823 14823 1 1 790209 0
1 1 14824 14824 555315 0
14824 14824 1 1 790285 0
1 1 14825 14825 555369 0
14825 14825 1 1 790361 0
1 1 14826 14826 555423 0
14826 14826 1 1 790437 0
1 1 14827 14827 555477 0
14827 14827 1 1 790513 0
1 1 14828 14828 555531 0
14828 14828 1 1 790589 0
1 1 14829 14829 555585 0
14829 14829 1 1 790665 0
1 1 14830 14830 555639 0
14830 14830 1 1 790741 0
1 1 14831 14831 555693 0
14831 14831 1 1 790817 0
1 1 14832 14832 555747 0
14832 14832 1 1 790893 0
1 1 14833 14833 555801 0
14833 14833 1 1 790969 0
1 1 14834 14834 555855 0
14834 14834 1 1 791045 0
1 1 14835 14835 555909 0
14835 14835 1 1 791121 0
1 1 14836 14836 555963 0
14836 14836 1 1 791197 0
1 1 14837 14837 556017 0
14837 14837 1 1 791273 0
1 1 14838 14838 556071 0
14838 14838 1 1 791349 0
1 1 14839 14839 556125 0
14839 14839 1 1 791425 0
1 1 14840 14840 556179 0
14840 14840 1 1 791501 0
1 1 14841 14841 554584 0
14841 14841 1 1 791577 0
1 1 14842 14842 554638 0
14842 14842 1 1 791653 0
1 1 14843 14843 554692 0
14843 14843 1 1 791729 0
1 1 14844 14844 554746 0
14844 14844 1 1 791805 0
1 1 14845 14845 554800 0
14845 14845 1 1 791881 0
1 1 14846 14846 554854 0
14846 14846 1 1 791957 0
1 1 14847 14847 554908 0
14847 14847 1 1 792033 0
1 1 14848 14848 554962 0
14848 14848 1 1 792109 0
1 1 14849 14849 555016 0
14849 14849 1 1 792185 0
1 1 14850 14850 555070 0
14850 14850 1 1 792261 0
1 1 14851 14851 555124 0
14851 14851 1 1 792337 0
1 1 14852 14852 555178 0
14852 14852 1 1 792413 0
1 1 14853 14853 555232 0
14853 14853 1 1 792489 0
1 1 14854 14854 555286 0
14854 14854 1 1 792565 0
1 1 14855 14855 555340 0
14855 14855 1 1 792641 0
1 1 14856 14856 555394 0
14856 14856 1 1 792717 0
1 1 14857 14857 555448 0
14857 14857 1 1 792793 0
1 1 14858 14858 555502 0
14858 14858 1 1 792869 0
1 1 14859 14859 555556 0
14859 14859 1 1 792945 0
1 1 14860 14860 555610 0
14860 14860 1 1 793021 0
1 1 14861 14861 555664 0
14861 14861 1 1 793097 0
1 1 14862 14862 555718 0
14862 14862 1 1 793173 0
1 1 14863 14863 555772 0
14863 14863 1 1 791202 0
1 1 14864 14864 555826 0
14864 14864 1 1 791278 0
1 1 14865 14865 555880 0
14865 14865 1 1 791354 0
1 1 14866 14866 555934 0
14866 14866 1 1 791430 0
1 1 14867 14867 555988 0
14867 14867 1 1 791506 0
1 1 14868 14868 556042 0
14868 14868 1 1 791582 0
1 1 14869 14869 556096 0
14869 14869 1 1 791658 0
1 1 14870 14870 556150 0
14870 14870 1 1 791734 0
1 1 14871 14871 556204 0
14871 14871 1 1 791810 0
1 1 14872 14872 556258 0
14872 14872 1 1 791886 0
1 1 14873 14873 556312 0
14873 14873 1 1 791962 0
1 1 14874 14874 556366 0
14874 14874 1 1 792038 0
1 1 14875 14875 556420 0
14875 14875 1 1 792114 0
1 1 14876 14876 556474 0
14876 14876 1 1 792190 0
1 1 14877 14877 556528 0
14877 14877 1 1 792266 0
1 1 14878 14878 556582 0
14878 14878 1 1 792342 0
1 1 14879 14879 556636 0
14879 14879 1 1 792418 0
1 1 14880 14880 556690 0
14880 14880 1 1 792494 0
1 1 14881 14881 556744 0
14881 14881 1 1 792570 0
1 1 14882 14882 556798 0
14882 14882 1 1 792646 0
1 1 14883 14883 556852 0
14883 14883 1 1 792722 0
1 1 14884 14884 556906 0
14884 14884 1 1 792798 0
1 1 14885 14885 556960 0
14885 14885 1 1 792874 0
1 1 14886 14886 557014 0
14886 14886 1 1 792950 0
1 1 14887 14887 557068 0
14887 14887 1 1 793026 0
1 1 14888 14888 557122 0
14888 14888 1 1 793102 0
1 1 14889 14889 557176 0
14889 14889 1 1 793178 0
1 1 14890 14890 557230 0
14890 14890 1 1 793254 0
1 1 14891 14891 557284 0
14891 14891 1 1 793330 0
1 1 14892 14892 557338 0
14892 14892 1 1 793406 0
1 1 14893 14893 557392 0
14893 14893 1 1 793482 0
1 1 14894 14894 557446 0
14894 14894 1 1 793558 0
1 1 14895 14895 557500 0
14895 14895 1 1 793634 0
1 1 14896 14896 557554 0
14896 14896 1 1 793710 0
1 1 14897 14897 557608 0
14897 14897 1 1 793786 0
1 1 14898 14898 557662 0
14898 14898 1 1 793862 0
1 1 14899 14899 557716 0
14899 14899 1 1 793938 0
1 1 14900 14900 557770 0
14900 14900 1 1 794014 0
1 1 14901 14901 557824 0
14901 14901 1 1 794090 0
1 1 14902 14902 557878 0
14902 14902 1 1 794166 0
1 1 14903 14903 557932 0
14903 14903 1 1 794242 0
1 1 14904 14904 557986 0
14904 14904 1 1 794318 0
1 1 14905 14905 558040 0
14905 14905 1 1 794394 0
1 1 14906 14906 558094 0
14906 14906 1 1 794470 0
1 1 14907 14907 558148 0
14907 14907 1 1 794546 0
1 1 14908 14908 558202 0
14908 14908 1 1 794622 0
1 1 14909 14909 558256 0
14909 14909 1 1 794698 0
1 1 14910 14910 558310 0
14910 14910 1 1 794774 0
1 1 14911 14911 558364 0
14911 14911 1 1 794850 0
1 1 14912 14912 558418 0
14912 14912 1 1 794926 0
1 1 14913 14913 558472 0
14913 14913 1 1 795002 0
1 1 14914 14914 558526 0
14914 14914 1 1 795078 0
1 1 14915 14915 558580 0
14915 14915 1 1 795154 0
1 1 14916 14916 558634 0
14916 14916 1 1 795230 0
1 1 14917 14917 558688 0
14917 14917 1 1 795306 0
1 1 14918 14918 558742 0
14918 14918 1 1 795382 0
1 1 14919 14919 558796 0
14919 14919 1 1 795458 0
1 1 14920 14920 558850 0
14920 14920 1 1 795534 0
1 1 14921 14921 558904 0
14921 14921 1 1 795610 0
1 1 14922 14922 558958 0
14922 14922 1 1 795686 0
1 1 14923 14923 559012 0
14923 14923 1 1 795762 0
1 1 14924 14924 559066 0
14924 14924 1 1 795838 0
1 1 14925 14925 559120 0
14925 14925 1 1 795914 0
1 1 14926 14926 559174 0
14926 14926 1 1 795990 0
1 1 14927 14927 559228 0
14927 14927 1 1 796066 0
1 1 14928 14928 559282 0
14928 14928 1 1 796142 0
1 1 14929 14929 559336 0
14929 14929 1 1 796218 0
1 1 14930 14930 559390 0
14930 14930 1 1 796294 0
1 1 14931 14931 559444 0
14931 14931 1 1 796370 0
1 1 14932 14932 559498 0
14932 14932 1 1 796446 0
1 1 14933 14933 559552 0
14933 14933 1 1 796522 0
1 1 14934 14934 559606 0
14934 14934 1 1 796598 0
1 1 14935 14935 559660 0
14935 14935 1 1 796674 0
1 1 14936 14936 559714 0
14936 14936 1 1 796750 0
1 1 14937 14937 559768 0
14937 14937 1 1 796826 0
1 1 14938 14938 558173 0
14938 14938 1 1 796902 0
1 1 14939 14939 558227 0
14939 14939 1 1 796978 0
1 1 14940 14940 558281 0
14940 14940 1 1 797054 0
1 1 14941 14941 558335 0
14941 14941 1 1 797130 0
1 1 14942 14942 558389 0
14942 14942 1 1 797206 0
1 1 14943 14943 558443 0
14943 14943 1 1 797282 0
1 1 14944 14944 558497 0
14944 14944 1 1 797358 0
1 1 14945 14945 558551 0
14945 14945 1 1 797434 0
1 1 14946 14946 558605 0
14946 14946 1 1 797510 0
1 1 14947 14947 558659 0
14947 14947 1 1 797586 0
1 1 14948 14948 558713 0
14948 14948 1 1 797662 0
1 1 14949 14949 558767 0
14949 14949 1 1 797738 0
1 1 14950 14950 558821 0
14950 14950 1 1 797814 0
1 1 14951 14951 558875 0
14951 14951 1 1 797890 0
1 1 14952 14952 558929 0
14952 14952 1 1 795919 0
1 1 14953 14953 558983 0
14953 14953 1 1 795995 0
1 1 14954 14954 559037 0
14954 14954 1 1 796071 0
1 1 14955 14955 559091 0
14955 14955 1 1 796147 0
1 1 14956 14956 559145 0
14956 14956 1 1 796223 0
1 1 14957 14957 559199 0
14957 14957 1 1 796299 0
1 1 14958 14958 559253 0
14958 14958 1 1 796375 0
1 1 14959 14959 559307 0
14959 14959 1 1 796451 0
1 1 14960 14960 559361 0
14960 14960 1 1 796527 0
1 1 14961 14961 559415 0
14961 14961 1 1 796603 0
1 1 14962 14962 559469 0
14962 14962 1 1 796679 0
1 1 14963 14963 559523 0
14963 14963 1 1 796755 0
1 1 14964 14964 559577 0
14964 14964 1 1 796831 0
1 1 14965 14965 559631 0
14965 14965 1 1 796907 0
1 1 14966 14966 559685 0
14966 14966 1 1 796983 0
1 1 14967 14967 559739 0
14967 14967 1 1 797059 0
1 1 14968 14968 559793 0
14968 14968 1 1 797135 0
1 1 14969 14969 559847 0
14969 14969 1 1 797211 0
1 1 14970 14970 559901 0
14970 14970 1 1 797287 0
1 1 14971 14971 559955 0
14971 14971 1 1 797363 0
1 1 14972 14972 560009 0
14972 14972 1 1 797439 0
1 1 14973 14973 560063 0
14973 14973 1 1 797515 0
1 1 14974 14974 560117 0
14974 14974 1 1 797591 0
1 1 14975 14975 560171 0
14975 14975 1 1 797667 0
1 1 14976 14976 560225 0
14976 14976 1 1 797743 0
1 1 14977 14977 560279 0
14977 14977 1 1 797819 0
1 1 14978 14978 560333 0
14978 14978 1 1 797895 0
1 1 14979 14979 560387 0
14979 14979 1 1 797971 0
1 1 14980 14980 560441 0
14980 14980 1 1 798047 0
1 1 14981 14981 560495 0
14981 14981 1 1 798123 0
1 1 14982 14982 560549 0
14982 14982 1 1 798199 0
1 1 14983 14983 560603 0
14983 14983 1 1 798275 0
1 1 14984 14984 560657 0
14984 14984 1 1 798351 0
1 1 14985 14985 560711 0
14985 14985 1 1 798427 0
1 1 14986 14986 560765 0
14986 14986 1 1 798503 0
1 1 14987 14987 560819 0
14987 14987 1 1 798579 0
1 1 14988 14988 560873 0
14988 14988 1 1 798655 0
1 1 14989 14989 560927 0
14989 14989 1 1 798731 0
1 1 14990 14990 560981 0
14990 14990 1 1 798807 0
1 1 14991 14991 561035 0
14991 14991 1 1 798883 0
1 1 14992 14992 561089 0
14992 14992 1 1 798959 0
1 1 14993 14993 561143 0
14993 14993 1 1 799035 0
1 1 14994 14994 561197 0
14994 14994 1 1 799111 0
1 1 14995 14995 561251 0
14995 14995 1 1 799187 0
1 1 14996 14996 561305 0
14996 14996 1 1 799263 0
1 1 14997 14997 561359 0
14997 14997 1 1 799339 0
1 1 14998 14998 561413 0
14998 14998 1 1 799415 0
1 1 14999 14999 561467 0
14999 14999 1 1 799491 0
1 1 15000 15000 561521 0
15000 15000 1 1 799567 0
1 1 15001 15001 561575 0
15001 15001 1 1 799643 0
1 1 15002 15002 561629 0
15002 15002 1 1 799719 0
1 1 15003 15003 561683 0
15003 15003 1 1 799795 0
1 1 15004 15004 561737 0
15004 15004 1 1 799871 0
1 1 15005 15005 561791 0
15005 15005 1 1 799947 0
1 1 15006 15006 561845 0
15006 15006 1 1 800023 0
1 1 15007 15007 561899 0
15007 15007 1 1 800099 0
1 1 15008 15008 561953 0
15008 15008 1 1 800175 0
1 1 15009 15009 562007 0
15009 15009 1 1 800251 0
1 1 15010 15010 562061 0
15010 15010 1 1 800327 0
1 1 15011 15011 562115 0
15011 15011 1 1 800403 0
1 1 15012 15012 562169 0
15012 15012 1 1 800479 0
1 1 15013 15013 562223 0
15013 15013 1 1 800555 0
1 1 15014 15014 562277 0
15014 15014 1 1 800631 0
1 1 15015 15015 562331 0
15015 15015 1 1 800707 0
1 1 15016 15016 562385 0
15016 15016 1 1 800783 0
1 1 15017 15017 562439 0
15017 15017 1 1 800859 0
1 1 15018 15018 562493 0
15018 15018 1 1 800935 0
1 1 15019 15019 562547 0
15019 15019 1 1 801011 0
1 1 15020 15020 562601 0
15020 15020 1 1 801087 0
1 1 15021 15021 562655 0
15021 15021 1 1 801163 0
1 1 15022 15022 562709 0
15022 15022 1 1 801239 0
1 1 15023 15023 562763 0
15023 15023 1 1 801315 0
1 1 15024 15024 562817 0
15024 15024 1 1 801391 0
1 1 15025 15025 562871 0
15025 15025 1 1 801467 0
1 1 15026 15026 562925 0
15026 15026 1 1 801543 0
1 1 15027 15027 562979 0
15027 15027 1 1 801619 0
1 1 15028 15028 563033 0
15028 15028 1 1 801695 0
1 1 15029 15029 563087 0
15029 15029 1 1 801771 0
1 1 15030 15030 563141 0
15030 15030 1 1 801847 0
1 1 15031 15031 563195 0
15031 15031 1 1 801923 0
1 1 15032 15032 563249 0
15032 15032 1 1 801999 0
1 1 15033 15033 563303 0
15033 15033 1 1 802075 0
1 1 15034 15034 563357 0
15034 15034 1 1 802151 0
1 1 15035 15035 561762 0
15035 15035 1 1 802227 0
1 1 15036 15036 561816 0
15036 15036 1 1 802303 0
1 1 15037 15037 561870 0
15037 15037 1 1 802379 0
1 1 15038 15038 561924 0
15038 15038 1 1 802455 0
1 1 15039 15039 561978 0
15039 15039 1 1 802531 0
1 1 15040 15040 562032 0
15040 15040 1 1 802607 0
1 1 15041 15041 562086 0
15041 15041 1 1 800636 0
1 1 15042 15042 562140 0
15042 15042 1 1 800712 0
1 1 15043 15043 562194 0
15043 15043 1 1 800788 0
1 1 15044 15044 562248 0
15044 15044 1 1 800864 0
1 1 15045 15045 562302 0
15045 15045 1 1 800940 0
1 1 15046 15046 562356 0
15046 15046 1 1 801016 0
1 1 15047 15047 562410 0
15047 15047 1 1 801092 0
1 1 15048 15048 562464 0
15048 15048 1 1 801168 0
1 1 15049 15049 562518 0
15049 15049 1 1 801244 0
1 1 15050 15050 562572 0
15050 15050 1 1 801320 0
1 1 15051 15051 562626 0
15051 15051 1 1 801396 0
1 1 15052 15052 562680 0
15052 15052 1 1 801472 0
1 1 15053 15053 562734 0
15053 15053 1 1 801548 0
1 1 15054 15054 562788 0
15054 15054 1 1 801624 0
1 1 15055 15055 562842 0
15055 15055 1 1 801700 0
1 1 15056 15056 562896 0
15056 15056 1 1 801776 0
1 1 15057 15057 562950 0
15057 15057 1 1 801852 0
1 1 15058 15058 563004 0
15058 15058 1 1 801928 0
1 1 15059 15059 563058 0
15059 15059 1 1 802004 0
1 1 15060 15060 563112 0
15060 15060 1 1 802080 0
1 1 15061 15061 563166 0
15061 15061 1 1 802156 0
1 1 15062 15062 563220 0
15062 15062 1 1 802232 0
1 1 15063 15063 563274 0
15063 15063 1 1 802308 0
1 1 15064 15064 563328 0
15064 15064 1 1 802384 0
1 1 15065 15065 563382 0
15065 15065 1 1 802460 0
1 1 15066 15066 563436 0
15066 15066 1 1 802536 0
1 1 15067 15067 563490 0
15067 15067 1 1 802612 0
1 1 15068 15068 563544 0
15068 15068 1 1 802688 0
1 1 15069 15069 563598 0
15069 15069 1 1 802764 0
1 1 15070 15070 563652 0
15070 15070 1 1 802840 0
1 1 15071 15071 563706 0
15071 15071 1 1 802916 0
1 1 15072 15072 563760 0
15072 15072 1 1 802992 0
1 1 15073 15073 563814 0
15073 15073 1 1 803068 0
1 1 15074 15074 563868 0
15074 15074 1 1 803144 0
1 1 15075 15075 563922 0
15075 15075 1 1 803220 0
1 1 15076 15076 563976 0
15076 15076 1 1 803296 0
1 1 15077 15077 564030 0
15077 15077 1 1 803372 0
1 1 15078 15078 564084 0
15078 15078 1 1 803448 0
1 1 15079 15079 564138 0
15079 15079 1 1 803524 0
1 1 15080 15080 564192 0
15080 15080 1 1 803600 0
1 1 15081 15081 564246 0
15081 15081 1 1 803676 0
1 1 15082 15082 564300 0
15082 15082 1 1 803752 0
1 1 15083 15083 564354 0
15083 15083 1 1 803828 0
1 1 15084 15084 564408 0
15084 15084 1 1 803904 0
1 1 15085 15085 564462 0
15085 15085 1 1 803980 0
1 1 15086 15086 564516 0
15086 15086 1 1 804056 0
1 1 15087 15087 564570 0
15087 15087 1 1 804132 0
1 1 15088 15088 564624 0
15088 15088 1 1 804208 0
1 1 15089 15089 564678 0
15089 15089 1 1 804284 0
1 1 15090 15090 564732 0
15090 15090 1 1 804360 0
1 1 15091 15091 564786 0
15091 15091 1 1 804436 0
1 1 15092 15092 564840 0
15092 15092 1 1 804512 0
1 1 15093 15093 564894 0
15093 15093 1 1 804588 0
1 1 15094 15094 564948 0
15094 15094 1 1 804664 0
1 1 15095 15095 565002 0
15095 15095 1 1 804740 0
1 1 15096 15096 565056 0
15096 15096 1 1 804816 0
1 1 15097 15097 565110 0
15097 15097 1 1 804892 0
1 1 15098 15098 565164 0
15098 15098 1 1 804968 0
1 1 15099 15099 565218 0
15099 15099 1 1 805044 0
1 1 15100 15100 565272 0
15100 15100 1 1 805120 0
1 1 15101 15101 565326 0
15101 15101 1 1 805196 0
1 1 15102 15102 565380 0
15102 15102 1 1 805272 0
1 1 15103 15103 565434 0
15103 15103 1 1 805348 0
1 1 15104 15104 565488 0
15104 15104 1 1 805424 0
1 1 15105 15105 565542 0
15105 15105 1 1 805500 0
1 1 15106 15106 565596 0
15106 15106 1 1 805576 0
1 1 15107 15107 565650 0
15107 15107 1 1 805652 0
1 1 15108 15108 565704 0
15108 15108 1 1 805728 0
1 1 15109 15109 565758 0
15109 15109 1 1 805804 0
1 1 15110 15110 565812 0
15110 15110 1 1 805880 0
1 1 15111 15111 565866 0
15111 15111 1 1 805956 0
1 1 15112 15112 565920 0
15112 15112 1 1 806032 0
1 1 15113 15113 565974 0
15113 15113 1 1 806108 0
1 1 15114 15114 566028 0
15114 15114 1 1 806184 0
1 1 15115 15115 566082 0
15115 15115 1 1 806260 0
1 1 15116 15116 566136 0
15116 15116 1 1 806336 0
1 1 15117 15117 566190 0
15117 15117 1 1 806412 0
1 1 15118 15118 566244 0
15118 15118 1 1 806488 0
1 1 15119 15119 566298 0
15119 15119 1 1 806564 0
1 1 15120 15120 566352 0
15120 15120 1 1 806640 0
1 1 15121 15121 566406 0
15121 15121 1 1 806716 0
1 1 15122 15122 566460 0
15122 15122 1 1 806792 0
1 1 15123 15123 566514 0
15123 15123 1 1 806868 0
1 1 15124 15124 566568 0
15124 15124 1 1 806944 0
1 1 15125 15125 566622 0
15125 15125 1 1 807020 0
1 1 15126 15126 566676 0
15126 15126 1 1 807096 0
1 1 15127 15127 566730 0
15127 15127 1 1 807172 0
1 1 15128 15128 566784 0
15128 15128 1 1 807248 0
1 1 15129 15129 566838 0
15129 15129 1 1 807324 0
1 1 15130 15130 566892 0
15130 15130 1 1 805353 0
1 1 15131 15131 566946 0
15131 15131 1 1 805429 0
1 1 15132 15132 565351 0
15132 15132 1 1 805505 0
1 1 15133 15133 565405 0
15133 15133 1 1 805581 0
1 1 15134 15134 565459 0
15134 15134 1 1 805657 0
1 1 15135 15135 565513 0
15135 15135 1 1 805733 0
1 1 15136 15136 565567 0
15136 15136 1 1 805809 0
1 1 15137 15137 565621 0
15137 15137 1 1 805885 0
1 1 15138 15138 565675 0
15138 15138 1 1 805961 0
1 1 15139 15139 565729 0
15139 15139 1 1 806037 0
1 1 15140 15140 565783 0
15140 15140 1 1 806113 0
1 1 15141 15141 565837 0
15141 15141 1 1 806189 0
1 1 15142 15142 565891 0
15142 15142 1 1 806265 0
1 1 15143 15143 565945 0
15143 15143 1 1 806341 0
1 1 15144 15144 565999 0
15144 15144 1 1 806417 0
1 1 15145 15145 566053 0
15145 15145 1 1 806493 0
1 1 15146 15146 566107 0
15146 15146 1 1 806569 0
1 1 15147 15147 566161 0
15147 15147 1 1 806645 0
1 1 15148 15148 566215 0
15148 15148 1 1 806721 0
1 1 15149 15149 566269 0
15149 15149 1 1 806797 0
1 1 15150 15150 566323 0
15150 15150 1 1 806873 0
1 1 15151 15151 566377 0
15151 15151 1 1 806949 0
1 1 15152 15152 566431 0
15152 15152 1 1 807025 0
1 1 15153 15153 566485 0
15153 15153 1 1 807101 0
1 1 15154 15154 566539 0
15154 15154 1 1 807177 0
1 1 15155 15155 566593 0
15155 15155 1 1 807253 0
1 1 15156 15156 566647 0
15156 15156 1 1 807329 0
1 1 15157 15157 566701 0
15157 15157 1 1 807405 0
1 1 15158 15158 566755 0
15158 15158 1 1 807481 0
1 1 15159 15159 566809 0
15159 15159 1 1 807557 0
1 1 15160 15160 566863 0
15160 15160 1 1 807633 0
1 1 15161 15161 566917 0
15161 15161 1 1 807709 0
1 1 15162 15162 566971 0
15162 15162 1 1 807785 0
1 1 15163 15163 567025 0
15163 15163 1 1 807861 0
1 1 15164 15164 567079 0
15164 15164 1 1 807937 0
1 1 15165 15165 567133 0
15165 15165 1 1 808013 0
1 1 15166 15166 567187 0
15166 15166 1 1 808089 0
1 1 15167 15167 567241 0
15167 15167 1 1 808165 0
1 1 15168 15168 567295 0
15168 15168 1 1 808241 0
1 1 15169 15169 567349 0
15169 15169 1 1 808317 0
1 1 15170 15170 567403 0
15170 15170 1 1 808393 0
1 1 15171 15171 567457 0
15171 15171 1 1 808469 0
1 1 15172 15172 567511 0
15172 15172 1 1 808545 0
1 1 15173 15173 567565 0
15173 15173 1 1 808621 0
1 1 15174 15174 567619 0
15174 15174 1 1 808697 0
1 1 15175 15175 567673 0
15175 15175 1 1 808773 0
1 1 15176 15176 567727 0
15176 15176 1 1 808849 0
1 1 15177 15177 567781 0
15177 15177 1 1 808925 0
1 1 15178 15178 567835 0
15178 15178 1 1 809001 0
1 1 15179 15179 567889 0
15179 15179 1 1 809077 0
1 1 15180 15180 567943 0
15180 15180 1 1 809153 0
1 1 15181 15181 567997 0
15181 15181 1 1 809229 0
1 1 15182 15182 568051 0
15182 15182 1 1 809305 0
1 1 15183 15183 568105 0
15183 15183 1 1 809381 0
1 1 15184 15184 568159 0
15184 15184 1 1 809457 0
1 1 15185 15185 568213 0
15185 15185 1 1 809533 0
1 1 15186 15186 568267 0
15186 15186 1 1 809609 0
1 1 15187 15187 568321 0
15187 15187 1 1 809685 0
1 1 15188 15188 568375 0
15188 15188 1 1 809761 0
1 1 15189 15189 568429 0
15189 15189 1 1 809837 0
1 1 15190 15190 568483 0
15190 15190 1 1 809913 0
1 1 15191 15191 568537 0
15191 15191 1 1 809989 0
1 1 15192 15192 568591 0
15192 15192 1 1 810065 0
1 1 15193 15193 568645 0
15193 15193 1 1 810141 0
1 1 15194 15194 568699 0
15194 15194 1 1 810217 0
1 1 15195 15195 568753 0
15195 15195 1 1 810293 0
1 1 15196 15196 568807 0
15196 15196 1 1 810369 0
1 1 15197 15197 568861 0
15197 15197 1 1 810445 0
1 1 15198 15198 568915 0
15198 15198 1 1 810521 0
1 1 15199 15199 568969 0
15199 15199 1 1 810597 0
1 1 15200 15200 569023 0
15200 15200 1 1 810673 0
1 1 15201 15201 569077 0
15201 15201 1 1 810749 0
1 1 15202 15202 569131 0
15202 15202 1 1 810825 0
1 1 15203 15203 569185 0
15203 15203 1 1 810901 0
1 1 15204 15204 569239 0
15204 15204 1 1 810977 0
1 1 15205 15205 569293 0
15205 15205 1 1 811053 0
1 1 15206 15206 569347 0
15206 15206 1 1 811129 0
1 1 15207 15207 569401 0
15207 15207 1 1 811205 0
1 1 15208 15208 569455 0
15208 15208 1 1 811281 0
1 1 15209 15209 569509 0
15209 15209 1 1 811357 0
1 1 15210 15210 569563 0
15210 15210 1 1 811433 0
1 1 15211 15211 569617 0
15211 15211 1 1 811509 0
1 1 15212 15212 569671 0
15212 15212 1 1 811585 0
1 1 15213 15213 569725 0
15213 15213 1 1 811661 0
1 1 15214 15214 569779 0
15214 15214 1 1 811737 0
1 1 15215 15215 569833 0
15215 15215 1 1 811813 0
1 1 15216 15216 569887 0
15216 15216 1 1 811889 0
1 1 15217 15217 569941 0
15217 15217 1 1 811965 0
1 1 15218 15218 569995 0
15218 15218 1 1 812041 0
1 1 15219 15219 570049 0
15219 15219 1 1 810070 0
1 1 15220 15220 570103 0
15220 15220 1 1 810146 0
1 1 15221 15221 570157 0
15221 15221 1 1 810222 0
1 1 15222 15222 570211 0
15222 15222 1 1 810298 0
1 1 15223 15223 570265 0
15223 15223 1 1 810374 0
1 1 15224 15224 570319 0
15224 15224 1 1 810450 0
1 1 15225 15225 570373 0
15225 15225 1 1 810526 0
1 1 15226 15226 570427 0
15226 15226 1 1 810602 0
1 1 15227 15227 570481 0
15227 15227 1 1 810678 0
1 1 15228 15228 570535 0
15228 15228 1 1 810754 0
1 1 15229 15229 568940 0
15229 15229 1 1 810830 0
1 1 15230 15230 568994 0
15230 15230 1 1 810906 0
1 1 15231 15231 569048 0
15231 15231 1 1 810982 0
1 1 15232 15232 569102 0
15232 15232 1 1 811058 0
1 1 15233 15233 569156 0
15233 15233 1 1 811134 0
1 1 15234 15234 569210 0
15234 15234 1 1 811210 0
1 1 15235 15235 569264 0
15235 15235 1 1 811286 0
1 1 15236 15236 569318 0
15236 15236 1 1 811362 0
1 1 15237 15237 569372 0
15237 15237 1 1 811438 0
1 1 15238 15238 569426 0
15238 15238 1 1 811514 0
1 1 15239 15239 569480 0
15239 15239 1 1 811590 0
1 1 15240 15240 569534 0
15240 15240 1 1 811666 0
1 1 15241 15241 569588 0
15241 15241 1 1 811742 0
1 1 15242 15242 569642 0
15242 15242 1 1 811818 0
1 1 15243 15243 569696 0
15243 15243 1 1 811894 0
1 1 15244 15244 569750 0
15244 15244 1 1 811970 0
1 1 15245 15245 569804 0
15245 15245 1 1 812046 0
1 1 15246 15246 569858 0
15246 15246 1 1 812122 0
1 1 15247 15247 569912 0
15247 15247 1 1 812198 0
1 1 15248 15248 569966 0
15248 15248 1 1 812274 0
1 1 15249 15249 570020 0
15249 15249 1 1 812350 0
1 1 15250 15250 570074 0
15250 15250 1 1 812426 0
1 1 15251 15251 570128 0
15251 15251 1 1 812502 0
1 1 15252 15252 570182 0
15252 15252 1 1 812578 0
1 1 15253 15253 570236 0
15253 15253 1 1 812654 0
1 1 15254 15254 570290 0
15254 15254 1 1 812730 0
1 1 15255 15255 570344 0
15255 15255 1 1 812806 0
1 1 15256 15256 570398 0
15256 15256 1 1 812882 0
1 1 15257 15257 570452 0
15257 15257 1 1 812958 0
1 1 15258 15258 570506 0
15258 15258 1 1 813034 0
1 1 15259 15259 570560 0
15259 15259 1 1 813110 0
1 1 15260 15260 570614 0
15260 15260 1 1 813186 0
1 1 15261 15261 570668 0
15261 15261 1 1 813262 0
1 1 15262 15262 570722 0
15262 15262 1 1 813338 0
1 1 15263 15263 570776 0
15263 15263 1 1 813414 0
1 1 15264 15264 570830 0
15264 15264 1 1 813490 0
1 1 15265 15265 570884 0
15265 15265 1 1 813566 0
1 1 15266 15266 570938 0
15266 15266 1 1 813642 0
1 1 15267 15267 570992 0
15267 15267 1 1 813718 0
1 1 15268 15268 571046 0
15268 15268 1 1 813794 0
1 1 15269 15269 571100 0
15269 15269 1 1 813870 0
1 1 15270 15270 571154 0
15270 15270 1 1 813946 0
1 1 15271 15271 571208 0
15271 15271 1 1 814022 0
1 1 15272 15272 571262 0
15272 15272 1 1 814098 0
1 1 15273 15273 571316 0
15273 15273 1 1 814174 0
1 1 15274 15274 571370 0
15274 15274 1 1 814250 0
1 1 15275 15275 571424 0
15275 15275 1 1 814326 0
1 1 15276 15276 571478 0
15276 15276 1 1 814402 0
1 1 15277 15277 571532 0
15277 15277 1 1 814478 0
1 1 15278 15278 571586 0
15278 15278 1 1 814554 0
1 1 15279 15279 571640 0
15279 15279 1 1 814630 0
1 1 15280 15280 571694 0
15280 15280 1 1 814706 0
1 1 15281 15281 571748 0
15281 15281 1 1 814782 0
1 1 15282 15282 571802 0
15282 15282 1 1 814858 0
1 1 15283 15283 571856 0
15283 15283 1 1 814934 0
1 1 15284 15284 571910 0
15284 15284 1 1 815010 0
1 1 15285 15285 571964 0
15285 15285 1 1 815086 0
1 1 15286 15286 572018 0
15286 15286 1 1 815162 0
1 1 15287 15287 572072 0
15287 15287 1 1 815238 0
1 1 15288 15288 572126 0
15288 15288 1 1 815314 0
1 1 15289 15289 572180 0
15289 15289 1 1 815390 0
1 1 15290 15290 572234 0
15290 15290 1 1 815466 0
1 1 15291 15291 572288 0
15291 15291 1 1 815542 0
1 1 15292 15292 572342 0
15292 15292 1 1 815618 0
1 1 15293 15293 572396 0
15293 15293 1 1 815694 0
1 1 15294 15294 572450 0
15294 15294 1 1 815770 0
1 1 15295 15295 572504 0
15295 15295 1 1 815846 0
1 1 15296 15296 572558 0
15296 15296 1 1 815922 0
1 1 15297 15297 572612 0
15297 15297 1 1 815998 0
1 1 15298 15298 572666 0
15298 15298 1 1 816074 0
1 1 15299 15299 572720 0
15299 15299 1 1 816150 0
1 1 15300 15300 572774 0
15300 15300 1 1 816226 0
1 1 15301 15301 572828 0
15301 15301 1 1 816302 0
1 1 15302 15302 572882 0
15302 15302 1 1 816378 0
1 1 15303 15303 572936 0
15303 15303 1 1 816454 0
1 1 15304 15304 572990 0
15304 15304 1 1 816530 0
1 1 15305 15305 573044 0
15305 15305 1 1 816606 0
1 1 15306 15306 573098 0
15306 15306 1 1 816682 0
1 1 15307 15307 573152 0
15307 15307 1 1 816758 0
1 1 15308 15308 573206 0
15308 15308 1 1 814787 0
1 1 15309 15309 573260 0
15309 15309 1 1 814863 0
1 1 15310 15310 573314 0
15310 15310 1 1 814939 0
1 1 15311 15311 573368 0
15311 15311 1 1 815015 0
1 1 15312 15312 573422 0
15312 15312 1 1 815091 0
1 1 15313 15313 573476 0
15313 15313 1 1 815167 0
1 1 15314 15314 573530 0
15314 15314 1 1 815243 0
1 1 15315 15315 573584 0
15315 15315 1 1 815319 0
1 1 15316 15316 573638 0
15316 15316 1 1 815395 0
1 1 15317 15317 573692 0
15317 15317 1 1 815471 0
1 1 15318 15318 573746 0
15318 15318 1 1 815547 0
1 1 15319 15319 573800 0
15319 15319 1 1 815623 0
1 1 15320 15320 573854 0
15320 15320 1 1 815699 0
1 1 15321 15321 573908 0
15321 15321 1 1 815775 0
1 1 15322 15322 573962 0
15322 15322 1 1 815851 0
1 1 15323 15323 574016 0
15323 15323 1 1 815927 0
1 1 15324 15324 574070 0
15324 15324 1 1 816003 0
1 1 15325 15325 574124 0
15325 15325 1 1 816079 0
1 1 15326 15326 572529 0
15326 15326 1 1 816155 0
1 1 15327 15327 572583 0
15327 15327 1 1 816231 0
1 1 15328 15328 572637 0
15328 15328 1 1 816307 0
1 1 15329 15329 572691 0
15329 15329 1 1 816383 0
1 1 15330 15330 572745 0
15330 15330 1 1 816459 0
1 1 15331 15331 572799 0
15331 15331 1 1 816535 0
1 1 15332 15332 572853 0
15332 15332 1 1 816611 0
1 1 15333 15333 572907 0
15333 15333 1 1 816687 0
1 1 15334 15334 572961 0
15334 15334 1 1 816763 0
1 1 15335 15335 573015 0
15335 15335 1 1 816839 0
1 1 15336 15336 573069 0
15336 15336 1 1 816915 0
1 1 15337 15337 573123 0
15337 15337 1 1 816991 0
1 1 15338 15338 573177 0
15338 15338 1 1 817067 0
1 1 15339 15339 573231 0
15339 15339 1 1 817143 0
1 1 15340 15340 573285 0
15340 15340 1 1 817219 0
1 1 15341 15341 573339 0
15341 15341 1 1 817295 0
1 1 15342 15342 573393 0
15342 15342 1 1 817371 0
1 1 15343 15343 573447 0
15343 15343 1 1 817447 0
1 1 15344 15344 573501 0
15344 15344 1 1 817523 0
1 1 15345 15345 573555 0
15345 15345 1 1 817599 0
1 1 15346 15346 573609 0
15346 15346 1 1 817675 0
1 1 15347 15347 573663 0
15347 15347 1 1 817751 0
1 1 15348 15348 573717 0
15348 15348 1 1 817827 0
1 1 15349 15349 573771 0
15349 15349 1 1 817903 0
1 1 15350 15350 573825 0
15350 15350 1 1 817979 0
1 1 15351 15351 573879 0
15351 15351 1 1 818055 0
1 1 15352 15352 573933 0
15352 15352 1 1 818131 0
1 1 15353 15353 573987 0
15353 15353 1 1 818207 0
1 1 15354 15354 574041 0
15354 15354 1 1 818283 0
1 1 15355 15355 574095 0
15355 15355 1 1 818359 0
1 1 15356 15356 574149 0
15356 15356 1 1 818435 0
1 1 15357 15357 574203 0
15357 15357 1 1 818511 0
1 1 15358 15358 574257 0
15358 15358 1 1 818587 0
1 1 15359 15359 574311 0
15359 15359 1 1 818663 0
1 1 15360 15360 574365 0
15360 15360 1 1 818739 0
1 1 15361 15361 574419 0
15361 15361 1 1 818815 0
1 1 15362 15362 574473 0
15362 15362 1 1 818891 0
1 1 15363 15363 574527 0
15363 15363 1 1 818967 0
1 1 15364 15364 574581 0
15364 15364 1 1 819043 0
1 1 15365 15365 574635 0
15365 15365 1 1 819119 0
1 1 15366 15366 574689 0
15366 15366 1 1 819195 0
1 1 15367 15367 574743 0
15367 15367 1 1 819271 0
1 1 15368 15368 574797 0
15368 15368 1 1 819347 0
1 1 15369 15369 574851 0
15369 15369 1 1 819423 0
1 1 15370 15370 574905 0
15370 15370 1 1 819499 0
1 1 15371 15371 574959 0
15371 15371 1 1 819575 0
1 1 15372 15372 575013 0
15372 15372 1 1 819651 0
1 1 15373 15373 575067 0
15373 15373 1 1 819727 0
1 1 15374 15374 575121 0
15374 15374 1 1 819803 0
1 1 15375 15375 575175 0
15375 15375 1 1 819879 0
1 1 15376 15376 575229 0
15376 15376 1 1 819955 0
1 1 15377 15377 575283 0
15377 15377 1 1 820031 0
1 1 15378 15378 575337 0
15378 15378 1 1 820107 0
1 1 15379 15379 575391 0
15379 15379 1 1 820183 0
1 1 15380 15380 575445 0
15380 15380 1 1 820259 0
1 1 15381 15381 575499 0
15381 15381 1 1 820335 0
1 1 15382 15382 575553 0
15382 15382 1 1 820411 0
1 1 15383 15383 575607 0
15383 15383 1 1 820487 0
1 1 15384 15384 575661 0
15384 15384 1 1 820563 0
1 1 15385 15385 575715 0
15385 15385 1 1 820639 0
1 1 15386 15386 575769 0
15386 15386 1 1 820715 0
1 1 15387 15387 575823 0
15387 15387 1 1 820791 0
1 1 15388 15388 575877 0
15388 15388 1 1 820867 0
1 1 15389 15389 575931 0
15389 15389 1 1 820943 0
1 1 15390 15390 575985 0
15390 15390 1 1 821019 0
1 1 15391 15391 576039 0
15391 15391 1 1 821095 0
1 1 15392 15392 576093 0
15392 15392 1 1 821171 0
1 1 15393 15393 576147 0
15393 15393 1 1 821247 0
1 1 15394 15394 576201 0
15394 15394 1 1 821323 0
1 1 15395 15395 576255 0
15395 15395 1 1 821399 0
1 1 15396 15396 576309 0
15396 15396 1 1 821475 0
1 1 15397 15397 576363 0
15397 15397 1 1 819504 0
1 1 15398 15398 576417 0
15398 15398 1 1 819580 0
1 1 15399 15399 576471 0
15399 15399 1 1 819656 0
1 1 15400 15400 576525 0
15400 15400 1 1 819732 0
1 1 15401 15401 576579 0
15401 15401 1 1 819808 0
1 1 15402 15402 576633 0
15402 15402 1 1 819884 0
1 1 15403 15403 576687 0
15403 15403 1 1 819960 0
1 1 15404 15404 576741 0
15404 15404 1 1 820036 0
1 1 15405 15405 576795 0
15405 15405 1 1 820112 0
1 1 15406 15406 576849 0
15406 15406 1 1 820188 0
1 1 15407 15407 576903 0
15407 15407 1 1 820264 0
1 1 15408 15408 576957 0
15408 15408 1 1 820340 0
1 1 15409 15409 577011 0
15409 15409 1 1 820416 0
1 1 15410 15410 577065 0
15410 15410 1 1 820492 0
1 1 15411 15411 577119 0
15411 15411 1 1 820568 0
1 1 15412 15412 577173 0
15412 15412 1 1 820644 0
1 1 15413 15413 577227 0
15413 15413 1 1 820720 0
1 1 15414 15414 577281 0
15414 15414 1 1 820796 0
1 1 15415 15415 577335 0
15415 15415 1 1 820872 0
1 1 15416 15416 577389 0
15416 15416 1 1 820948 0
1 1 15417 15417 577443 0
15417 15417 1 1 821024 0
1 1 15418 15418 577497 0
15418 15418 1 1 821100 0
1 1 15419 15419 577551 0
15419 15419 1 1 821176 0
1 1 15420 15420 577605 0
15420 15420 1 1 821252 0
1 1 15421 15421 577659 0
15421 15421 1 1 821328 0
1 1 15422 15422 577713 0
15422 15422 1 1 821404 0
1 1 15423 15423 576118 0
15423 15423 1 1 821480 0
1 1 15424 15424 576172 0
15424 15424 1 1 821556 0
1 1 15425 15425 576226 0
15425 15425 1 1 821632 0
1 1 15426 15426 576280 0
15426 15426 1 1 821708 0
1 1 15427 15427 576334 0
15427 15427 1 1 821784 0
1 1 15428 15428 576388 0
15428 15428 1 1 821860 0
1 1 15429 15429 576442 0
15429 15429 1 1 821936 0
1 1 15430 15430 576496 0
15430 15430 1 1 822012 0
1 1 15431 15431 576550 0
15431 15431 1 1 822088 0
1 1 15432 15432 576604 0
15432 15432 1 1 822164 0
1 1 15433 15433 576658 0
15433 15433 1 1 822240 0
1 1 15434 15434 576712 0
15434 15434 1 1 822316 0
1 1 15435 15435 576766 0
15435 15435 1 1 822392 0
1 1 15436 15436 576820 0
15436 15436 1 1 822468 0
1 1 15437 15437 576874 0
15437 15437 1 1 822544 0
1 1 15438 15438 576928 0
15438 15438 1 1 822620 0
1 1 15439 15439 576982 0
15439 15439 1 1 822696 0
1 1 15440 15440 577036 0
15440 15440 1 1 822772 0
1 1 15441 15441 577090 0
15441 15441 1 1 822848 0
1 1 15442 15442 577144 0
15442 15442 1 1 822924 0
1 1 15443 15443 577198 0
15443 15443 1 1 823000 0
1 1 15444 15444 577252 0
15444 15444 1 1 823076 0
1 1 15445 15445 577306 0
15445 15445 1 1 823152 0
1 1 15446 15446 577360 0
15446 15446 1 1 823228 0
1 1 15447 15447 577414 0
15447 15447 1 1 823304 0
1 1 15448 15448 577468 0
15448 15448 1 1 823380 0
1 1 15449 15449 577522 0
15449 15449 1 1 823456 0
1 1 15450 15450 577576 0
15450 15450 1 1 823532 0
1 1 15451 15451 577630 0
15451 15451 1 1 823608 0
1 1 15452 15452 577684 0
15452 15452 1 1 823684 0
1 1 15453 15453 577738 0
15453 15453 1 1 823760 0
1 1 15454 15454 577792 0
15454 15454 1 1 823836 0
1 1 15455 15455 577846 0
15455 15455 1 1 823912 0
1 1 15456 15456 577900 0
15456 15456 1 1 823988 0
1 1 15457 15457 577954 0
15457 15457 1 1 824064 0
1 1 15458 15458 578008 0
15458 15458 1 1 824140 0
1 1 15459 15459 578062 0
15459 15459 1 1 824216 0
1 1 15460 15460 578116 0
15460 15460 1 1 824292 0
1 1 15461 15461 578170 0
15461 15461 1 1 824368 0
1 1 15462 15462 578224 0
15462 15462 1 1 824444 0
1 1 15463 15463 578278 0
15463 15463 1 1 824520 0
1 1 15464 15464 578332 0
15464 15464 1 1 824596 0
1 1 15465 15465 578386 0
15465 15465 1 1 824672 0
1 1 15466 15466 578440 0
15466 15466 1 1 824748 0
1 1 15467 15467 578494 0
15467 15467 1 1 824824 0
1 1 15468 15468 578548 0
15468 15468 1 1 824900 0
1 1 15469 15469 578602 0
15469 15469 1 1 824976 0
1 1 15470 15470 578656 0
15470 15470 1 1 825052 0
1 1 15471 15471 578710 0
15471 15471 1 1 825128 0
1 1 15472 15472 578764 0
15472 15472 1 1 825204 0
1 1 15473 15473 578818 0
15473 15473 1 1 825280 0
1 1 15474 15474 578872 0
15474 15474 1 1 825356 0
1 1 15475 15475 578926 0
15475 15475 1 1 825432 0
1 1 15476 15476 578980 0
15476 15476 1 1 825508 0
1 1 15477 15477 579034 0
15477 15477 1 1 825584 0
1 1 15478 15478 579088 0
15478 15478 1 1 825660 0
1 1 15479 15479 579142 0
15479 15479 1 1 825736 0
1 1 15480 15480 579196 0
15480 15480 1 1 825812 0
1 1 15481 15481 579250 0
15481 15481 1 1 825888 0
1 1 15482 15482 579304 0
15482 15482 1 1 825964 0
1 1 15483 15483 579358 0
15483 15483 1 1 826040 0
1 1 15484 15484 579412 0
15484 15484 1 1 826116 0
1 1 15485 15485 579466 0
15485 15485 1 1 826192 0
1 1 15486 15486 579520 0
15486 15486 1 1 824221 0
1 1 15487 15487 579574 0
15487 15487 1 1 824297 0
1 1 15488 15488 579628 0
15488 15488 1 1 824373 0
1 1 15489 15489 579682 0
15489 15489 1 1 824449 0
1 1 15490 15490 579736 0
15490 15490 1 1 824525 0
1 1 15491 15491 579790 0
15491 15491 1 1 824601 0
1 1 15492 15492 579844 0
15492 15492 1 1 824677 0
1 1 15493 15493 579898 0
15493 15493 1 1 824753 0
1 1 15494 15494 579952 0
15494 15494 1 1 824829 0
1 1 15495 15495 580006 0
15495 15495 1 1 824905 0
1 1 15496 15496 580060 0
15496 15496 1 1 824981 0
1 1 15497 15497 580114 0
15497 15497 1 1 825057 0
1 1 15498 15498 580168 0
15498 15498 1 1 825133 0
1 1 15499 15499 580222 0
15499 15499 1 1 825209 0
1 1 15500 15500 580276 0
15500 15500 1 1 825285 0
1 1 15501 15501 580330 0
15501 15501 1 1 825361 0
1 1 15502 15502 580384 0
15502 15502 1 1 825437 0
1 1 15503 15503 580438 0
15503 15503 1 1 825513 0
1 1 15504 15504 580492 0
15504 15504 1 1 825589 0
1 1 15505 15505 580546 0
15505 15505 1 1 825665 0
1 1 15506 15506 580600 0
15506 15506 1 1 825741 0
1 1 15507 15507 580654 0
15507 15507 1 1 825817 0
1 1 15508 15508 580708 0
15508 15508 1 1 825893 0
1 1 15509 15509 580762 0
15509 15509 1 1 825969 0
1 1 15510 15510 580816 0
15510 15510 1 1 826045 0
1 1 15511 15511 580870 0
15511 15511 1 1 826121 0
1 1 15512 15512 580924 0
15512 15512 1 1 826197 0
1 1 15513 15513 580978 0
15513 15513 1 1 826273 0
1 1 15514 15514 581032 0
15514 15514 1 1 826349 0
1 1 15515 15515 581086 0
15515 15515 1 1 826425 0
1 1 15516 15516 581140 0
15516 15516 1 1 826501 0
1 1 15517 15517 581194 0
15517 15517 1 1 826577 0
1 1 15518 15518 581248 0
15518 15518 1 1 826653 0
1 1 15519 15519 581302 0
15519 15519 1 1 826729 0
1 1 15520 15520 579707 0
15520 15520 1 1 826805 0
1 1 15521 15521 579761 0
15521 15521 1 1 826881 0
1 1 15522 15522 579815 0
15522 15522 1 1 826957 0
1 1 15523 15523 579869 0
15523 15523 1 1 827033 0
1 1 15524 15524 579923 0
15524 15524 1 1 827109 0
1 1 15525 15525 579977 0
15525 15525 1 1 827185 0
1 1 15526 15526 580031 0
15526 15526 1 1 827261 0
1 1 15527 15527 580085 0
15527 15527 1 1 827337 0
1 1 15528 15528 580139 0
15528 15528 1 1 827413 0
1 1 15529 15529 580193 0
15529 15529 1 1 827489 0
1 1 15530 15530 580247 0
15530 15530 1 1 827565 0
1 1 15531 15531 580301 0
15531 15531 1 1 827641 0
1 1 15532 15532 580355 0
15532 15532 1 1 827717 0
1 1 15533 15533 580409 0
15533 15533 1 1 827793 0
1 1 15534 15534 580463 0
15534 15534 1 1 827869 0
1 1 15535 15535 580517 0
15535 15535 1 1 827945 0
1 1 15536 15536 580571 0
15536 15536 1 1 828021 0
1 1 15537 15537 580625 0
15537 15537 1 1 828097 0
1 1 15538 15538 580679 0
15538 15538 1 1 828173 0
1 1 15539 15539 580733 0
15539 15539 1 1 828249 0
1 1 15540 15540 580787 0
15540 15540 1 1 828325 0
1 1 15541 15541 580841 0
15541 15541 1 1 828401 0
1 1 15542 15542 580895 0
15542 15542 1 1 828477 0
1 1 15543 15543 580949 0
15543 15543 1 1 828553 0
1 1 15544 15544 581003 0
15544 15544 1 1 828629 0
1 1 15545 15545 581057 0
15545 15545 1 1 828705 0
1 1 15546 15546 581111 0
15546 15546 1 1 828781 0
1 1 15547 15547 581165 0
15547 15547 1 1 828857 0
1 1 15548 15548 581219 0
15548 15548 1 1 828933 0
1 1 15549 15549 581273 0
15549 15549 1 1 829009 0
1 1 15550 15550 581327 0
15550 15550 1 1 829085 0
1 1 15551 15551 581381 0
15551 15551 1 1 829161 0
1 1 15552 15552 581435 0
15552 15552 1 1 829237 0
1 1 15553 15553 581489 0
15553 15553 1 1 829313 0
1 1 15554 15554 581543 0
15554 15554 1 1 829389 0
1 1 15555 15555 581597 0
15555 15555 1 1 829465 0
1 1 15556 15556 581651 0
15556 15556 1 1 829541 0
1 1 15557 15557 581705 0
15557 15557 1 1 829617 0
1 1 15558 15558 581759 0
15558 15558 1 1 829693 0
1 1 15559 15559 581813 0
15559 15559 1 1 829769 0
1 1 15560 15560 581867 0
15560 15560 1 1 829845 0
1 1 15561 15561 581921 0
15561 15561 1 1 829921 0
1 1 15562 15562 581975 0
15562 15562 1 1 829997 0
1 1 15563 15563 582029 0
15563 15563 1 1 830073 0
1 1 15564 15564 582083 0
15564 15564 1 1 830149 0
1 1 15565 15565 582137 0
15565 15565 1 1 830225 0
1 1 15566 15566 582191 0
15566 15566 1 1 830301 0
1 1 15567 15567 582245 0
15567 15567 1 1 830377 0
1 1 15568 15568 582299 0
15568 15568 1 1 830453 0
1 1 15569 15569 582353 0
15569 15569 1 1 830529 0
1 1 15570 15570 582407 0
15570 15570 1 1 830605 0
1 1 15571 15571 582461 0
15571 15571 1 1 830681 0
1 1 15572 15572 582515 0
15572 15572 1 1 830757 0
1 1 15573 15573 582569 0
15573 15573 1 1 830833 0
1 1 15574 15574 582623 0
15574 15574 1 1 830909 0
1 1 15575 15575 582677 0
15575 15575 1 1 828938 0
1 1 15576 15576 582731 0
15576 15576 1 1 829014 0
1 1 15577 15577 582785 0
15577 15577 1 1 829090 0
1 1 15578 15578 582839 0
15578 15578 1 1 829166 0
1 1 15579 15579 582893 0
15579 15579 1 1 829242 0
1 1 15580 15580 582947 0
15580 15580 1 1 829318 0
1 1 15581 15581 583001 0
15581 15581 1 1 829394 0
1 1 15582 15582 583055 0
15582 15582 1 1 829470 0
1 1 15583 15583 583109 0
15583 15583 1 1 829546 0
1 1 15584 15584 583163 0
15584 15584 1 1 829622 0
1 1 15585 15585 583217 0
15585 15585 1 1 829698 0
1 1 15586 15586 583271 0
15586 15586 1 1 829774 0
1 1 15587 15587 583325 0
15587 15587 1 1 829850 0
1 1 15588 15588 583379 0
15588 15588 1 1 829926 0
1 1 15589 15589 583433 0
15589 15589 1 1 830002 0
1 1 15590 15590 583487 0
15590 15590 1 1 830078 0
1 1 15591 15591 583541 0
15591 15591 1 1 830154 0
1 1 15592 15592 583595 0
15592 15592 1 1 830230 0
1 1 15593 15593 583649 0
15593 15593 1 1 830306 0
1 1 15594 15594 583703 0
15594 15594 1 1 830382 0
1 1 15595 15595 583757 0
15595 15595 1 1 830458 0
1 1 15596 15596 583811 0
15596 15596 1 1 830534 0
1 1 15597 15597 583865 0
15597 15597 1 1 830610 0
1 1 15598 15598 583919 0
15598 15598 1 1 830686 0
1 1 15599 15599 583973 0
15599 15599 1 1 830762 0
1 1 15600 15600 584027 0
15600 15600 1 1 830838 0
1 1 15601 15601 584081 0
15601 15601 1 1 830914 0
1 1 15602 15602 584135 0
15602 15602 1 1 830990 0
1 1 15603 15603 584189 0
15603 15603 1 1 831066 0
1 1 15604 15604 584243 0
15604 15604 1 1 831142 0
1 1 15605 15605 584297 0
15605 15605 1 1 831218 0
1 1 15606 15606 584351 0
15606 15606 1 1 831294 0
1 1 15607 15607 584405 0
15607 15607 1 1 831370 0
1 1 15608 15608 584459 0
15608 15608 1 1 831446 0
1 1 15609 15609 584513 0
15609 15609 1 1 831522 0
1 1 15610 15610 584567 0
15610 15610 1 1 831598 0
1 1 15611 15611 584621 0
15611 15611 1 1 831674 0
1 1 15612 15612 584675 0
15612 15612 1 1 831750 0
1 1 15613 15613 584729 0
15613 15613 1 1 831826 0
1 1 15614 15614 584783 0
15614 15614 1 1 831902 0
1 1 15615 15615 584837 0
15615 15615 1 1 831978 0
1 1 15616 15616 584891 0
15616 15616 1 1 832054 0
1 1 15617 15617 583296 0
15617 15617 1 1 832130 0
1 1 15618 15618 583350 0
15618 15618 1 1 832206 0
1 1 15619 15619 583404 0
15619 15619 1 1 832282 0
1 1 15620 15620 583458 0
15620 15620 1 1 832358 0
1 1 15621 15621 583512 0
15621 15621 1 1 832434 0
1 1 15622 15622 583566 0
15622 15622 1 1 832510 0
1 1 15623 15623 583620 0
15623 15623 1 1 832586 0
1 1 15624 15624 583674 0
15624 15624 1 1 832662 0
1 1 15625 15625 583728 0
15625 15625 1 1 832738 0
1 1 15626 15626 583782 0
15626 15626 1 1 832814 0
1 1 15627 15627 583836 0
15627 15627 1 1 832890 0
1 1 15628 15628 583890 0
15628 15628 1 1 832966 0
1 1 15629 15629 583944 0
15629 15629 1 1 833042 0
1 1 15630 15630 583998 0
15630 15630 1 1 833118 0
1 1 15631 15631 584052 0
15631 15631 1 1 833194 0
1 1 15632 15632 584106 0
15632 15632 1 1 833270 0
1 1 15633 15633 584160 0
15633 15633 1 1 833346 0
1 1 15634 15634 584214 0
15634 15634 1 1 833422 0
1 1 15635 15635 584268 0
15635 15635 1 1 833498 0
1 1 15636 15636 584322 0
15636 15636 1 1 833574 0
1 1 15637 15637 584376 0
15637 15637 1 1 833650 0
1 1 15638 15638 584430 0
15638 15638 1 1 833726 0
1 1 15639 15639 584484 0
15639 15639 1 1 833802 0
1 1 15640 15640 584538 0
15640 15640 1 1 833878 0
1 1 15641 15641 584592 0
15641 15641 1 1 833954 0
1 1 15642 15642 584646 0
15642 15642 1 1 834030 0
1 1 15643 15643 584700 0
15643 15643 1 1 834106 0
1 1 15644 15644 584754 0
15644 15644 1 1 834182 0
1 1 15645 15645 584808 0
15645 15645 1 1 834258 0
1 1 15646 15646 584862 0
15646 15646 1 1 834334 0
1 1 15647 15647 584916 0
15647 15647 1 1 834410 0
1 1 15648 15648 584970 0
15648 15648 1 1 834486 0
1 1 15649 15649 585024 0
15649 15649 1 1 834562 0
1 1 15650 15650 585078 0
15650 15650 1 1 834638 0
1 1 15651 15651 585132 0
15651 15651 1 1 834714 0
1 1 15652 15652 585186 0
15652 15652 1 1 834790 0
1 1 15653 15653 585240 0
15653 15653 1 1 834866 0
1 1 15654 15654 585294 0
15654 15654 1 1 834942 0
1 1 15655 15655 585348 0
15655 15655 1 1 835018 0
1 1 15656 15656 585402 0
15656 15656 1 1 835094 0
1 1 15657 15657 585456 0
15657 15657 1 1 835170 0
1 1 15658 15658 585510 0
15658 15658 1 1 835246 0
1 1 15659 15659 585564 0
15659 15659 1 1 835322 0
1 1 15660 15660 585618 0
15660 15660 1 1 835398 0
1 1 15661 15661 585672 0
15661 15661 1 1 835474 0
1 1 15662 15662 585726 0
15662 15662 1 1 835550 0
1 1 15663 15663 585780 0
15663 15663 1 1 835626 0
1 1 15664 15664 585834 0
15664 15664 1 1 833655 0
1 1 15665 15665 585888 0
15665 15665 1 1 833731 0
1 1 15666 15666 585942 0
15666 15666 1 1 833807 0
1 1 15667 15667 585996 0
15667 15667 1 1 833883 0
1 1 15668 15668 586050 0
15668 15668 1 1 833959 0
1 1 15669 15669 586104 0
15669 15669 1 1 834035 0
1 1 15670 15670 586158 0
15670 15670 1 1 834111 0
1 1 15671 15671 586212 0
15671 15671 1 1 834187 0
1 1 15672 15672 586266 0
15672 15672 1 1 834263 0
1 1 15673 15673 586320 0
15673 15673 1 1 834339 0
1 1 15674 15674 586374 0
15674 15674 1 1 834415 0
1 1 15675 15675 586428 0
15675 15675 1 1 834491 0
1 1 15676 15676 586482 0
15676 15676 1 1 834567 0
1 1 15677 15677 586536 0
15677 15677 1 1 834643 0
1 1 15678 15678 586590 0
15678 15678 1 1 834719 0
1 1 15679 15679 586644 0
15679 15679 1 1 834795 0
1 1 15680 15680 586698 0
15680 15680 1 1 834871 0
1 1 15681 15681 586752 0
15681 15681 1 1 834947 0
1 1 15682 15682 586806 0
15682 15682 1 1 835023 0
1 1 15683 15683 586860 0
15683 15683 1 1 835099 0
1 1 15684 15684 586914 0
15684 15684 1 1 835175 0
1 1 15685 15685 586968 0
15685 15685 1 1 835251 0
1 1 15686 15686 587022 0
15686 15686 1 1 835327 0
1 1 15687 15687 587076 0
15687 15687 1 1 835403 0
1 1 15688 15688 587130 0
15688 15688 1 1 835479 0
1 1 15689 15689 587184 0
15689 15689 1 1 835555 0
1 1 15690 15690 587238 0
15690 15690 1 1 835631 0
1 1 15691 15691 587292 0
15691 15691 1 1 835707 0
1 1 15692 15692 587346 0
15692 15692 1 1 835783 0
1 1 15693 15693 587400 0
15693 15693 1 1 835859 0
1 1 15694 15694 587454 0
15694 15694 1 1 835935 0
1 1 15695 15695 587508 0
15695 15695 1 1 836011 0
1 1 15696 15696 587562 0
15696 15696 1 1 836087 0
1 1 15697 15697 587616 0
15697 15697 1 1 836163 0
1 1 15698 15698 587670 0
15698 15698 1 1 836239 0
1 1 15699 15699 587724 0
15699 15699 1 1 836315 0
1 1 15700 15700 587778 0
15700 15700 1 1 836391 0
1 1 15701 15701 587832 0
15701 15701 1 1 836467 0
1 1 15702 15702 587886 0
15702 15702 1 1 836543 0
1 1 15703 15703 587940 0
15703 15703 1 1 836619 0
1 1 15704 15704 587994 0
15704 15704 1 1 836695 0
1 1 15705 15705 588048 0
15705 15705 1 1 836771 0
1 1 15706 15706 588102 0
15706 15706 1 1 836847 0
1 1 15707 15707 588156 0
15707 15707 1 1 836923 0
1 1 15708 15708 588210 0
15708 15708 1 1 836999 0
1 1 15709 15709 588264 0
15709 15709 1 1 837075 0
1 1 15710 15710 588318 0
15710 15710 1 1 837151 0
1 1 15711 15711 588372 0
15711 15711 1 1 837227 0
1 1 15712 15712 588426 0
15712 15712 1 1 837303 0
1 1 15713 15713 588480 0
15713 15713 1 1 837379 0
1 1 15714 15714 586885 0
15714 15714 1 1 837455 0
1 1 15715 15715 586939 0
15715 15715 1 1 837531 0
1 1 15716 15716 586993 0
15716 15716 1 1 837607 0
1 1 15717 15717 587047 0
15717 15717 1 1 837683 0
1 1 15718 15718 587101 0
15718 15718 1 1 837759 0
1 1 15719 15719 587155 0
15719 15719 1 1 837835 0
1 1 15720 15720 587209 0
15720 15720 1 1 837911 0
1 1 15721 15721 587263 0
15721 15721 1 1 837987 0
1 1 15722 15722 587317 0
15722 15722 1 1 838063 0
1 1 15723 15723 587371 0
15723 15723 1 1 838139 0
1 1 15724 15724 587425 0
15724 15724 1 1 838215 0
1 1 15725 15725 587479 0
15725 15725 1 1 838291 0
1 1 15726 15726 587533 0
15726 15726 1 1 838367 0
1 1 15727 15727 587587 0
15727 15727 1 1 838443 0
1 1 15728 15728 587641 0
15728 15728 1 1 838519 0
1 1 15729 15729 587695 0
15729 15729 1 1 838595 0
1 1 15730 15730 587749 0
15730 15730 1 1 838671 0
1 1 15731 15731 587803 0
15731 15731 1 1 838747 0
1 1 15732 15732 587857 0
15732 15732 1 1 838823 0
1 1 15733 15733 587911 0
15733 15733 1 1 838899 0
1 1 15734 15734 587965 0
15734 15734 1 1 838975 0
1 1 15735 15735 588019 0
15735 15735 1 1 839051 0
1 1 15736 15736 588073 0
15736 15736 1 1 839127 0
1 1 15737 15737 588127 0
15737 15737 1 1 839203 0
1 1 15738 15738 588181 0
15738 15738 1 1 839279 0
1 1 15739 15739 588235 0
15739 15739 1 1 839355 0
1 1 15740 15740 588289 0
15740 15740 1 1 839431 0
1 1 15741 15741 588343 0
15741 15741 1 1 839507 0
1 1 15742 15742 588397 0
15742 15742 1 1 839583 0
1 1 15743 15743 588451 0
15743 15743 1 1 839659 0
1 1 15744 15744 588505 0
15744 15744 1 1 839735 0
1 1 15745 15745 588559 0
15745 15745 1 1 839811 0
1 1 15746 15746 588613 0
15746 15746 1 1 839887 0
1 1 15747 15747 588667 0
15747 15747 1 1 839963 0
1 1 15748 15748 588721 0
15748 15748 1 1 840039 0
1 1 15749 15749 588775 0
15749 15749 1 1 840115 0
1 1 15750 15750 588829 0
15750 15750 1 1 840191 0
1 1 15751 15751 588883 0
15751 15751 1 1 840267 0
1 1 15752 15752 588937 0
15752 15752 1 1 840343 0
1 1 15753 15753 588991 0
15753 15753 1 1 838372 0
1 1 15754 15754 589045 0
15754 15754 1 1 838448 0
1 1 15755 15755 589099 0
15755 15755 1 1 838524 0
1 1 15756 15756 589153 0
15756 15756 1 1 838600 0
1 1 15757 15757 589207 0
15757 15757 1 1 838676 0
1 1 15758 15758 589261 0
15758 15758 1 1 838752 0
1 1 15759 15759 589315 0
15759 15759 1 1 838828 0
1 1 15760 15760 589369 0
15760 15760 1 1 838904 0
1 1 15761 15761 589423 0
15761 15761 1 1 838980 0
1 1 15762 15762 589477 0
15762 15762 1 1 839056 0
1 1 15763 15763 589531 0
15763 15763 1 1 839132 0
1 1 15764 15764 589585 0
15764 15764 1 1 839208 0
1 1 15765 15765 589639 0
15765 15765 1 1 839284 0
1 1 15766 15766 589693 0
15766 15766 1 1 839360 0
1 1 15767 15767 589747 0
15767 15767 1 1 839436 0
1 1 15768 15768 589801 0
15768 15768 1 1 839512 0
1 1 15769 15769 589855 0
15769 15769 1 1 839588 0
1 1 15770 15770 589909 0
15770 15770 1 1 839664 0
1 1 15771 15771 589963 0
15771 15771 1 1 839740 0
1 1 15772 15772 590017 0
15772 15772 1 1 839816 0
1 1 15773 15773 590071 0
15773 15773 1 1 839892 0
1 1 15774 15774 590125 0
15774 15774 1 1 839968 0
1 1 15775 15775 590179 0
15775 15775 1 1 840044 0
1 1 15776 15776 590233 0
15776 15776 1 1 840120 0
1 1 15777 15777 590287 0
15777 15777 1 1 840196 0
1 1 15778 15778 590341 0
15778 15778 1 1 840272 0
1 1 15779 15779 590395 0
15779 15779 1 1 840348 0
1 1 15780 15780 590449 0
15780 15780 1 1 840424 0
1 1 15781 15781 590503 0
15781 15781 1 1 840500 0
1 1 15782 15782 590557 0
15782 15782 1 1 840576 0
1 1 15783 15783 590611 0
15783 15783 1 1 840652 0
1 1 15784 15784 590665 0
15784 15784 1 1 840728 0
1 1 15785 15785 590719 0
15785 15785 1 1 840804 0
1 1 15786 15786 590773 0
15786 15786 1 1 840880 0
1 1 15787 15787 590827 0
15787 15787 1 1 840956 0
1 1 15788 15788 590881 0
15788 15788 1 1 841032 0
1 1 15789 15789 590935 0
15789 15789 1 1 841108 0
1 1 15790 15790 590989 0
15790 15790 1 1 841184 0
1 1 15791 15791 591043 0
15791 15791 1 1 841260 0
1 1 15792 15792 591097 0
15792 15792 1 1 841336 0
1 1 15793 15793 591151 0
15793 15793 1 1 841412 0
1 1 15794 15794 591205 0
15794 15794 1 1 841488 0
1 1 15795 15795 591259 0
15795 15795 1 1 841564 0
1 1 15796 15796 591313 0
15796 15796 1 1 841640 0
1 1 15797 15797 591367 0
15797 15797 1 1 841716 0
1 1 15798 15798 591421 0
15798 15798 1 1 841792 0
1 1 15799 15799 591475 0
15799 15799 1 1 841868 0
1 1 15800 15800 591529 0
15800 15800 1 1 841944 0
1 1 15801 15801 591583 0
15801 15801 1 1 842020 0
1 1 15802 15802 591637 0
15802 15802 1 1 842096 0
1 1 15803 15803 591691 0
15803 15803 1 1 842172 0
1 1 15804 15804 591745 0
15804 15804 1 1 842248 0
1 1 15805 15805 591799 0
15805 15805 1 1 842324 0
1 1 15806 15806 591853 0
15806 15806 1 1 842400 0
1 1 15807 15807 591907 0
15807 15807 1 1 842476 0
1 1 15808 15808 591961 0
15808 15808 1 1 842552 0
1 1 15809 15809 592015 0
15809 15809 1 1 842628 0
1 1 15810 15810 592069 0
15810 15810 1 1 842704 0
1 1 15811 15811 590474 0
15811 15811 1 1 842780 0
1 1 15812 15812 590528 0
15812 15812 1 1 842856 0
1 1 15813 15813 590582 0
15813 15813 1 1 842932 0
1 1 15814 15814 590636 0
15814 15814 1 1 843008 0
1 1 15815 15815 590690 0
15815 15815 1 1 843084 0
1 1 15816 15816 590744 0
15816 15816 1 1 843160 0
1 1 15817 15817 590798 0
15817 15817 1 1 843236 0
1 1 15818 15818 590852 0
15818 15818 1 1 843312 0
1 1 15819 15819 590906 0
15819 15819 1 1 843388 0
1 1 15820 15820 590960 0
15820 15820 1 1 843464 0
1 1 15821 15821 591014 0
15821 15821 1 1 843540 0
1 1 15822 15822 591068 0
15822 15822 1 1 843616 0
1 1 15823 15823 591122 0
15823 15823 1 1 843692 0
1 1 15824 15824 591176 0
15824 15824 1 1 843768 0
1 1 15825 15825 591230 0
15825 15825 1 1 843844 0
1 1 15826 15826 591284 0
15826 15826 1 1 843920 0
1 1 15827 15827 591338 0
15827 15827 1 1 843996 0
1 1 15828 15828 591392 0
15828 15828 1 1 844072 0
1 1 15829 15829 591446 0
15829 15829 1 1 844148 0
1 1 15830 15830 591500 0
15830 15830 1 1 844224 0
1 1 15831 15831 591554 0
15831 15831 1 1 844300 0
1 1 15832 15832 591608 0
15832 15832 1 1 844376 0
1 1 15833 15833 591662 0
15833 15833 1 1 844452 0
1 1 15834 15834 591716 0
15834 15834 1 1 844528 0
1 1 15835 15835 591770 0
15835 15835 1 1 844604 0
1 1 15836 15836 591824 0
15836 15836 1 1 844680 0
1 1 15837 15837 591878 0
15837 15837 1 1 844756 0
1 1 15838 15838 591932 0
15838 15838 1 1 844832 0
1 1 15839 15839 591986 0
15839 15839 1 1 844908 0
1 1 15840 15840 592040 0
15840 15840 1 1 844984 0
1 1 15841 15841 592094 0
15841 15841 1 1 845060 0
1 1 15842 15842 592148 0
15842 15842 1 1 843089 0
1 1 15843 15843 592202 0
15843 15843 1 1 843165 0
1 1 15844 15844 592256 0
15844 15844 1 1 843241 0
1 1 15845 15845 592310 0
15845 15845 1 1 843317 0
1 1 15846 15846 592364 0
15846 15846 1 1 843393 0
1 1 15847 15847 592418 0
15847 15847 1 1 843469 0
1 1 15848 15848 592472 0
15848 15848 1 1 843545 0
1 1 15849 15849 592526 0
15849 15849 1 1 843621 0
1 1 15850 15850 592580 0
15850 15850 1 1 843697 0
1 1 15851 15851 592634 0
15851 15851 1 1 843773 0
1 1 15852 15852 592688 0
15852 15852 1 1 843849 0
1 1 15853 15853 592742 0
15853 15853 1 1 843925 0
1 1 15854 15854 592796 0
15854 15854 1 1 844001 0
1 1 15855 15855 592850 0
15855 15855 1 1 844077 0
1 1 15856 15856 592904 0
15856 15856 1 1 844153 0
1 1 15857 15857 592958 0
15857 15857 1 1 844229 0
1 1 15858 15858 593012 0
15858 15858 1 1 844305 0
1 1 15859 15859 593066 0
15859 15859 1 1 844381 0
1 1 15860 15860 593120 0
15860 15860 1 1 844457 0
1 1 15861 15861 593174 0
15861 15861 1 1 844533 0
1 1 15862 15862 593228 0
15862 15862 1 1 844609 0
1 1 15863 15863 593282 0
15863 15863 1 1 844685 0
1 1 15864 15864 593336 0
15864 15864 1 1 844761 0
1 1 15865 15865 593390 0
15865 15865 1 1 844837 0
1 1 15866 15866 593444 0
15866 15866 1 1 844913 0
1 1 15867 15867 593498 0
15867 15867 1 1 844989 0
1 1 15868 15868 593552 0
15868 15868 1 1 845065 0
1 1 15869 15869 593606 0
15869 15869 1 1 845141 0
1 1 15870 15870 593660 0
15870 15870 1 1 845217 0
1 1 15871 15871 593714 0
15871 15871 1 1 845293 0
1 1 15872 15872 593768 0
15872 15872 1 1 845369 0
1 1 15873 15873 593822 0
15873 15873 1 1 845445 0
1 1 15874 15874 593876 0
15874 15874 1 1 845521 0
1 1 15875 15875 593930 0
15875 15875 1 1 845597 0
1 1 15876 15876 593984 0
15876 15876 1 1 845673 0
1 1 15877 15877 594038 0
15877 15877 1 1 845749 0
1 1 15878 15878 594092 0
15878 15878 1 1 845825 0
1 1 15879 15879 594146 0
15879 15879 1 1 845901 0
1 1 15880 15880 594200 0
15880 15880 1 1 845977 0
1 1 15881 15881 594254 0
15881 15881 1 1 846053 0
1 1 15882 15882 594308 0
15882 15882 1 1 846129 0
1 1 15883 15883 594362 0
15883 15883 1 1 846205 0
1 1 15884 15884 594416 0
15884 15884 1 1 846281 0
1 1 15885 15885 594470 0
15885 15885 1 1 846357 0
1 1 15886 15886 594524 0
15886 15886 1 1 846433 0
1 1 15887 15887 594578 0
15887 15887 1 1 846509 0
1 1 15888 15888 594632 0
15888 15888 1 1 846585 0
1 1 15889 15889 594686 0
15889 15889 1 1 846661 0
1 1 15890 15890 594740 0
15890 15890 1 1 846737 0
1 1 15891 15891 594794 0
15891 15891 1 1 846813 0
1 1 15892 15892 594848 0
15892 15892 1 1 846889 0
1 1 15893 15893 594902 0
15893 15893 1 1 846965 0
1 1 15894 15894 594956 0
15894 15894 1 1 847041 0
1 1 15895 15895 595010 0
15895 15895 1 1 847117 0
1 1 15896 15896 595064 0
15896 15896 1 1 847193 0
1 1 15897 15897 595118 0
15897 15897 1 1 847269 0
1 1 15898 15898 595172 0
15898 15898 1 1 847345 0
1 1 15899 15899 595226 0
15899 15899 1 1 847421 0
1 1 15900 15900 595280 0
15900 15900 1 1 847497 0
1 1 15901 15901 595334 0
15901 15901 1 1 847573 0
1 1 15902 15902 595388 0
15902 15902 1 1 847649 0
1 1 15903 15903 595442 0
15903 15903 1 1 847725 0
1 1 15904 15904 595496 0
15904 15904 1 1 847801 0
1 1 15905 15905 595550 0
15905 15905 1 1 847877 0
1 1 15906 15906 595604 0
15906 15906 1 1 847953 0
1 1 15907 15907 595658 0
15907 15907 1 1 848029 0
1 1 15908 15908 594063 0
15908 15908 1 1 848105 0
1 1 15909 15909 594117 0
15909 15909 1 1 848181 0
1 1 15910 15910 594171 0
15910 15910 1 1 848257 0
1 1 15911 15911 594225 0
15911 15911 1 1 848333 0
1 1 15912 15912 594279 0
15912 15912 1 1 848409 0
1 1 15913 15913 594333 0
15913 15913 1 1 848485 0
1 1 15914 15914 594387 0
15914 15914 1 1 848561 0
1 1 15915 15915 594441 0
15915 15915 1 1 848637 0
1 1 15916 15916 594495 0
15916 15916 1 1 848713 0
1 1 15917 15917 594549 0
15917 15917 1 1 848789 0
1 1 15918 15918 594603 0
15918 15918 1 1 848865 0
1 1 15919 15919 594657 0
15919 15919 1 1 848941 0
1 1 15920 15920 594711 0
15920 15920 1 1 849017 0
1 1 15921 15921 594765 0
15921 15921 1 1 849093 0
1 1 15922 15922 594819 0
15922 15922 1 1 849169 0
1 1 15923 15923 594873 0
15923 15923 1 1 849245 0
1 1 15924 15924 594927 0
15924 15924 1 1 849321 0
1 1 15925 15925 594981 0
15925 15925 1 1 849397 0
1 1 15926 15926 595035 0
15926 15926 1 1 849473 0
1 1 15927 15927 595089 0
15927 15927 1 1 849549 0
1 1 15928 15928 595143 0
15928 15928 1 1 849625 0
1 1 15929 15929 595197 0
15929 15929 1 1 849701 0
1 1 15930 15930 595251 0
15930 15930 1 1 849777 0
1 1 15931 15931 595305 0
15931 15931 1 1 847806 0
1 1 15932 15932 595359 0
15932 15932 1 1 847882 0
1 1 15933 15933 595413 0
15933 15933 1 1 847958 0
1 1 15934 15934 595467 0
15934 15934 1 1 848034 0
1 1 15935 15935 595521 0
15935 15935 1 1 848110 0
1 1 15936 15936 595575 0
15936 15936 1 1 848186 0
1 1 15937 15937 595629 0
15937 15937 1 1 848262 0
1 1 15938 15938 595683 0
15938 15938 1 1 848338 0
1 1 15939 15939 595737 0
15939 15939 1 1 848414 0
1 1 15940 15940 595791 0
15940 15940 1 1 848490 0
1 1 15941 15941 595845 0
15941 15941 1 1 848566 0
1 1 15942 15942 595899 0
15942 15942 1 1 848642 0
1 1 15943 15943 595953 0
15943 15943 1 1 848718 0
1 1 15944 15944 596007 0
15944 15944 1 1 848794 0
1 1 15945 15945 596061 0
15945 15945 1 1 848870 0
1 1 15946 15946 596115 0
15946 15946 1 1 848946 0
1 1 15947 15947 596169 0
15947 15947 1 1 849022 0
1 1 15948 15948 596223 0
15948 15948 1 1 849098 0
1 1 15949 15949 596277 0
15949 15949 1 1 849174 0
1 1 15950 15950 596331 0
15950 15950 1 1 849250 0
1 1 15951 15951 596385 0
15951 15951 1 1 849326 0
1 1 15952 15952 596439 0
15952 15952 1 1 849402 0
1 1 15953 15953 596493 0
15953 15953 1 1 849478 0
1 1 15954 15954 596547 0
15954 15954 1 1 849554 0
1 1 15955 15955 596601 0
15955 15955 1 1 849630 0
1 1 15956 15956 596655 0
15956 15956 1 1 849706 0
1 1 15957 15957 596709 0
15957 15957 1 1 849782 0
1 1 15958 15958 596763 0
15958 15958 1 1 849858 0
1 1 15959 15959 596817 0
15959 15959 1 1 849934 0
1 1 15960 15960 596871 0
15960 15960 1 1 850010 0
1 1 15961 15961 596925 0
15961 15961 1 1 850086 0
1 1 15962 15962 596979 0
15962 15962 1 1 850162 0
1 1 15963 15963 597033 0
15963 15963 1 1 850238 0
1 1 15964 15964 597087 0
15964 15964 1 1 850314 0
1 1 15965 15965 597141 0
15965 15965 1 1 850390 0
1 1 15966 15966 597195 0
15966 15966 1 1 850466 0
1 1 15967 15967 597249 0
15967 15967 1 1 850542 0
1 1 15968 15968 597303 0
15968 15968 1 1 850618 0
1 1 15969 15969 597357 0
15969 15969 1 1 850694 0
1 1 15970 15970 597411 0
15970 15970 1 1 850770 0
1 1 15971 15971 597465 0
15971 15971 1 1 850846 0
1 1 15972 15972 597519 0
15972 15972 1 1 850922 0
1 1 15973 15973 597573 0
15973 15973 1 1 850998 0
1 1 15974 15974 597627 0
15974 15974 1 1 851074 0
1 1 15975 15975 597681 0
15975 15975 1 1 851150 0
1 1 15976 15976 597735 0
15976 15976 1 1 851226 0
1 1 15977 15977 597789 0
15977 15977 1 1 851302 0
1 1 15978 15978 597843 0
15978 15978 1 1 851378 0
1 1 15979 15979 597897 0
15979 15979 1 1 851454 0
1 1 15980 15980 597951 0
15980 15980 1 1 851530 0
1 1 15981 15981 598005 0
15981 15981 1 1 851606 0
1 1 15982 15982 598059 0
15982 15982 1 1 851682 0
1 1 15983 15983 598113 0
15983 15983 1 1 851758 0
1 1 15984 15984 598167 0
15984 15984 1 1 851834 0
1 1 15985 15985 598221 0
15985 15985 1 1 851910 0
1 1 15986 15986 598275 0
15986 15986 1 1 851986 0
1 1 15987 15987 598329 0
15987 15987 1 1 852062 0
1 1 15988 15988 598383 0
15988 15988 1 1 852138 0
1 1 15989 15989 598437 0
15989 15989 1 1 852214 0
1 1 15990 15990 598491 0
15990 15990 1 1 852290 0
1 1 15991 15991 598545 0
15991 15991 1 1 852366 0
1 1 15992 15992 598599 0
15992 15992 1 1 852442 0
1 1 15993 15993 598653 0
15993 15993 1 1 852518 0
1 1 15994 15994 598707 0
15994 15994 1 1 852594 0
1 1 15995 15995 598761 0
15995 15995 1 1 852670 0
1 1 15996 15996 598815 0
15996 15996 1 1 852746 0
1 1 15997 15997 598869 0
15997 15997 1 1 852822 0
1 1 15998 15998 598923 0
15998 15998 1 1 852898 0
1 1 15999 15999 598977 0
15999 15999 1 1 852974 0
1 1 16000 16000 599031 0
16000 16000 1 1 853050 0
1 1 16001 16001 599085 0
16001 16001 1 1 853126 0
1 1 16002 16002 599139 0
16002 16002 1 1 853202 0
1 1 16003 16003 599193 0
16003 16003 1 1 853278 0
1 1 16004 16004 599247 0
16004 16004 1 1 853354 0
1 1 16005 16005 597652 0
16005 16005 1 1 853430 0
1 1 16006 16006 597706 0
16006 16006 1 1 853506 0
1 1 16007 16007 597760 0
16007 16007 1 1 853582 0
1 1 16008 16008 597814 0
16008 16008 1 1 853658 0
1 1 16009 16009 597868 0
16009 16009 1 1 853734 0
1 1 16010 16010 597922 0
16010 16010 1 1 853810 0
1 1 16011 16011 597976 0
16011 16011 1 1 853886 0
1 1 16012 16012 598030 0
16012 16012 1 1 853962 0
1 1 16013 16013 598084 0
16013 16013 1 1 854038 0
1 1 16014 16014 598138 0
16014 16014 1 1 854114 0
1 1 16015 16015 598192 0
16015 16015 1 1 854190 0
1 1 16016 16016 598246 0
16016 16016 1 1 854266 0
1 1 16017 16017 598300 0
16017 16017 1 1 854342 0
1 1 16018 16018 598354 0
16018 16018 1 1 854418 0
1 1 16019 16019 598408 0
16019 16019 1 1 854494 0
1 1 16020 16020 598462 0
16020 16020 1 1 852523 0
1 1 16021 16021 598516 0
16021 16021 1 1 852599 0
1 1 16022 16022 598570 0
16022 16022 1 1 852675 0
1 1 16023 16023 598624 0
16023 16023 1 1 852751 0
1 1 16024 16024 598678 0
16024 16024 1 1 852827 0
1 1 16025 16025 598732 0
16025 16025 1 1 852903 0
1 1 16026 16026 598786 0
16026 16026 1 1 852979 0
1 1 16027 16027 598840 0
16027 16027 1 1 853055 0
1 1 16028 16028 598894 0
16028 16028 1 1 853131 0
1 1 16029 16029 598948 0
16029 16029 1 1 853207 0
1 1 16030 16030 599002 0
16030 16030 1 1 853283 0
1 1 16031 16031 599056 0
16031 16031 1 1 853359 0
1 1 16032 16032 599110 0
16032 16032 1 1 853435 0
1 1 16033 16033 599164 0
16033 16033 1 1 853511 0
1 1 16034 16034 599218 0
16034 16034 1 1 853587 0
1 1 16035 16035 599272 0
16035 16035 1 1 853663 0
1 1 16036 16036 599326 0
16036 16036 1 1 853739 0
1 1 16037 16037 599380 0
16037 16037 1 1 853815 0
1 1 16038 16038 599434 0
16038 16038 1 1 853891 0
1 1 16039 16039 599488 0
16039 16039 1 1 853967 0
1 1 16040 16040 599542 0
16040 16040 1 1 854043 0
1 1 16041 16041 599596 0
16041 16041 1 1 854119 0
1 1 16042 16042 599650 0
16042 16042 1 1 854195 0
1 1 16043 16043 599704 0
16043 16043 1 1 854271 0
1 1 16044 16044 599758 0
16044 16044 1 1 854347 0
1 1 16045 16045 599812 0
16045 16045 1 1 854423 0
1 1 16046 16046 599866 0
16046 16046 1 1 854499 0
1 1 16047 16047 599920 0
16047 16047 1 1 854575 0
1 1 16048 16048 599974 0
16048 16048 1 1 854651 0
1 1 16049 16049 600028 0
16049 16049 1 1 854727 0
1 1 16050 16050 600082 0
16050 16050 1 1 854803 0
1 1 16051 16051 600136 0
16051 16051 1 1 854879 0
1 1 16052 16052 600190 0
16052 16052 1 1 854955 0
1 1 16053 16053 600244 0
16053 16053 1 1 855031 0
1 1 16054 16054 600298 0
16054 16054 1 1 855107 0
1 1 16055 16055 600352 0
16055 16055 1 1 855183 0
1 1 16056 16056 600406 0
16056 16056 1 1 855259 0
1 1 16057 16057 600460 0
16057 16057 1 1 855335 0
1 1 16058 16058 600514 0
16058 16058 1 1 855411 0
1 1 16059 16059 600568 0
16059 16059 1 1 855487 0
1 1 16060 16060 600622 0
16060 16060 1 1 855563 0
1 1 16061 16061 600676 0
16061 16061 1 1 855639 0
1 1 16062 16062 600730 0
16062 16062 1 1 855715 0
1 1 16063 16063 600784 0
16063 16063 1 1 855791 0
1 1 16064 16064 600838 0
16064 16064 1 1 855867 0
1 1 16065 16065 600892 0
16065 16065 1 1 855943 0
1 1 16066 16066 600946 0
16066 16066 1 1 856019 0
1 1 16067 16067 601000 0
16067 16067 1 1 856095 0
1 1 16068 16068 601054 0
16068 16068 1 1 856171 0
1 1 16069 16069 601108 0
16069 16069 1 1 856247 0
1 1 16070 16070 601162 0
16070 16070 1 1 856323 0
1 1 16071 16071 601216 0
16071 16071 1 1 856399 0
1 1 16072 16072 601270 0
16072 16072 1 1 856475 0
1 1 16073 16073 601324 0
16073 16073 1 1 856551 0
1 1 16074 16074 601378 0
16074 16074 1 1 856627 0
1 1 16075 16075 601432 0
16075 16075 1 1 856703 0
1 1 16076 16076 601486 0
16076 16076 1 1 856779 0
1 1 16077 16077 601540 0
16077 16077 1 1 856855 0
1 1 16078 16078 601594 0
16078 16078 1 1 856931 0
1 1 16079 16079 601648 0
16079 16079 1 1 857007 0
1 1 16080 16080 601702 0
16080 16080 1 1 857083 0
1 1 16081 16081 601756 0
16081 16081 1 1 857159 0
1 1 16082 16082 601810 0
16082 16082 1 1 857235 0
1 1 16083 16083 601864 0
16083 16083 1 1 857311 0
1 1 16084 16084 601918 0
16084 16084 1 1 857387 0
1 1 16085 16085 601972 0
16085 16085 1 1 857463 0
1 1 16086 16086 602026 0
16086 16086 1 1 857539 0
1 1 16087 16087 602080 0
16087 16087 1 1 857615 0
1 1 16088 16088 602134 0
16088 16088 1 1 857691 0
1 1 16089 16089 602188 0
16089 16089 1 1 857767 0
1 1 16090 16090 602242 0
16090 16090 1 1 857843 0
1 1 16091 16091 602296 0
16091 16091 1 1 857919 0
1 1 16092 16092 602350 0
16092 16092 1 1 857995 0
1 1 16093 16093 602404 0
16093 16093 1 1 858071 0
1 1 16094 16094 602458 0
16094 16094 1 1 858147 0
1 1 16095 16095 602512 0
16095 16095 1 1 858223 0
1 1 16096 16096 602566 0
16096 16096 1 1 858299 0
1 1 16097 16097 602620 0
16097 16097 1 1 858375 0
1 1 16098 16098 602674 0
16098 16098 1 1 858451 0
1 1 16099 16099 602728 0
16099 16099 1 1 858527 0
1 1 16100 16100 602782 0
16100 16100 1 1 858603 0
1 1 16101 16101 602836 0
16101 16101 1 1 858679 0
1 1 16102 16102 601241 0
16102 16102 1 1 858755 0
1 1 16103 16103 601295 0
16103 16103 1 1 858831 0
1 1 16104 16104 601349 0
16104 16104 1 1 858907 0
1 1 16105 16105 601403 0
16105 16105 1 1 858983 0
1 1 16106 16106 601457 0
16106 16106 1 1 859059 0
1 1 16107 16107 601511 0
16107 16107 1 1 859135 0
1 1 16108 16108 601565 0
16108 16108 1 1 859211 0
1 1 16109 16109 601619 0
16109 16109 1 1 857240 0
1 1 16110 16110 601673 0
16110 16110 1 1 857316 0
1 1 16111 16111 601727 0
16111 16111 1 1 857392 0
1 1 16112 16112 601781 0
16112 16112 1 1 857468 0
1 1 16113 16113 601835 0
16113 16113 1 1 857544 0
1 1 16114 16114 601889 0
16114 16114 1 1 857620 0
1 1 16115 16115 601943 0
16115 16115 1 1 857696 0
1 1 16116 16116 601997 0
16116 16116 1 1 857772 0
1 1 16117 16117 602051 0
16117 16117 1 1 857848 0
1 1 16118 16118 602105 0
16118 16118 1 1 857924 0
1 1 16119 16119 602159 0
16119 16119 1 1 858000 0
1 1 16120 16120 602213 0
16120 16120 1 1 858076 0
1 1 16121 16121 602267 0
16121 16121 1 1 858152 0
1 1 16122 16122 602321 0
16122 16122 1 1 858228 0
1 1 16123 16123 602375 0
16123 16123 1 1 858304 0
1 1 16124 16124 602429 0
16124 16124 1 1 858380 0
1 1 16125 16125 602483 0
16125 16125 1 1 858456 0
1 1 16126 16126 602537 0
16126 16126 1 1 858532 0
1 1 16127 16127 602591 0
16127 16127 1 1 858608 0
1 1 16128 16128 602645 0
16128 16128 1 1 858684 0
1 1 16129 16129 602699 0
16129 16129 1 1 858760 0
1 1 16130 16130 602753 0
16130 16130 1 1 858836 0
1 1 16131 16131 602807 0
16131 16131 1 1 858912 0
1 1 16132 16132 602861 0
16132 16132 1 1 858988 0
1 1 16133 16133 602915 0
16133 16133 1 1 859064 0
1 1 16134 16134 602969 0
16134 16134 1 1 859140 0
1 1 16135 16135 603023 0
16135 16135 1 1 859216 0
1 1 16136 16136 603077 0
16136 16136 1 1 859292 0
1 1 16137 16137 603131 0
16137 16137 1 1 859368 0
1 1 16138 16138 603185 0
16138 16138 1 1 859444 0
1 1 16139 16139 603239 0
16139 16139 1 1 859520 0
1 1 16140 16140 603293 0
16140 16140 1 1 859596 0
1 1 16141 16141 603347 0
16141 16141 1 1 859672 0
1 1 16142 16142 603401 0
16142 16142 1 1 859748 0
1 1 16143 16143 603455 0
16143 16143 1 1 859824 0
1 1 16144 16144 603509 0
16144 16144 1 1 859900 0
1 1 16145 16145 603563 0
16145 16145 1 1 859976 0
1 1 16146 16146 603617 0
16146 16146 1 1 860052 0
1 1 16147 16147 603671 0
16147 16147 1 1 860128 0
1 1 16148 16148 603725 0
16148 16148 1 1 860204 0
1 1 16149 16149 603779 0
16149 16149 1 1 860280 0
1 1 16150 16150 603833 0
16150 16150 1 1 860356 0
1 1 16151 16151 603887 0
16151 16151 1 1 860432 0
1 1 16152 16152 603941 0
16152 16152 1 1 860508 0
1 1 16153 16153 603995 0
16153 16153 1 1 860584 0
1 1 16154 16154 604049 0
16154 16154 1 1 860660 0
1 1 16155 16155 604103 0
16155 16155 1 1 860736 0
1 1 16156 16156 604157 0
16156 16156 1 1 860812 0
1 1 16157 16157 604211 0
16157 16157 1 1 860888 0
1 1 16158 16158 604265 0
16158 16158 1 1 860964 0
1 1 16159 16159 604319 0
16159 16159 1 1 861040 0
1 1 16160 16160 604373 0
16160 16160 1 1 861116 0
1 1 16161 16161 604427 0
16161 16161 1 1 861192 0
1 1 16162 16162 604481 0
16162 16162 1 1 861268 0
1 1 16163 16163 604535 0
16163 16163 1 1 861344 0
1 1 16164 16164 604589 0
16164 16164 1 1 861420 0
1 1 16165 16165 604643 0
16165 16165 1 1 861496 0
1 1 16166 16166 604697 0
16166 16166 1 1 861572 0
1 1 16167 16167 604751 0
16167 16167 1 1 861648 0
1 1 16168 16168 604805 0
16168 16168 1 1 861724 0
1 1 16169 16169 604859 0
16169 16169 1 1 861800 0
1 1 16170 16170 604913 0
16170 16170 1 1 861876 0
1 1 16171 16171 604967 0
16171 16171 1 1 861952 0
1 1 16172 16172 605021 0
16172 16172 1 1 862028 0
1 1 16173 16173 605075 0
16173 16173 1 1 862104 0
1 1 16174 16174 605129 0
16174 16174 1 1 862180 0
1 1 16175 16175 605183 0
16175 16175 1 1 862256 0
1 1 16176 16176 605237 0
16176 16176 1 1 862332 0
1 1 16177 16177 605291 0
16177 16177 1 1 862408 0
1 1 16178 16178 605345 0
16178 16178 1 1 862484 0
1 1 16179 16179 605399 0
16179 16179 1 1 862560 0
1 1 16180 16180 605453 0
16180 16180 1 1 862636 0
1 1 16181 16181 605507 0
16181 16181 1 1 862712 0
1 1 16182 16182 605561 0
16182 16182 1 1 862788 0
1 1 16183 16183 605615 0
16183 16183 1 1 862864 0
1 1 16184 16184 605669 0
16184 16184 1 1 862940 0
1 1 16185 16185 605723 0
16185 16185 1 1 863016 0
1 1 16186 16186 605777 0
16186 16186 1 1 863092 0
1 1 16187 16187 605831 0
16187 16187 1 1 863168 0
1 1 16188 16188 605885 0
16188 16188 1 1 863244 0
1 1 16189 16189 605939 0
16189 16189 1 1 863320 0
1 1 16190 16190 605993 0
16190 16190 1 1 863396 0
1 1 16191 16191 606047 0
16191 16191 1 1 863472 0
1 1 16192 16192 606101 0
16192 16192 1 1 863548 0
1 1 16193 16193 606155 0
16193 16193 1 1 863624 0
1 1 16194 16194 606209 0
16194 16194 1 1 863700 0
1 1 16195 16195 606263 0
16195 16195 1 1 863776 0
1 1 16196 16196 606317 0
16196 16196 1 1 863852 0
1 1 16197 16197 606371 0
16197 16197 1 1 863928 0
1 1 16198 16198 606425 0
16198 16198 1 1 861957 0
1 1 16199 16199 604830 0
16199 16199 1 1 862033 0
1 1 16200 16200 604884 0
16200 16200 1 1 862109 0
1 1 16201 16201 604938 0
16201 16201 1 1 862185 0
1 1 16202 16202 604992 0
16202 16202 1 1 862261 0
1 1 16203 16203 605046 0
16203 16203 1 1 862337 0
1 1 16204 16204 605100 0
16204 16204 1 1 862413 0
1 1 16205 16205 605154 0
16205 16205 1 1 862489 0
1 1 16206 16206 605208 0
16206 16206 1 1 862565 0
1 1 16207 16207 605262 0
16207 16207 1 1 862641 0
1 1 16208 16208 605316 0
16208 16208 1 1 862717 0
1 1 16209 16209 605370 0
16209 16209 1 1 862793 0
1 1 16210 16210 605424 0
16210 16210 1 1 862869 0
1 1 16211 16211 605478 0
16211 16211 1 1 862945 0
1 1 16212 16212 605532 0
16212 16212 1 1 863021 0
1 1 16213 16213 605586 0
16213 16213 1 1 863097 0
1 1 16214 16214 605640 0
16214 16214 1 1 863173 0
1 1 16215 16215 605694 0
16215 16215 1 1 863249 0
1 1 16216 16216 605748 0
16216 16216 1 1 863325 0
1 1 16217 16217 605802 0
16217 16217 1 1 863401 0
1 1 16218 16218 605856 0
16218 16218 1 1 863477 0
1 1 16219 16219 605910 0
16219 16219 1 1 863553 0
1 1 16220 16220 605964 0
16220 16220 1 1 863629 0
1 1 16221 16221 606018 0
16221 16221 1 1 863705 0
1 1 16222 16222 606072 0
16222 16222 1 1 863781 0
1 1 16223 16223 606126 0
16223 16223 1 1 863857 0
1 1 16224 16224 606180 0
16224 16224 1 1 863933 0
1 1 16225 16225 606234 0
16225 16225 1 1 864009 0
1 1 16226 16226 606288 0
16226 16226 1 1 864085 0
1 1 16227 16227 606342 0
16227 16227 1 1 864161 0
1 1 16228 16228 606396 0
16228 16228 1 1 864237 0
1 1 16229 16229 606450 0
16229 16229 1 1 864313 0
1 1 16230 16230 606504 0
16230 16230 1 1 864389 0
1 1 16231 16231 606558 0
16231 16231 1 1 864465 0
1 1 16232 16232 606612 0
16232 16232 1 1 864541 0
1 1 16233 16233 606666 0
16233 16233 1 1 864617 0
1 1 16234 16234 606720 0
16234 16234 1 1 864693 0
1 1 16235 16235 606774 0
16235 16235 1 1 864769 0
1 1 16236 16236 606828 0
16236 16236 1 1 864845 0
1 1 16237 16237 606882 0
16237 16237 1 1 864921 0
1 1 16238 16238 606936 0
16238 16238 1 1 864997 0
1 1 16239 16239 606990 0
16239 16239 1 1 865073 0
1 1 16240 16240 607044 0
16240 16240 1 1 865149 0
1 1 16241 16241 607098 0
16241 16241 1 1 865225 0
1 1 16242 16242 607152 0
16242 16242 1 1 865301 0
1 1 16243 16243 607206 0
16243 16243 1 1 865377 0
1 1 16244 16244 607260 0
16244 16244 1 1 865453 0
1 1 16245 16245 607314 0
16245 16245 1 1 865529 0
1 1 16246 16246 607368 0
16246 16246 1 1 865605 0
1 1 16247 16247 607422 0
16247 16247 1 1 865681 0
1 1 16248 16248 607476 0
16248 16248 1 1 865757 0
1 1 16249 16249 607530 0
16249 16249 1 1 865833 0
1 1 16250 16250 607584 0
16250 16250 1 1 865909 0
1 1 16251 16251 607638 0
16251 16251 1 1 865985 0
1 1 16252 16252 607692 0
16252 16252 1 1 866061 0
1 1 16253 16253 607746 0
16253 16253 1 1 866137 0
1 1 16254 16254 607800 0
16254 16254 1 1 866213 0
1 1 16255 16255 607854 0
16255 16255 1 1 866289 0
1 1 16256 16256 607908 0
16256 16256 1 1 866365 0
1 1 16257 16257 607962 0
16257 16257 1 1 866441 0
1 1 16258 16258 608016 0
16258 16258 1 1 866517 0
1 1 16259 16259 608070 0
16259 16259 1 1 866593 0
1 1 16260 16260 608124 0
16260 16260 1 1 866669 0
1 1 16261 16261 608178 0
16261 16261 1 1 866745 0
1 1 16262 16262 608232 0
16262 16262 1 1 866821 0
1 1 16263 16263 608286 0
16263 16263 1 1 866897 0
1 1 16264 16264 608340 0
16264 16264 1 1 866973 0
1 1 16265 16265 608394 0
16265 16265 1 1 867049 0
1 1 16266 16266 608448 0
16266 16266 1 1 867125 0
1 1 16267 16267 608502 0
16267 16267 1 1 867201 0
1 1 16268 16268 608556 0
16268 16268 1 1 867277 0
1 1 16269 16269 608610 0
16269 16269 1 1 867353 0
1 1 16270 16270 608664 0
16270 16270 1 1 867429 0
1 1 16271 16271 608718 0
16271 16271 1 1 867505 0
1 1 16272 16272 608772 0
16272 16272 1 1 867581 0
1 1 16273 16273 608826 0
16273 16273 1 1 867657 0
1 1 16274 16274 608880 0
16274 16274 1 1 867733 0
1 1 16275 16275 608934 0
16275 16275 1 1 867809 0
1 1 16276 16276 608988 0
16276 16276 1 1 867885 0
1 1 16277 16277 609042 0
16277 16277 1 1 867961 0
1 1 16278 16278 609096 0
16278 16278 1 1 868037 0
1 1 16279 16279 609150 0
16279 16279 1 1 868113 0
1 1 16280 16280 609204 0
16280 16280 1 1 868189 0
1 1 16281 16281 609258 0
16281 16281 1 1 868265 0
1 1 16282 16282 609312 0
16282 16282 1 1 868341 0
1 1 16283 16283 609366 0
16283 16283 1 1 868417 0
1 1 16284 16284 609420 0
16284 16284 1 1 868493 0
1 1 16285 16285 609474 0
16285 16285 1 1 868569 0
1 1 16286 16286 609528 0
16286 16286 1 1 868645 0
1 1 16287 16287 609582 0
16287 16287 1 1 866674 0
1 1 16288 16288 609636 0
16288 16288 1 1 866750 0
1 1 16289 16289 609690 0
16289 16289 1 1 866826 0
1 1 16290 16290 609744 0
16290 16290 1 1 866902 0
1 1 16291 16291 609798 0
16291 16291 1 1 866978 0
1 1 16292 16292 609852 0
16292 16292 1 1 867054 0
1 1 16293 16293 609906 0
16293 16293 1 1 867130 0
1 1 16294 16294 609960 0
16294 16294 1 1 867206 0
1 1 16295 16295 610014 0
16295 16295 1 1 867282 0
1 1 16296 16296 608419 0
16296 16296 1 1 867358 0
1 1 16297 16297 608473 0
16297 16297 1 1 867434 0
1 1 16298 16298 608527 0
16298 16298 1 1 867510 0
1 1 16299 16299 608581 0
16299 16299 1 1 867586 0
1 1 16300 16300 608635 0
16300 16300 1 1 867662 0
1 1 16301 16301 608689 0
16301 16301 1 1 867738 0
1 1 16302 16302 608743 0
16302 16302 1 1 867814 0
1 1 16303 16303 608797 0
16303 16303 1 1 867890 0
1 1 16304 16304 608851 0
16304 16304 1 1 867966 0
1 1 16305 16305 608905 0
16305 16305 1 1 868042 0
1 1 16306 16306 608959 0
16306 16306 1 1 868118 0
1 1 16307 16307 609013 0
16307 16307 1 1 868194 0
1 1 16308 16308 609067 0
16308 16308 1 1 868270 0
1 1 16309 16309 609121 0
16309 16309 1 1 868346 0
1 1 16310 16310 609175 0
16310 16310 1 1 868422 0
1 1 16311 16311 609229 0
16311 16311 1 1 868498 0
1 1 16312 16312 609283 0
16312 16312 1 1 868574 0
1 1 16313 16313 609337 0
16313 16313 1 1 868650 0
1 1 16314 16314 609391 0
16314 16314 1 1 868726 0
1 1 16315 16315 609445 0
16315 16315 1 1 868802 0
1 1 16316 16316 609499 0
16316 16316 1 1 868878 0
1 1 16317 16317 609553 0
16317 16317 1 1 868954 0
1 1 16318 16318 609607 0
16318 16318 1 1 869030 0
1 1 16319 16319 609661 0
16319 16319 1 1 869106 0
1 1 16320 16320 609715 0
16320 16320 1 1 869182 0
1 1 16321 16321 609769 0
16321 16321 1 1 869258 0
1 1 16322 16322 609823 0
16322 16322 1 1 869334 0
1 1 16323 16323 609877 0
16323 16323 1 1 869410 0
1 1 16324 16324 609931 0
16324 16324 1 1 869486 0
1 1 16325 16325 609985 0
16325 16325 1 1 869562 0
1 1 16326 16326 610039 0
16326 16326 1 1 869638 0
1 1 16327 16327 610093 0
16327 16327 1 1 869714 0
1 1 16328 16328 610147 0
16328 16328 1 1 869790 0
1 1 16329 16329 610201 0
16329 16329 1 1 869866 0
1 1 16330 16330 610255 0
16330 16330 1 1 869942 0
1 1 16331 16331 610309 0
16331 16331 1 1 870018 0
1 1 16332 16332 610363 0
16332 16332 1 1 870094 0
1 1 16333 16333 610417 0
16333 16333 1 1 870170 0
1 1 16334 16334 610471 0
16334 16334 1 1 870246 0
1 1 16335 16335 610525 0
16335 16335 1 1 870322 0
1 1 16336 16336 610579 0
16336 16336 1 1 870398 0
1 1 16337 16337 610633 0
16337 16337 1 1 870474 0
1 1 16338 16338 610687 0
16338 16338 1 1 870550 0
1 1 16339 16339 610741 0
16339 16339 1 1 870626 0
1 1 16340 16340 610795 0
16340 16340 1 1 870702 0
1 1 16341 16341 610849 0
16341 16341 1 1 870778 0
1 1 16342 16342 610903 0
16342 16342 1 1 870854 0
1 1 16343 16343 610957 0
16343 16343 1 1 870930 0
1 1 16344 16344 611011 0
16344 16344 1 1 871006 0
1 1 16345 16345 611065 0
16345 16345 1 1 871082 0
1 1 16346 16346 611119 0
16346 16346 1 1 871158 0
1 1 16347 16347 611173 0
16347 16347 1 1 871234 0
1 1 16348 16348 611227 0
16348 16348 1 1 871310 0
1 1 16349 16349 611281 0
16349 16349 1 1 871386 0
1 1 16350 16350 611335 0
16350 16350 1 1 871462 0
1 1 16351 16351 611389 0
16351 16351 1 1 871538 0
1 1 16352 16352 611443 0
16352 16352 1 1 871614 0
1 1 16353 16353 611497 0
16353 16353 1 1 871690 0
1 1 16354 16354 611551 0
16354 16354 1 1 871766 0
1 1 16355 16355 611605 0
16355 16355 1 1 871842 0
1 1 16356 16356 611659 0
16356 16356 1 1 871918 0
1 1 16357 16357 611713 0
16357 16357 1 1 871994 0
1 1 16358 16358 611767 0
16358 16358 1 1 872070 0
1 1 16359 16359 611821 0
16359 16359 1 1 872146 0
1 1 16360 16360 611875 0
16360 16360 1 1 872222 0
1 1 16361 16361 611929 0
16361 16361 1 1 872298 0
1 1 16362 16362 611983 0
16362 16362 1 1 872374 0
1 1 16363 16363 612037 0
16363 16363 1 1 872450 0
1 1 16364 16364 612091 0
16364 16364 1 1 872526 0
1 1 16365 16365 612145 0
16365 16365 1 1 872602 0
1 1 16366 16366 612199 0
16366 16366 1 1 872678 0
1 1 16367 16367 612253 0
16367 16367 1 1 872754 0
1 1 16368 16368 612307 0
16368 16368 1 1 872830 0
1 1 16369 16369 612361 0
16369 16369 1 1 872906 0
1 1 16370 16370 612415 0
16370 16370 1 1 872982 0
1 1 16371 16371 612469 0
16371 16371 1 1 873058 0
1 1 16372 16372 612523 0
16372 16372 1 1 873134 0
1 1 16373 16373 612577 0
16373 16373 1 1 873210 0
1 1 16374 16374 612631 0
16374 16374 1 1 873286 0
1 1 16375 16375 612685 0
16375 16375 1 1 873362 0
1 1 16376 16376 612739 0
16376 16376 1 1 871391 0
1 1 16377 16377 612793 0
16377 16377 1 1 871467 0
1 1 16378 16378 612847 0
16378 16378 1 1 871543 0
1 1 16379 16379 612901 0
16379 16379 1 1 871619 0
1 1 16380 16380 612955 0
16380 16380 1 1 871695 0
1 1 16381 16381 613009 0
16381 16381 1 1 871771 0
1 1 16382 16382 613063 0
16382 16382 1 1 871847 0
1 1 16383 16383 613117 0
16383 16383 1 1 871923 0
1 1 16384 16384 613171 0
16384 16384 1 1 871999 0
1 1 16385 16385 613225 0
16385 16385 1 1 872075 0
1 1 16386 16386 613279 0
16386 16386 1 1 872151 0
1 1 16387 16387 613333 0
16387 16387 1 1 872227 0
1 1 16388 16388 613387 0
16388 16388 1 1 872303 0
1 1 16389 16389 613441 0
16389 16389 1 1 872379 0
1 1 16390 16390 613495 0
16390 16390 1 1 872455 0
1 1 16391 16391 613549 0
16391 16391 1 1 872531 0
1 1 16392 16392 613603 0
16392 16392 1 1 872607 0
1 1 16393 16393 612008 0
16393 16393 1 1 872683 0
1 1 16394 16394 612062 0
16394 16394 1 1 872759 0
1 1 16395 16395 612116 0
16395 16395 1 1 872835 0
1 1 16396 16396 612170 0
16396 16396 1 1 872911 0
1 1 16397 16397 612224 0
16397 16397 1 1 872987 0
1 1 16398 16398 612278 0
16398 16398 1 1 873063 0
1 1 16399 16399 612332 0
16399 16399 1 1 873139 0
1 1 16400 16400 612386 0
16400 16400 1 1 873215 0
1 1 16401 16401 612440 0
16401 16401 1 1 873291 0
1 1 16402 16402 612494 0
16402 16402 1 1 873367 0
1 1 16403 16403 612548 0
16403 16403 1 1 873443 0
1 1 16404 16404 612602 0
16404 16404 1 1 873519 0
1 1 16405 16405 612656 0
16405 16405 1 1 873595 0
1 1 16406 16406 612710 0
16406 16406 1 1 873671 0
1 1 16407 16407 612764 0
16407 16407 1 1 873747 0
1 1 16408 16408 612818 0
16408 16408 1 1 873823 0
1 1 16409 16409 612872 0
16409 16409 1 1 873899 0
1 1 16410 16410 612926 0
16410 16410 1 1 873975 0
1 1 16411 16411 612980 0
16411 16411 1 1 874051 0
1 1 16412 16412 613034 0
16412 16412 1 1 874127 0
1 1 16413 16413 613088 0
16413 16413 1 1 874203 0
1 1 16414 16414 613142 0
16414 16414 1 1 874279 0
1 1 16415 16415 613196 0
16415 16415 1 1 874355 0
1 1 16416 16416 613250 0
16416 16416 1 1 874431 0
1 1 16417 16417 613304 0
16417 16417 1 1 874507 0
1 1 16418 16418 613358 0
16418 16418 1 1 874583 0
1 1 16419 16419 613412 0
16419 16419 1 1 874659 0
1 1 16420 16420 613466 0
16420 16420 1 1 874735 0
1 1 16421 16421 613520 0
16421 16421 1 1 874811 0
1 1 16422 16422 613574 0
16422 16422 1 1 874887 0
1 1 16423 16423 613628 0
16423 16423 1 1 874963 0
1 1 16424 16424 613682 0
16424 16424 1 1 875039 0
1 1 16425 16425 613736 0
16425 16425 1 1 875115 0
1 1 16426 16426 613790 0
16426 16426 1 1 875191 0
1 1 16427 16427 613844 0
16427 16427 1 1 875267 0
1 1 16428 16428 613898 0
16428 16428 1 1 875343 0
1 1 16429 16429 613952 0
16429 16429 1 1 875419 0
1 1 16430 16430 614006 0
16430 16430 1 1 875495 0
1 1 16431 16431 614060 0
16431 16431 1 1 875571 0
1 1 16432 16432 614114 0
16432 16432 1 1 875647 0
1 1 16433 16433 614168 0
16433 16433 1 1 875723 0
1 1 16434 16434 614222 0
16434 16434 1 1 875799 0
1 1 16435 16435 614276 0
16435 16435 1 1 875875 0
1 1 16436 16436 614330 0
16436 16436 1 1 875951 0
1 1 16437 16437 614384 0
16437 16437 1 1 876027 0
1 1 16438 16438 614438 0
16438 16438 1 1 876103 0
1 1 16439 16439 614492 0
16439 16439 1 1 876179 0
1 1 16440 16440 614546 0
16440 16440 1 1 876255 0
1 1 16441 16441 614600 0
16441 16441 1 1 876331 0
1 1 16442 16442 614654 0
16442 16442 1 1 876407 0
1 1 16443 16443 614708 0
16443 16443 1 1 876483 0
1 1 16444 16444 614762 0
16444 16444 1 1 876559 0
1 1 16445 16445 614816 0
16445 16445 1 1 876635 0
1 1 16446 16446 614870 0
16446 16446 1 1 876711 0
1 1 16447 16447 614924 0
16447 16447 1 1 876787 0
1 1 16448 16448 614978 0
16448 16448 1 1 876863 0
1 1 16449 16449 615032 0
16449 16449 1 1 876939 0
1 1 16450 16450 615086 0
16450 16450 1 1 877015 0
1 1 16451 16451 615140 0
16451 16451 1 1 877091 0
1 1 16452 16452 615194 0
16452 16452 1 1 877167 0
1 1 16453 16453 615248 0
16453 16453 1 1 877243 0
1 1 16454 16454 615302 0
16454 16454 1 1 877319 0
1 1 16455 16455 615356 0
16455 16455 1 1 877395 0
1 1 16456 16456 615410 0
16456 16456 1 1 877471 0
1 1 16457 16457 615464 0
16457 16457 1 1 877547 0
1 1 16458 16458 615518 0
16458 16458 1 1 877623 0
1 1 16459 16459 615572 0
16459 16459 1 1 877699 0
1 1 16460 16460 615626 0
16460 16460 1 1 877775 0
1 1 16461 16461 615680 0
16461 16461 1 1 877851 0
1 1 16462 16462 615734 0
16462 16462 1 1 877927 0
1 1 16463 16463 615788 0
16463 16463 1 1 878003 0
1 1 16464 16464 615842 0
16464 16464 1 1 878079 0
1 1 16465 16465 615896 0
16465 16465 1 1 876108 0
1 1 16466 16466 615950 0
16466 16466 1 1 876184 0
1 1 16467 16467 616004 0
16467 16467 1 1 876260 0
1 1 16468 16468 616058 0
16468 16468 1 1 876336 0
1 1 16469 16469 616112 0
16469 16469 1 1 876412 0
1 1 16470 16470 616166 0
16470 16470 1 1 876488 0
1 1 16471 16471 616220 0
16471 16471 1 1 876564 0
1 1 16472 16472 616274 0
16472 16472 1 1 876640 0
1 1 16473 16473 616328 0
16473 16473 1 1 876716 0
1 1 16474 16474 616382 0
16474 16474 1 1 876792 0
1 1 16475 16475 616436 0
16475 16475 1 1 876868 0
1 1 16476 16476 616490 0
16476 16476 1 1 876944 0
1 1 16477 16477 616544 0
16477 16477 1 1 877020 0
1 1 16478 16478 616598 0
16478 16478 1 1 877096 0
1 1 16479 16479 616652 0
16479 16479 1 1 877172 0
1 1 16480 16480 616706 0
16480 16480 1 1 877248 0
1 1 16481 16481 616760 0
16481 16481 1 1 877324 0
1 1 16482 16482 616814 0
16482 16482 1 1 877400 0
1 1 16483 16483 616868 0
16483 16483 1 1 877476 0
1 1 16484 16484 616922 0
16484 16484 1 1 877552 0
1 1 16485 16485 616976 0
16485 16485 1 1 877628 0
1 1 16486 16486 617030 0
16486 16486 1 1 877704 0
1 1 16487 16487 617084 0
16487 16487 1 1 877780 0
1 1 16488 16488 617138 0
16488 16488 1 1 877856 0
1 1 16489 16489 617192 0
16489 16489 1 1 877932 0
1 1 16490 16490 615597 0
16490 16490 1 1 878008 0
1 1 16491 16491 615651 0
16491 16491 1 1 878084 0
1 1 16492 16492 615705 0
16492 16492 1 1 878160 0
1 1 16493 16493 615759 0
16493 16493 1 1 878236 0
1 1 16494 16494 615813 0
16494 16494 1 1 878312 0
1 1 16495 16495 615867 0
16495 16495 1 1 878388 0
1 1 16496 16496 615921 0
16496 16496 1 1 878464 0
1 1 16497 16497 615975 0
16497 16497 1 1 878540 0
1 1 16498 16498 616029 0
16498 16498 1 1 878616 0
1 1 16499 16499 616083 0
16499 16499 1 1 878692 0
1 1 16500 16500 616137 0
16500 16500 1 1 878768 0
1 1 16501 16501 616191 0
16501 16501 1 1 878844 0
1 1 16502 16502 616245 0
16502 16502 1 1 878920 0
1 1 16503 16503 616299 0
16503 16503 1 1 878996 0
1 1 16504 16504 616353 0
16504 16504 1 1 879072 0
1 1 16505 16505 616407 0
16505 16505 1 1 879148 0
1 1 16506 16506 616461 0
16506 16506 1 1 879224 0
1 1 16507 16507 616515 0
16507 16507 1 1 879300 0
1 1 16508 16508 616569 0
16508 16508 1 1 879376 0
1 1 16509 16509 616623 0
16509 16509 1 1 879452 0
1 1 16510 16510 616677 0
16510 16510 1 1 879528 0
1 1 16511 16511 616731 0
16511 16511 1 1 879604 0
1 1 16512 16512 616785 0
16512 16512 1 1 879680 0
1 1 16513 16513 616839 0
16513 16513 1 1 879756 0
1 1 16514 16514 616893 0
16514 16514 1 1 879832 0
1 1 16515 16515 616947 0
16515 16515 1 1 879908 0
1 1 16516 16516 617001 0
16516 16516 1 1 879984 0
1 1 16517 16517 617055 0
16517 16517 1 1 880060 0
1 1 16518 16518 617109 0
16518 16518 1 1 880136 0
1 1 16519 16519 617163 0
16519 16519 1 1 880212 0
1 1 16520 16520 617217 0
16520 16520 1 1 880288 0
1 1 16521 16521 617271 0
16521 16521 1 1 880364 0
1 1 16522 16522 617325 0
16522 16522 1 1 880440 0
1 1 16523 16523 617379 0
16523 16523 1 1 880516 0
1 1 16524 16524 617433 0
16524 16524 1 1 880592 0
1 1 16525 16525 617487 0
16525 16525 1 1 880668 0
1 1 16526 16526 617541 0
16526 16526 1 1 880744 0
1 1 16527 16527 617595 0
16527 16527 1 1 880820 0
1 1 16528 16528 617649 0
16528 16528 1 1 880896 0
1 1 16529 16529 617703 0
16529 16529 1 1 880972 0
1 1 16530 16530 617757 0
16530 16530 1 1 881048 0
1 1 16531 16531 617811 0
16531 16531 1 1 881124 0
1 1 16532 16532 617865 0
16532 16532 1 1 881200 0
1 1 16533 16533 617919 0
16533 16533 1 1 881276 0
1 1 16534 16534 617973 0
16534 16534 1 1 881352 0
1 1 16535 16535 618027 0
16535 16535 1 1 881428 0
1 1 16536 16536 618081 0
16536 16536 1 1 881504 0
1 1 16537 16537 618135 0
16537 16537 1 1 881580 0
1 1 16538 16538 618189 0
16538 16538 1 1 881656 0
1 1 16539 16539 618243 0
16539 16539 1 1 881732 0
1 1 16540 16540 618297 0
16540 16540 1 1 881808 0
1 1 16541 16541 618351 0
16541 16541 1 1 881884 0
1 1 16542 16542 618405 0
16542 16542 1 1 881960 0
1 1 16543 16543 618459 0
16543 16543 1 1 882036 0
1 1 16544 16544 618513 0
16544 16544 1 1 882112 0
1 1 16545 16545 618567 0
16545 16545 1 1 882188 0
1 1 16546 16546 618621 0
16546 16546 1 1 882264 0
1 1 16547 16547 618675 0
16547 16547 1 1 882340 0
1 1 16548 16548 618729 0
16548 16548 1 1 882416 0
1 1 16549 16549 618783 0
16549 16549 1 1 882492 0
1 1 16550 16550 618837 0
16550 16550 1 1 882568 0
1 1 16551 16551 618891 0
16551 16551 1 1 882644 0
1 1 16552 16552 618945 0
16552 16552 1 1 882720 0
1 1 16553 16553 618999 0
16553 16553 1 1 882796 0
1 1 16554 16554 619053 0
16554 16554 1 1 880825 0
1 1 16555 16555 619107 0
16555 16555 1 1 880901 0
1 1 16556 16556 619161 0
16556 16556 1 1 880977 0
1 1 16557 16557 619215 0
16557 16557 1 1 881053 0
1 1 16558 16558 619269 0
16558 16558 1 1 881129 0
1 1 16559 16559 619323 0
16559 16559 1 1 881205 0
1 1 16560 16560 619377 0
16560 16560 1 1 881281 0
1 1 16561 16561 619431 0
16561 16561 1 1 881357 0
1 1 16562 16562 619485 0
16562 16562 1 1 881433 0
1 1 16563 16563 619539 0
16563 16563 1 1 881509 0
1 1 16564 16564 619593 0
16564 16564 1 1 881585 0
1 1 16565 16565 619647 0
16565 16565 1 1 881661 0
1 1 16566 16566 619701 0
16566 16566 1 1 881737 0
1 1 16567 16567 619755 0
16567 16567 1 1 881813 0
1 1 16568 16568 619809 0
16568 16568 1 1 881889 0
1 1 16569 16569 619863 0
16569 16569 1 1 881965 0
1 1 16570 16570 619917 0
16570 16570 1 1 882041 0
1 1 16571 16571 619971 0
16571 16571 1 1 882117 0
1 1 16572 16572 620025 0
16572 16572 1 1 882193 0
1 1 16573 16573 620079 0
16573 16573 1 1 882269 0
1 1 16574 16574 620133 0
16574 16574 1 1 882345 0
1 1 16575 16575 620187 0
16575 16575 1 1 882421 0
1 1 16576 16576 620241 0
16576 16576 1 1 882497 0
1 1 16577 16577 620295 0
16577 16577 1 1 882573 0
1 1 16578 16578 620349 0
16578 16578 1 1 882649 0
1 1 16579 16579 620403 0
16579 16579 1 1 882725 0
1 1 16580 16580 620457 0
16580 16580 1 1 882801 0
1 1 16581 16581 620511 0
16581 16581 1 1 882877 0
1 1 16582 16582 620565 0
16582 16582 1 1 882953 0
1 1 16583 16583 620619 0
16583 16583 1 1 883029 0
1 1 16584 16584 620673 0
16584 16584 1 1 883105 0
1 1 16585 16585 620727 0
16585 16585 1 1 883181 0
1 1 16586 16586 620781 0
16586 16586 1 1 883257 0
1 1 16587 16587 619186 0
16587 16587 1 1 883333 0
1 1 16588 16588 619240 0
16588 16588 1 1 883409 0
1 1 16589 16589 619294 0
16589 16589 1 1 883485 0
1 1 16590 16590 619348 0
16590 16590 1 1 883561 0
1 1 16591 16591 619402 0
16591 16591 1 1 883637 0
1 1 16592 16592 619456 0
16592 16592 1 1 883713 0
1 1 16593 16593 619510 0
16593 16593 1 1 883789 0
1 1 16594 16594 619564 0
16594 16594 1 1 883865 0
1 1 16595 16595 619618 0
16595 16595 1 1 883941 0
1 1 16596 16596 619672 0
16596 16596 1 1 884017 0
1 1 16597 16597 619726 0
16597 16597 1 1 884093 0
1 1 16598 16598 619780 0
16598 16598 1 1 884169 0
1 1 16599 16599 619834 0
16599 16599 1 1 884245 0
1 1 16600 16600 619888 0
16600 16600 1 1 884321 0
1 1 16601 16601 619942 0
16601 16601 1 1 884397 0
1 1 16602 16602 619996 0
16602 16602 1 1 884473 0
1 1 16603 16603 620050 0
16603 16603 1 1 884549 0
1 1 16604 16604 620104 0
16604 16604 1 1 884625 0
1 1 16605 16605 620158 0
16605 16605 1 1 884701 0
1 1 16606 16606 620212 0
16606 16606 1 1 884777 0
1 1 16607 16607 620266 0
16607 16607 1 1 884853 0
1 1 16608 16608 620320 0
16608 16608 1 1 884929 0
1 1 16609 16609 620374 0
16609 16609 1 1 885005 0
1 1 16610 16610 620428 0
16610 16610 1 1 885081 0
1 1 16611 16611 620482 0
16611 16611 1 1 885157 0
1 1 16612 16612 620536 0
16612 16612 1 1 885233 0
1 1 16613 16613 620590 0
16613 16613 1 1 885309 0
1 1 16614 16614 620644 0
16614 16614 1 1 885385 0
1 1 16615 16615 620698 0
16615 16615 1 1 885461 0
1 1 16616 16616 620752 0
16616 16616 1 1 885537 0
1 1 16617 16617 620806 0
16617 16617 1 1 885613 0
1 1 16618 16618 620860 0
16618 16618 1 1 885689 0
1 1 16619 16619 620914 0
16619 16619 1 1 885765 0
1 1 16620 16620 620968 0
16620 16620 1 1 885841 0
1 1 16621 16621 621022 0
16621 16621 1 1 885917 0
1 1 16622 16622 621076 0
16622 16622 1 1 885993 0
1 1 16623 16623 621130 0
16623 16623 1 1 886069 0
1 1 16624 16624 621184 0
16624 16624 1 1 886145 0
1 1 16625 16625 621238 0
16625 16625 1 1 886221 0
1 1 16626 16626 621292 0
16626 16626 1 1 886297 0
1 1 16627 16627 621346 0
16627 16627 1 1 886373 0
1 1 16628 16628 621400 0
16628 16628 1 1 886449 0
1 1 16629 16629 621454 0
16629 16629 1 1 886525 0
1 1 16630 16630 621508 0
16630 16630 1 1 886601 0
1 1 16631 16631 621562 0
16631 16631 1 1 886677 0
1 1 16632 16632 621616 0
16632 16632 1 1 886753 0
1 1 16633 16633 621670 0
16633 16633 1 1 886829 0
1 1 16634 16634 621724 0
16634 16634 1 1 886905 0
1 1 16635 16635 621778 0
16635 16635 1 1 886981 0
1 1 16636 16636 621832 0
16636 16636 1 1 887057 0
1 1 16637 16637 621886 0
16637 16637 1 1 887133 0
1 1 16638 16638 621940 0
16638 16638 1 1 887209 0
1 1 16639 16639 621994 0
16639 16639 1 1 887285 0
1 1 16640 16640 622048 0
16640 16640 1 1 887361 0
1 1 16641 16641 622102 0
16641 16641 1 1 887437 0
1 1 16642 16642 622156 0
16642 16642 1 1 887513 0
1 1 16643 16643 622210 0
16643 16643 1 1 885542 0
1 1 16644 16644 622264 0
16644 16644 1 1 885618 0
1 1 16645 16645 622318 0
16645 16645 1 1 885694 0
1 1 16646 16646 622372 0
16646 16646 1 1 885770 0
1 1 16647 16647 622426 0
16647 16647 1 1 885846 0
1 1 16648 16648 622480 0
16648 16648 1 1 885922 0
1 1 16649 16649 622534 0
16649 16649 1 1 885998 0
1 1 16650 16650 622588 0
16650 16650 1 1 886074 0
1 1 16651 16651 622642 0
16651 16651 1 1 886150 0
1 1 16652 16652 622696 0
16652 16652 1 1 886226 0
1 1 16653 16653 622750 0
16653 16653 1 1 886302 0
1 1 16654 16654 622804 0
16654 16654 1 1 886378 0
1 1 16655 16655 622858 0
16655 16655 1 1 886454 0
1 1 16656 16656 622912 0
16656 16656 1 1 886530 0
1 1 16657 16657 622966 0
16657 16657 1 1 886606 0
1 1 16658 16658 623020 0
16658 16658 1 1 886682 0
1 1 16659 16659 623074 0
16659 16659 1 1 886758 0
1 1 16660 16660 623128 0
16660 16660 1 1 886834 0
1 1 16661 16661 623182 0
16661 16661 1 1 886910 0
1 1 16662 16662 623236 0
16662 16662 1 1 886986 0
1 1 16663 16663 623290 0
16663 16663 1 1 887062 0
1 1 16664 16664 623344 0
16664 16664 1 1 887138 0
1 1 16665 16665 623398 0
16665 16665 1 1 887214 0
1 1 16666 16666 623452 0
16666 16666 1 1 887290 0
1 1 16667 16667 623506 0
16667 16667 1 1 887366 0
1 1 16668 16668 623560 0
16668 16668 1 1 887442 0
1 1 16669 16669 623614 0
16669 16669 1 1 887518 0
1 1 16670 16670 623668 0
16670 16670 1 1 887594 0
1 1 16671 16671 623722 0
16671 16671 1 1 887670 0
1 1 16672 16672 623776 0
16672 16672 1 1 887746 0
1 1 16673 16673 623830 0
16673 16673 1 1 887822 0
1 1 16674 16674 623884 0
16674 16674 1 1 887898 0
1 1 16675 16675 623938 0
16675 16675 1 1 887974 0
1 1 16676 16676 623992 0
16676 16676 1 1 888050 0
1 1 16677 16677 624046 0
16677 16677 1 1 888126 0
1 1 16678 16678 624100 0
16678 16678 1 1 888202 0
1 1 16679 16679 624154 0
16679 16679 1 1 888278 0
1 1 16680 16680 624208 0
16680 16680 1 1 888354 0
1 1 16681 16681 624262 0
16681 16681 1 1 888430 0
1 1 16682 16682 624316 0
16682 16682 1 1 888506 0
1 1 16683 16683 624370 0
16683 16683 1 1 888582 0
1 1 16684 16684 622775 0
16684 16684 1 1 888658 0
1 1 16685 16685 622829 0
16685 16685 1 1 888734 0
1 1 16686 16686 622883 0
16686 16686 1 1 888810 0
1 1 16687 16687 622937 0
16687 16687 1 1 888886 0
1 1 16688 16688 622991 0
16688 16688 1 1 888962 0
1 1 16689 16689 623045 0
16689 16689 1 1 889038 0
1 1 16690 16690 623099 0
16690 16690 1 1 889114 0
1 1 16691 16691 623153 0
16691 16691 1 1 889190 0
1 1 16692 16692 623207 0
16692 16692 1 1 889266 0
1 1 16693 16693 623261 0
16693 16693 1 1 889342 0
1 1 16694 16694 623315 0
16694 16694 1 1 889418 0
1 1 16695 16695 623369 0
16695 16695 1 1 889494 0
1 1 16696 16696 623423 0
16696 16696 1 1 889570 0
1 1 16697 16697 623477 0
16697 16697 1 1 889646 0
1 1 16698 16698 623531 0
16698 16698 1 1 889722 0
1 1 16699 16699 623585 0
16699 16699 1 1 889798 0
1 1 16700 16700 623639 0
16700 16700 1 1 889874 0
1 1 16701 16701 623693 0
16701 16701 1 1 889950 0
1 1 16702 16702 623747 0
16702 16702 1 1 890026 0
1 1 16703 16703 623801 0
16703 16703 1 1 890102 0
1 1 16704 16704 623855 0
16704 16704 1 1 890178 0
1 1 16705 16705 623909 0
16705 16705 1 1 890254 0
1 1 16706 16706 623963 0
16706 16706 1 1 890330 0
1 1 16707 16707 624017 0
16707 16707 1 1 890406 0
1 1 16708 16708 624071 0
16708 16708 1 1 890482 0
1 1 16709 16709 624125 0
16709 16709 1 1 890558 0
1 1 16710 16710 624179 0
16710 16710 1 1 890634 0
1 1 16711 16711 624233 0
16711 16711 1 1 890710 0
1 1 16712 16712 624287 0
16712 16712 1 1 890786 0
1 1 16713 16713 624341 0
16713 16713 1 1 890862 0
1 1 16714 16714 624395 0
16714 16714 1 1 890938 0
1 1 16715 16715 624449 0
16715 16715 1 1 891014 0
1 1 16716 16716 624503 0
16716 16716 1 1 891090 0
1 1 16717 16717 624557 0
16717 16717 1 1 891166 0
1 1 16718 16718 624611 0
16718 16718 1 1 891242 0
1 1 16719 16719 624665 0
16719 16719 1 1 891318 0
1 1 16720 16720 624719 0
16720 16720 1 1 891394 0
1 1 16721 16721 624773 0
16721 16721 1 1 891470 0
1 1 16722 16722 624827 0
16722 16722 1 1 891546 0
1 1 16723 16723 624881 0
16723 16723 1 1 891622 0
1 1 16724 16724 624935 0
16724 16724 1 1 891698 0
1 1 16725 16725 624989 0
16725 16725 1 1 891774 0
1 1 16726 16726 625043 0
16726 16726 1 1 891850 0
1 1 16727 16727 625097 0
16727 16727 1 1 891926 0
1 1 16728 16728 625151 0
16728 16728 1 1 892002 0
1 1 16729 16729 625205 0
16729 16729 1 1 892078 0
1 1 16730 16730 625259 0
16730 16730 1 1 892154 0
1 1 16731 16731 625313 0
16731 16731 1 1 892230 0
1 1 16732 16732 625367 0
16732 16732 1 1 890259 0
1 1 16733 16733 625421 0
16733 16733 1 1 890335 0
1 1 16734 16734 625475 0
16734 16734 1 1 890411 0
1 1 16735 16735 625529 0
16735 16735 1 1 890487 0
1 1 16736 16736 625583 0
16736 16736 1 1 890563 0
1 1 16737 16737 625637 0
16737 16737 1 1 890639 0
1 1 16738 16738 625691 0
16738 16738 1 1 890715 0
1 1 16739 16739 625745 0
16739 16739 1 1 890791 0
1 1 16740 16740 625799 0
16740 16740 1 1 890867 0
1 1 16741 16741 625853 0
16741 16741 1 1 890943 0
1 1 16742 16742 625907 0
16742 16742 1 1 891019 0
1 1 16743 16743 625961 0
16743 16743 1 1 891095 0
1 1 16744 16744 626015 0
16744 16744 1 1 891171 0
1 1 16745 16745 626069 0
16745 16745 1 1 891247 0
1 1 16746 16746 626123 0
16746 16746 1 1 891323 0
1 1 16747 16747 626177 0
16747 16747 1 1 891399 0
1 1 16748 16748 626231 0
16748 16748 1 1 891475 0
1 1 16749 16749 626285 0
16749 16749 1 1 891551 0
1 1 16750 16750 626339 0
16750 16750 1 1 891627 0
1 1 16751 16751 626393 0
16751 16751 1 1 891703 0
1 1 16752 16752 626447 0
16752 16752 1 1 891779 0
1 1 16753 16753 626501 0
16753 16753 1 1 891855 0
1 1 16754 16754 626555 0
16754 16754 1 1 891931 0
1 1 16755 16755 626609 0
16755 16755 1 1 892007 0
1 1 16756 16756 626663 0
16756 16756 1 1 892083 0
1 1 16757 16757 626717 0
16757 16757 1 1 892159 0
1 1 16758 16758 626771 0
16758 16758 1 1 892235 0
1 1 16759 16759 626825 0
16759 16759 1 1 892311 0
1 1 16760 16760 626879 0
16760 16760 1 1 892387 0
1 1 16761 16761 626933 0
16761 16761 1 1 892463 0
1 1 16762 16762 626987 0
16762 16762 1 1 892539 0
1 1 16763 16763 627041 0
16763 16763 1 1 892615 0
1 1 16764 16764 627095 0
16764 16764 1 1 892691 0
1 1 16765 16765 627149 0
16765 16765 1 1 892767 0
1 1 16766 16766 627203 0
16766 16766 1 1 892843 0
1 1 16767 16767 627257 0
16767 16767 1 1 892919 0
1 1 16768 16768 627311 0
16768 16768 1 1 892995 0
1 1 16769 16769 627365 0
16769 16769 1 1 893071 0
1 1 16770 16770 627419 0
16770 16770 1 1 893147 0
1 1 16771 16771 627473 0
16771 16771 1 1 893223 0
1 1 16772 16772 627527 0
16772 16772 1 1 893299 0
1 1 16773 16773 627581 0
16773 16773 1 1 893375 0
1 1 16774 16774 627635 0
16774 16774 1 1 893451 0
1 1 16775 16775 627689 0
16775 16775 1 1 893527 0
1 1 16776 16776 627743 0
16776 16776 1 1 893603 0
1 1 16777 16777 627797 0
16777 16777 1 1 893679 0
1 1 16778 16778 627851 0
16778 16778 1 1 893755 0
1 1 16779 16779 627905 0
16779 16779 1 1 893831 0
1 1 16780 16780 627959 0
16780 16780 1 1 893907 0
1 1 16781 16781 626364 0
16781 16781 1 1 893983 0
1 1 16782 16782 626418 0
16782 16782 1 1 894059 0
1 1 16783 16783 626472 0
16783 16783 1 1 894135 0
1 1 16784 16784 626526 0
16784 16784 1 1 894211 0
1 1 16785 16785 626580 0
16785 16785 1 1 894287 0
1 1 16786 16786 626634 0
16786 16786 1 1 894363 0
1 1 16787 16787 626688 0
16787 16787 1 1 894439 0
1 1 16788 16788 626742 0
16788 16788 1 1 894515 0
1 1 16789 16789 626796 0
16789 16789 1 1 894591 0
1 1 16790 16790 626850 0
16790 16790 1 1 894667 0
1 1 16791 16791 626904 0
16791 16791 1 1 894743 0
1 1 16792 16792 626958 0
16792 16792 1 1 894819 0
1 1 16793 16793 627012 0
16793 16793 1 1 894895 0
1 1 16794 16794 627066 0
16794 16794 1 1 894971 0
1 1 16795 16795 627120 0
16795 16795 1 1 895047 0
1 1 16796 16796 627174 0
16796 16796 1 1 895123 0
1 1 16797 16797 627228 0
16797 16797 1 1 895199 0
1 1 16798 16798 627282 0
16798 16798 1 1 895275 0
1 1 16799 16799 627336 0
16799 16799 1 1 895351 0
1 1 16800 16800 627390 0
16800 16800 1 1 895427 0
1 1 16801 16801 627444 0
16801 16801 1 1 895503 0
1 1 16802 16802 627498 0
16802 16802 1 1 895579 0
1 1 16803 16803 627552 0
16803 16803 1 1 895655 0
1 1 16804 16804 627606 0
16804 16804 1 1 895731 0
1 1 16805 16805 627660 0
16805 16805 1 1 895807 0
1 1 16806 16806 627714 0
16806 16806 1 1 895883 0
1 1 16807 16807 627768 0
16807 16807 1 1 895959 0
1 1 16808 16808 627822 0
16808 16808 1 1 896035 0
1 1 16809 16809 627876 0
16809 16809 1 1 896111 0
1 1 16810 16810 627930 0
16810 16810 1 1 896187 0
1 1 16811 16811 627984 0
16811 16811 1 1 896263 0
1 1 16812 16812 628038 0
16812 16812 1 1 896339 0
1 1 16813 16813 628092 0
16813 16813 1 1 896415 0
1 1 16814 16814 628146 0
16814 16814 1 1 896491 0
1 1 16815 16815 628200 0
16815 16815 1 1 896567 0
1 1 16816 16816 628254 0
16816 16816 1 1 896643 0
1 1 16817 16817 628308 0
16817 16817 1 1 896719 0
1 1 16818 16818 628362 0
16818 16818 1 1 896795 0
1 1 16819 16819 628416 0
16819 16819 1 1 896871 0
1 1 16820 16820 628470 0
16820 16820 1 1 896947 0
1 1 16821 16821 628524 0
16821 16821 1 1 894976 0
1 1 16822 16822 628578 0
16822 16822 1 1 895052 0
1 1 16823 16823 628632 0
16823 16823 1 1 895128 0
1 1 16824 16824 628686 0
16824 16824 1 1 895204 0
1 1 16825 16825 628740 0
16825 16825 1 1 895280 0
1 1 16826 16826 628794 0
16826 16826 1 1 895356 0
1 1 16827 16827 628848 0
16827 16827 1 1 895432 0
1 1 16828 16828 628902 0
16828 16828 1 1 895508 0
1 1 16829 16829 628956 0
16829 16829 1 1 895584 0
1 1 16830 16830 629010 0
16830 16830 1 1 895660 0
1 1 16831 16831 629064 0
16831 16831 1 1 895736 0
1 1 16832 16832 629118 0
16832 16832 1 1 895812 0
1 1 16833 16833 629172 0
16833 16833 1 1 895888 0
1 1 16834 16834 629226 0
16834 16834 1 1 895964 0
1 1 16835 16835 629280 0
16835 16835 1 1 896040 0
1 1 16836 16836 629334 0
16836 16836 1 1 896116 0
1 1 16837 16837 629388 0
16837 16837 1 1 896192 0
1 1 16838 16838 629442 0
16838 16838 1 1 896268 0
1 1 16839 16839 629496 0
16839 16839 1 1 896344 0
1 1 16840 16840 629550 0
16840 16840 1 1 896420 0
1 1 16841 16841 629604 0
16841 16841 1 1 896496 0
1 1 16842 16842 629658 0
16842 16842 1 1 896572 0
1 1 16843 16843 629712 0
16843 16843 1 1 896648 0
1 1 16844 16844 629766 0
16844 16844 1 1 896724 0
1 1 16845 16845 629820 0
16845 16845 1 1 896800 0
1 1 16846 16846 629874 0
16846 16846 1 1 896876 0
1 1 16847 16847 629928 0
16847 16847 1 1 896952 0
1 1 16848 16848 629982 0
16848 16848 1 1 897028 0
1 1 16849 16849 630036 0
16849 16849 1 1 897104 0
1 1 16850 16850 630090 0
16850 16850 1 1 897180 0
1 1 16851 16851 630144 0
16851 16851 1 1 897256 0
1 1 16852 16852 630198 0
16852 16852 1 1 897332 0
1 1 16853 16853 630252 0
16853 16853 1 1 897408 0
1 1 16854 16854 630306 0
16854 16854 1 1 897484 0
1 1 16855 16855 630360 0
16855 16855 1 1 897560 0
1 1 16856 16856 630414 0
16856 16856 1 1 897636 0
1 1 16857 16857 630468 0
16857 16857 1 1 897712 0
1 1 16858 16858 630522 0
16858 16858 1 1 897788 0
1 1 16859 16859 630576 0
16859 16859 1 1 897864 0
1 1 16860 16860 630630 0
16860 16860 1 1 897940 0
1 1 16861 16861 630684 0
16861 16861 1 1 898016 0
1 1 16862 16862 630738 0
16862 16862 1 1 898092 0
1 1 16863 16863 630792 0
16863 16863 1 1 898168 0
1 1 16864 16864 630846 0
16864 16864 1 1 898244 0
1 1 16865 16865 630900 0
16865 16865 1 1 898320 0
1 1 16866 16866 630954 0
16866 16866 1 1 898396 0
1 1 16867 16867 631008 0
16867 16867 1 1 898472 0
1 1 16868 16868 631062 0
16868 16868 1 1 898548 0
1 1 16869 16869 631116 0
16869 16869 1 1 898624 0
1 1 16870 16870 631170 0
16870 16870 1 1 898700 0
1 1 16871 16871 631224 0
16871 16871 1 1 898776 0
1 1 16872 16872 631278 0
16872 16872 1 1 898852 0
1 1 16873 16873 631332 0
16873 16873 1 1 898928 0
1 1 16874 16874 631386 0
16874 16874 1 1 899004 0
1 1 16875 16875 631440 0
16875 16875 1 1 899080 0
1 1 16876 16876 631494 0
16876 16876 1 1 899156 0
1 1 16877 16877 631548 0
16877 16877 1 1 899232 0
1 1 16878 16878 629953 0
16878 16878 1 1 899308 0
1 1 16879 16879 630007 0
16879 16879 1 1 899384 0
1 1 16880 16880 630061 0
16880 16880 1 1 899460 0
1 1 16881 16881 630115 0
16881 16881 1 1 899536 0
1 1 16882 16882 630169 0
16882 16882 1 1 899612 0
1 1 16883 16883 630223 0
16883 16883 1 1 899688 0
1 1 16884 16884 630277 0
16884 16884 1 1 899764 0
1 1 16885 16885 630331 0
16885 16885 1 1 899840 0
1 1 16886 16886 630385 0
16886 16886 1 1 899916 0
1 1 16887 16887 630439 0
16887 16887 1 1 899992 0
1 1 16888 16888 630493 0
16888 16888 1 1 900068 0
1 1 16889 16889 630547 0
16889 16889 1 1 900144 0
1 1 16890 16890 630601 0
16890 16890 1 1 900220 0
1 1 16891 16891 630655 0
16891 16891 1 1 900296 0
1 1 16892 16892 630709 0
16892 16892 1 1 900372 0
1 1 16893 16893 630763 0
16893 16893 1 1 900448 0
1 1 16894 16894 630817 0
16894 16894 1 1 900524 0
1 1 16895 16895 630871 0
16895 16895 1 1 900600 0
1 1 16896 16896 630925 0
16896 16896 1 1 900676 0
1 1 16897 16897 630979 0
16897 16897 1 1 900752 0
1 1 16898 16898 631033 0
16898 16898 1 1 900828 0
1 1 16899 16899 631087 0
16899 16899 1 1 900904 0
1 1 16900 16900 631141 0
16900 16900 1 1 900980 0
1 1 16901 16901 631195 0
16901 16901 1 1 901056 0
1 1 16902 16902 631249 0
16902 16902 1 1 901132 0
1 1 16903 16903 631303 0
16903 16903 1 1 901208 0
1 1 16904 16904 631357 0
16904 16904 1 1 901284 0
1 1 16905 16905 631411 0
16905 16905 1 1 901360 0
1 1 16906 16906 631465 0
16906 16906 1 1 901436 0
1 1 16907 16907 631519 0
16907 16907 1 1 901512 0
1 1 16908 16908 631573 0
16908 16908 1 1 901588 0
1 1 16909 16909 631627 0
16909 16909 1 1 901664 0
1 1 16910 16910 631681 0
16910 16910 1 1 899693 0
1 1 16911 16911 631735 0
16911 16911 1 1 899769 0
1 1 16912 16912 631789 0
16912 16912 1 1 899845 0
1 1 16913 16913 631843 0
16913 16913 1 1 899921 0
1 1 16914 16914 631897 0
16914 16914 1 1 899997 0
1 1 16915 16915 631951 0
16915 16915 1 1 900073 0
1 1 16916 16916 632005 0
16916 16916 1 1 900149 0
1 1 16917 16917 632059 0
16917 16917 1 1 900225 0
1 1 16918 16918 632113 0
16918 16918 1 1 900301 0
1 1 16919 16919 632167 0
16919 16919 1 1 900377 0
1 1 16920 16920 632221 0
16920 16920 1 1 900453 0
1 1 16921 16921 632275 0
16921 16921 1 1 900529 0
1 1 16922 16922 632329 0
16922 16922 1 1 900605 0
1 1 16923 16923 632383 0
16923 16923 1 1 900681 0
1 1 16924 16924 632437 0
16924 16924 1 1 900757 0
1 1 16925 16925 632491 0
16925 16925 1 1 900833 0
1 1 16926 16926 632545 0
16926 16926 1 1 900909 0
1 1 16927 16927 632599 0
16927 16927 1 1 900985 0
1 1 16928 16928 632653 0
16928 16928 1 1 901061 0
1 1 16929 16929 632707 0
16929 16929 1 1 901137 0
1 1 16930 16930 632761 0
16930 16930 1 1 901213 0
1 1 16931 16931 632815 0
16931 16931 1 1 901289 0
1 1 16932 16932 632869 0
16932 16932 1 1 901365 0
1 1 16933 16933 632923 0
16933 16933 1 1 901441 0
1 1 16934 16934 632977 0
16934 16934 1 1 901517 0
1 1 16935 16935 633031 0
16935 16935 1 1 901593 0
1 1 16936 16936 633085 0
16936 16936 1 1 901669 0
1 1 16937 16937 633139 0
16937 16937 1 1 901745 0
1 1 16938 16938 633193 0
16938 16938 1 1 901821 0
1 1 16939 16939 633247 0
16939 16939 1 1 901897 0
1 1 16940 16940 633301 0
16940 16940 1 1 901973 0
1 1 16941 16941 633355 0
16941 16941 1 1 902049 0
1 1 16942 16942 633409 0
16942 16942 1 1 902125 0
1 1 16943 16943 633463 0
16943 16943 1 1 902201 0
1 1 16944 16944 633517 0
16944 16944 1 1 902277 0
1 1 16945 16945 633571 0
16945 16945 1 1 902353 0
1 1 16946 16946 633625 0
16946 16946 1 1 902429 0
1 1 16947 16947 633679 0
16947 16947 1 1 902505 0
1 1 16948 16948 633733 0
16948 16948 1 1 902581 0
1 1 16949 16949 633787 0
16949 16949 1 1 902657 0
1 1 16950 16950 633841 0
16950 16950 1 1 902733 0
1 1 16951 16951 633895 0
16951 16951 1 1 902809 0
1 1 16952 16952 633949 0
16952 16952 1 1 902885 0
1 1 16953 16953 634003 0
16953 16953 1 1 902961 0
1 1 16954 16954 634057 0
16954 16954 1 1 903037 0
1 1 16955 16955 634111 0
16955 16955 1 1 903113 0
1 1 16956 16956 634165 0
16956 16956 1 1 903189 0
1 1 16957 16957 634219 0
16957 16957 1 1 903265 0
1 1 16958 16958 634273 0
16958 16958 1 1 903341 0
1 1 16959 16959 634327 0
16959 16959 1 1 903417 0
1 1 16960 16960 634381 0
16960 16960 1 1 903493 0
1 1 16961 16961 634435 0
16961 16961 1 1 903569 0
1 1 16962 16962 634489 0
16962 16962 1 1 903645 0
1 1 16963 16963 634543 0
16963 16963 1 1 903721 0
1 1 16964 16964 634597 0
16964 16964 1 1 903797 0
1 1 16965 16965 634651 0
16965 16965 1 1 903873 0
1 1 16966 16966 634705 0
16966 16966 1 1 903949 0
1 1 16967 16967 634759 0
16967 16967 1 1 904025 0
1 1 16968 16968 634813 0
16968 16968 1 1 904101 0
1 1 16969 16969 634867 0
16969 16969 1 1 904177 0
1 1 16970 16970 634921 0
16970 16970 1 1 904253 0
1 1 16971 16971 634975 0
16971 16971 1 1 904329 0
1 1 16972 16972 635029 0
16972 16972 1 1 904405 0
1 1 16973 16973 635083 0
16973 16973 1 1 904481 0
1 1 16974 16974 635137 0
16974 16974 1 1 904557 0
1 1 16975 16975 633542 0
16975 16975 1 1 904633 0
1 1 16976 16976 633596 0
16976 16976 1 1 904709 0
1 1 16977 16977 633650 0
16977 16977 1 1 904785 0
1 1 16978 16978 633704 0
16978 16978 1 1 904861 0
1 1 16979 16979 633758 0
16979 16979 1 1 904937 0
1 1 16980 16980 633812 0
16980 16980 1 1 905013 0
1 1 16981 16981 633866 0
16981 16981 1 1 905089 0
1 1 16982 16982 633920 0
16982 16982 1 1 905165 0
1 1 16983 16983 633974 0
16983 16983 1 1 905241 0
1 1 16984 16984 634028 0
16984 16984 1 1 905317 0
1 1 16985 16985 634082 0
16985 16985 1 1 905393 0
1 1 16986 16986 634136 0
16986 16986 1 1 905469 0
1 1 16987 16987 634190 0
16987 16987 1 1 905545 0
1 1 16988 16988 634244 0
16988 16988 1 1 905621 0
1 1 16989 16989 634298 0
16989 16989 1 1 905697 0
1 1 16990 16990 634352 0
16990 16990 1 1 905773 0
1 1 16991 16991 634406 0
16991 16991 1 1 905849 0
1 1 16992 16992 634460 0
16992 16992 1 1 905925 0
1 1 16993 16993 634514 0
16993 16993 1 1 906001 0
1 1 16994 16994 634568 0
16994 16994 1 1 906077 0
1 1 16995 16995 634622 0
16995 16995 1 1 906153 0
1 1 16996 16996 634676 0
16996 16996 1 1 906229 0
1 1 16997 16997 634730 0
16997 16997 1 1 906305 0
1 1 16998 16998 634784 0
16998 16998 1 1 906381 0
1 1 16999 16999 634838 0
16999 16999 1 1 904410 0
1 1 17000 17000 634892 0
17000 17000 1 1 904486 0
1 1 17001 17001 634946 0
17001 17001 1 1 904562 0
1 1 17002 17002 635000 0
17002 17002 1 1 904638 0
1 1 17003 17003 635054 0
17003 17003 1 1 904714 0
1 1 17004 17004 635108 0
17004 17004 1 1 904790 0
1 1 17005 17005 635162 0
17005 17005 1 1 904866 0
1 1 17006 17006 635216 0
17006 17006 1 1 904942 0
1 1 17007 17007 635270 0
17007 17007 1 1 905018 0
1 1 17008 17008 635324 0
17008 17008 1 1 905094 0
1 1 17009 17009 635378 0
17009 17009 1 1 905170 0
1 1 17010 17010 635432 0
17010 17010 1 1 905246 0
1 1 17011 17011 635486 0
17011 17011 1 1 905322 0
1 1 17012 17012 635540 0
17012 17012 1 1 905398 0
1 1 17013 17013 635594 0
17013 17013 1 1 905474 0
1 1 17014 17014 635648 0
17014 17014 1 1 905550 0
1 1 17015 17015 635702 0
17015 17015 1 1 905626 0
1 1 17016 17016 635756 0
17016 17016 1 1 905702 0
1 1 17017 17017 635810 0
17017 17017 1 1 905778 0
1 1 17018 17018 635864 0
17018 17018 1 1 905854 0
1 1 17019 17019 635918 0
17019 17019 1 1 905930 0
1 1 17020 17020 635972 0
17020 17020 1 1 906006 0
1 1 17021 17021 636026 0
17021 17021 1 1 906082 0
1 1 17022 17022 636080 0
17022 17022 1 1 906158 0
1 1 17023 17023 636134 0
17023 17023 1 1 906234 0
1 1 17024 17024 636188 0
17024 17024 1 1 906310 0
1 1 17025 17025 636242 0
17025 17025 1 1 906386 0
1 1 17026 17026 636296 0
17026 17026 1 1 906462 0
1 1 17027 17027 636350 0
17027 17027 1 1 906538 0
1 1 17028 17028 636404 0
17028 17028 1 1 906614 0
1 1 17029 17029 636458 0
17029 17029 1 1 906690 0
1 1 17030 17030 636512 0
17030 17030 1 1 906766 0
1 1 17031 17031 636566 0
17031 17031 1 1 906842 0
1 1 17032 17032 636620 0
17032 17032 1 1 906918 0
1 1 17033 17033 636674 0
17033 17033 1 1 906994 0
1 1 17034 17034 636728 0
17034 17034 1 1 907070 0
1 1 17035 17035 636782 0
17035 17035 1 1 907146 0
1 1 17036 17036 636836 0
17036 17036 1 1 907222 0
1 1 17037 17037 636890 0
17037 17037 1 1 907298 0
1 1 17038 17038 636944 0
17038 17038 1 1 907374 0
1 1 17039 17039 636998 0
17039 17039 1 1 907450 0
1 1 17040 17040 637052 0
17040 17040 1 1 907526 0
1 1 17041 17041 637106 0
17041 17041 1 1 907602 0
1 1 17042 17042 637160 0
17042 17042 1 1 907678 0
1 1 17043 17043 637214 0
17043 17043 1 1 907754 0
1 1 17044 17044 637268 0
17044 17044 1 1 907830 0
1 1 17045 17045 637322 0
17045 17045 1 1 907906 0
1 1 17046 17046 637376 0
17046 17046 1 1 907982 0
1 1 17047 17047 637430 0
17047 17047 1 1 908058 0
1 1 17048 17048 637484 0
17048 17048 1 1 908134 0
1 1 17049 17049 637538 0
17049 17049 1 1 908210 0
1 1 17050 17050 637592 0
17050 17050 1 1 908286 0
1 1 17051 17051 637646 0
17051 17051 1 1 908362 0
1 1 17052 17052 637700 0
17052 17052 1 1 908438 0
1 1 17053 17053 637754 0
17053 17053 1 1 908514 0
1 1 17054 17054 637808 0
17054 17054 1 1 908590 0
1 1 17055 17055 637862 0
17055 17055 1 1 908666 0
1 1 17056 17056 637916 0
17056 17056 1 1 908742 0
1 1 17057 17057 637970 0
17057 17057 1 1 908818 0
1 1 17058 17058 638024 0
17058 17058 1 1 908894 0
1 1 17059 17059 638078 0
17059 17059 1 1 908970 0
1 1 17060 17060 638132 0
17060 17060 1 1 909046 0
1 1 17061 17061 638186 0
17061 17061 1 1 909122 0
1 1 17062 17062 638240 0
17062 17062 1 1 909198 0
1 1 17063 17063 638294 0
17063 17063 1 1 909274 0
1 1 17064 17064 638348 0
17064 17064 1 1 909350 0
1 1 17065 17065 638402 0
17065 17065 1 1 909426 0
1 1 17066 17066 638456 0
17066 17066 1 1 909502 0
1 1 17067 17067 638510 0
17067 17067 1 1 909578 0
1 1 17068 17068 638564 0
17068 17068 1 1 909654 0
1 1 17069 17069 638618 0
17069 17069 1 1 909730 0
1 1 17070 17070 638672 0
17070 17070 1 1 909806 0
1 1 17071 17071 638726 0
17071 17071 1 1 909882 0
1 1 17072 17072 637131 0
17072 17072 1 1 909958 0
1 1 17073 17073 637185 0
17073 17073 1 1 910034 0
1 1 17074 17074 637239 0
17074 17074 1 1 910110 0
1 1 17075 17075 637293 0
17075 17075 1 1 910186 0
1 1 17076 17076 637347 0
17076 17076 1 1 910262 0
1 1 17077 17077 637401 0
17077 17077 1 1 910338 0
1 1 17078 17078 637455 0
17078 17078 1 1 910414 0
1 1 17079 17079 637509 0
17079 17079 1 1 910490 0
1 1 17080 17080 637563 0
17080 17080 1 1 910566 0
1 1 17081 17081 637617 0
17081 17081 1 1 910642 0
1 1 17082 17082 637671 0
17082 17082 1 1 910718 0
1 1 17083 17083 637725 0
17083 17083 1 1 910794 0
1 1 17084 17084 637779 0
17084 17084 1 1 910870 0
1 1 17085 17085 637833 0
17085 17085 1 1 910946 0
1 1 17086 17086 637887 0
17086 17086 1 1 911022 0
1 1 17087 17087 637941 0
17087 17087 1 1 911098 0
1 1 17088 17088 637995 0
17088 17088 1 1 909127 0
1 1 17089 17089 638049 0
17089 17089 1 1 909203 0
1 1 17090 17090 638103 0
17090 17090 1 1 909279 0
1 1 17091 17091 638157 0
17091 17091 1 1 909355 0
1 1 17092 17092 638211 0
17092 17092 1 1 909431 0
1 1 17093 17093 638265 0
17093 17093 1 1 909507 0
1 1 17094 17094 638319 0
17094 17094 1 1 909583 0
1 1 17095 17095 638373 0
17095 17095 1 1 909659 0
1 1 17096 17096 638427 0
17096 17096 1 1 909735 0
1 1 17097 17097 638481 0
17097 17097 1 1 909811 0
1 1 17098 17098 638535 0
17098 17098 1 1 909887 0
1 1 17099 17099 638589 0
17099 17099 1 1 909963 0
1 1 17100 17100 638643 0
17100 17100 1 1 910039 0
1 1 17101 17101 638697 0
17101 17101 1 1 910115 0
1 1 17102 17102 638751 0
17102 17102 1 1 910191 0
1 1 17103 17103 638805 0
17103 17103 1 1 910267 0
1 1 17104 17104 638859 0
17104 17104 1 1 910343 0
1 1 17105 17105 638913 0
17105 17105 1 1 910419 0
1 1 17106 17106 638967 0
17106 17106 1 1 910495 0
1 1 17107 17107 639021 0
17107 17107 1 1 910571 0
1 1 17108 17108 639075 0
17108 17108 1 1 910647 0
1 1 17109 17109 639129 0
17109 17109 1 1 910723 0
1 1 17110 17110 639183 0
17110 17110 1 1 910799 0
1 1 17111 17111 639237 0
17111 17111 1 1 910875 0
1 1 17112 17112 639291 0
17112 17112 1 1 910951 0
1 1 17113 17113 639345 0
17113 17113 1 1 911027 0
1 1 17114 17114 639399 0
17114 17114 1 1 911103 0
1 1 17115 17115 639453 0
17115 17115 1 1 911179 0
1 1 17116 17116 639507 0
17116 17116 1 1 911255 0
1 1 17117 17117 639561 0
17117 17117 1 1 911331 0
1 1 17118 17118 639615 0
17118 17118 1 1 911407 0
1 1 17119 17119 639669 0
17119 17119 1 1 911483 0
1 1 17120 17120 639723 0
17120 17120 1 1 911559 0
1 1 17121 17121 639777 0
17121 17121 1 1 911635 0
1 1 17122 17122 639831 0
17122 17122 1 1 911711 0
1 1 17123 17123 639885 0
17123 17123 1 1 911787 0
1 1 17124 17124 639939 0
17124 17124 1 1 911863 0
1 1 17125 17125 639993 0
17125 17125 1 1 911939 0
1 1 17126 17126 640047 0
17126 17126 1 1 912015 0
1 1 17127 17127 640101 0
17127 17127 1 1 912091 0
1 1 17128 17128 640155 0
17128 17128 1 1 912167 0
1 1 17129 17129 640209 0
17129 17129 1 1 912243 0
1 1 17130 17130 640263 0
17130 17130 1 1 912319 0
1 1 17131 17131 640317 0
17131 17131 1 1 912395 0
1 1 17132 17132 640371 0
17132 17132 1 1 912471 0
1 1 17133 17133 640425 0
17133 17133 1 1 912547 0
1 1 17134 17134 640479 0
17134 17134 1 1 912623 0
1 1 17135 17135 640533 0
17135 17135 1 1 912699 0
1 1 17136 17136 640587 0
17136 17136 1 1 912775 0
1 1 17137 17137 640641 0
17137 17137 1 1 912851 0
1 1 17138 17138 640695 0
17138 17138 1 1 912927 0
1 1 17139 17139 640749 0
17139 17139 1 1 913003 0
1 1 17140 17140 640803 0
17140 17140 1 1 913079 0
1 1 17141 17141 640857 0
17141 17141 1 1 913155 0
1 1 17142 17142 640911 0
17142 17142 1 1 913231 0
1 1 17143 17143 640965 0
17143 17143 1 1 913307 0
1 1 17144 17144 641019 0
17144 17144 1 1 913383 0
1 1 17145 17145 641073 0
17145 17145 1 1 913459 0
1 1 17146 17146 641127 0
17146 17146 1 1 913535 0
1 1 17147 17147 641181 0
17147 17147 1 1 913611 0
1 1 17148 17148 641235 0
17148 17148 1 1 913687 0
1 1 17149 17149 641289 0
17149 17149 1 1 913763 0
1 1 17150 17150 641343 0
17150 17150 1 1 913839 0
1 1 17151 17151 641397 0
17151 17151 1 1 913915 0
1 1 17152 17152 641451 0
17152 17152 1 1 913991 0
1 1 17153 17153 641505 0
17153 17153 1 1 914067 0
1 1 17154 17154 641559 0
17154 17154 1 1 914143 0
1 1 17155 17155 641613 0
17155 17155 1 1 914219 0
1 1 17156 17156 641667 0
17156 17156 1 1 914295 0
1 1 17157 17157 641721 0
17157 17157 1 1 914371 0
1 1 17158 17158 641775 0
17158 17158 1 1 914447 0
1 1 17159 17159 641829 0
17159 17159 1 1 914523 0
1 1 17160 17160 641883 0
17160 17160 1 1 914599 0
1 1 17161 17161 641937 0
17161 17161 1 1 914675 0
1 1 17162 17162 641991 0
17162 17162 1 1 914751 0
1 1 17163 17163 642045 0
17163 17163 1 1 914827 0
1 1 17164 17164 642099 0
17164 17164 1 1 914903 0
1 1 17165 17165 642153 0
17165 17165 1 1 914979 0
1 1 17166 17166 642207 0
17166 17166 1 1 915055 0
1 1 17167 17167 642261 0
17167 17167 1 1 915131 0
1 1 17168 17168 642315 0
17168 17168 1 1 915207 0
1 1 17169 17169 640720 0
17169 17169 1 1 915283 0
1 1 17170 17170 640774 0
17170 17170 1 1 915359 0
1 1 17171 17171 640828 0
17171 17171 1 1 915435 0
1 1 17172 17172 640882 0
17172 17172 1 1 915511 0
1 1 17173 17173 640936 0
17173 17173 1 1 915587 0
1 1 17174 17174 640990 0
17174 17174 1 1 915663 0
1 1 17175 17175 641044 0
17175 17175 1 1 915739 0
1 1 17176 17176 641098 0
17176 17176 1 1 915815 0
1 1 17177 17177 641152 0
17177 17177 1 1 913844 0
1 1 17178 17178 641206 0
17178 17178 1 1 913920 0
1 1 17179 17179 641260 0
17179 17179 1 1 913996 0
1 1 17180 17180 641314 0
17180 17180 1 1 914072 0
1 1 17181 17181 641368 0
17181 17181 1 1 914148 0
1 1 17182 17182 641422 0
17182 17182 1 1 914224 0
1 1 17183 17183 641476 0
17183 17183 1 1 914300 0
1 1 17184 17184 641530 0
17184 17184 1 1 914376 0
1 1 17185 17185 641584 0
17185 17185 1 1 914452 0
1 1 17186 17186 641638 0
17186 17186 1 1 914528 0
1 1 17187 17187 641692 0
17187 17187 1 1 914604 0
1 1 17188 17188 641746 0
17188 17188 1 1 914680 0
1 1 17189 17189 641800 0
17189 17189 1 1 914756 0
1 1 17190 17190 641854 0
17190 17190 1 1 914832 0
1 1 17191 17191 641908 0
17191 17191 1 1 914908 0
1 1 17192 17192 641962 0
17192 17192 1 1 914984 0
1 1 17193 17193 642016 0
17193 17193 1 1 915060 0
1 1 17194 17194 642070 0
17194 17194 1 1 915136 0
1 1 17195 17195 642124 0
17195 17195 1 1 915212 0
1 1 17196 17196 642178 0
17196 17196 1 1 915288 0
1 1 17197 17197 642232 0
17197 17197 1 1 915364 0
1 1 17198 17198 642286 0
17198 17198 1 1 915440 0
1 1 17199 17199 642340 0
17199 17199 1 1 915516 0
1 1 17200 17200 642394 0
17200 17200 1 1 915592 0
1 1 17201 17201 642448 0
17201 17201 1 1 915668 0
1 1 17202 17202 642502 0
17202 17202 1 1 915744 0
1 1 17203 17203 642556 0
17203 17203 1 1 915820 0
1 1 17204 17204 642610 0
17204 17204 1 1 915896 0
1 1 17205 17205 642664 0
17205 17205 1 1 915972 0
1 1 17206 17206 642718 0
17206 17206 1 1 916048 0
1 1 17207 17207 642772 0
17207 17207 1 1 916124 0
1 1 17208 17208 642826 0
17208 17208 1 1 916200 0
1 1 17209 17209 642880 0
17209 17209 1 1 916276 0
1 1 17210 17210 642934 0
17210 17210 1 1 916352 0
1 1 17211 17211 642988 0
17211 17211 1 1 916428 0
1 1 17212 17212 643042 0
17212 17212 1 1 916504 0
1 1 17213 17213 643096 0
17213 17213 1 1 916580 0
1 1 17214 17214 643150 0
17214 17214 1 1 916656 0
1 1 17215 17215 643204 0
17215 17215 1 1 916732 0
1 1 17216 17216 643258 0
17216 17216 1 1 916808 0
1 1 17217 17217 643312 0
17217 17217 1 1 916884 0
1 1 17218 17218 643366 0
17218 17218 1 1 916960 0
1 1 17219 17219 643420 0
17219 17219 1 1 917036 0
1 1 17220 17220 643474 0
17220 17220 1 1 917112 0
1 1 17221 17221 643528 0
17221 17221 1 1 917188 0
1 1 17222 17222 643582 0
17222 17222 1 1 917264 0
1 1 17223 17223 643636 0
17223 17223 1 1 917340 0
1 1 17224 17224 643690 0
17224 17224 1 1 917416 0
1 1 17225 17225 643744 0
17225 17225 1 1 917492 0
1 1 17226 17226 643798 0
17226 17226 1 1 917568 0
1 1 17227 17227 643852 0
17227 17227 1 1 917644 0
1 1 17228 17228 643906 0
17228 17228 1 1 917720 0
1 1 17229 17229 643960 0
17229 17229 1 1 917796 0
1 1 17230 17230 644014 0
17230 17230 1 1 917872 0
1 1 17231 17231 644068 0
17231 17231 1 1 917948 0
1 1 17232 17232 644122 0
17232 17232 1 1 918024 0
1 1 17233 17233 644176 0
17233 17233 1 1 918100 0
1 1 17234 17234 644230 0
17234 17234 1 1 918176 0
1 1 17235 17235 644284 0
17235 17235 1 1 918252 0
1 1 17236 17236 644338 0
17236 17236 1 1 918328 0
1 1 17237 17237 644392 0
17237 17237 1 1 918404 0
1 1 17238 17238 644446 0
17238 17238 1 1 918480 0
1 1 17239 17239 644500 0
17239 17239 1 1 918556 0
1 1 17240 17240 644554 0
17240 17240 1 1 918632 0
1 1 17241 17241 644608 0
17241 17241 1 1 918708 0
1 1 17242 17242 644662 0
17242 17242 1 1 918784 0
1 1 17243 17243 644716 0
17243 17243 1 1 918860 0
1 1 17244 17244 644770 0
17244 17244 1 1 918936 0
1 1 17245 17245 644824 0
17245 17245 1 1 919012 0
1 1 17246 17246 644878 0
17246 17246 1 1 919088 0
1 1 17247 17247 644932 0
17247 17247 1 1 919164 0
1 1 17248 17248 644986 0
17248 17248 1 1 919240 0
1 1 17249 17249 645040 0
17249 17249 1 1 919316 0
1 1 17250 17250 645094 0
17250 17250 1 1 919392 0
1 1 17251 17251 645148 0
17251 17251 1 1 919468 0
1 1 17252 17252 645202 0
17252 17252 1 1 919544 0
1 1 17253 17253 645256 0
17253 17253 1 1 919620 0
1 1 17254 17254 645310 0
17254 17254 1 1 919696 0
1 1 17255 17255 645364 0
17255 17255 1 1 919772 0
1 1 17256 17256 645418 0
17256 17256 1 1 919848 0
1 1 17257 17257 645472 0
17257 17257 1 1 919924 0
1 1 17258 17258 645526 0
17258 17258 1 1 920000 0
1 1 17259 17259 645580 0
17259 17259 1 1 920076 0
1 1 17260 17260 645634 0
17260 17260 1 1 920152 0
1 1 17261 17261 645688 0
17261 17261 1 1 920228 0
1 1 17262 17262 645742 0
17262 17262 1 1 920304 0
1 1 17263 17263 645796 0
17263 17263 1 1 920380 0
1 1 17264 17264 645850 0
17264 17264 1 1 920456 0
1 1 17265 17265 645904 0
17265 17265 1 1 920532 0
1 1 17266 17266 644309 0
17266 17266 1 1 918561 0
1 1 17267 17267 644363 0
17267 17267 1 1 918637 0
1 1 17268 17268 644417 0
17268 17268 1 1 918713 0
1 1 17269 17269 644471 0
17269 17269 1 1 918789 0
1 1 17270 17270 644525 0
17270 17270 1 1 918865 0
1 1 17271 17271 644579 0
17271 17271 1 1 918941 0
1 1 17272 17272 644633 0
17272 17272 1 1 919017 0
1 1 17273 17273 644687 0
17273 17273 1 1 919093 0
1 1 17274 17274 644741 0
17274 17274 1 1 919169 0
1 1 17275 17275 644795 0
17275 17275 1 1 919245 0
1 1 17276 17276 644849 0
17276 17276 1 1 919321 0
1 1 17277 17277 644903 0
17277 17277 1 1 919397 0
1 1 17278 17278 644957 0
17278 17278 1 1 919473 0
1 1 17279 17279 645011 0
17279 17279 1 1 919549 0
1 1 17280 17280 645065 0
17280 17280 1 1 919625 0
1 1 17281 17281 645119 0
17281 17281 1 1 919701 0
1 1 17282 17282 645173 0
17282 17282 1 1 919777 0
1 1 17283 17283 645227 0
17283 17283 1 1 919853 0
1 1 17284 17284 645281 0
17284 17284 1 1 919929 0
1 1 17285 17285 645335 0
17285 17285 1 1 920005 0
1 1 17286 17286 645389 0
17286 17286 1 1 920081 0
1 1 17287 17287 645443 0
17287 17287 1 1 920157 0
1 1 17288 17288 645497 0
17288 17288 1 1 920233 0
1 1 17289 17289 645551 0
17289 17289 1 1 920309 0
1 1 17290 17290 645605 0
17290 17290 1 1 920385 0
1 1 17291 17291 645659 0
17291 17291 1 1 920461 0
1 1 17292 17292 645713 0
17292 17292 1 1 920537 0
1 1 17293 17293 645767 0
17293 17293 1 1 920613 0
1 1 17294 17294 645821 0
17294 17294 1 1 920689 0
1 1 17295 17295 645875 0
17295 17295 1 1 920765 0
1 1 17296 17296 645929 0
17296 17296 1 1 920841 0
1 1 17297 17297 645983 0
17297 17297 1 1 920917 0
1 1 17298 17298 646037 0
17298 17298 1 1 920993 0
1 1 17299 17299 646091 0
17299 17299 1 1 921069 0
1 1 17300 17300 646145 0
17300 17300 1 1 921145 0
1 1 17301 17301 646199 0
17301 17301 1 1 921221 0
1 1 17302 17302 646253 0
17302 17302 1 1 921297 0
1 1 17303 17303 646307 0
17303 17303 1 1 921373 0
1 1 17304 17304 646361 0
17304 17304 1 1 921449 0
1 1 17305 17305 646415 0
17305 17305 1 1 921525 0
1 1 17306 17306 646469 0
17306 17306 1 1 921601 0
1 1 17307 17307 646523 0
17307 17307 1 1 921677 0
1 1 17308 17308 646577 0
17308 17308 1 1 921753 0
1 1 17309 17309 646631 0
17309 17309 1 1 921829 0
1 1 17310 17310 646685 0
17310 17310 1 1 921905 0
1 1 17311 17311 646739 0
17311 17311 1 1 921981 0
1 1 17312 17312 646793 0
17312 17312 1 1 922057 0
1 1 17313 17313 646847 0
17313 17313 1 1 922133 0
1 1 17314 17314 646901 0
17314 17314 1 1 922209 0
1 1 17315 17315 646955 0
17315 17315 1 1 922285 0
1 1 17316 17316 647009 0
17316 17316 1 1 922361 0
1 1 17317 17317 647063 0
17317 17317 1 1 922437 0
1 1 17318 17318 647117 0
17318 17318 1 1 922513 0
1 1 17319 17319 647171 0
17319 17319 1 1 922589 0
1 1 17320 17320 647225 0
17320 17320 1 1 922665 0
1 1 17321 17321 647279 0
17321 17321 1 1 922741 0
1 1 17322 17322 647333 0
17322 17322 1 1 922817 0
1 1 17323 17323 647387 0
17323 17323 1 1 922893 0
1 1 17324 17324 647441 0
17324 17324 1 1 922969 0
1 1 17325 17325 647495 0
17325 17325 1 1 923045 0
1 1 17326 17326 647549 0
17326 17326 1 1 923121 0
1 1 17327 17327 647603 0
17327 17327 1 1 923197 0
1 1 17328 17328 647657 0
17328 17328 1 1 923273 0
1 1 17329 17329 647711 0
17329 17329 1 1 923349 0
1 1 17330 17330 647765 0
17330 17330 1 1 923425 0
1 1 17331 17331 647819 0
17331 17331 1 1 923501 0
1 1 17332 17332 647873 0
17332 17332 1 1 923577 0
1 1 17333 17333 647927 0
17333 17333 1 1 923653 0
1 1 17334 17334 647981 0
17334 17334 1 1 923729 0
1 1 17335 17335 648035 0
17335 17335 1 1 923805 0
1 1 17336 17336 648089 0
17336 17336 1 1 923881 0
1 1 17337 17337 648143 0
17337 17337 1 1 923957 0
1 1 17338 17338 648197 0
17338 17338 1 1 924033 0
1 1 17339 17339 648251 0
17339 17339 1 1 924109 0
1 1 17340 17340 648305 0
17340 17340 1 1 924185 0
1 1 17341 17341 648359 0
17341 17341 1 1 924261 0
1 1 17342 17342 648413 0
17342 17342 1 1 924337 0
1 1 17343 17343 648467 0
17343 17343 1 1 924413 0
1 1 17344 17344 648521 0
17344 17344 1 1 924489 0
1 1 17345 17345 648575 0
17345 17345 1 1 924565 0
1 1 17346 17346 648629 0
17346 17346 1 1 924641 0
1 1 17347 17347 648683 0
17347 17347 1 1 924717 0
1 1 17348 17348 648737 0
17348 17348 1 1 924793 0
1 1 17349 17349 648791 0
17349 17349 1 1 924869 0
1 1 17350 17350 648845 0
17350 17350 1 1 924945 0
1 1 17351 17351 648899 0
17351 17351 1 1 925021 0
1 1 17352 17352 648953 0
17352 17352 1 1 925097 0
1 1 17353 17353 649007 0
17353 17353 1 1 925173 0
1 1 17354 17354 649061 0
17354 17354 1 1 925249 0
1 1 17355 17355 649115 0
17355 17355 1 1 923278 0
1 1 17356 17356 649169 0
17356 17356 1 1 923354 0
1 1 17357 17357 649223 0
17357 17357 1 1 923430 0
1 1 17358 17358 649277 0
17358 17358 1 1 923506 0
1 1 17359 17359 649331 0
17359 17359 1 1 923582 0
1 1 17360 17360 649385 0
17360 17360 1 1 923658 0
1 1 17361 17361 649439 0
17361 17361 1 1 923734 0
1 1 17362 17362 649493 0
17362 17362 1 1 923810 0
1 1 17363 17363 647898 0
17363 17363 1 1 923886 0
1 1 17364 17364 647952 0
17364 17364 1 1 923962 0
1 1 17365 17365 648006 0
17365 17365 1 1 924038 0
1 1 17366 17366 648060 0
17366 17366 1 1 924114 0
1 1 17367 17367 648114 0
17367 17367 1 1 924190 0
1 1 17368 17368 648168 0
17368 17368 1 1 924266 0
1 1 17369 17369 648222 0
17369 17369 1 1 924342 0
1 1 17370 17370 648276 0
17370 17370 1 1 924418 0
1 1 17371 17371 648330 0
17371 17371 1 1 924494 0
1 1 17372 17372 648384 0
17372 17372 1 1 924570 0
1 1 17373 17373 648438 0
17373 17373 1 1 924646 0
1 1 17374 17374 648492 0
17374 17374 1 1 924722 0
1 1 17375 17375 648546 0
17375 17375 1 1 924798 0
1 1 17376 17376 648600 0
17376 17376 1 1 924874 0
1 1 17377 17377 648654 0
17377 17377 1 1 924950 0
1 1 17378 17378 648708 0
17378 17378 1 1 925026 0
1 1 17379 17379 648762 0
17379 17379 1 1 925102 0
1 1 17380 17380 648816 0
17380 17380 1 1 925178 0
1 1 17381 17381 648870 0
17381 17381 1 1 925254 0
1 1 17382 17382 648924 0
17382 17382 1 1 925330 0
1 1 17383 17383 648978 0
17383 17383 1 1 925406 0
1 1 17384 17384 649032 0
17384 17384 1 1 925482 0
1 1 17385 17385 649086 0
17385 17385 1 1 925558 0
1 1 17386 17386 649140 0
17386 17386 1 1 925634 0
1 1 17387 17387 649194 0
17387 17387 1 1 925710 0
1 1 17388 17388 649248 0
17388 17388 1 1 925786 0
1 1 17389 17389 649302 0
17389 17389 1 1 925862 0
1 1 17390 17390 649356 0
17390 17390 1 1 925938 0
1 1 17391 17391 649410 0
17391 17391 1 1 926014 0
1 1 17392 17392 649464 0
17392 17392 1 1 926090 0
1 1 17393 17393 649518 0
17393 17393 1 1 926166 0
1 1 17394 17394 649572 0
17394 17394 1 1 926242 0
1 1 17395 17395 649626 0
17395 17395 1 1 926318 0
1 1 17396 17396 649680 0
17396 17396 1 1 926394 0
1 1 17397 17397 649734 0
17397 17397 1 1 926470 0
1 1 17398 17398 649788 0
17398 17398 1 1 926546 0
1 1 17399 17399 649842 0
17399 17399 1 1 926622 0
1 1 17400 17400 649896 0
17400 17400 1 1 926698 0
1 1 17401 17401 649950 0
17401 17401 1 1 926774 0
1 1 17402 17402 650004 0
17402 17402 1 1 926850 0
1 1 17403 17403 650058 0
17403 17403 1 1 926926 0
1 1 17404 17404 650112 0
17404 17404 1 1 927002 0
1 1 17405 17405 650166 0
17405 17405 1 1 927078 0
1 1 17406 17406 650220 0
17406 17406 1 1 927154 0
1 1 17407 17407 650274 0
17407 17407 1 1 927230 0
1 1 17408 17408 650328 0
17408 17408 1 1 927306 0
1 1 17409 17409 650382 0
17409 17409 1 1 927382 0
1 1 17410 17410 650436 0
17410 17410 1 1 927458 0
1 1 17411 17411 650490 0
17411 17411 1 1 927534 0
1 1 17412 17412 650544 0
17412 17412 1 1 927610 0
1 1 17413 17413 650598 0
17413 17413 1 1 927686 0
1 1 17414 17414 650652 0
17414 17414 1 1 927762 0
1 1 17415 17415 650706 0
17415 17415 1 1 927838 0
1 1 17416 17416 650760 0
17416 17416 1 1 927914 0
1 1 17417 17417 650814 0
17417 17417 1 1 927990 0
1 1 17418 17418 650868 0
17418 17418 1 1 928066 0
1 1 17419 17419 650922 0
17419 17419 1 1 928142 0
1 1 17420 17420 650976 0
17420 17420 1 1 928218 0
1 1 17421 17421 651030 0
17421 17421 1 1 928294 0
1 1 17422 17422 651084 0
17422 17422 1 1 928370 0
1 1 17423 17423 651138 0
17423 17423 1 1 928446 0
1 1 17424 17424 651192 0
17424 17424 1 1 928522 0
1 1 17425 17425 651246 0
17425 17425 1 1 928598 0
1 1 17426 17426 651300 0
17426 17426 1 1 928674 0
1 1 17427 17427 651354 0
17427 17427 1 1 928750 0
1 1 17428 17428 651408 0
17428 17428 1 1 928826 0
1 1 17429 17429 651462 0
17429 17429 1 1 928902 0
1 1 17430 17430 651516 0
17430 17430 1 1 928978 0
1 1 17431 17431 651570 0
17431 17431 1 1 929054 0
1 1 17432 17432 651624 0
17432 17432 1 1 929130 0
1 1 17433 17433 651678 0
17433 17433 1 1 929206 0
1 1 17434 17434 651732 0
17434 17434 1 1 929282 0
1 1 17435 17435 651786 0
17435 17435 1 1 929358 0
1 1 17436 17436 651840 0
17436 17436 1 1 929434 0
1 1 17437 17437 651894 0
17437 17437 1 1 929510 0
1 1 17438 17438 651948 0
17438 17438 1 1 929586 0
1 1 17439 17439 652002 0
17439 17439 1 1 929662 0
1 1 17440 17440 652056 0
17440 17440 1 1 929738 0
1 1 17441 17441 652110 0
17441 17441 1 1 929814 0
1 1 17442 17442 652164 0
17442 17442 1 1 929890 0
1 1 17443 17443 652218 0
17443 17443 1 1 929966 0
1 1 17444 17444 652272 0
17444 17444 1 1 927995 0
1 1 17445 17445 652326 0
17445 17445 1 1 928071 0
1 1 17446 17446 652380 0
17446 17446 1 1 928147 0
1 1 17447 17447 652434 0
17447 17447 1 1 928223 0
1 1 17448 17448 652488 0
17448 17448 1 1 928299 0
1 1 17449 17449 652542 0
17449 17449 1 1 928375 0
1 1 17450 17450 652596 0
17450 17450 1 1 928451 0
1 1 17451 17451 652650 0
17451 17451 1 1 928527 0
1 1 17452 17452 652704 0
17452 17452 1 1 928603 0
1 1 17453 17453 652758 0
17453 17453 1 1 928679 0
1 1 17454 17454 652812 0
17454 17454 1 1 928755 0
1 1 17455 17455 652866 0
17455 17455 1 1 928831 0
1 1 17456 17456 652920 0
17456 17456 1 1 928907 0
1 1 17457 17457 652974 0
17457 17457 1 1 928983 0
1 1 17458 17458 653028 0
17458 17458 1 1 929059 0
1 1 17459 17459 653082 0
17459 17459 1 1 929135 0
1 1 17460 17460 651487 0
17460 17460 1 1 929211 0
1 1 17461 17461 651541 0
17461 17461 1 1 929287 0
1 1 17462 17462 651595 0
17462 17462 1 1 929363 0
1 1 17463 17463 651649 0
17463 17463 1 1 929439 0
1 1 17464 17464 651703 0
17464 17464 1 1 929515 0
1 1 17465 17465 651757 0
17465 17465 1 1 929591 0
1 1 17466 17466 651811 0
17466 17466 1 1 929667 0
1 1 17467 17467 651865 0
17467 17467 1 1 929743 0
1 1 17468 17468 651919 0
17468 17468 1 1 929819 0
1 1 17469 17469 651973 0
17469 17469 1 1 929895 0
1 1 17470 17470 652027 0
17470 17470 1 1 929971 0
1 1 17471 17471 652081 0
17471 17471 1 1 930047 0
1 1 17472 17472 652135 0
17472 17472 1 1 930123 0
1 1 17473 17473 652189 0
17473 17473 1 1 930199 0
1 1 17474 17474 652243 0
17474 17474 1 1 930275 0
1 1 17475 17475 652297 0
17475 17475 1 1 930351 0
1 1 17476 17476 652351 0
17476 17476 1 1 930427 0
1 1 17477 17477 652405 0
17477 17477 1 1 930503 0
1 1 17478 17478 652459 0
17478 17478 1 1 930579 0
1 1 17479 17479 652513 0
17479 17479 1 1 930655 0
1 1 17480 17480 652567 0
17480 17480 1 1 930731 0
1 1 17481 17481 652621 0
17481 17481 1 1 930807 0
1 1 17482 17482 652675 0
17482 17482 1 1 930883 0
1 1 17483 17483 652729 0
17483 17483 1 1 930959 0
1 1 17484 17484 652783 0
17484 17484 1 1 931035 0
1 1 17485 17485 652837 0
17485 17485 1 1 931111 0
1 1 17486 17486 652891 0
17486 17486 1 1 931187 0
1 1 17487 17487 652945 0
17487 17487 1 1 931263 0
1 1 17488 17488 652999 0
17488 17488 1 1 931339 0
1 1 17489 17489 653053 0
17489 17489 1 1 931415 0
1 1 17490 17490 653107 0
17490 17490 1 1 931491 0
1 1 17491 17491 653161 0
17491 17491 1 1 931567 0
1 1 17492 17492 653215 0
17492 17492 1 1 931643 0
1 1 17493 17493 653269 0
17493 17493 1 1 931719 0
1 1 17494 17494 653323 0
17494 17494 1 1 931795 0
1 1 17495 17495 653377 0
17495 17495 1 1 931871 0
1 1 17496 17496 653431 0
17496 17496 1 1 931947 0
1 1 17497 17497 653485 0
17497 17497 1 1 932023 0
1 1 17498 17498 653539 0
17498 17498 1 1 932099 0
1 1 17499 17499 653593 0
17499 17499 1 1 932175 0
1 1 17500 17500 653647 0
17500 17500 1 1 932251 0
1 1 17501 17501 653701 0
17501 17501 1 1 932327 0
1 1 17502 17502 653755 0
17502 17502 1 1 932403 0
1 1 17503 17503 653809 0
17503 17503 1 1 932479 0
1 1 17504 17504 653863 0
17504 17504 1 1 932555 0
1 1 17505 17505 653917 0
17505 17505 1 1 932631 0
1 1 17506 17506 653971 0
17506 17506 1 1 932707 0
1 1 17507 17507 654025 0
17507 17507 1 1 932783 0
1 1 17508 17508 654079 0
17508 17508 1 1 932859 0
1 1 17509 17509 654133 0
17509 17509 1 1 932935 0
1 1 17510 17510 654187 0
17510 17510 1 1 933011 0
1 1 17511 17511 654241 0
17511 17511 1 1 933087 0
1 1 17512 17512 654295 0
17512 17512 1 1 933163 0
1 1 17513 17513 654349 0
17513 17513 1 1 933239 0
1 1 17514 17514 654403 0
17514 17514 1 1 933315 0
1 1 17515 17515 654457 0
17515 17515 1 1 933391 0
1 1 17516 17516 654511 0
17516 17516 1 1 933467 0
1 1 17517 17517 654565 0
17517 17517 1 1 933543 0
1 1 17518 17518 654619 0
17518 17518 1 1 933619 0
1 1 17519 17519 654673 0
17519 17519 1 1 933695 0
1 1 17520 17520 654727 0
17520 17520 1 1 933771 0
1 1 17521 17521 654781 0
17521 17521 1 1 933847 0
1 1 17522 17522 654835 0
17522 17522 1 1 933923 0
1 1 17523 17523 654889 0
17523 17523 1 1 933999 0
1 1 17524 17524 654943 0
17524 17524 1 1 934075 0
1 1 17525 17525 654997 0
17525 17525 1 1 934151 0
1 1 17526 17526 655051 0
17526 17526 1 1 934227 0
1 1 17527 17527 655105 0
17527 17527 1 1 934303 0
1 1 17528 17528 655159 0
17528 17528 1 1 934379 0
1 1 17529 17529 655213 0
17529 17529 1 1 934455 0
1 1 17530 17530 655267 0
17530 17530 1 1 934531 0
1 1 17531 17531 655321 0
17531 17531 1 1 934607 0
1 1 17532 17532 655375 0
17532 17532 1 1 934683 0
1 1 17533 17533 655429 0
17533 17533 1 1 932712 0
1 1 17534 17534 655483 0
17534 17534 1 1 932788 0
1 1 17535 17535 655537 0
17535 17535 1 1 932864 0
1 1 17536 17536 655591 0
17536 17536 1 1 932940 0
1 1 17537 17537 655645 0
17537 17537 1 1 933016 0
1 1 17538 17538 655699 0
17538 17538 1 1 933092 0
1 1 17539 17539 655753 0
17539 17539 1 1 933168 0
1 1 17540 17540 655807 0
17540 17540 1 1 933244 0
1 1 17541 17541 655861 0
17541 17541 1 1 933320 0
1 1 17542 17542 655915 0
17542 17542 1 1 933396 0
1 1 17543 17543 655969 0
17543 17543 1 1 933472 0
1 1 17544 17544 656023 0
17544 17544 1 1 933548 0
1 1 17545 17545 656077 0
17545 17545 1 1 933624 0
1 1 17546 17546 656131 0
17546 17546 1 1 933700 0
1 1 17547 17547 656185 0
17547 17547 1 1 933776 0
1 1 17548 17548 656239 0
17548 17548 1 1 933852 0
1 1 17549 17549 656293 0
17549 17549 1 1 933928 0
1 1 17550 17550 656347 0
17550 17550 1 1 934004 0
1 1 17551 17551 656401 0
17551 17551 1 1 934080 0
1 1 17552 17552 656455 0
17552 17552 1 1 934156 0
1 1 17553 17553 656509 0
17553 17553 1 1 934232 0
1 1 17554 17554 656563 0
17554 17554 1 1 934308 0
1 1 17555 17555 656617 0
17555 17555 1 1 934384 0
1 1 17556 17556 656671 0
17556 17556 1 1 934460 0
1 1 17557 17557 655076 0
17557 17557 1 1 934536 0
1 1 17558 17558 655130 0
17558 17558 1 1 934612 0
1 1 17559 17559 655184 0
17559 17559 1 1 934688 0
1 1 17560 17560 655238 0
17560 17560 1 1 934764 0
1 1 17561 17561 655292 0
17561 17561 1 1 934840 0
1 1 17562 17562 655346 0
17562 17562 1 1 934916 0
1 1 17563 17563 655400 0
17563 17563 1 1 934992 0
1 1 17564 17564 655454 0
17564 17564 1 1 935068 0
1 1 17565 17565 655508 0
17565 17565 1 1 935144 0
1 1 17566 17566 655562 0
17566 17566 1 1 935220 0
1 1 17567 17567 655616 0
17567 17567 1 1 935296 0
1 1 17568 17568 655670 0
17568 17568 1 1 935372 0
1 1 17569 17569 655724 0
17569 17569 1 1 935448 0
1 1 17570 17570 655778 0
17570 17570 1 1 935524 0
1 1 17571 17571 655832 0
17571 17571 1 1 935600 0
1 1 17572 17572 655886 0
17572 17572 1 1 935676 0
1 1 17573 17573 655940 0
17573 17573 1 1 935752 0
1 1 17574 17574 655994 0
17574 17574 1 1 935828 0
1 1 17575 17575 656048 0
17575 17575 1 1 935904 0
1 1 17576 17576 656102 0
17576 17576 1 1 935980 0
1 1 17577 17577 656156 0
17577 17577 1 1 936056 0
1 1 17578 17578 656210 0
17578 17578 1 1 936132 0
1 1 17579 17579 656264 0
17579 17579 1 1 936208 0
1 1 17580 17580 656318 0
17580 17580 1 1 936284 0
1 1 17581 17581 656372 0
17581 17581 1 1 936360 0
1 1 17582 17582 656426 0
17582 17582 1 1 936436 0
1 1 17583 17583 656480 0
17583 17583 1 1 936512 0
1 1 17584 17584 656534 0
17584 17584 1 1 936588 0
1 1 17585 17585 656588 0
17585 17585 1 1 936664 0
1 1 17586 17586 656642 0
17586 17586 1 1 936740 0
1 1 17587 17587 656696 0
17587 17587 1 1 936816 0
1 1 17588 17588 656750 0
17588 17588 1 1 936892 0
1 1 17589 17589 656804 0
17589 17589 1 1 936968 0
1 1 17590 17590 656858 0
17590 17590 1 1 937044 0
1 1 17591 17591 656912 0
17591 17591 1 1 937120 0
1 1 17592 17592 656966 0
17592 17592 1 1 937196 0
1 1 17593 17593 657020 0
17593 17593 1 1 937272 0
1 1 17594 17594 657074 0
17594 17594 1 1 937348 0
1 1 17595 17595 657128 0
17595 17595 1 1 937424 0
1 1 17596 17596 657182 0
17596 17596 1 1 937500 0
1 1 17597 17597 657236 0
17597 17597 1 1 937576 0
1 1 17598 17598 657290 0
17598 17598 1 1 937652 0
1 1 17599 17599 657344 0
17599 17599 1 1 937728 0
1 1 17600 17600 657398 0
17600 17600 1 1 937804 0
1 1 17601 17601 657452 0
17601 17601 1 1 937880 0
1 1 17602 17602 657506 0
17602 17602 1 1 937956 0
1 1 17603 17603 657560 0
17603 17603 1 1 938032 0
1 1 17604 17604 657614 0
17604 17604 1 1 938108 0
1 1 17605 17605 657668 0
17605 17605 1 1 938184 0
1 1 17606 17606 657722 0
17606 17606 1 1 938260 0
1 1 17607 17607 657776 0
17607 17607 1 1 938336 0
1 1 17608 17608 657830 0
17608 17608 1 1 938412 0
1 1 17609 17609 657884 0
17609 17609 1 1 938488 0
1 1 17610 17610 657938 0
17610 17610 1 1 938564 0
1 1 17611 17611 657992 0
17611 17611 1 1 938640 0
1 1 17612 17612 658046 0
17612 17612 1 1 938716 0
1 1 17613 17613 658100 0
17613 17613 1 1 938792 0
1 1 17614 17614 658154 0
17614 17614 1 1 938868 0
1 1 17615 17615 658208 0
17615 17615 1 1 938944 0
1 1 17616 17616 658262 0
17616 17616 1 1 939020 0
1 1 17617 17617 658316 0
17617 17617 1 1 939096 0
1 1 17618 17618 658370 0
17618 17618 1 1 939172 0
1 1 17619 17619 658424 0
17619 17619 1 1 939248 0
1 1 17620 17620 658478 0
17620 17620 1 1 939324 0
1 1 17621 17621 658532 0
17621 17621 1 1 939400 0
1 1 17622 17622 658586 0
17622 17622 1 1 937429 0
1 1 17623 17623 658640 0
17623 17623 1 1 937505 0
1 1 17624 17624 658694 0
17624 17624 1 1 937581 0
1 1 17625 17625 658748 0
17625 17625 1 1 937657 0
1 1 17626 17626 658802 0
17626 17626 1 1 937733 0
1 1 17627 17627 658856 0
17627 17627 1 1 937809 0
1 1 17628 17628 658910 0
17628 17628 1 1 937885 0
1 1 17629 17629 658964 0
17629 17629 1 1 937961 0
1 1 17630 17630 659018 0
17630 17630 1 1 938037 0
1 1 17631 17631 659072 0
17631 17631 1 1 938113 0
1 1 17632 17632 659126 0
17632 17632 1 1 938189 0
1 1 17633 17633 659180 0
17633 17633 1 1 938265 0
1 1 17634 17634 659234 0
17634 17634 1 1 938341 0
1 1 17635 17635 659288 0
17635 17635 1 1 938417 0
1 1 17636 17636 659342 0
17636 17636 1 1 938493 0
1 1 17637 17637 659396 0
17637 17637 1 1 938569 0
1 1 17638 17638 659450 0
17638 17638 1 1 938645 0
1 1 17639 17639 659504 0
17639 17639 1 1 938721 0
1 1 17640 17640 659558 0
17640 17640 1 1 938797 0
1 1 17641 17641 659612 0
17641 17641 1 1 938873 0
1 1 17642 17642 659666 0
17642 17642 1 1 938949 0
1 1 17643 17643 659720 0
17643 17643 1 1 939025 0
1 1 17644 17644 659774 0
17644 17644 1 1 939101 0
1 1 17645 17645 659828 0
17645 17645 1 1 939177 0
1 1 17646 17646 659882 0
17646 17646 1 1 939253 0
1 1 17647 17647 659936 0
17647 17647 1 1 939329 0
1 1 17648 17648 659990 0
17648 17648 1 1 939405 0
1 1 17649 17649 660044 0
17649 17649 1 1 939481 0
1 1 17650 17650 660098 0
17650 17650 1 1 939557 0
1 1 17651 17651 660152 0
17651 17651 1 1 939633 0
1 1 17652 17652 660206 0
17652 17652 1 1 939709 0
1 1 17653 17653 660260 0
17653 17653 1 1 939785 0
1 1 17654 17654 658665 0
17654 17654 1 1 939861 0
1 1 17655 17655 658719 0
17655 17655 1 1 939937 0
1 1 17656 17656 658773 0
17656 17656 1 1 940013 0
1 1 17657 17657 658827 0
17657 17657 1 1 940089 0
1 1 17658 17658 658881 0
17658 17658 1 1 940165 0
1 1 17659 17659 658935 0
17659 17659 1 1 940241 0
1 1 17660 17660 658989 0
17660 17660 1 1 940317 0
1 1 17661 17661 659043 0
17661 17661 1 1 940393 0
1 1 17662 17662 659097 0
17662 17662 1 1 940469 0
1 1 17663 17663 659151 0
17663 17663 1 1 940545 0
1 1 17664 17664 659205 0
17664 17664 1 1 940621 0
1 1 17665 17665 659259 0
17665 17665 1 1 940697 0
1 1 17666 17666 659313 0
17666 17666 1 1 940773 0
1 1 17667 17667 659367 0
17667 17667 1 1 940849 0
1 1 17668 17668 659421 0
17668 17668 1 1 940925 0
1 1 17669 17669 659475 0
17669 17669 1 1 941001 0
1 1 17670 17670 659529 0
17670 17670 1 1 941077 0
1 1 17671 17671 659583 0
17671 17671 1 1 941153 0
1 1 17672 17672 659637 0
17672 17672 1 1 941229 0
1 1 17673 17673 659691 0
17673 17673 1 1 941305 0
1 1 17674 17674 659745 0
17674 17674 1 1 941381 0
1 1 17675 17675 659799 0
17675 17675 1 1 941457 0
1 1 17676 17676 659853 0
17676 17676 1 1 941533 0
1 1 17677 17677 659907 0
17677 17677 1 1 941609 0
1 1 17678 17678 659961 0
17678 17678 1 1 941685 0
1 1 17679 17679 660015 0
17679 17679 1 1 941761 0
1 1 17680 17680 660069 0
17680 17680 1 1 941837 0
1 1 17681 17681 660123 0
17681 17681 1 1 941913 0
1 1 17682 17682 660177 0
17682 17682 1 1 941989 0
1 1 17683 17683 660231 0
17683 17683 1 1 942065 0
1 1 17684 17684 660285 0
17684 17684 1 1 942141 0
1 1 17685 17685 660339 0
17685 17685 1 1 942217 0
1 1 17686 17686 660393 0
17686 17686 1 1 942293 0
1 1 17687 17687 660447 0
17687 17687 1 1 942369 0
1 1 17688 17688 660501 0
17688 17688 1 1 942445 0
1 1 17689 17689 660555 0
17689 17689 1 1 942521 0
1 1 17690 17690 660609 0
17690 17690 1 1 942597 0
1 1 17691 17691 660663 0
17691 17691 1 1 942673 0
1 1 17692 17692 660717 0
17692 17692 1 1 942749 0
1 1 17693 17693 660771 0
17693 17693 1 1 942825 0
1 1 17694 17694 660825 0
17694 17694 1 1 942901 0
1 1 17695 17695 660879 0
17695 17695 1 1 942977 0
1 1 17696 17696 660933 0
17696 17696 1 1 943053 0
1 1 17697 17697 660987 0
17697 17697 1 1 943129 0
1 1 17698 17698 661041 0
17698 17698 1 1 943205 0
1 1 17699 17699 661095 0
17699 17699 1 1 943281 0
1 1 17700 17700 661149 0
17700 17700 1 1 943357 0
1 1 17701 17701 661203 0
17701 17701 1 1 943433 0
1 1 17702 17702 661257 0
17702 17702 1 1 943509 0
1 1 17703 17703 661311 0
17703 17703 1 1 943585 0
1 1 17704 17704 661365 0
17704 17704 1 1 943661 0
1 1 17705 17705 661419 0
17705 17705 1 1 943737 0
1 1 17706 17706 661473 0
17706 17706 1 1 943813 0
1 1 17707 17707 661527 0
17707 17707 1 1 943889 0
1 1 17708 17708 661581 0
17708 17708 1 1 943965 0
1 1 17709 17709 661635 0
17709 17709 1 1 944041 0
1 1 17710 17710 661689 0
17710 17710 1 1 944117 0
1 1 17711 17711 661743 0
17711 17711 1 1 942146 0
1 1 17712 17712 661797 0
17712 17712 1 1 942222 0
1 1 17713 17713 661851 0
17713 17713 1 1 942298 0
1 1 17714 17714 661905 0
17714 17714 1 1 942374 0
1 1 17715 17715 661959 0
17715 17715 1 1 942450 0
1 1 17716 17716 662013 0
17716 17716 1 1 942526 0
1 1 17717 17717 662067 0
17717 17717 1 1 942602 0
1 1 17718 17718 662121 0
17718 17718 1 1 942678 0
1 1 17719 17719 662175 0
17719 17719 1 1 942754 0
1 1 17720 17720 662229 0
17720 17720 1 1 942830 0
1 1 17721 17721 662283 0
17721 17721 1 1 942906 0
1 1 17722 17722 662337 0
17722 17722 1 1 942982 0
1 1 17723 17723 662391 0
17723 17723 1 1 943058 0
1 1 17724 17724 662445 0
17724 17724 1 1 943134 0
1 1 17725 17725 662499 0
17725 17725 1 1 943210 0
1 1 17726 17726 662553 0
17726 17726 1 1 943286 0
1 1 17727 17727 662607 0
17727 17727 1 1 943362 0
1 1 17728 17728 662661 0
17728 17728 1 1 943438 0
1 1 17729 17729 662715 0
17729 17729 1 1 943514 0
1 1 17730 17730 662769 0
17730 17730 1 1 943590 0
1 1 17731 17731 662823 0
17731 17731 1 1 943666 0
1 1 17732 17732 662877 0
17732 17732 1 1 943742 0
1 1 17733 17733 662931 0
17733 17733 1 1 943818 0
1 1 17734 17734 662985 0
17734 17734 1 1 943894 0
1 1 17735 17735 663039 0
17735 17735 1 1 943970 0
1 1 17736 17736 663093 0
17736 17736 1 1 944046 0
1 1 17737 17737 663147 0
17737 17737 1 1 944122 0
1 1 17738 17738 663201 0
17738 17738 1 1 944198 0
1 1 17739 17739 663255 0
17739 17739 1 1 944274 0
1 1 17740 17740 663309 0
17740 17740 1 1 944350 0
1 1 17741 17741 663363 0
17741 17741 1 1 944426 0
1 1 17742 17742 663417 0
17742 17742 1 1 944502 0
1 1 17743 17743 663471 0
17743 17743 1 1 944578 0
1 1 17744 17744 663525 0
17744 17744 1 1 944654 0
1 1 17745 17745 663579 0
17745 17745 1 1 944730 0
1 1 17746 17746 663633 0
17746 17746 1 1 944806 0
1 1 17747 17747 663687 0
17747 17747 1 1 944882 0
1 1 17748 17748 663741 0
17748 17748 1 1 944958 0
1 1 17749 17749 663795 0
17749 17749 1 1 945034 0
1 1 17750 17750 663849 0
17750 17750 1 1 945110 0
1 1 17751 17751 662254 0
17751 17751 1 1 945186 0
1 1 17752 17752 662308 0
17752 17752 1 1 945262 0
1 1 17753 17753 662362 0
17753 17753 1 1 945338 0
1 1 17754 17754 662416 0
17754 17754 1 1 945414 0
1 1 17755 17755 662470 0
17755 17755 1 1 945490 0
1 1 17756 17756 662524 0
17756 17756 1 1 945566 0
1 1 17757 17757 662578 0
17757 17757 1 1 945642 0
1 1 17758 17758 662632 0
17758 17758 1 1 945718 0
1 1 17759 17759 662686 0
17759 17759 1 1 945794 0
1 1 17760 17760 662740 0
17760 17760 1 1 945870 0
1 1 17761 17761 662794 0
17761 17761 1 1 945946 0
1 1 17762 17762 662848 0
17762 17762 1 1 946022 0
1 1 17763 17763 662902 0
17763 17763 1 1 946098 0
1 1 17764 17764 662956 0
17764 17764 1 1 946174 0
1 1 17765 17765 663010 0
17765 17765 1 1 946250 0
1 1 17766 17766 663064 0
17766 17766 1 1 946326 0
1 1 17767 17767 663118 0
17767 17767 1 1 946402 0
1 1 17768 17768 663172 0
17768 17768 1 1 946478 0
1 1 17769 17769 663226 0
17769 17769 1 1 946554 0
1 1 17770 17770 663280 0
17770 17770 1 1 946630 0
1 1 17771 17771 663334 0
17771 17771 1 1 946706 0
1 1 17772 17772 663388 0
17772 17772 1 1 946782 0
1 1 17773 17773 663442 0
17773 17773 1 1 946858 0
1 1 17774 17774 663496 0
17774 17774 1 1 946934 0
1 1 17775 17775 663550 0
17775 17775 1 1 947010 0
1 1 17776 17776 663604 0
17776 17776 1 1 947086 0
1 1 17777 17777 663658 0
17777 17777 1 1 947162 0
1 1 17778 17778 663712 0
17778 17778 1 1 947238 0
1 1 17779 17779 663766 0
17779 17779 1 1 947314 0
1 1 17780 17780 663820 0
17780 17780 1 1 947390 0
1 1 17781 17781 663874 0
17781 17781 1 1 947466 0
1 1 17782 17782 663928 0
17782 17782 1 1 947542 0
1 1 17783 17783 663982 0
17783 17783 1 1 947618 0
1 1 17784 17784 664036 0
17784 17784 1 1 947694 0
1 1 17785 17785 664090 0
17785 17785 1 1 947770 0
1 1 17786 17786 664144 0
17786 17786 1 1 947846 0
1 1 17787 17787 664198 0
17787 17787 1 1 947922 0
1 1 17788 17788 664252 0
17788 17788 1 1 947998 0
1 1 17789 17789 664306 0
17789 17789 1 1 948074 0
1 1 17790 17790 664360 0
17790 17790 1 1 948150 0
1 1 17791 17791 664414 0
17791 17791 1 1 948226 0
1 1 17792 17792 664468 0
17792 17792 1 1 948302 0
1 1 17793 17793 664522 0
17793 17793 1 1 948378 0
1 1 17794 17794 664576 0
17794 17794 1 1 948454 0
1 1 17795 17795 664630 0
17795 17795 1 1 948530 0
1 1 17796 17796 664684 0
17796 17796 1 1 948606 0
1 1 17797 17797 664738 0
17797 17797 1 1 948682 0
1 1 17798 17798 664792 0
17798 17798 1 1 948758 0
1 1 17799 17799 664846 0
17799 17799 1 1 948834 0
1 1 17800 17800 664900 0
17800 17800 1 1 946863 0
1 1 17801 17801 664954 0
17801 17801 1 1 946939 0
1 1 17802 17802 665008 0
17802 17802 1 1 947015 0
1 1 17803 17803 665062 0
17803 17803 1 1 947091 0
1 1 17804 17804 665116 0
17804 17804 1 1 947167 0
1 1 17805 17805 665170 0
17805 17805 1 1 947243 0
1 1 17806 17806 665224 0
17806 17806 1 1 947319 0
1 1 17807 17807 665278 0
17807 17807 1 1 947395 0
1 1 17808 17808 665332 0
17808 17808 1 1 947471 0
1 1 17809 17809 665386 0
17809 17809 1 1 947547 0
1 1 17810 17810 665440 0
17810 17810 1 1 947623 0
1 1 17811 17811 665494 0
17811 17811 1 1 947699 0
1 1 17812 17812 665548 0
17812 17812 1 1 947775 0
1 1 17813 17813 665602 0
17813 17813 1 1 947851 0
1 1 17814 17814 665656 0
17814 17814 1 1 947927 0
1 1 17815 17815 665710 0
17815 17815 1 1 948003 0
1 1 17816 17816 665764 0
17816 17816 1 1 948079 0
1 1 17817 17817 665818 0
17817 17817 1 1 948155 0
1 1 17818 17818 665872 0
17818 17818 1 1 948231 0
1 1 17819 17819 665926 0
17819 17819 1 1 948307 0
1 1 17820 17820 665980 0
17820 17820 1 1 948383 0
1 1 17821 17821 666034 0
17821 17821 1 1 948459 0
1 1 17822 17822 666088 0
17822 17822 1 1 948535 0
1 1 17823 17823 666142 0
17823 17823 1 1 948611 0
1 1 17824 17824 666196 0
17824 17824 1 1 948687 0
1 1 17825 17825 666250 0
17825 17825 1 1 948763 0
1 1 17826 17826 666304 0
17826 17826 1 1 948839 0
1 1 17827 17827 666358 0
17827 17827 1 1 948915 0
1 1 17828 17828 666412 0
17828 17828 1 1 948991 0
1 1 17829 17829 666466 0
17829 17829 1 1 949067 0
1 1 17830 17830 666520 0
17830 17830 1 1 949143 0
1 1 17831 17831 666574 0
17831 17831 1 1 949219 0
1 1 17832 17832 666628 0
17832 17832 1 1 949295 0
1 1 17833 17833 666682 0
17833 17833 1 1 949371 0
1 1 17834 17834 666736 0
17834 17834 1 1 949447 0
1 1 17835 17835 666790 0
17835 17835 1 1 949523 0
1 1 17836 17836 666844 0
17836 17836 1 1 949599 0
1 1 17837 17837 666898 0
17837 17837 1 1 949675 0
1 1 17838 17838 666952 0
17838 17838 1 1 949751 0
1 1 17839 17839 667006 0
17839 17839 1 1 949827 0
1 1 17840 17840 667060 0
17840 17840 1 1 949903 0
1 1 17841 17841 667114 0
17841 17841 1 1 949979 0
1 1 17842 17842 667168 0
17842 17842 1 1 950055 0
1 1 17843 17843 667222 0
17843 17843 1 1 950131 0
1 1 17844 17844 667276 0
17844 17844 1 1 950207 0
1 1 17845 17845 667330 0
17845 17845 1 1 950283 0
1 1 17846 17846 667384 0
17846 17846 1 1 950359 0
1 1 17847 17847 667438 0
17847 17847 1 1 950435 0
1 1 17848 17848 665843 0
17848 17848 1 1 950511 0
1 1 17849 17849 665897 0
17849 17849 1 1 950587 0
1 1 17850 17850 665951 0
17850 17850 1 1 950663 0
1 1 17851 17851 666005 0
17851 17851 1 1 950739 0
1 1 17852 17852 666059 0
17852 17852 1 1 950815 0
1 1 17853 17853 666113 0
17853 17853 1 1 950891 0
1 1 17854 17854 666167 0
17854 17854 1 1 950967 0
1 1 17855 17855 666221 0
17855 17855 1 1 951043 0
1 1 17856 17856 666275 0
17856 17856 1 1 951119 0
1 1 17857 17857 666329 0
17857 17857 1 1 951195 0
1 1 17858 17858 666383 0
17858 17858 1 1 951271 0
1 1 17859 17859 666437 0
17859 17859 1 1 951347 0
1 1 17860 17860 666491 0
17860 17860 1 1 951423 0
1 1 17861 17861 666545 0
17861 17861 1 1 951499 0
1 1 17862 17862 666599 0
17862 17862 1 1 951575 0
1 1 17863 17863 666653 0
17863 17863 1 1 951651 0
1 1 17864 17864 666707 0
17864 17864 1 1 951727 0
1 1 17865 17865 666761 0
17865 17865 1 1 951803 0
1 1 17866 17866 666815 0
17866 17866 1 1 951879 0
1 1 17867 17867 666869 0
17867 17867 1 1 951955 0
1 1 17868 17868 666923 0
17868 17868 1 1 952031 0
1 1 17869 17869 666977 0
17869 17869 1 1 952107 0
1 1 17870 17870 667031 0
17870 17870 1 1 952183 0
1 1 17871 17871 667085 0
17871 17871 1 1 952259 0
1 1 17872 17872 667139 0
17872 17872 1 1 952335 0
1 1 17873 17873 667193 0
17873 17873 1 1 952411 0
1 1 17874 17874 667247 0
17874 17874 1 1 952487 0
1 1 17875 17875 667301 0
17875 17875 1 1 952563 0
1 1 17876 17876 667355 0
17876 17876 1 1 952639 0
1 1 17877 17877 667409 0
17877 17877 1 1 952715 0
1 1 17878 17878 667463 0
17878 17878 1 1 952791 0
1 1 17879 17879 667517 0
17879 17879 1 1 952867 0
1 1 17880 17880 667571 0
17880 17880 1 1 952943 0
1 1 17881 17881 667625 0
17881 17881 1 1 953019 0
1 1 17882 17882 667679 0
17882 17882 1 1 953095 0
1 1 17883 17883 667733 0
17883 17883 1 1 953171 0
1 1 17884 17884 667787 0
17884 17884 1 1 953247 0
1 1 17885 17885 667841 0
17885 17885 1 1 953323 0
1 1 17886 17886 667895 0
17886 17886 1 1 953399 0
1 1 17887 17887 667949 0
17887 17887 1 1 953475 0
1 1 17888 17888 668003 0
17888 17888 1 1 953551 0
1 1 17889 17889 668057 0
17889 17889 1 1 951580 0
1 1 17890 17890 668111 0
17890 17890 1 1 951656 0
1 1 17891 17891 668165 0
17891 17891 1 1 951732 0
1 1 17892 17892 668219 0
17892 17892 1 1 951808 0
1 1 17893 17893 668273 0
17893 17893 1 1 951884 0
1 1 17894 17894 668327 0
17894 17894 1 1 951960 0
1 1 17895 17895 668381 0
17895 17895 1 1 952036 0
1 1 17896 17896 668435 0
17896 17896 1 1 952112 0
1 1 17897 17897 668489 0
17897 17897 1 1 952188 0
1 1 17898 17898 668543 0
17898 17898 1 1 952264 0
1 1 17899 17899 668597 0
17899 17899 1 1 952340 0
1 1 17900 17900 668651 0
17900 17900 1 1 952416 0
1 1 17901 17901 668705 0
17901 17901 1 1 952492 0
1 1 17902 17902 668759 0
17902 17902 1 1 952568 0
1 1 17903 17903 668813 0
17903 17903 1 1 952644 0
1 1 17904 17904 668867 0
17904 17904 1 1 952720 0
1 1 17905 17905 668921 0
17905 17905 1 1 952796 0
1 1 17906 17906 668975 0
17906 17906 1 1 952872 0
1 1 17907 17907 669029 0
17907 17907 1 1 952948 0
1 1 17908 17908 669083 0
17908 17908 1 1 953024 0
1 1 17909 17909 669137 0
17909 17909 1 1 953100 0
1 1 17910 17910 669191 0
17910 17910 1 1 953176 0
1 1 17911 17911 669245 0
17911 17911 1 1 953252 0
1 1 17912 17912 669299 0
17912 17912 1 1 953328 0
1 1 17913 17913 669353 0
17913 17913 1 1 953404 0
1 1 17914 17914 669407 0
17914 17914 1 1 953480 0
1 1 17915 17915 669461 0
17915 17915 1 1 953556 0
1 1 17916 17916 669515 0
17916 17916 1 1 953632 0
1 1 17917 17917 669569 0
17917 17917 1 1 953708 0
1 1 17918 17918 669623 0
17918 17918 1 1 953784 0
1 1 17919 17919 669677 0
17919 17919 1 1 953860 0
1 1 17920 17920 669731 0
17920 17920 1 1 953936 0
1 1 17921 17921 669785 0
17921 17921 1 1 954012 0
1 1 17922 17922 669839 0
17922 17922 1 1 954088 0
1 1 17923 17923 669893 0
17923 17923 1 1 954164 0
1 1 17924 17924 669947 0
17924 17924 1 1 954240 0
1 1 17925 17925 670001 0
17925 17925 1 1 954316 0
1 1 17926 17926 670055 0
17926 17926 1 1 954392 0
1 1 17927 17927 670109 0
17927 17927 1 1 954468 0
1 1 17928 17928 670163 0
17928 17928 1 1 954544 0
1 1 17929 17929 670217 0
17929 17929 1 1 954620 0
1 1 17930 17930 670271 0
17930 17930 1 1 954696 0
1 1 17931 17931 670325 0
17931 17931 1 1 954772 0
1 1 17932 17932 670379 0
17932 17932 1 1 954848 0
1 1 17933 17933 670433 0
17933 17933 1 1 954924 0
1 1 17934 17934 670487 0
17934 17934 1 1 955000 0
1 1 17935 17935 670541 0
17935 17935 1 1 955076 0
1 1 17936 17936 670595 0
17936 17936 1 1 955152 0
1 1 17937 17937 670649 0
17937 17937 1 1 955228 0
1 1 17938 17938 670703 0
17938 17938 1 1 955304 0
1 1 17939 17939 670757 0
17939 17939 1 1 955380 0
1 1 17940 17940 670811 0
17940 17940 1 1 955456 0
1 1 17941 17941 670865 0
17941 17941 1 1 955532 0
1 1 17942 17942 670919 0
17942 17942 1 1 955608 0
1 1 17943 17943 670973 0
17943 17943 1 1 955684 0
1 1 17944 17944 671027 0
17944 17944 1 1 955760 0
1 1 17945 17945 669432 0
17945 17945 1 1 955836 0
1 1 17946 17946 669486 0
17946 17946 1 1 955912 0
1 1 17947 17947 669540 0
17947 17947 1 1 955988 0
1 1 17948 17948 669594 0
17948 17948 1 1 956064 0
1 1 17949 17949 669648 0
17949 17949 1 1 956140 0
1 1 17950 17950 669702 0
17950 17950 1 1 956216 0
1 1 17951 17951 669756 0
17951 17951 1 1 956292 0
1 1 17952 17952 669810 0
17952 17952 1 1 956368 0
1 1 17953 17953 669864 0
17953 17953 1 1 956444 0
1 1 17954 17954 669918 0
17954 17954 1 1 956520 0
1 1 17955 17955 669972 0
17955 17955 1 1 956596 0
1 1 17956 17956 670026 0
17956 17956 1 1 956672 0
1 1 17957 17957 670080 0
17957 17957 1 1 956748 0
1 1 17958 17958 670134 0
17958 17958 1 1 956824 0
1 1 17959 17959 670188 0
17959 17959 1 1 956900 0
1 1 17960 17960 670242 0
17960 17960 1 1 956976 0
1 1 17961 17961 670296 0
17961 17961 1 1 957052 0
1 1 17962 17962 670350 0
17962 17962 1 1 957128 0
1 1 17963 17963 670404 0
17963 17963 1 1 957204 0
1 1 17964 17964 670458 0
17964 17964 1 1 957280 0
1 1 17965 17965 670512 0
17965 17965 1 1 957356 0
1 1 17966 17966 670566 0
17966 17966 1 1 957432 0
1 1 17967 17967 670620 0
17967 17967 1 1 957508 0
1 1 17968 17968 670674 0
17968 17968 1 1 957584 0
1 1 17969 17969 670728 0
17969 17969 1 1 957660 0
1 1 17970 17970 670782 0
17970 17970 1 1 957736 0
1 1 17971 17971 670836 0
17971 17971 1 1 957812 0
1 1 17972 17972 670890 0
17972 17972 1 1 957888 0
1 1 17973 17973 670944 0
17973 17973 1 1 957964 0
1 1 17974 17974 670998 0
17974 17974 1 1 958040 0
1 1 17975 17975 671052 0
17975 17975 1 1 958116 0
1 1 17976 17976 671106 0
17976 17976 1 1 958192 0
1 1 17977 17977 671160 0
17977 17977 1 1 958268 0
1 1 17978 17978 671214 0
17978 17978 1 1 956297 0
1 1 17979 17979 671268 0
17979 17979 1 1 956373 0
1 1 17980 17980 671322 0
17980 17980 1 1 956449 0
1 1 17981 17981 671376 0
17981 17981 1 1 956525 0
1 1 17982 17982 671430 0
17982 17982 1 1 956601 0
1 1 17983 17983 671484 0
17983 17983 1 1 956677 0
1 1 17984 17984 671538 0
17984 17984 1 1 956753 0
1 1 17985 17985 671592 0
17985 17985 1 1 956829 0
1 1 17986 17986 671646 0
17986 17986 1 1 956905 0
1 1 17987 17987 671700 0
17987 17987 1 1 956981 0
1 1 17988 17988 671754 0
17988 17988 1 1 957057 0
1 1 17989 17989 671808 0
17989 17989 1 1 957133 0
1 1 17990 17990 671862 0
17990 17990 1 1 957209 0
1 1 17991 17991 671916 0
17991 17991 1 1 957285 0
1 1 17992 17992 671970 0
17992 17992 1 1 957361 0
1 1 17993 17993 672024 0
17993 17993 1 1 957437 0
1 1 17994 17994 672078 0
17994 17994 1 1 957513 0
1 1 17995 17995 672132 0
17995 17995 1 1 957589 0
1 1 17996 17996 672186 0
17996 17996 1 1 957665 0
1 1 17997 17997 672240 0
17997 17997 1 1 957741 0
1 1 17998 17998 672294 0
17998 17998 1 1 957817 0
1 1 17999 17999 672348 0
17999 17999 1 1 957893 0
1 1 18000 18000 672402 0
18000 18000 1 1 957969 0
1 1 18001 18001 672456 0
18001 18001 1 1 958045 0
1 1 18002 18002 672510 0
18002 18002 1 1 958121 0
1 1 18003 18003 672564 0
18003 18003 1 1 958197 0
1 1 18004 18004 672618 0
18004 18004 1 1 958273 0
1 1 18005 18005 672672 0
18005 18005 1 1 958349 0
1 1 18006 18006 672726 0
18006 18006 1 1 958425 0
1 1 18007 18007 672780 0
18007 18007 1 1 958501 0
1 1 18008 18008 672834 0
18008 18008 1 1 958577 0
1 1 18009 18009 672888 0
18009 18009 1 1 958653 0
1 1 18010 18010 672942 0
18010 18010 1 1 958729 0
1 1 18011 18011 672996 0
18011 18011 1 1 958805 0
1 1 18012 18012 673050 0
18012 18012 1 1 958881 0
1 1 18013 18013 673104 0
18013 18013 1 1 958957 0
1 1 18014 18014 673158 0
18014 18014 1 1 959033 0
1 1 18015 18015 673212 0
18015 18015 1 1 959109 0
1 1 18016 18016 673266 0
18016 18016 1 1 959185 0
1 1 18017 18017 673320 0
18017 18017 1 1 959261 0
1 1 18018 18018 673374 0
18018 18018 1 1 959337 0
1 1 18019 18019 673428 0
18019 18019 1 1 959413 0
1 1 18020 18020 673482 0
18020 18020 1 1 959489 0
1 1 18021 18021 673536 0
18021 18021 1 1 959565 0
1 1 18022 18022 673590 0
18022 18022 1 1 959641 0
1 1 18023 18023 673644 0
18023 18023 1 1 959717 0
1 1 18024 18024 673698 0
18024 18024 1 1 959793 0
1 1 18025 18025 673752 0
18025 18025 1 1 959869 0
1 1 18026 18026 673806 0
18026 18026 1 1 959945 0
1 1 18027 18027 673860 0
18027 18027 1 1 960021 0
1 1 18028 18028 673914 0
18028 18028 1 1 960097 0
1 1 18029 18029 673968 0
18029 18029 1 1 960173 0
1 1 18030 18030 674022 0
18030 18030 1 1 960249 0
1 1 18031 18031 674076 0
18031 18031 1 1 960325 0
1 1 18032 18032 674130 0
18032 18032 1 1 960401 0
1 1 18033 18033 674184 0
18033 18033 1 1 960477 0
1 1 18034 18034 674238 0
18034 18034 1 1 960553 0
1 1 18035 18035 674292 0
18035 18035 1 1 960629 0
1 1 18036 18036 674346 0
18036 18036 1 1 960705 0
1 1 18037 18037 674400 0
18037 18037 1 1 960781 0
1 1 18038 18038 674454 0
18038 18038 1 1 960857 0
1 1 18039 18039 674508 0
18039 18039 1 1 960933 0
1 1 18040 18040 674562 0
18040 18040 1 1 961009 0
1 1 18041 18041 674616 0
18041 18041 1 1 961085 0
1 1 18042 18042 673021 0
18042 18042 1 1 961161 0
1 1 18043 18043 673075 0
18043 18043 1 1 961237 0
1 1 18044 18044 673129 0
18044 18044 1 1 961313 0
1 1 18045 18045 673183 0
18045 18045 1 1 961389 0
1 1 18046 18046 673237 0
18046 18046 1 1 961465 0
1 1 18047 18047 673291 0
18047 18047 1 1 961541 0
1 1 18048 18048 673345 0
18048 18048 1 1 961617 0
1 1 18049 18049 673399 0
18049 18049 1 1 961693 0
1 1 18050 18050 673453 0
18050 18050 1 1 961769 0
1 1 18051 18051 673507 0
18051 18051 1 1 961845 0
1 1 18052 18052 673561 0
18052 18052 1 1 961921 0
1 1 18053 18053 673615 0
18053 18053 1 1 961997 0
1 1 18054 18054 673669 0
18054 18054 1 1 962073 0
1 1 18055 18055 673723 0
18055 18055 1 1 962149 0
1 1 18056 18056 673777 0
18056 18056 1 1 962225 0
1 1 18057 18057 673831 0
18057 18057 1 1 962301 0
1 1 18058 18058 673885 0
18058 18058 1 1 962377 0
1 1 18059 18059 673939 0
18059 18059 1 1 962453 0
1 1 18060 18060 673993 0
18060 18060 1 1 962529 0
1 1 18061 18061 674047 0
18061 18061 1 1 962605 0
1 1 18062 18062 674101 0
18062 18062 1 1 962681 0
1 1 18063 18063 674155 0
18063 18063 1 1 962757 0
1 1 18064 18064 674209 0
18064 18064 1 1 962833 0
1 1 18065 18065 674263 0
18065 18065 1 1 962909 0
1 1 18066 18066 674317 0
18066 18066 1 1 962985 0
1 1 18067 18067 674371 0
18067 18067 1 1 961014 0
1 1 18068 18068 674425 0
18068 18068 1 1 961090 0
1 1 18069 18069 674479 0
18069 18069 1 1 961166 0
1 1 18070 18070 674533 0
18070 18070 1 1 961242 0
1 1 18071 18071 674587 0
18071 18071 1 1 961318 0
1 1 18072 18072 674641 0
18072 18072 1 1 961394 0
1 1 18073 18073 674695 0
18073 18073 1 1 961470 0
1 1 18074 18074 674749 0
18074 18074 1 1 961546 0
1 1 18075 18075 674803 0
18075 18075 1 1 961622 0
1 1 18076 18076 674857 0
18076 18076 1 1 961698 0
1 1 18077 18077 674911 0
18077 18077 1 1 961774 0
1 1 18078 18078 674965 0
18078 18078 1 1 961850 0
1 1 18079 18079 675019 0
18079 18079 1 1 961926 0
1 1 18080 18080 675073 0
18080 18080 1 1 962002 0
1 1 18081 18081 675127 0
18081 18081 1 1 962078 0
1 1 18082 18082 675181 0
18082 18082 1 1 962154 0
1 1 18083 18083 675235 0
18083 18083 1 1 962230 0
1 1 18084 18084 675289 0
18084 18084 1 1 962306 0
1 1 18085 18085 675343 0
18085 18085 1 1 962382 0
1 1 18086 18086 675397 0
18086 18086 1 1 962458 0
1 1 18087 18087 675451 0
18087 18087 1 1 962534 0
1 1 18088 18088 675505 0
18088 18088 1 1 962610 0
1 1 18089 18089 675559 0
18089 18089 1 1 962686 0
1 1 18090 18090 675613 0
18090 18090 1 1 962762 0
1 1 18091 18091 675667 0
18091 18091 1 1 962838 0
1 1 18092 18092 675721 0
18092 18092 1 1 962914 0
1 1 18093 18093 675775 0
18093 18093 1 1 962990 0
1 1 18094 18094 675829 0
18094 18094 1 1 963066 0
1 1 18095 18095 675883 0
18095 18095 1 1 963142 0
1 1 18096 18096 675937 0
18096 18096 1 1 963218 0
1 1 18097 18097 675991 0
18097 18097 1 1 963294 0
1 1 18098 18098 676045 0
18098 18098 1 1 963370 0
1 1 18099 18099 676099 0
18099 18099 1 1 963446 0
1 1 18100 18100 676153 0
18100 18100 1 1 963522 0
1 1 18101 18101 676207 0
18101 18101 1 1 963598 0
1 1 18102 18102 676261 0
18102 18102 1 1 963674 0
1 1 18103 18103 676315 0
18103 18103 1 1 963750 0
1 1 18104 18104 676369 0
18104 18104 1 1 963826 0
1 1 18105 18105 676423 0
18105 18105 1 1 963902 0
1 1 18106 18106 676477 0
18106 18106 1 1 963978 0
1 1 18107 18107 676531 0
18107 18107 1 1 964054 0
1 1 18108 18108 676585 0
18108 18108 1 1 964130 0
1 1 18109 18109 676639 0
18109 18109 1 1 964206 0
1 1 18110 18110 676693 0
18110 18110 1 1 964282 0
1 1 18111 18111 676747 0
18111 18111 1 1 964358 0
1 1 18112 18112 676801 0
18112 18112 1 1 964434 0
1 1 18113 18113 676855 0
18113 18113 1 1 964510 0
1 1 18114 18114 676909 0
18114 18114 1 1 964586 0
1 1 18115 18115 676963 0
18115 18115 1 1 964662 0
1 1 18116 18116 677017 0
18116 18116 1 1 964738 0
1 1 18117 18117 677071 0
18117 18117 1 1 964814 0
1 1 18118 18118 677125 0
18118 18118 1 1 964890 0
1 1 18119 18119 677179 0
18119 18119 1 1 964966 0
1 1 18120 18120 677233 0
18120 18120 1 1 965042 0
1 1 18121 18121 677287 0
18121 18121 1 1 965118 0
1 1 18122 18122 677341 0
18122 18122 1 1 965194 0
1 1 18123 18123 677395 0
18123 18123 1 1 965270 0
1 1 18124 18124 677449 0
18124 18124 1 1 965346 0
1 1 18125 18125 677503 0
18125 18125 1 1 965422 0
1 1 18126 18126 677557 0
18126 18126 1 1 965498 0
1 1 18127 18127 677611 0
18127 18127 1 1 965574 0
1 1 18128 18128 677665 0
18128 18128 1 1 965650 0
1 1 18129 18129 677719 0
18129 18129 1 1 965726 0
1 1 18130 18130 677773 0
18130 18130 1 1 965802 0
1 1 18131 18131 677827 0
18131 18131 1 1 965878 0
1 1 18132 18132 677881 0
18132 18132 1 1 965954 0
1 1 18133 18133 677935 0
18133 18133 1 1 966030 0
1 1 18134 18134 677989 0
18134 18134 1 1 966106 0
1 1 18135 18135 678043 0
18135 18135 1 1 966182 0
1 1 18136 18136 678097 0
18136 18136 1 1 966258 0
1 1 18137 18137 678151 0
18137 18137 1 1 966334 0
1 1 18138 18138 678205 0
18138 18138 1 1 966410 0
1 1 18139 18139 676610 0
18139 18139 1 1 966486 0
1 1 18140 18140 676664 0
18140 18140 1 1 966562 0
1 1 18141 18141 676718 0
18141 18141 1 1 966638 0
1 1 18142 18142 676772 0
18142 18142 1 1 966714 0
1 1 18143 18143 676826 0
18143 18143 1 1 966790 0
1 1 18144 18144 676880 0
18144 18144 1 1 966866 0
1 1 18145 18145 676934 0
18145 18145 1 1 966942 0
1 1 18146 18146 676988 0
18146 18146 1 1 967018 0
1 1 18147 18147 677042 0
18147 18147 1 1 967094 0
1 1 18148 18148 677096 0
18148 18148 1 1 967170 0
1 1 18149 18149 677150 0
18149 18149 1 1 967246 0
1 1 18150 18150 677204 0
18150 18150 1 1 967322 0
1 1 18151 18151 677258 0
18151 18151 1 1 967398 0
1 1 18152 18152 677312 0
18152 18152 1 1 967474 0
1 1 18153 18153 677366 0
18153 18153 1 1 967550 0
1 1 18154 18154 677420 0
18154 18154 1 1 967626 0
1 1 18155 18155 677474 0
18155 18155 1 1 967702 0
1 1 18156 18156 677528 0
18156 18156 1 1 965731 0
1 1 18157 18157 677582 0
18157 18157 1 1 965807 0
1 1 18158 18158 677636 0
18158 18158 1 1 965883 0
1 1 18159 18159 677690 0
18159 18159 1 1 965959 0
1 1 18160 18160 677744 0
18160 18160 1 1 966035 0
1 1 18161 18161 677798 0
18161 18161 1 1 966111 0
1 1 18162 18162 677852 0
18162 18162 1 1 966187 0
1 1 18163 18163 677906 0
18163 18163 1 1 966263 0
1 1 18164 18164 677960 0
18164 18164 1 1 966339 0
1 1 18165 18165 678014 0
18165 18165 1 1 966415 0
1 1 18166 18166 678068 0
18166 18166 1 1 966491 0
1 1 18167 18167 678122 0
18167 18167 1 1 966567 0
1 1 18168 18168 678176 0
18168 18168 1 1 966643 0
1 1 18169 18169 678230 0
18169 18169 1 1 966719 0
1 1 18170 18170 678284 0
18170 18170 1 1 966795 0
1 1 18171 18171 678338 0
18171 18171 1 1 966871 0
1 1 18172 18172 678392 0
18172 18172 1 1 966947 0
1 1 18173 18173 678446 0
18173 18173 1 1 967023 0
1 1 18174 18174 678500 0
18174 18174 1 1 967099 0
1 1 18175 18175 678554 0
18175 18175 1 1 967175 0
1 1 18176 18176 678608 0
18176 18176 1 1 967251 0
1 1 18177 18177 678662 0
18177 18177 1 1 967327 0
1 1 18178 18178 678716 0
18178 18178 1 1 967403 0
1 1 18179 18179 678770 0
18179 18179 1 1 967479 0
1 1 18180 18180 678824 0
18180 18180 1 1 967555 0
1 1 18181 18181 678878 0
18181 18181 1 1 967631 0
1 1 18182 18182 678932 0
18182 18182 1 1 967707 0
1 1 18183 18183 678986 0
18183 18183 1 1 967783 0
1 1 18184 18184 679040 0
18184 18184 1 1 967859 0
1 1 18185 18185 679094 0
18185 18185 1 1 967935 0
1 1 18186 18186 679148 0
18186 18186 1 1 968011 0
1 1 18187 18187 679202 0
18187 18187 1 1 968087 0
1 1 18188 18188 679256 0
18188 18188 1 1 968163 0
1 1 18189 18189 679310 0
18189 18189 1 1 968239 0
1 1 18190 18190 679364 0
18190 18190 1 1 968315 0
1 1 18191 18191 679418 0
18191 18191 1 1 968391 0
1 1 18192 18192 679472 0
18192 18192 1 1 968467 0
1 1 18193 18193 679526 0
18193 18193 1 1 968543 0
1 1 18194 18194 679580 0
18194 18194 1 1 968619 0
1 1 18195 18195 679634 0
18195 18195 1 1 968695 0
1 1 18196 18196 679688 0
18196 18196 1 1 968771 0
1 1 18197 18197 679742 0
18197 18197 1 1 968847 0
1 1 18198 18198 679796 0
18198 18198 1 1 968923 0
1 1 18199 18199 679850 0
18199 18199 1 1 968999 0
1 1 18200 18200 679904 0
18200 18200 1 1 969075 0
1 1 18201 18201 679958 0
18201 18201 1 1 969151 0
1 1 18202 18202 680012 0
18202 18202 1 1 969227 0
1 1 18203 18203 680066 0
18203 18203 1 1 969303 0
1 1 18204 18204 680120 0
18204 18204 1 1 969379 0
1 1 18205 18205 680174 0
18205 18205 1 1 969455 0
1 1 18206 18206 680228 0
18206 18206 1 1 969531 0
1 1 18207 18207 680282 0
18207 18207 1 1 969607 0
1 1 18208 18208 680336 0
18208 18208 1 1 969683 0
1 1 18209 18209 680390 0
18209 18209 1 1 969759 0
1 1 18210 18210 680444 0
18210 18210 1 1 969835 0
1 1 18211 18211 680498 0
18211 18211 1 1 969911 0
1 1 18212 18212 680552 0
18212 18212 1 1 969987 0
1 1 18213 18213 680606 0
18213 18213 1 1 970063 0
1 1 18214 18214 680660 0
18214 18214 1 1 970139 0
1 1 18215 18215 680714 0
18215 18215 1 1 970215 0
1 1 18216 18216 680768 0
18216 18216 1 1 970291 0
1 1 18217 18217 680822 0
18217 18217 1 1 970367 0
1 1 18218 18218 680876 0
18218 18218 1 1 970443 0
1 1 18219 18219 680930 0
18219 18219 1 1 970519 0
1 1 18220 18220 680984 0
18220 18220 1 1 970595 0
1 1 18221 18221 681038 0
18221 18221 1 1 970671 0
1 1 18222 18222 681092 0
18222 18222 1 1 970747 0
1 1 18223 18223 681146 0
18223 18223 1 1 970823 0
1 1 18224 18224 681200 0
18224 18224 1 1 970899 0
1 1 18225 18225 681254 0
18225 18225 1 1 970975 0
1 1 18226 18226 681308 0
18226 18226 1 1 971051 0
1 1 18227 18227 681362 0
18227 18227 1 1 971127 0
1 1 18228 18228 681416 0
18228 18228 1 1 971203 0
1 1 18229 18229 681470 0
18229 18229 1 1 971279 0
1 1 18230 18230 681524 0
18230 18230 1 1 971355 0
1 1 18231 18231 681578 0
18231 18231 1 1 971431 0
1 1 18232 18232 681632 0
18232 18232 1 1 971507 0
1 1 18233 18233 681686 0
18233 18233 1 1 971583 0
1 1 18234 18234 681740 0
18234 18234 1 1 971659 0
1 1 18235 18235 681794 0
18235 18235 1 1 971735 0
1 1 18236 18236 680199 0
18236 18236 1 1 971811 0
1 1 18237 18237 680253 0
18237 18237 1 1 971887 0
1 1 18238 18238 680307 0
18238 18238 1 1 971963 0
1 1 18239 18239 680361 0
18239 18239 1 1 972039 0
1 1 18240 18240 680415 0
18240 18240 1 1 972115 0
1 1 18241 18241 680469 0
18241 18241 1 1 972191 0
1 1 18242 18242 680523 0
18242 18242 1 1 972267 0
1 1 18243 18243 680577 0
18243 18243 1 1 972343 0
1 1 18244 18244 680631 0
18244 18244 1 1 972419 0
1 1 18245 18245 680685 0
18245 18245 1 1 970448 0
1 1 18246 18246 680739 0
18246 18246 1 1 970524 0
1 1 18247 18247 680793 0
18247 18247 1 1 970600 0
1 1 18248 18248 680847 0
18248 18248 1 1 970676 0
1 1 18249 18249 680901 0
18249 18249 1 1 970752 0
1 1 18250 18250 680955 0
18250 18250 1 1 970828 0
1 1 18251 18251 681009 0
18251 18251 1 1 970904 0
1 1 18252 18252 681063 0
18252 18252 1 1 970980 0
1 1 18253 18253 681117 0
18253 18253 1 1 971056 0
1 1 18254 18254 681171 0
18254 18254 1 1 971132 0
1 1 18255 18255 681225 0
18255 18255 1 1 971208 0
1 1 18256 18256 681279 0
18256 18256 1 1 971284 0
1 1 18257 18257 681333 0
18257 18257 1 1 971360 0
1 1 18258 18258 681387 0
18258 18258 1 1 971436 0
1 1 18259 18259 681441 0
18259 18259 1 1 971512 0
1 1 18260 18260 681495 0
18260 18260 1 1 971588 0
1 1 18261 18261 681549 0
18261 18261 1 1 971664 0
1 1 18262 18262 681603 0
18262 18262 1 1 971740 0
1 1 18263 18263 681657 0
18263 18263 1 1 971816 0
1 1 18264 18264 681711 0
18264 18264 1 1 971892 0
1 1 18265 18265 681765 0
18265 18265 1 1 971968 0
1 1 18266 18266 681819 0
18266 18266 1 1 972044 0
1 1 18267 18267 681873 0
18267 18267 1 1 972120 0
1 1 18268 18268 681927 0
18268 18268 1 1 972196 0
1 1 18269 18269 681981 0
18269 18269 1 1 972272 0
1 1 18270 18270 682035 0
18270 18270 1 1 972348 0
1 1 18271 18271 682089 0
18271 18271 1 1 972424 0
1 1 18272 18272 682143 0
18272 18272 1 1 972500 0
1 1 18273 18273 682197 0
18273 18273 1 1 972576 0
1 1 18274 18274 682251 0
18274 18274 1 1 972652 0
1 1 18275 18275 682305 0
18275 18275 1 1 972728 0
1 1 18276 18276 682359 0
18276 18276 1 1 972804 0
1 1 18277 18277 682413 0
18277 18277 1 1 972880 0
1 1 18278 18278 682467 0
18278 18278 1 1 972956 0
1 1 18279 18279 682521 0
18279 18279 1 1 973032 0
1 1 18280 18280 682575 0
18280 18280 1 1 973108 0
1 1 18281 18281 682629 0
18281 18281 1 1 973184 0
1 1 18282 18282 682683 0
18282 18282 1 1 973260 0
1 1 18283 18283 682737 0
18283 18283 1 1 973336 0
1 1 18284 18284 682791 0
18284 18284 1 1 973412 0
1 1 18285 18285 682845 0
18285 18285 1 1 973488 0
1 1 18286 18286 682899 0
18286 18286 1 1 973564 0
1 1 18287 18287 682953 0
18287 18287 1 1 973640 0
1 1 18288 18288 683007 0
18288 18288 1 1 973716 0
1 1 18289 18289 683061 0
18289 18289 1 1 973792 0
1 1 18290 18290 683115 0
18290 18290 1 1 973868 0
1 1 18291 18291 683169 0
18291 18291 1 1 973944 0
1 1 18292 18292 683223 0
18292 18292 1 1 974020 0
1 1 18293 18293 683277 0
18293 18293 1 1 974096 0
1 1 18294 18294 683331 0
18294 18294 1 1 974172 0
1 1 18295 18295 683385 0
18295 18295 1 1 974248 0
1 1 18296 18296 683439 0
18296 18296 1 1 974324 0
1 1 18297 18297 683493 0
18297 18297 1 1 974400 0
1 1 18298 18298 683547 0
18298 18298 1 1 974476 0
1 1 18299 18299 683601 0
18299 18299 1 1 974552 0
1 1 18300 18300 683655 0
18300 18300 1 1 974628 0
1 1 18301 18301 683709 0
18301 18301 1 1 974704 0
1 1 18302 18302 683763 0
18302 18302 1 1 974780 0
1 1 18303 18303 683817 0
18303 18303 1 1 974856 0
1 1 18304 18304 683871 0
18304 18304 1 1 974932 0
1 1 18305 18305 683925 0
18305 18305 1 1 975008 0
1 1 18306 18306 683979 0
18306 18306 1 1 975084 0
1 1 18307 18307 684033 0
18307 18307 1 1 975160 0
1 1 18308 18308 684087 0
18308 18308 1 1 975236 0
1 1 18309 18309 684141 0
18309 18309 1 1 975312 0
1 1 18310 18310 684195 0
18310 18310 1 1 975388 0
1 1 18311 18311 684249 0
18311 18311 1 1 975464 0
1 1 18312 18312 684303 0
18312 18312 1 1 975540 0
1 1 18313 18313 684357 0
18313 18313 1 1 975616 0
1 1 18314 18314 684411 0
18314 18314 1 1 975692 0
1 1 18315 18315 684465 0
18315 18315 1 1 975768 0
1 1 18316 18316 684519 0
18316 18316 1 1 975844 0
1 1 18317 18317 684573 0
18317 18317 1 1 975920 0
1 1 18318 18318 684627 0
18318 18318 1 1 975996 0
1 1 18319 18319 684681 0
18319 18319 1 1 976072 0
1 1 18320 18320 684735 0
18320 18320 1 1 976148 0
1 1 18321 18321 684789 0
18321 18321 1 1 976224 0
1 1 18322 18322 684843 0
18322 18322 1 1 976300 0
1 1 18323 18323 684897 0
18323 18323 1 1 976376 0
1 1 18324 18324 684951 0
18324 18324 1 1 976452 0
1 1 18325 18325 685005 0
18325 18325 1 1 976528 0
1 1 18326 18326 685059 0
18326 18326 1 1 976604 0
1 1 18327 18327 685113 0
18327 18327 1 1 976680 0
1 1 18328 18328 685167 0
18328 18328 1 1 976756 0
1 1 18329 18329 685221 0
18329 18329 1 1 976832 0
1 1 18330 18330 685275 0
18330 18330 1 1 976908 0
1 1 18331 18331 685329 0
18331 18331 1 1 976984 0
1 1 18332 18332 685383 0
18332 18332 1 1 977060 0
1 1 18333 18333 683788 0
18333 18333 1 1 977136 0
1 1 18334 18334 683842 0
18334 18334 1 1 975165 0
1 1 18335 18335 683896 0
18335 18335 1 1 975241 0
1 1 18336 18336 683950 0
18336 18336 1 1 975317 0
1 1 18337 18337 684004 0
18337 18337 1 1 975393 0
1 1 18338 18338 684058 0
18338 18338 1 1 975469 0
1 1 18339 18339 684112 0
18339 18339 1 1 975545 0
1 1 18340 18340 684166 0
18340 18340 1 1 975621 0
1 1 18341 18341 684220 0
18341 18341 1 1 975697 0
1 1 18342 18342 684274 0
18342 18342 1 1 975773 0
1 1 18343 18343 684328 0
18343 18343 1 1 975849 0
1 1 18344 18344 684382 0
18344 18344 1 1 975925 0
1 1 18345 18345 684436 0
18345 18345 1 1 976001 0
1 1 18346 18346 684490 0
18346 18346 1 1 976077 0
1 1 18347 18347 684544 0
18347 18347 1 1 976153 0
1 1 18348 18348 684598 0
18348 18348 1 1 976229 0
1 1 18349 18349 684652 0
18349 18349 1 1 976305 0
1 1 18350 18350 684706 0
18350 18350 1 1 976381 0
1 1 18351 18351 684760 0
18351 18351 1 1 976457 0
1 1 18352 18352 684814 0
18352 18352 1 1 976533 0
1 1 18353 18353 684868 0
18353 18353 1 1 976609 0
1 1 18354 18354 684922 0
18354 18354 1 1 976685 0
1 1 18355 18355 684976 0
18355 18355 1 1 976761 0
1 1 18356 18356 685030 0
18356 18356 1 1 976837 0
1 1 18357 18357 685084 0
18357 18357 1 1 976913 0
1 1 18358 18358 685138 0
18358 18358 1 1 976989 0
1 1 18359 18359 685192 0
18359 18359 1 1 977065 0
1 1 18360 18360 685246 0
18360 18360 1 1 977141 0
1 1 18361 18361 685300 0
18361 18361 1 1 977217 0
1 1 18362 18362 685354 0
18362 18362 1 1 977293 0
1 1 18363 18363 685408 0
18363 18363 1 1 977369 0
1 1 18364 18364 685462 0
18364 18364 1 1 977445 0
1 1 18365 18365 685516 0
18365 18365 1 1 977521 0
1 1 18366 18366 685570 0
18366 18366 1 1 977597 0
1 1 18367 18367 685624 0
18367 18367 1 1 977673 0
1 1 18368 18368 685678 0
18368 18368 1 1 977749 0
1 1 18369 18369 685732 0
18369 18369 1 1 977825 0
1 1 18370 18370 685786 0
18370 18370 1 1 977901 0
1 1 18371 18371 685840 0
18371 18371 1 1 977977 0
1 1 18372 18372 685894 0
18372 18372 1 1 978053 0
1 1 18373 18373 685948 0
18373 18373 1 1 978129 0
1 1 18374 18374 686002 0
18374 18374 1 1 978205 0
1 1 18375 18375 686056 0
18375 18375 1 1 978281 0
1 1 18376 18376 686110 0
18376 18376 1 1 978357 0
1 1 18377 18377 686164 0
18377 18377 1 1 978433 0
1 1 18378 18378 686218 0
18378 18378 1 1 978509 0
1 1 18379 18379 686272 0
18379 18379 1 1 978585 0
1 1 18380 18380 686326 0
18380 18380 1 1 978661 0
1 1 18381 18381 686380 0
18381 18381 1 1 978737 0
1 1 18382 18382 686434 0
18382 18382 1 1 978813 0
1 1 18383 18383 686488 0
18383 18383 1 1 978889 0
1 1 18384 18384 686542 0
18384 18384 1 1 978965 0
1 1 18385 18385 686596 0
18385 18385 1 1 979041 0
1 1 18386 18386 686650 0
18386 18386 1 1 979117 0
1 1 18387 18387 686704 0
18387 18387 1 1 979193 0
1 1 18388 18388 686758 0
18388 18388 1 1 979269 0
1 1 18389 18389 686812 0
18389 18389 1 1 979345 0
1 1 18390 18390 686866 0
18390 18390 1 1 979421 0
1 1 18391 18391 686920 0
18391 18391 1 1 979497 0
1 1 18392 18392 686974 0
18392 18392 1 1 979573 0
1 1 18393 18393 687028 0
18393 18393 1 1 979649 0
1 1 18394 18394 687082 0
18394 18394 1 1 979725 0
1 1 18395 18395 687136 0
18395 18395 1 1 979801 0
1 1 18396 18396 687190 0
18396 18396 1 1 979877 0
1 1 18397 18397 687244 0
18397 18397 1 1 979953 0
1 1 18398 18398 687298 0
18398 18398 1 1 980029 0
1 1 18399 18399 687352 0
18399 18399 1 1 980105 0
1 1 18400 18400 687406 0
18400 18400 1 1 980181 0
1 1 18401 18401 687460 0
18401 18401 1 1 980257 0
1 1 18402 18402 687514 0
18402 18402 1 1 980333 0
1 1 18403 18403 687568 0
18403 18403 1 1 980409 0
1 1 18404 18404 687622 0
18404 18404 1 1 980485 0
1 1 18405 18405 687676 0
18405 18405 1 1 980561 0
1 1 18406 18406 687730 0
18406 18406 1 1 980637 0
1 1 18407 18407 687784 0
18407 18407 1 1 980713 0
1 1 18408 18408 687838 0
18408 18408 1 1 980789 0
1 1 18409 18409 687892 0
18409 18409 1 1 980865 0
1 1 18410 18410 687946 0
18410 18410 1 1 980941 0
1 1 18411 18411 688000 0
18411 18411 1 1 981017 0
1 1 18412 18412 688054 0
18412 18412 1 1 981093 0
1 1 18413 18413 688108 0
18413 18413 1 1 981169 0
1 1 18414 18414 688162 0
18414 18414 1 1 981245 0
1 1 18415 18415 688216 0
18415 18415 1 1 981321 0
1 1 18416 18416 688270 0
18416 18416 1 1 981397 0
1 1 18417 18417 688324 0
18417 18417 1 1 981473 0
1 1 18418 18418 688378 0
18418 18418 1 1 981549 0
1 1 18419 18419 688432 0
18419 18419 1 1 981625 0
1 1 18420 18420 688486 0
18420 18420 1 1 981701 0
1 1 18421 18421 688540 0
18421 18421 1 1 981777 0
1 1 18422 18422 688594 0
18422 18422 1 1 981853 0
1 1 18423 18423 688648 0
18423 18423 1 1 979882 0
1 1 18424 18424 688702 0
18424 18424 1 1 979958 0
1 1 18425 18425 688756 0
18425 18425 1 1 980034 0
1 1 18426 18426 688810 0
18426 18426 1 1 980110 0
1 1 18427 18427 688864 0
18427 18427 1 1 980186 0
1 1 18428 18428 688918 0
18428 18428 1 1 980262 0
1 1 18429 18429 688972 0
18429 18429 1 1 980338 0
1 1 18430 18430 687377 0
18430 18430 1 1 980414 0
1 1 18431 18431 687431 0
18431 18431 1 1 980490 0
1 1 18432 18432 687485 0
18432 18432 1 1 980566 0
1 1 18433 18433 687539 0
18433 18433 1 1 980642 0
1 1 18434 18434 687593 0
18434 18434 1 1 980718 0
1 1 18435 18435 687647 0
18435 18435 1 1 980794 0
1 1 18436 18436 687701 0
18436 18436 1 1 980870 0
1 1 18437 18437 687755 0
18437 18437 1 1 980946 0
1 1 18438 18438 687809 0
18438 18438 1 1 981022 0
1 1 18439 18439 687863 0
18439 18439 1 1 981098 0
1 1 18440 18440 687917 0
18440 18440 1 1 981174 0
1 1 18441 18441 687971 0
18441 18441 1 1 981250 0
1 1 18442 18442 688025 0
18442 18442 1 1 981326 0
1 1 18443 18443 688079 0
18443 18443 1 1 981402 0
1 1 18444 18444 688133 0
18444 18444 1 1 981478 0
1 1 18445 18445 688187 0
18445 18445 1 1 981554 0
1 1 18446 18446 688241 0
18446 18446 1 1 981630 0
1 1 18447 18447 688295 0
18447 18447 1 1 981706 0
1 1 18448 18448 688349 0
18448 18448 1 1 981782 0
1 1 18449 18449 688403 0
18449 18449 1 1 981858 0
1 1 18450 18450 688457 0
18450 18450 1 1 981934 0
1 1 18451 18451 688511 0
18451 18451 1 1 982010 0
1 1 18452 18452 688565 0
18452 18452 1 1 982086 0
1 1 18453 18453 688619 0
18453 18453 1 1 982162 0
1 1 18454 18454 688673 0
18454 18454 1 1 982238 0
1 1 18455 18455 688727 0
18455 18455 1 1 982314 0
1 1 18456 18456 688781 0
18456 18456 1 1 982390 0
1 1 18457 18457 688835 0
18457 18457 1 1 982466 0
1 1 18458 18458 688889 0
18458 18458 1 1 982542 0
1 1 18459 18459 688943 0
18459 18459 1 1 982618 0
1 1 18460 18460 688997 0
18460 18460 1 1 982694 0
1 1 18461 18461 689051 0
18461 18461 1 1 982770 0
1 1 18462 18462 689105 0
18462 18462 1 1 982846 0
1 1 18463 18463 689159 0
18463 18463 1 1 982922 0
1 1 18464 18464 689213 0
18464 18464 1 1 982998 0
1 1 18465 18465 689267 0
18465 18465 1 1 983074 0
1 1 18466 18466 689321 0
18466 18466 1 1 983150 0
1 1 18467 18467 689375 0
18467 18467 1 1 983226 0
1 1 18468 18468 689429 0
18468 18468 1 1 983302 0
1 1 18469 18469 689483 0
18469 18469 1 1 983378 0
1 1 18470 18470 689537 0
18470 18470 1 1 983454 0
1 1 18471 18471 689591 0
18471 18471 1 1 983530 0
1 1 18472 18472 689645 0
18472 18472 1 1 983606 0
1 1 18473 18473 689699 0
18473 18473 1 1 983682 0
1 1 18474 18474 689753 0
18474 18474 1 1 983758 0
1 1 18475 18475 689807 0
18475 18475 1 1 983834 0
1 1 18476 18476 689861 0
18476 18476 1 1 983910 0
1 1 18477 18477 689915 0
18477 18477 1 1 983986 0
1 1 18478 18478 689969 0
18478 18478 1 1 984062 0
1 1 18479 18479 690023 0
18479 18479 1 1 984138 0
1 1 18480 18480 690077 0
18480 18480 1 1 984214 0
1 1 18481 18481 690131 0
18481 18481 1 1 984290 0
1 1 18482 18482 690185 0
18482 18482 1 1 984366 0
1 1 18483 18483 690239 0
18483 18483 1 1 984442 0
1 1 18484 18484 690293 0
18484 18484 1 1 984518 0
1 1 18485 18485 690347 0
18485 18485 1 1 984594 0
1 1 18486 18486 690401 0
18486 18486 1 1 984670 0
1 1 18487 18487 690455 0
18487 18487 1 1 984746 0
1 1 18488 18488 690509 0
18488 18488 1 1 984822 0
1 1 18489 18489 690563 0
18489 18489 1 1 984898 0
1 1 18490 18490 690617 0
18490 18490 1 1 984974 0
1 1 18491 18491 690671 0
18491 18491 1 1 985050 0
1 1 18492 18492 690725 0
18492 18492 1 1 985126 0
1 1 18493 18493 690779 0
18493 18493 1 1 985202 0
1 1 18494 18494 690833 0
18494 18494 1 1 985278 0
1 1 18495 18495 690887 0
18495 18495 1 1 985354 0
1 1 18496 18496 690941 0
18496 18496 1 1 985430 0
1 1 18497 18497 690995 0
18497 18497 1 1 985506 0
1 1 18498 18498 691049 0
18498 18498 1 1 985582 0
1 1 18499 18499 691103 0
18499 18499 1 1 985658 0
1 1 18500 18500 691157 0
18500 18500 1 1 985734 0
1 1 18501 18501 691211 0
18501 18501 1 1 985810 0
1 1 18502 18502 691265 0
18502 18502 1 1 985886 0
1 1 18503 18503 691319 0
18503 18503 1 1 985962 0
1 1 18504 18504 691373 0
18504 18504 1 1 986038 0
1 1 18505 18505 691427 0
18505 18505 1 1 986114 0
1 1 18506 18506 691481 0
18506 18506 1 1 986190 0
1 1 18507 18507 691535 0
18507 18507 1 1 986266 0
1 1 18508 18508 691589 0
18508 18508 1 1 986342 0
1 1 18509 18509 691643 0
18509 18509 1 1 986418 0
1 1 18510 18510 691697 0
18510 18510 1 1 986494 0
1 1 18511 18511 691751 0
18511 18511 1 1 986570 0
1 1 18512 18512 691805 0
18512 18512 1 1 984599 0
1 1 18513 18513 691859 0
18513 18513 1 1 984675 0
1 1 18514 18514 691913 0
18514 18514 1 1 984751 0
1 1 18515 18515 691967 0
18515 18515 1 1 984827 0
1 1 18516 18516 692021 0
18516 18516 1 1 984903 0
1 1 18517 18517 692075 0
18517 18517 1 1 984979 0
1 1 18518 18518 692129 0
18518 18518 1 1 985055 0
1 1 18519 18519 692183 0
18519 18519 1 1 985131 0
1 1 18520 18520 692237 0
18520 18520 1 1 985207 0
1 1 18521 18521 692291 0
18521 18521 1 1 985283 0
1 1 18522 18522 692345 0
18522 18522 1 1 985359 0
1 1 18523 18523 692399 0
18523 18523 1 1 985435 0
1 1 18524 18524 692453 0
18524 18524 1 1 985511 0
1 1 18525 18525 692507 0
18525 18525 1 1 985587 0
1 1 18526 18526 692561 0
18526 18526 1 1 985663 0
1 1 18527 18527 690966 0
18527 18527 1 1 985739 0
1 1 18528 18528 691020 0
18528 18528 1 1 985815 0
1 1 18529 18529 691074 0
18529 18529 1 1 985891 0
1 1 18530 18530 691128 0
18530 18530 1 1 985967 0
1 1 18531 18531 691182 0
18531 18531 1 1 986043 0
1 1 18532 18532 691236 0
18532 18532 1 1 986119 0
1 1 18533 18533 691290 0
18533 18533 1 1 986195 0
1 1 18534 18534 691344 0
18534 18534 1 1 986271 0
1 1 18535 18535 691398 0
18535 18535 1 1 986347 0
1 1 18536 18536 691452 0
18536 18536 1 1 986423 0
1 1 18537 18537 691506 0
18537 18537 1 1 986499 0
1 1 18538 18538 691560 0
18538 18538 1 1 986575 0
1 1 18539 18539 691614 0
18539 18539 1 1 986651 0
1 1 18540 18540 691668 0
18540 18540 1 1 986727 0
1 1 18541 18541 691722 0
18541 18541 1 1 986803 0
1 1 18542 18542 691776 0
18542 18542 1 1 986879 0
1 1 18543 18543 691830 0
18543 18543 1 1 986955 0
1 1 18544 18544 691884 0
18544 18544 1 1 987031 0
1 1 18545 18545 691938 0
18545 18545 1 1 987107 0
1 1 18546 18546 691992 0
18546 18546 1 1 987183 0
1 1 18547 18547 692046 0
18547 18547 1 1 987259 0
1 1 18548 18548 692100 0
18548 18548 1 1 987335 0
1 1 18549 18549 692154 0
18549 18549 1 1 987411 0
1 1 18550 18550 692208 0
18550 18550 1 1 987487 0
1 1 18551 18551 692262 0
18551 18551 1 1 987563 0
1 1 18552 18552 692316 0
18552 18552 1 1 987639 0
1 1 18553 18553 692370 0
18553 18553 1 1 987715 0
1 1 18554 18554 692424 0
18554 18554 1 1 987791 0
1 1 18555 18555 692478 0
18555 18555 1 1 987867 0
1 1 18556 18556 692532 0
18556 18556 1 1 987943 0
1 1 18557 18557 692586 0
18557 18557 1 1 988019 0
1 1 18558 18558 692640 0
18558 18558 1 1 988095 0
1 1 18559 18559 692694 0
18559 18559 1 1 988171 0
1 1 18560 18560 692748 0
18560 18560 1 1 988247 0
1 1 18561 18561 692802 0
18561 18561 1 1 988323 0
1 1 18562 18562 692856 0
18562 18562 1 1 988399 0
1 1 18563 18563 692910 0
18563 18563 1 1 988475 0
1 1 18564 18564 692964 0
18564 18564 1 1 988551 0
1 1 18565 18565 693018 0
18565 18565 1 1 988627 0
1 1 18566 18566 693072 0
18566 18566 1 1 988703 0
1 1 18567 18567 693126 0
18567 18567 1 1 988779 0
1 1 18568 18568 693180 0
18568 18568 1 1 988855 0
1 1 18569 18569 693234 0
18569 18569 1 1 988931 0
1 1 18570 18570 693288 0
18570 18570 1 1 989007 0
1 1 18571 18571 693342 0
18571 18571 1 1 989083 0
1 1 18572 18572 693396 0
18572 18572 1 1 989159 0
1 1 18573 18573 693450 0
18573 18573 1 1 989235 0
1 1 18574 18574 693504 0
18574 18574 1 1 989311 0
1 1 18575 18575 693558 0
18575 18575 1 1 989387 0
1 1 18576 18576 693612 0
18576 18576 1 1 989463 0
1 1 18577 18577 693666 0
18577 18577 1 1 989539 0
1 1 18578 18578 693720 0
18578 18578 1 1 989615 0
1 1 18579 18579 693774 0
18579 18579 1 1 989691 0
1 1 18580 18580 693828 0
18580 18580 1 1 989767 0
1 1 18581 18581 693882 0
18581 18581 1 1 989843 0
1 1 18582 18582 693936 0
18582 18582 1 1 989919 0
1 1 18583 18583 693990 0
18583 18583 1 1 989995 0
1 1 18584 18584 694044 0
18584 18584 1 1 990071 0
1 1 18585 18585 694098 0
18585 18585 1 1 990147 0
1 1 18586 18586 694152 0
18586 18586 1 1 990223 0
1 1 18587 18587 694206 0
18587 18587 1 1 990299 0
1 1 18588 18588 694260 0
18588 18588 1 1 990375 0
1 1 18589 18589 694314 0
18589 18589 1 1 990451 0
1 1 18590 18590 694368 0
18590 18590 1 1 990527 0
1 1 18591 18591 694422 0
18591 18591 1 1 990603 0
1 1 18592 18592 694476 0
18592 18592 1 1 990679 0
1 1 18593 18593 694530 0
18593 18593 1 1 990755 0
1 1 18594 18594 694584 0
18594 18594 1 1 990831 0
1 1 18595 18595 694638 0
18595 18595 1 1 990907 0
1 1 18596 18596 694692 0
18596 18596 1 1 990983 0
1 1 18597 18597 694746 0
18597 18597 1 1 991059 0
1 1 18598 18598 694800 0
18598 18598 1 1 991135 0
1 1 18599 18599 694854 0
18599 18599 1 1 991211 0
1 1 18600 18600 694908 0
18600 18600 1 1 991287 0
1 1 18601 18601 694962 0
18601 18601 1 1 989316 0
1 1 18602 18602 695016 0
18602 18602 1 1 989392 0
1 1 18603 18603 695070 0
18603 18603 1 1 989468 0
1 1 18604 18604 695124 0
18604 18604 1 1 989544 0
1 1 18605 18605 695178 0
18605 18605 1 1 989620 0
1 1 18606 18606 695232 0
18606 18606 1 1 989696 0
1 1 18607 18607 695286 0
18607 18607 1 1 989772 0
1 1 18608 18608 695340 0
18608 18608 1 1 989848 0
1 1 18609 18609 695394 0
18609 18609 1 1 989924 0
1 1 18610 18610 695448 0
18610 18610 1 1 990000 0
1 1 18611 18611 695502 0
18611 18611 1 1 990076 0
1 1 18612 18612 695556 0
18612 18612 1 1 990152 0
1 1 18613 18613 695610 0
18613 18613 1 1 990228 0
1 1 18614 18614 695664 0
18614 18614 1 1 990304 0
1 1 18615 18615 695718 0
18615 18615 1 1 990380 0
1 1 18616 18616 695772 0
18616 18616 1 1 990456 0
1 1 18617 18617 695826 0
18617 18617 1 1 990532 0
1 1 18618 18618 695880 0
18618 18618 1 1 990608 0
1 1 18619 18619 695934 0
18619 18619 1 1 990684 0
1 1 18620 18620 695988 0
18620 18620 1 1 990760 0
1 1 18621 18621 696042 0
18621 18621 1 1 990836 0
1 1 18622 18622 696096 0
18622 18622 1 1 990912 0
1 1 18623 18623 696150 0
18623 18623 1 1 990988 0
1 1 18624 18624 694555 0
18624 18624 1 1 991064 0
1 1 18625 18625 694609 0
18625 18625 1 1 991140 0
1 1 18626 18626 694663 0
18626 18626 1 1 991216 0
1 1 18627 18627 694717 0
18627 18627 1 1 991292 0
1 1 18628 18628 694771 0
18628 18628 1 1 991368 0
1 1 18629 18629 694825 0
18629 18629 1 1 991444 0
1 1 18630 18630 694879 0
18630 18630 1 1 991520 0
1 1 18631 18631 694933 0
18631 18631 1 1 991596 0
1 1 18632 18632 694987 0
18632 18632 1 1 991672 0
1 1 18633 18633 695041 0
18633 18633 1 1 991748 0
1 1 18634 18634 695095 0
18634 18634 1 1 991824 0
1 1 18635 18635 695149 0
18635 18635 1 1 991900 0
1 1 18636 18636 695203 0
18636 18636 1 1 991976 0
1 1 18637 18637 695257 0
18637 18637 1 1 992052 0
1 1 18638 18638 695311 0
18638 18638 1 1 992128 0
1 1 18639 18639 695365 0
18639 18639 1 1 992204 0
1 1 18640 18640 695419 0
18640 18640 1 1 992280 0
1 1 18641 18641 695473 0
18641 18641 1 1 992356 0
1 1 18642 18642 695527 0
18642 18642 1 1 992432 0
1 1 18643 18643 695581 0
18643 18643 1 1 992508 0
1 1 18644 18644 695635 0
18644 18644 1 1 992584 0
1 1 18645 18645 695689 0
18645 18645 1 1 992660 0
1 1 18646 18646 695743 0
18646 18646 1 1 992736 0
1 1 18647 18647 695797 0
18647 18647 1 1 992812 0
1 1 18648 18648 695851 0
18648 18648 1 1 992888 0
1 1 18649 18649 695905 0
18649 18649 1 1 992964 0
1 1 18650 18650 695959 0
18650 18650 1 1 993040 0
1 1 18651 18651 696013 0
18651 18651 1 1 993116 0
1 1 18652 18652 696067 0
18652 18652 1 1 993192 0
1 1 18653 18653 696121 0
18653 18653 1 1 993268 0
1 1 18654 18654 696175 0
18654 18654 1 1 993344 0
1 1 18655 18655 696229 0
18655 18655 1 1 993420 0
1 1 18656 18656 696283 0
18656 18656 1 1 993496 0
1 1 18657 18657 696337 0
18657 18657 1 1 993572 0
1 1 18658 18658 696391 0
18658 18658 1 1 993648 0
1 1 18659 18659 696445 0
18659 18659 1 1 993724 0
1 1 18660 18660 696499 0
18660 18660 1 1 993800 0
1 1 18661 18661 696553 0
18661 18661 1 1 993876 0
1 1 18662 18662 696607 0
18662 18662 1 1 993952 0
1 1 18663 18663 696661 0
18663 18663 1 1 994028 0
1 1 18664 18664 696715 0
18664 18664 1 1 994104 0
1 1 18665 18665 696769 0
18665 18665 1 1 994180 0
1 1 18666 18666 696823 0
18666 18666 1 1 994256 0
1 1 18667 18667 696877 0
18667 18667 1 1 994332 0
1 1 18668 18668 696931 0
18668 18668 1 1 994408 0
1 1 18669 18669 696985 0
18669 18669 1 1 994484 0
1 1 18670 18670 697039 0
18670 18670 1 1 994560 0
1 1 18671 18671 697093 0
18671 18671 1 1 994636 0
1 1 18672 18672 697147 0
18672 18672 1 1 994712 0
1 1 18673 18673 697201 0
18673 18673 1 1 994788 0
1 1 18674 18674 697255 0
18674 18674 1 1 994864 0
1 1 18675 18675 697309 0
18675 18675 1 1 994940 0
1 1 18676 18676 697363 0
18676 18676 1 1 995016 0
1 1 18677 18677 697417 0
18677 18677 1 1 995092 0
1 1 18678 18678 697471 0
18678 18678 1 1 995168 0
1 1 18679 18679 697525 0
18679 18679 1 1 995244 0
1 1 18680 18680 697579 0
18680 18680 1 1 995320 0
1 1 18681 18681 697633 0
18681 18681 1 1 995396 0
1 1 18682 18682 697687 0
18682 18682 1 1 995472 0
1 1 18683 18683 697741 0
18683 18683 1 1 995548 0
1 1 18684 18684 697795 0
18684 18684 1 1 995624 0
1 1 18685 18685 697849 0
18685 18685 1 1 995700 0
1 1 18686 18686 697903 0
18686 18686 1 1 995776 0
1 1 18687 18687 697957 0
18687 18687 1 1 995852 0
1 1 18688 18688 698011 0
18688 18688 1 1 995928 0
1 1 18689 18689 698065 0
18689 18689 1 1 996004 0
1 1 18690 18690 698119 0
18690 18690 1 1 994033 0
1 1 18691 18691 698173 0
18691 18691 1 1 994109 0
1 1 18692 18692 698227 0
18692 18692 1 1 994185 0
1 1 18693 18693 698281 0
18693 18693 1 1 994261 0
1 1 18694 18694 698335 0
18694 18694 1 1 994337 0
1 1 18695 18695 698389 0
18695 18695 1 1 994413 0
1 1 18696 18696 698443 0
18696 18696 1 1 994489 0
1 1 18697 18697 698497 0
18697 18697 1 1 994565 0
1 1 18698 18698 698551 0
18698 18698 1 1 994641 0
1 1 18699 18699 698605 0
18699 18699 1 1 994717 0
1 1 18700 18700 698659 0
18700 18700 1 1 994793 0
1 1 18701 18701 698713 0
18701 18701 1 1 994869 0
1 1 18702 18702 698767 0
18702 18702 1 1 994945 0
1 1 18703 18703 698821 0
18703 18703 1 1 995021 0
1 1 18704 18704 698875 0
18704 18704 1 1 995097 0
1 1 18705 18705 698929 0
18705 18705 1 1 995173 0
1 1 18706 18706 698983 0
18706 18706 1 1 995249 0
1 1 18707 18707 699037 0
18707 18707 1 1 995325 0
1 1 18708 18708 699091 0
18708 18708 1 1 995401 0
1 1 18709 18709 699145 0
18709 18709 1 1 995477 0
1 1 18710 18710 699199 0
18710 18710 1 1 995553 0
1 1 18711 18711 699253 0
18711 18711 1 1 995629 0
1 1 18712 18712 699307 0
18712 18712 1 1 995705 0
1 1 18713 18713 699361 0
18713 18713 1 1 995781 0
1 1 18714 18714 699415 0
18714 18714 1 1 995857 0
1 1 18715 18715 699469 0
18715 18715 1 1 995933 0
1 1 18716 18716 699523 0
18716 18716 1 1 996009 0
1 1 18717 18717 699577 0
18717 18717 1 1 996085 0
1 1 18718 18718 699631 0
18718 18718 1 1 996161 0
1 1 18719 18719 699685 0
18719 18719 1 1 996237 0
1 1 18720 18720 699739 0
18720 18720 1 1 996313 0
1 1 18721 18721 698144 0
18721 18721 1 1 996389 0
1 1 18722 18722 698198 0
18722 18722 1 1 996465 0
1 1 18723 18723 698252 0
18723 18723 1 1 996541 0
1 1 18724 18724 698306 0
18724 18724 1 1 996617 0
1 1 18725 18725 698360 0
18725 18725 1 1 996693 0
1 1 18726 18726 698414 0
18726 18726 1 1 996769 0
1 1 18727 18727 698468 0
18727 18727 1 1 996845 0
1 1 18728 18728 698522 0
18728 18728 1 1 996921 0
1 1 18729 18729 698576 0
18729 18729 1 1 996997 0
1 1 18730 18730 698630 0
18730 18730 1 1 997073 0
1 1 18731 18731 698684 0
18731 18731 1 1 997149 0
1 1 18732 18732 698738 0
18732 18732 1 1 997225 0
1 1 18733 18733 698792 0
18733 18733 1 1 997301 0
1 1 18734 18734 698846 0
18734 18734 1 1 997377 0
1 1 18735 18735 698900 0
18735 18735 1 1 997453 0
1 1 18736 18736 698954 0
18736 18736 1 1 997529 0
1 1 18737 18737 699008 0
18737 18737 1 1 997605 0
1 1 18738 18738 699062 0
18738 18738 1 1 997681 0
1 1 18739 18739 699116 0
18739 18739 1 1 997757 0
1 1 18740 18740 699170 0
18740 18740 1 1 997833 0
1 1 18741 18741 699224 0
18741 18741 1 1 997909 0
1 1 18742 18742 699278 0
18742 18742 1 1 997985 0
1 1 18743 18743 699332 0
18743 18743 1 1 998061 0
1 1 18744 18744 699386 0
18744 18744 1 1 998137 0
1 1 18745 18745 699440 0
18745 18745 1 1 998213 0
1 1 18746 18746 699494 0
18746 18746 1 1 998289 0
1 1 18747 18747 699548 0
18747 18747 1 1 998365 0
1 1 18748 18748 699602 0
18748 18748 1 1 998441 0
1 1 18749 18749 699656 0
18749 18749 1 1 998517 0
1 1 18750 18750 699710 0
18750 18750 1 1 998593 0
1 1 18751 18751 699764 0
18751 18751 1 1 998669 0
1 1 18752 18752 699818 0
18752 18752 1 1 998745 0
1 1 18753 18753 699872 0
18753 18753 1 1 998821 0
1 1 18754 18754 699926 0
18754 18754 1 1 998897 0
1 1 18755 18755 699980 0
18755 18755 1 1 998973 0
1 1 18756 18756 700034 0
18756 18756 1 1 999049 0
1 1 18757 18757 700088 0
18757 18757 1 1 999125 0
1 1 18758 18758 700142 0
18758 18758 1 1 999201 0
1 1 18759 18759 700196 0
18759 18759 1 1 999277 0
1 1 18760 18760 700250 0
18760 18760 1 1 999353 0
1 1 18761 18761 700304 0
18761 18761 1 1 999429 0
1 1 18762 18762 700358 0
18762 18762 1 1 999505 0
1 1 18763 18763 700412 0
18763 18763 1 1 999581 0
1 1 18764 18764 700466 0
18764 18764 1 1 999657 0
1 1 18765 18765 700520 0
18765 18765 1 1 999733 0
1 1 18766 18766 700574 0
18766 18766 1 1 999809 0
1 1 18767 18767 700628 0
18767 18767 1 1 999885 0
1 1 18768 18768 700682 0
18768 18768 1 1 999961 0
1 1 18769 18769 700736 0
18769 18769 1 1 37 0
1 1 18770 18770 700790 0
18770 18770 1 1 113 0
1 1 18771 18771 700844 0
18771 18771 1 1 189 0
1 1 18772 18772 700898 0
18772 18772 1 1 265 0
1 1 18773 18773 700952 0
18773 18773 1 1 341 0
1 1 18774 18774 701006 0
18774 18774 1 1 417 0
1 1 18775 18775 701060 0
18775 18775 1 1 493 0
1 1 18776 18776 701114 0
18776 18776 1 1 569 0
1 1 18777 18777 701168 0
18777 18777 1 1 645 0
1 1 18778 18778 701222 0
18778 18778 1 1 721 0
1 1 18779 18779 701276 0
18779 18779 1 1 998750 0
1 1 18780 18780 701330 0
18780 18780 1 1 998826 0
1 1 18781 18781 701384 0
18781 18781 1 1 998902 0
1 1 18782 18782 701438 0
18782 18782 1 1 998978 0
1 1 18783 18783 701492 0
18783 18783 1 1 999054 0
1 1 18784 18784 701546 0
18784 18784 1 1 999130 0
1 1 18785 18785 701600 0
18785 18785 1 1 999206 0
1 1 18786 18786 701654 0
18786 18786 1 1 999282 0
1 1 18787 18787 701708 0
18787 18787 1 1 999358 0
1 1 18788 18788 701762 0
18788 18788 1 1 999434 0
1 1 18789 18789 701816 0
18789 18789 1 1 999510 0
1 1 18790 18790 701870 0
18790 18790 1 1 999586 0
1 1 18791 18791 701924 0
18791 18791 1 1 999662 0
1 1 18792 18792 701978 0
18792 18792 1 1 999738 0
1 1 18793 18793 702032 0
18793 18793 1 1 999814 0
1 1 18794 18794 702086 0
18794 18794 1 1 999890 0
1 1 18795 18795 702140 0
18795 18795 1 1 999966 0
1 1 18796 18796 702194 0
18796 18796 1 1 42 0
1 1 18797 18797 702248 0
18797 18797 1 1 118 0
1 1 18798 18798 702302 0
18798 18798 1 1 194 0
1 1 18799 18799 702356 0
18799 18799 1 1 270 0
1 1 18800 18800 702410 0
18800 18800 1 1 346 0
1 1 18801 18801 702464 0
18801 18801 1 1 422 0
1 1 18802 18802 702518 0
18802 18802 1 1 498 0
1 1 18803 18803 702572 0
18803 18803 1 1 574 0
1 1 18804 18804 702626 0
18804 18804 1 1 650 0
1 1 18805 18805 702680 0
18805 18805 1 1 726 0
1 1 18806 18806 702734 0
18806 18806 1 1 802 0
1 1 18807 18807 702788 0
18807 18807 1 1 878 0
1 1 18808 18808 702842 0
18808 18808 1 1 954 0
1 1 18809 18809 702896 0
18809 18809 1 1 1030 0
1 1 18810 18810 702950 0
18810 18810 1 1 1106 0
1 1 18811 18811 703004 0
18811 18811 1 1 1182 0
1 1 18812 18812 703058 0
18812 18812 1 1 1258 0
1 1 18813 18813 703112 0
18813 18813 1 1 1334 0
1 1 18814 18814 703166 0
18814 18814 1 1 1410 0
1 1 18815 18815 703220 0
18815 18815 1 1 1486 0
1 1 18816 18816 703274 0
18816 18816 1 1 1562 0
1 1 18817 18817 703328 0
18817 18817 1 1 1638 0
1 1 18818 18818 701733 0
18818 18818 1 1 1714 0
1 1 18819 18819 701787 0
18819 18819 1 1 1790 0
1 1 18820 18820 701841 0
18820 18820 1 1 1866 0
1 1 18821 18821 701895 0
18821 18821 1 1 1942 0
1 1 18822 18822 701949 0
18822 18822 1 1 2018 0
1 1 18823 18823 702003 0
18823 18823 1 1 2094 0
1 1 18824 18824 702057 0
18824 18824 1 1 2170 0
1 1 18825 18825 702111 0
18825 18825 1 1 2246 0
1 1 18826 18826 702165 0
18826 18826 1 1 2322 0
1 1 18827 18827 702219 0
18827 18827 1 1 2398 0
1 1 18828 18828 702273 0
18828 18828 1 1 2474 0
1 1 18829 18829 702327 0
18829 18829 1 1 2550 0
1 1 18830 18830 702381 0
18830 18830 1 1 2626 0
1 1 18831 18831 702435 0
18831 18831 1 1 2702 0
1 1 18832 18832 702489 0
18832 18832 1 1 2778 0
1 1 18833 18833 702543 0
18833 18833 1 1 2854 0
1 1 18834 18834 702597 0
18834 18834 1 1 2930 0
1 1 18835 18835 702651 0
18835 18835 1 1 3006 0
1 1 18836 18836 702705 0
18836 18836 1 1 3082 0
1 1 18837 18837 702759 0
18837 18837 1 1 3158 0
1 1 18838 18838 702813 0
18838 18838 1 1 3234 0
1 1 18839 18839 702867 0
18839 18839 1 1 3310 0
1 1 18840 18840 702921 0
18840 18840 1 1 3386 0
1 1 18841 18841 702975 0
18841 18841 1 1 3462 0
1 1 18842 18842 703029 0
18842 18842 1 1 3538 0
1 1 18843 18843 703083 0
18843 18843 1 1 3614 0
1 1 18844 18844 703137 0
18844 18844 1 1 3690 0
1 1 18845 18845 703191 0
18845 18845 1 1 3766 0
1 1 18846 18846 703245 0
18846 18846 1 1 3842 0
1 1 18847 18847 703299 0
18847 18847 1 1 3918 0
1 1 18848 18848 703353 0
18848 18848 1 1 3994 0
1 1 18849 18849 703407 0
18849 18849 1 1 4070 0
1 1 18850 18850 703461 0
18850 18850 1 1 4146 0
1 1 18851 18851 703515 0
18851 18851 1 1 4222 0
1 1 18852 18852 703569 0
18852 18852 1 1 4298 0
1 1 18853 18853 703623 0
18853 18853 1 1 4374 0
1 1 18854 18854 703677 0
18854 18854 1 1 4450 0
1 1 18855 18855 703731 0
18855 18855 1 1 4526 0
1 1 18856 18856 703785 0
18856 18856 1 1 4602 0
1 1 18857 18857 703839 0
18857 18857 1 1 4678 0
1 1 18858 18858 703893 0
18858 18858 1 1 4754 0
1 1 18859 18859 703947 0
18859 18859 1 1 4830 0
1 1 18860 18860 704001 0
18860 18860 1 1 4906 0
1 1 18861 18861 704055 0
18861 18861 1 1 4982 0
1 1 18862 18862 704109 0
18862 18862 1 1 5058 0
1 1 18863 18863 704163 0
18863 18863 1 1 5134 0
1 1 18864 18864 704217 0
18864 18864 1 1 5210 0
1 1 18865 18865 704271 0
18865 18865 1 1 5286 0
1 1 18866 18866 704325 0
18866 18866 1 1 5362 0
1 1 18867 18867 704379 0
18867 18867 1 1 5438 0
1 1 18868 18868 704433 0
18868 18868 1 1 3467 0
1 1 18869 18869 704487 0
18869 18869 1 1 3543 0
1 1 18870 18870 704541 0
18870 18870 1 1 3619 0
1 1 18871 18871 704595 0
18871 18871 1 1 3695 0
1 1 18872 18872 704649 0
18872 18872 1 1 3771 0
1 1 18873 18873 704703 0
18873 18873 1 1 3847 0
1 1 18874 18874 704757 0
18874 18874 1 1 3923 0
1 1 18875 18875 704811 0
18875 18875 1 1 3999 0
1 1 18876 18876 704865 0
18876 18876 1 1 4075 0
1 1 18877 18877 704919 0
18877 18877 1 1 4151 0
1 1 18878 18878 704973 0
18878 18878 1 1 4227 0
1 1 18879 18879 705027 0
18879 18879 1 1 4303 0
1 1 18880 18880 705081 0
18880 18880 1 1 4379 0
1 1 18881 18881 705135 0
18881 18881 1 1 4455 0
1 1 18882 18882 705189 0
18882 18882 1 1 4531 0
1 1 18883 18883 705243 0
18883 18883 1 1 4607 0
1 1 18884 18884 705297 0
18884 18884 1 1 4683 0
1 1 18885 18885 705351 0
18885 18885 1 1 4759 0
1 1 18886 18886 705405 0
18886 18886 1 1 4835 0
1 1 18887 18887 705459 0
18887 18887 1 1 4911 0
1 1 18888 18888 705513 0
18888 18888 1 1 4987 0
1 1 18889 18889 705567 0
18889 18889 1 1 5063 0
1 1 18890 18890 705621 0
18890 18890 1 1 5139 0
1 1 18891 18891 705675 0
18891 18891 1 1 5215 0
1 1 18892 18892 705729 0
18892 18892 1 1 5291 0
1 1 18893 18893 705783 0
18893 18893 1 1 5367 0
1 1 18894 18894 705837 0
18894 18894 1 1 5443 0
1 1 18895 18895 705891 0
18895 18895 1 1 5519 0
1 1 18896 18896 705945 0
18896 18896 1 1 5595 0
1 1 18897 18897 705999 0
18897 18897 1 1 5671 0
1 1 18898 18898 706053 0
18898 18898 1 1 5747 0
1 1 18899 18899 706107 0
18899 18899 1 1 5823 0
1 1 18900 18900 706161 0
18900 18900 1 1 5899 0
1 1 18901 18901 706215 0
18901 18901 1 1 5975 0
1 1 18902 18902 706269 0
18902 18902 1 1 6051 0
1 1 18903 18903 706323 0
18903 18903 1 1 6127 0
1 1 18904 18904 706377 0
18904 18904 1 1 6203 0
1 1 18905 18905 706431 0
18905 18905 1 1 6279 0
1 1 18906 18906 706485 0
18906 18906 1 1 6355 0
1 1 18907 18907 706539 0
18907 18907 1 1 6431 0
1 1 18908 18908 706593 0
18908 18908 1 1 6507 0
1 1 18909 18909 706647 0
18909 18909 1 1 6583 0
1 1 18910 18910 706701 0
18910 18910 1 1 6659 0
1 1 18911 18911 706755 0
18911 18911 1 1 6735 0
1 1 18912 18912 706809 0
18912 18912 1 1 6811 0
1 1 18913 18913 706863 0
18913 18913 1 1 6887 0
1 1 18914 18914 706917 0
18914 18914 1 1 6963 0
1 1 18915 18915 705322 0
18915 18915 1 1 7039 0
1 1 18916 18916 705376 0
18916 18916 1 1 7115 0
1 1 18917 18917 705430 0
18917 18917 1 1 7191 0
1 1 18918 18918 705484 0
18918 18918 1 1 7267 0
1 1 18919 18919 705538 0
18919 18919 1 1 7343 0
1 1 18920 18920 705592 0
18920 18920 1 1 7419 0
1 1 18921 18921 705646 0
18921 18921 1 1 7495 0
1 1 18922 18922 705700 0
18922 18922 1 1 7571 0
1 1 18923 18923 705754 0
18923 18923 1 1 7647 0
1 1 18924 18924 705808 0
18924 18924 1 1 7723 0
1 1 18925 18925 705862 0
18925 18925 1 1 7799 0
1 1 18926 18926 705916 0
18926 18926 1 1 7875 0
1 1 18927 18927 705970 0
18927 18927 1 1 7951 0
1 1 18928 18928 706024 0
18928 18928 1 1 8027 0
1 1 18929 18929 706078 0
18929 18929 1 1 8103 0
1 1 18930 18930 706132 0
18930 18930 1 1 8179 0
1 1 18931 18931 706186 0
18931 18931 1 1 8255 0
1 1 18932 18932 706240 0
18932 18932 1 1 8331 0
1 1 18933 18933 706294 0
18933 18933 1 1 8407 0
1 1 18934 18934 706348 0
18934 18934 1 1 8483 0
1 1 18935 18935 706402 0
18935 18935 1 1 8559 0
1 1 18936 18936 706456 0
18936 18936 1 1 8635 0
1 1 18937 18937 706510 0
18937 18937 1 1 8711 0
1 1 18938 18938 706564 0
18938 18938 1 1 8787 0
1 1 18939 18939 706618 0
18939 18939 1 1 8863 0
1 1 18940 18940 706672 0
18940 18940 1 1 8939 0
1 1 18941 18941 706726 0
18941 18941 1 1 9015 0
1 1 18942 18942 706780 0
18942 18942 1 1 9091 0
1 1 18943 18943 706834 0
18943 18943 1 1 9167 0
1 1 18944 18944 706888 0
18944 18944 1 1 9243 0
1 1 18945 18945 706942 0
18945 18945 1 1 9319 0
1 1 18946 18946 706996 0
18946 18946 1 1 9395 0
1 1 18947 18947 707050 0
18947 18947 1 1 9471 0
1 1 18948 18948 707104 0
18948 18948 1 1 9547 0
1 1 18949 18949 707158 0
18949 18949 1 1 9623 0
1 1 18950 18950 707212 0
18950 18950 1 1 9699 0
1 1 18951 18951 707266 0
18951 18951 1 1 9775 0
1 1 18952 18952 707320 0
18952 18952 1 1 9851 0
1 1 18953 18953 707374 0
18953 18953 1 1 9927 0
1 1 18954 18954 707428 0
18954 18954 1 1 10003 0
1 1 18955 18955 707482 0
18955 18955 1 1 10079 0
1 1 18956 18956 707536 0
18956 18956 1 1 10155 0
1 1 18957 18957 707590 0
18957 18957 1 1 8184 0
1 1 18958 18958 707644 0
18958 18958 1 1 8260 0
1 1 18959 18959 707698 0
18959 18959 1 1 8336 0
1 1 18960 18960 707752 0
18960 18960 1 1 8412 0
1 1 18961 18961 707806 0
18961 18961 1 1 8488 0
1 1 18962 18962 707860 0
18962 18962 1 1 8564 0
1 1 18963 18963 707914 0
18963 18963 1 1 8640 0
1 1 18964 18964 707968 0
18964 18964 1 1 8716 0
1 1 18965 18965 708022 0
18965 18965 1 1 8792 0
1 1 18966 18966 708076 0
18966 18966 1 1 8868 0
1 1 18967 18967 708130 0
18967 18967 1 1 8944 0
1 1 18968 18968 708184 0
18968 18968 1 1 9020 0
1 1 18969 18969 708238 0
18969 18969 1 1 9096 0
1 1 18970 18970 708292 0
18970 18970 1 1 9172 0
1 1 18971 18971 708346 0
18971 18971 1 1 9248 0
1 1 18972 18972 708400 0
18972 18972 1 1 9324 0
1 1 18973 18973 708454 0
18973 18973 1 1 9400 0
1 1 18974 18974 708508 0
18974 18974 1 1 9476 0
1 1 18975 18975 708562 0
18975 18975 1 1 9552 0
1 1 18976 18976 708616 0
18976 18976 1 1 9628 0
1 1 18977 18977 708670 0
18977 18977 1 1 9704 0
1 1 18978 18978 708724 0
18978 18978 1 1 9780 0
1 1 18979 18979 708778 0
18979 18979 1 1 9856 0
1 1 18980 18980 708832 0
18980 18980 1 1 9932 0
1 1 18981 18981 708886 0
18981 18981 1 1 10008 0
1 1 18982 18982 708940 0
18982 18982 1 1 10084 0
1 1 18983 18983 708994 0
18983 18983 1 1 10160 0
1 1 18984 18984 709048 0
18984 18984 1 1 10236 0
1 1 18985 18985 709102 0
18985 18985 1 1 10312 0
1 1 18986 18986 709156 0
18986 18986 1 1 10388 0
1 1 18987 18987 709210 0
18987 18987 1 1 10464 0
1 1 18988 18988 709264 0
18988 18988 1 1 10540 0
1 1 18989 18989 709318 0
18989 18989 1 1 10616 0
1 1 18990 18990 709372 0
18990 18990 1 1 10692 0
1 1 18991 18991 709426 0
18991 18991 1 1 10768 0
1 1 18992 18992 709480 0
18992 18992 1 1 10844 0
1 1 18993 18993 709534 0
18993 18993 1 1 10920 0
1 1 18994 18994 709588 0
18994 18994 1 1 10996 0
1 1 18995 18995 709642 0
18995 18995 1 1 11072 0
1 1 18996 18996 709696 0
18996 18996 1 1 11148 0
1 1 18997 18997 709750 0
18997 18997 1 1 11224 0
1 1 18998 18998 709804 0
18998 18998 1 1 11300 0
1 1 18999 18999 709858 0
18999 18999 1 1 11376 0
1 1 19000 19000 709912 0
19000 19000 1 1 11452 0
1 1 19001 19001 709966 0
19001 19001 1 1 11528 0
1 1 19002 19002 710020 0
19002 19002 1 1 11604 0
1 1 19003 19003 710074 0
19003 19003 1 1 11680 0
1 1 19004 19004 710128 0
19004 19004 1 1 11756 0
1 1 19005 19005 710182 0
19005 19005 1 1 11832 0
1 1 19006 19006 710236 0
19006 19006 1 1 11908 0
1 1 19007 19007 710290 0
19007 19007 1 1 11984 0
1 1 19008 19008 710344 0
19008 19008 1 1 12060 0
1 1 19009 19009 710398 0
19009 19009 1 1 12136 0
1 1 19010 19010 710452 0
19010 19010 1 1 12212 0
1 1 19011 19011 710506 0
19011 19011 1 1 12288 0
1 1 19012 19012 708911 0
19012 19012 1 1 12364 0
1 1 19013 19013 708965 0
19013 19013 1 1 12440 0
1 1 19014 19014 709019 0
19014 19014 1 1 12516 0
1 1 19015 19015 709073 0
19015 19015 1 1 12592 0
1 1 19016 19016 709127 0
19016 19016 1 1 12668 0
1 1 19017 19017 709181 0
19017 19017 1 1 12744 0
1 1 19018 19018 709235 0
19018 19018 1 1 12820 0
1 1 19019 19019 709289 0
19019 19019 1 1 12896 0
1 1 19020 19020 709343 0
19020 19020 1 1 12972 0
1 1 19021 19021 709397 0
19021 19021 1 1 13048 0
1 1 19022 19022 709451 0
19022 19022 1 1 13124 0
1 1 19023 19023 709505 0
19023 19023 1 1 13200 0
1 1 19024 19024 709559 0
19024 19024 1 1 13276 0
1 1 19025 19025 709613 0
19025 19025 1 1 13352 0
1 1 19026 19026 709667 0
19026 19026 1 1 13428 0
1 1 19027 19027 709721 0
19027 19027 1 1 13504 0
1 1 19028 19028 709775 0
19028 19028 1 1 13580 0
1 1 19029 19029 709829 0
19029 19029 1 1 13656 0
1 1 19030 19030 709883 0
19030 19030 1 1 13732 0
1 1 19031 19031 709937 0
19031 19031 1 1 13808 0
1 1 19032 19032 709991 0
19032 19032 1 1 13884 0
1 1 19033 19033 710045 0
19033 19033 1 1 13960 0
1 1 19034 19034 710099 0
19034 19034 1 1 14036 0
1 1 19035 19035 710153 0
19035 19035 1 1 14112 0
1 1 19036 19036 710207 0
19036 19036 1 1 14188 0
1 1 19037 19037 710261 0
19037 19037 1 1 14264 0
1 1 19038 19038 710315 0
19038 19038 1 1 14340 0
1 1 19039 19039 710369 0
19039 19039 1 1 14416 0
1 1 19040 19040 710423 0
19040 19040 1 1 14492 0
1 1 19041 19041 710477 0
19041 19041 1 1 14568 0
1 1 19042 19042 710531 0
19042 19042 1 1 14644 0
1 1 19043 19043 710585 0
19043 19043 1 1 14720 0
1 1 19044 19044 710639 0
19044 19044 1 1 14796 0
1 1 19045 19045 710693 0
19045 19045 1 1 14872 0
1 1 19046 19046 710747 0
19046 19046 1 1 12901 0
1 1 19047 19047 710801 0
19047 19047 1 1 12977 0
1 1 19048 19048 710855 0
19048 19048 1 1 13053 0
1 1 19049 19049 710909 0
19049 19049 1 1 13129 0
1 1 19050 19050 710963 0
19050 19050 1 1 13205 0
1 1 19051 19051 711017 0
19051 19051 1 1 13281 0
1 1 19052 19052 711071 0
19052 19052 1 1 13357 0
1 1 19053 19053 711125 0
19053 19053 1 1 13433 0
1 1 19054 19054 711179 0
19054 19054 1 1 13509 0
1 1 19055 19055 711233 0
19055 19055 1 1 13585 0
1 1 19056 19056 711287 0
19056 19056 1 1 13661 0
1 1 19057 19057 711341 0
19057 19057 1 1 13737 0
1 1 19058 19058 711395 0
19058 19058 1 1 13813 0
1 1 19059 19059 711449 0
19059 19059 1 1 13889 0
1 1 19060 19060 711503 0
19060 19060 1 1 13965 0
1 1 19061 19061 711557 0
19061 19061 1 1 14041 0
1 1 19062 19062 711611 0
19062 19062 1 1 14117 0
1 1 19063 19063 711665 0
19063 19063 1 1 14193 0
1 1 19064 19064 711719 0
19064 19064 1 1 14269 0
1 1 19065 19065 711773 0
19065 19065 1 1 14345 0
1 1 19066 19066 711827 0
19066 19066 1 1 14421 0
1 1 19067 19067 711881 0
19067 19067 1 1 14497 0
1 1 19068 19068 711935 0
19068 19068 1 1 14573 0
1 1 19069 19069 711989 0
19069 19069 1 1 14649 0
1 1 19070 19070 712043 0
19070 19070 1 1 14725 0
1 1 19071 19071 712097 0
19071 19071 1 1 14801 0
1 1 19072 19072 712151 0
19072 19072 1 1 14877 0
1 1 19073 19073 712205 0
19073 19073 1 1 14953 0
1 1 19074 19074 712259 0
19074 19074 1 1 15029 0
1 1 19075 19075 712313 0
19075 19075 1 1 15105 0
1 1 19076 19076 712367 0
19076 19076 1 1 15181 0
1 1 19077 19077 712421 0
19077 19077 1 1 15257 0
1 1 19078 19078 712475 0
19078 19078 1 1 15333 0
1 1 19079 19079 712529 0
19079 19079 1 1 15409 0
1 1 19080 19080 712583 0
19080 19080 1 1 15485 0
1 1 19081 19081 712637 0
19081 19081 1 1 15561 0
1 1 19082 19082 712691 0
19082 19082 1 1 15637 0
1 1 19083 19083 712745 0
19083 19083 1 1 15713 0
1 1 19084 19084 712799 0
19084 19084 1 1 15789 0
1 1 19085 19085 712853 0
19085 19085 1 1 15865 0
1 1 19086 19086 712907 0
19086 19086 1 1 15941 0
1 1 19087 19087 712961 0
19087 19087 1 1 16017 0
1 1 19088 19088 713015 0
19088 19088 1 1 16093 0
1 1 19089 19089 713069 0
19089 19089 1 1 16169 0
1 1 19090 19090 713123 0
19090 19090 1 1 16245 0
1 1 19091 19091 713177 0
19091 19091 1 1 16321 0
1 1 19092 19092 713231 0
19092 19092 1 1 16397 0
1 1 19093 19093 713285 0
19093 19093 1 1 16473 0
1 1 19094 19094 713339 0
19094 19094 1 1 16549 0
1 1 19095 19095 713393 0
19095 19095 1 1 16625 0
1 1 19096 19096 713447 0
19096 19096 1 1 16701 0
1 1 19097 19097 713501 0
19097 19097 1 1 16777 0
1 1 19098 19098 713555 0
19098 19098 1 1 16853 0
1 1 19099 19099 713609 0
19099 19099 1 1 16929 0
1 1 19100 19100 713663 0
19100 19100 1 1 17005 0
1 1 19101 19101 713717 0
19101 19101 1 1 17081 0
1 1 19102 19102 713771 0
19102 19102 1 1 17157 0
1 1 19103 19103 713825 0
19103 19103 1 1 17233 0
1 1 19104 19104 713879 0
19104 19104 1 1 17309 0
1 1 19105 19105 713933 0
19105 19105 1 1 17385 0
1 1 19106 19106 713987 0
19106 19106 1 1 17461 0
1 1 19107 19107 714041 0
19107 19107 1 1 17537 0
1 1 19108 19108 714095 0
19108 19108 1 1 17613 0
1 1 19109 19109 712500 0
19109 19109 1 1 17689 0
1 1 19110 19110 712554 0
19110 19110 1 1 17765 0
1 1 19111 19111 712608 0
19111 19111 1 1 17841 0
1 1 19112 19112 712662 0
19112 19112 1 1 17917 0
1 1 19113 19113 712716 0
19113 19113 1 1 17993 0
1 1 19114 19114 712770 0
19114 19114 1 1 18069 0
1 1 19115 19115 712824 0
19115 19115 1 1 18145 0
1 1 19116 19116 712878 0
19116 19116 1 1 18221 0
1 1 19117 19117 712932 0
19117 19117 1 1 18297 0
1 1 19118 19118 712986 0
19118 19118 1 1 18373 0
1 1 19119 19119 713040 0
19119 19119 1 1 18449 0
1 1 19120 19120 713094 0
19120 19120 1 1 18525 0
1 1 19121 19121 713148 0
19121 19121 1 1 18601 0
1 1 19122 19122 713202 0
19122 19122 1 1 18677 0
1 1 19123 19123 713256 0
19123 19123 1 1 18753 0
1 1 19124 19124 713310 0
19124 19124 1 1 18829 0
1 1 19125 19125 713364 0
19125 19125 1 1 18905 0
1 1 19126 19126 713418 0
19126 19126 1 1 18981 0
1 1 19127 19127 713472 0
19127 19127 1 1 19057 0
1 1 19128 19128 713526 0
19128 19128 1 1 19133 0
1 1 19129 19129 713580 0
19129 19129 1 1 19209 0
1 1 19130 19130 713634 0
19130 19130 1 1 19285 0
1 1 19131 19131 713688 0
19131 19131 1 1 19361 0
1 1 19132 19132 713742 0
19132 19132 1 1 19437 0
1 1 19133 19133 713796 0
19133 19133 1 1 19513 0
1 1 19134 19134 713850 0
19134 19134 1 1 19589 0
1 1 19135 19135 713904 0
19135 19135 1 1 17618 0
1 1 19136 19136 713958 0
19136 19136 1 1 17694 0
1 1 19137 19137 714012 0
19137 19137 1 1 17770 0
1 1 19138 19138 714066 0
19138 19138 1 1 17846 0
1 1 19139 19139 714120 0
19139 19139 1 1 17922 0
1 1 19140 19140 714174 0
19140 19140 1 1 17998 0
1 1 19141 19141 714228 0
19141 19141 1 1 18074 0
1 1 19142 19142 714282 0
19142 19142 1 1 18150 0
1 1 19143 19143 714336 0
19143 19143 1 1 18226 0
1 1 19144 19144 714390 0
19144 19144 1 1 18302 0
1 1 19145 19145 714444 0
19145 19145 1 1 18378 0
1 1 19146 19146 714498 0
19146 19146 1 1 18454 0
1 1 19147 19147 714552 0
19147 19147 1 1 18530 0
1 1 19148 19148 714606 0
19148 19148 1 1 18606 0
1 1 19149 19149 714660 0
19149 19149 1 1 18682 0
1 1 19150 19150 714714 0
19150 19150 1 1 18758 0
1 1 19151 19151 714768 0
19151 19151 1 1 18834 0
1 1 19152 19152 714822 0
19152 19152 1 1 18910 0
1 1 19153 19153 714876 0
19153 19153 1 1 18986 0
1 1 19154 19154 714930 0
19154 19154 1 1 19062 0
1 1 19155 19155 714984 0
19155 19155 1 1 19138 0
1 1 19156 19156 715038 0
19156 19156 1 1 19214 0
1 1 19157 19157 715092 0
19157 19157 1 1 19290 0
1 1 19158 19158 715146 0
19158 19158 1 1 19366 0
1 1 19159 19159 715200 0
19159 19159 1 1 19442 0
1 1 19160 19160 715254 0
19160 19160 1 1 19518 0
1 1 19161 19161 715308 0
19161 19161 1 1 19594 0
1 1 19162 19162 715362 0
19162 19162 1 1 19670 0
1 1 19163 19163 715416 0
19163 19163 1 1 19746 0
1 1 19164 19164 715470 0
19164 19164 1 1 19822 0
1 1 19165 19165 715524 0
19165 19165 1 1 19898 0
1 1 19166 19166 715578 0
19166 19166 1 1 19974 0
1 1 19167 19167 715632 0
19167 19167 1 1 20050 0
1 1 19168 19168 715686 0
19168 19168 1 1 20126 0
1 1 19169 19169 715740 0
19169 19169 1 1 20202 0
1 1 19170 19170 715794 0
19170 19170 1 1 20278 0
1 1 19171 19171 715848 0
19171 19171 1 1 20354 0
1 1 19172 19172 715902 0
19172 19172 1 1 20430 0
1 1 19173 19173 715956 0
19173 19173 1 1 20506 0
1 1 19174 19174 716010 0
19174 19174 1 1 20582 0
1 1 19175 19175 716064 0
19175 19175 1 1 20658 0
1 1 19176 19176 716118 0
19176 19176 1 1 20734 0
1 1 19177 19177 716172 0
19177 19177 1 1 20810 0
1 1 19178 19178 716226 0
19178 19178 1 1 20886 0
1 1 19179 19179 716280 0
19179 19179 1 1 20962 0
1 1 19180 19180 716334 0
19180 19180 1 1 21038 0
1 1 19181 19181 716388 0
19181 19181 1 1 21114 0
1 1 19182 19182 716442 0
19182 19182 1 1 21190 0
1 1 19183 19183 716496 0
19183 19183 1 1 21266 0
1 1 19184 19184 716550 0
19184 19184 1 1 21342 0
1 1 19185 19185 716604 0
19185 19185 1 1 21418 0
1 1 19186 19186 716658 0
19186 19186 1 1 21494 0
1 1 19187 19187 716712 0
19187 19187 1 1 21570 0
1 1 19188 19188 716766 0
19188 19188 1 1 21646 0
1 1 19189 19189 716820 0
19189 19189 1 1 21722 0
1 1 19190 19190 716874 0
19190 19190 1 1 21798 0
1 1 19191 19191 716928 0
19191 19191 1 1 21874 0
1 1 19192 19192 716982 0
19192 19192 1 1 21950 0
1 1 19193 19193 717036 0
19193 19193 1 1 22026 0
1 1 19194 19194 717090 0
19194 19194 1 1 22102 0
1 1 19195 19195 717144 0
19195 19195 1 1 22178 0
1 1 19196 19196 717198 0
19196 19196 1 1 22254 0
1 1 19197 19197 717252 0
19197 19197 1 1 22330 0
1 1 19198 19198 717306 0
19198 19198 1 1 22406 0
1 1 19199 19199 717360 0
19199 19199 1 1 22482 0
1 1 19200 19200 717414 0
19200 19200 1 1 22558 0
1 1 19201 19201 717468 0
19201 19201 1 1 22634 0
1 1 19202 19202 717522 0
19202 19202 1 1 22710 0
1 1 19203 19203 717576 0
19203 19203 1 1 22786 0
1 1 19204 19204 717630 0
19204 19204 1 1 22862 0
1 1 19205 19205 717684 0
19205 19205 1 1 22938 0
1 1 19206 19206 716089 0
19206 19206 1 1 23014 0
1 1 19207 19207 716143 0
19207 19207 1 1 23090 0
1 1 19208 19208 716197 0
19208 19208 1 1 23166 0
1 1 19209 19209 716251 0
19209 19209 1 1 23242 0
1 1 19210 19210 716305 0
19210 19210 1 1 23318 0
1 1 19211 19211 716359 0
19211 19211 1 1 23394 0
1 1 19212 19212 716413 0
19212 19212 1 1 23470 0
1 1 19213 19213 716467 0
19213 19213 1 1 23546 0
1 1 19214 19214 716521 0
19214 19214 1 1 23622 0
1 1 19215 19215 716575 0
19215 19215 1 1 23698 0
1 1 19216 19216 716629 0
19216 19216 1 1 23774 0
1 1 19217 19217 716683 0
19217 19217 1 1 23850 0
1 1 19218 19218 716737 0
19218 19218 1 1 23926 0
1 1 19219 19219 716791 0
19219 19219 1 1 24002 0
1 1 19220 19220 716845 0
19220 19220 1 1 24078 0
1 1 19221 19221 716899 0
19221 19221 1 1 24154 0
1 1 19222 19222 716953 0
19222 19222 1 1 24230 0
1 1 19223 19223 717007 0
19223 19223 1 1 24306 0
1 1 19224 19224 717061 0
19224 19224 1 1 22335 0
1 1 19225 19225 717115 0
19225 19225 1 1 22411 0
1 1 19226 19226 717169 0
19226 19226 1 1 22487 0
1 1 19227 19227 717223 0
19227 19227 1 1 22563 0
1 1 19228 19228 717277 0
19228 19228 1 1 22639 0
1 1 19229 19229 717331 0
19229 19229 1 1 22715 0
1 1 19230 19230 717385 0
19230 19230 1 1 22791 0
1 1 19231 19231 717439 0
19231 19231 1 1 22867 0
1 1 19232 19232 717493 0
19232 19232 1 1 22943 0
1 1 19233 19233 717547 0
19233 19233 1 1 23019 0
1 1 19234 19234 717601 0
19234 19234 1 1 23095 0
1 1 19235 19235 717655 0
19235 19235 1 1 23171 0
1 1 19236 19236 717709 0
19236 19236 1 1 23247 0
1 1 19237 19237 717763 0
19237 19237 1 1 23323 0
1 1 19238 19238 717817 0
19238 19238 1 1 23399 0
1 1 19239 19239 717871 0
19239 19239 1 1 23475 0
1 1 19240 19240 717925 0
19240 19240 1 1 23551 0
1 1 19241 19241 717979 0
19241 19241 1 1 23627 0
1 1 19242 19242 718033 0
19242 19242 1 1 23703 0
1 1 19243 19243 718087 0
19243 19243 1 1 23779 0
1 1 19244 19244 718141 0
19244 19244 1 1 23855 0
1 1 19245 19245 718195 0
19245 19245 1 1 23931 0
1 1 19246 19246 718249 0
19246 19246 1 1 24007 0
1 1 19247 19247 718303 0
19247 19247 1 1 24083 0
1 1 19248 19248 718357 0
19248 19248 1 1 24159 0
1 1 19249 19249 718411 0
19249 19249 1 1 24235 0
1 1 19250 19250 718465 0
19250 19250 1 1 24311 0
1 1 19251 19251 718519 0
19251 19251 1 1 24387 0
1 1 19252 19252 718573 0
19252 19252 1 1 24463 0
1 1 19253 19253 718627 0
19253 19253 1 1 24539 0
1 1 19254 19254 718681 0
19254 19254 1 1 24615 0
1 1 19255 19255 718735 0
19255 19255 1 1 24691 0
1 1 19256 19256 718789 0
19256 19256 1 1 24767 0
1 1 19257 19257 718843 0
19257 19257 1 1 24843 0
1 1 19258 19258 718897 0
19258 19258 1 1 24919 0
1 1 19259 19259 718951 0
19259 19259 1 1 24995 0
1 1 19260 19260 719005 0
19260 19260 1 1 25071 0
1 1 19261 19261 719059 0
19261 19261 1 1 25147 0
1 1 19262 19262 719113 0
19262 19262 1 1 25223 0
1 1 19263 19263 719167 0
19263 19263 1 1 25299 0
1 1 19264 19264 719221 0
19264 19264 1 1 25375 0
1 1 19265 19265 719275 0
19265 19265 1 1 25451 0
1 1 19266 19266 719329 0
19266 19266 1 1 25527 0
1 1 19267 19267 719383 0
19267 19267 1 1 25603 0
1 1 19268 19268 719437 0
19268 19268 1 1 25679 0
1 1 19269 19269 719491 0
19269 19269 1 1 25755 0
1 1 19270 19270 719545 0
19270 19270 1 1 25831 0
1 1 19271 19271 719599 0
19271 19271 1 1 25907 0
1 1 19272 19272 719653 0
19272 19272 1 1 25983 0
1 1 19273 19273 719707 0
19273 19273 1 1 26059 0
1 1 19274 19274 719761 0
19274 19274 1 1 26135 0
1 1 19275 19275 719815 0
19275 19275 1 1 26211 0
1 1 19276 19276 719869 0
19276 19276 1 1 26287 0
1 1 19277 19277 719923 0
19277 19277 1 1 26363 0
1 1 19278 19278 719977 0
19278 19278 1 1 26439 0
1 1 19279 19279 720031 0
19279 19279 1 1 26515 0
1 1 19280 19280 720085 0
19280 19280 1 1 26591 0
1 1 19281 19281 720139 0
19281 19281 1 1 26667 0
1 1 19282 19282 720193 0
19282 19282 1 1 26743 0
1 1 19283 19283 720247 0
19283 19283 1 1 26819 0
1 1 19284 19284 720301 0
19284 19284 1 1 26895 0
1 1 19285 19285 720355 0
19285 19285 1 1 26971 0
1 1 19286 19286 720409 0
19286 19286 1 1 27047 0
1 1 19287 19287 720463 0
19287 19287 1 1 27123 0
1 1 19288 19288 720517 0
19288 19288 1 1 27199 0
1 1 19289 19289 720571 0
19289 19289 1 1 27275 0
1 1 19290 19290 720625 0
19290 19290 1 1 27351 0
1 1 19291 19291 720679 0
19291 19291 1 1 27427 0
1 1 19292 19292 720733 0
19292 19292 1 1 27503 0
1 1 19293 19293 720787 0
19293 19293 1 1 27579 0
1 1 19294 19294 720841 0
19294 19294 1 1 27655 0
1 1 19295 19295 720895 0
19295 19295 1 1 27731 0
1 1 19296 19296 720949 0
19296 19296 1 1 27807 0
1 1 19297 19297 721003 0
19297 19297 1 1 27883 0
1 1 19298 19298 721057 0
19298 19298 1 1 27959 0
1 1 19299 19299 721111 0
19299 19299 1 1 28035 0
1 1 19300 19300 721165 0
19300 19300 1 1 28111 0
1 1 19301 19301 721219 0
19301 19301 1 1 28187 0
1 1 19302 19302 721273 0
19302 19302 1 1 28263 0
1 1 19303 19303 719678 0
19303 19303 1 1 28339 0
1 1 19304 19304 719732 0
19304 19304 1 1 28415 0
1 1 19305 19305 719786 0
19305 19305 1 1 28491 0
1 1 19306 19306 719840 0
19306 19306 1 1 28567 0
1 1 19307 19307 719894 0
19307 19307 1 1 28643 0
1 1 19308 19308 719948 0
19308 19308 1 1 28719 0
1 1 19309 19309 720002 0
19309 19309 1 1 28795 0
1 1 19310 19310 720056 0
19310 19310 1 1 28871 0
1 1 19311 19311 720110 0
19311 19311 1 1 28947 0
1 1 19312 19312 720164 0
19312 19312 1 1 29023 0
1 1 19313 19313 720218 0
19313 19313 1 1 27052 0
1 1 19314 19314 720272 0
19314 19314 1 1 27128 0
1 1 19315 19315 720326 0
19315 19315 1 1 27204 0
1 1 19316 19316 720380 0
19316 19316 1 1 27280 0
1 1 19317 19317 720434 0
19317 19317 1 1 27356 0
1 1 19318 19318 720488 0
19318 19318 1 1 27432 0
1 1 19319 19319 720542 0
19319 19319 1 1 27508 0
1 1 19320 19320 720596 0
19320 19320 1 1 27584 0
1 1 19321 19321 720650 0
19321 19321 1 1 27660 0
1 1 19322 19322 720704 0
19322 19322 1 1 27736 0
1 1 19323 19323 720758 0
19323 19323 1 1 27812 0
1 1 19324 19324 720812 0
19324 19324 1 1 27888 0
1 1 19325 19325 720866 0
19325 19325 1 1 27964 0
1 1 19326 19326 720920 0
19326 19326 1 1 28040 0
1 1 19327 19327 720974 0
19327 19327 1 1 28116 0
1 1 19328 19328 721028 0
19328 19328 1 1 28192 0
1 1 19329 19329 721082 0
19329 19329 1 1 28268 0
1 1 19330 19330 721136 0
19330 19330 1 1 28344 0
1 1 19331 19331 721190 0
19331 19331 1 1 28420 0
1 1 19332 19332 721244 0
19332 19332 1 1 28496 0
1 1 19333 19333 721298 0
19333 19333 1 1 28572 0
1 1 19334 19334 721352 0
19334 19334 1 1 28648 0
1 1 19335 19335 721406 0
19335 19335 1 1 28724 0
1 1 19336 19336 721460 0
19336 19336 1 1 28800 0
1 1 19337 19337 721514 0
19337 19337 1 1 28876 0
1 1 19338 19338 721568 0
19338 19338 1 1 28952 0
1 1 19339 19339 721622 0
19339 19339 1 1 29028 0
1 1 19340 19340 721676 0
19340 19340 1 1 29104 0
1 1 19341 19341 721730 0
19341 19341 1 1 29180 0
1 1 19342 19342 721784 0
19342 19342 1 1 29256 0
1 1 19343 19343 721838 0
19343 19343 1 1 29332 0
1 1 19344 19344 721892 0
19344 19344 1 1 29408 0
1 1 19345 19345 721946 0
19345 19345 1 1 29484 0
1 1 19346 19346 722000 0
19346 19346 1 1 29560 0
1 1 19347 19347 722054 0
19347 19347 1 1 29636 0
1 1 19348 19348 722108 0
19348 19348 1 1 29712 0
1 1 19349 19349 722162 0
19349 19349 1 1 29788 0
1 1 19350 19350 722216 0
19350 19350 1 1 29864 0
1 1 19351 19351 722270 0
19351 19351 1 1 29940 0
1 1 19352 19352 722324 0
19352 19352 1 1 30016 0
1 1 19353 19353 722378 0
19353 19353 1 1 30092 0
1 1 19354 19354 722432 0
19354 19354 1 1 30168 0
1 1 19355 19355 722486 0
19355 19355 1 1 30244 0
1 1 19356 19356 722540 0
19356 19356 1 1 30320 0
1 1 19357 19357 722594 0
19357 19357 1 1 30396 0
1 1 19358 19358 722648 0
19358 19358 1 1 30472 0
1 1 19359 19359 722702 0
19359 19359 1 1 30548 0
1 1 19360 19360 722756 0
19360 19360 1 1 30624 0
1 1 19361 19361 722810 0
19361 19361 1 1 30700 0
1 1 19362 19362 722864 0
19362 19362 1 1 30776 0
1 1 19363 19363 722918 0
19363 19363 1 1 30852 0
1 1 19364 19364 722972 0
19364 19364 1 1 30928 0
1 1 19365 19365 723026 0
19365 19365 1 1 31004 0
1 1 19366 19366 723080 0
19366 19366 1 1 31080 0
1 1 19367 19367 723134 0
19367 19367 1 1 31156 0
1 1 19368 19368 723188 0
19368 19368 1 1 31232 0
1 1 19369 19369 723242 0
19369 19369 1 1 31308 0
1 1 19370 19370 723296 0
19370 19370 1 1 31384 0
1 1 19371 19371 723350 0
19371 19371 1 1 31460 0
1 1 19372 19372 723404 0
19372 19372 1 1 31536 0
1 1 19373 19373 723458 0
19373 19373 1 1 31612 0
1 1 19374 19374 723512 0
19374 19374 1 1 31688 0
1 1 19375 19375 723566 0
19375 19375 1 1 31764 0
1 1 19376 19376 723620 0
19376 19376 1 1 31840 0
1 1 19377 19377 723674 0
19377 19377 1 1 31916 0
1 1 19378 19378 723728 0
19378 19378 1 1 31992 0
1 1 19379 19379 723782 0
19379 19379 1 1 32068 0
1 1 19380 19380 723836 0
19380 19380 1 1 32144 0
1 1 19381 19381 723890 0
19381 19381 1 1 32220 0
1 1 19382 19382 723944 0
19382 19382 1 1 32296 0
1 1 19383 19383 723998 0
19383 19383 1 1 32372 0
1 1 19384 19384 724052 0
19384 19384 1 1 32448 0
1 1 19385 19385 724106 0
19385 19385 1 1 32524 0
1 1 19386 19386 724160 0
19386 19386 1 1 32600 0
1 1 19387 19387 724214 0
19387 19387 1 1 32676 0
1 1 19388 19388 724268 0
19388 19388 1 1 32752 0
1 1 19389 19389 724322 0
19389 19389 1 1 32828 0
1 1 19390 19390 724376 0
19390 19390 1 1 32904 0
1 1 19391 19391 724430 0
19391 19391 1 1 32980 0
1 1 19392 19392 724484 0
19392 19392 1 1 33056 0
1 1 19393 19393 724538 0
19393 19393 1 1 33132 0
1 1 19394 19394 724592 0
19394 19394 1 1 33208 0
1 1 19395 19395 724646 0
19395 19395 1 1 33284 0
1 1 19396 19396 724700 0
19396 19396 1 1 33360 0
1 1 19397 19397 724754 0
19397 19397 1 1 33436 0
1 1 19398 19398 724808 0
19398 19398 1 1 33512 0
1 1 19399 19399 724862 0
19399 19399 1 1 33588 0
1 1 19400 19400 723267 0
19400 19400 1 1 33664 0
1 1 19401 19401 723321 0
19401 19401 1 1 33740 0
1 1 19402 19402 723375 0
19402 19402 1 1 31769 0
1 1 19403 19403 723429 0
19403 19403 1 1 31845 0
1 1 19404 19404 723483 0
19404 19404 1 1 31921 0
1 1 19405 19405 723537 0
19405 19405 1 1 31997 0
1 1 19406 19406 723591 0
19406 19406 1 1 32073 0
1 1 19407 19407 723645 0
19407 19407 1 1 32149 0
1 1 19408 19408 723699 0
19408 19408 1 1 32225 0
1 1 19409 19409 723753 0
19409 19409 1 1 32301 0
1 1 19410 19410 723807 0
19410 19410 1 1 32377 0
1 1 19411 19411 723861 0
19411 19411 1 1 32453 0
1 1 19412 19412 723915 0
19412 19412 1 1 32529 0
1 1 19413 19413 723969 0
19413 19413 1 1 32605 0
1 1 19414 19414 724023 0
19414 19414 1 1 32681 0
1 1 19415 19415 724077 0
19415 19415 1 1 32757 0
1 1 19416 19416 724131 0
19416 19416 1 1 32833 0
1 1 19417 19417 724185 0
19417 19417 1 1 32909 0
1 1 19418 19418 724239 0
19418 19418 1 1 32985 0
1 1 19419 19419 724293 0
19419 19419 1 1 33061 0
1 1 19420 19420 724347 0
19420 19420 1 1 33137 0
1 1 19421 19421 724401 0
19421 19421 1 1 33213 0
1 1 19422 19422 724455 0
19422 19422 1 1 33289 0
1 1 19423 19423 724509 0
19423 19423 1 1 33365 0
1 1 19424 19424 724563 0
19424 19424 1 1 33441 0
1 1 19425 19425 724617 0
19425 19425 1 1 33517 0
1 1 19426 19426 724671 0
19426 19426 1 1 33593 0
1 1 19427 19427 724725 0
19427 19427 1 1 33669 0
1 1 19428 19428 724779 0
19428 19428 1 1 33745 0
1 1 19429 19429 724833 0
19429 19429 1 1 33821 0
1 1 19430 19430 724887 0
19430 19430 1 1 33897 0
1 1 19431 19431 724941 0
19431 19431 1 1 33973 0
1 1 19432 19432 724995 0
19432 19432 1 1 34049 0
1 1 19433 19433 725049 0
19433 19433 1 1 34125 0
1 1 19434 19434 725103 0
19434 19434 1 1 34201 0
1 1 19435 19435 725157 0
19435 19435 1 1 34277 0
1 1 19436 19436 725211 0
19436 19436 1 1 34353 0
1 1 19437 19437 725265 0
19437 19437 1 1 34429 0
1 1 19438 19438 725319 0
19438 19438 1 1 34505 0
1 1 19439 19439 725373 0
19439 19439 1 1 34581 0
1 1 19440 19440 725427 0
19440 19440 1 1 34657 0
1 1 19441 19441 725481 0
19441 19441 1 1 34733 0
1 1 19442 19442 725535 0
19442 19442 1 1 34809 0
1 1 19443 19443 725589 0
19443 19443 1 1 34885 0
1 1 19444 19444 725643 0
19444 19444 1 1 34961 0
1 1 19445 19445 725697 0
19445 19445 1 1 35037 0
1 1 19446 19446 725751 0
19446 19446 1 1 35113 0
1 1 19447 19447 725805 0
19447 19447 1 1 35189 0
1 1 19448 19448 725859 0
19448 19448 1 1 35265 0
1 1 19449 19449 725913 0
19449 19449 1 1 35341 0
1 1 19450 19450 725967 0
19450 19450 1 1 35417 0
1 1 19451 19451 726021 0
19451 19451 1 1 35493 0
1 1 19452 19452 726075 0
19452 19452 1 1 35569 0
1 1 19453 19453 726129 0
19453 19453 1 1 35645 0
1 1 19454 19454 726183 0
19454 19454 1 1 35721 0
1 1 19455 19455 726237 0
19455 19455 1 1 35797 0
1 1 19456 19456 726291 0
19456 19456 1 1 35873 0
1 1 19457 19457 726345 0
19457 19457 1 1 35949 0
1 1 19458 19458 726399 0
19458 19458 1 1 36025 0
1 1 19459 19459 726453 0
19459 19459 1 1 36101 0
1 1 19460 19460 726507 0
19460 19460 1 1 36177 0
1 1 19461 19461 726561 0
19461 19461 1 1 36253 0
1 1 19462 19462 726615 0
19462 19462 1 1 36329 0
1 1 19463 19463 726669 0
19463 19463 1 1 36405 0
1 1 19464 19464 726723 0
19464 19464 1 1 36481 0
1 1 19465 19465 726777 0
19465 19465 1 1 36557 0
1 1 19466 19466 726831 0
19466 19466 1 1 36633 0
1 1 19467 19467 726885 0
19467 19467 1 1 36709 0
1 1 19468 19468 726939 0
19468 19468 1 1 36785 0
1 1 19469 19469 726993 0
19469 19469 1 1 36861 0
1 1 19470 19470 727047 0
19470 19470 1 1 36937 0
1 1 19471 19471 727101 0
19471 19471 1 1 37013 0
1 1 19472 19472 727155 0
19472 19472 1 1 37089 0
1 1 19473 19473 727209 0
19473 19473 1 1 37165 0
1 1 19474 19474 727263 0
19474 19474 1 1 37241 0
1 1 19475 19475 727317 0
19475 19475 1 1 37317 0
1 1 19476 19476 727371 0
19476 19476 1 1 37393 0
1 1 19477 19477 727425 0
19477 19477 1 1 37469 0
1 1 19478 19478 727479 0
19478 19478 1 1 37545 0
1 1 19479 19479 727533 0
19479 19479 1 1 37621 0
1 1 19480 19480 727587 0
19480 19480 1 1 37697 0
1 1 19481 19481 727641 0
19481 19481 1 1 37773 0
1 1 19482 19482 727695 0
19482 19482 1 1 37849 0
1 1 19483 19483 727749 0
19483 19483 1 1 37925 0
1 1 19484 19484 727803 0
19484 19484 1 1 38001 0
1 1 19485 19485 727857 0
19485 19485 1 1 38077 0
1 1 19486 19486 727911 0
19486 19486 1 1 38153 0
1 1 19487 19487 727965 0
19487 19487 1 1 38229 0
1 1 19488 19488 728019 0
19488 19488 1 1 38305 0
1 1 19489 19489 728073 0
19489 19489 1 1 38381 0
1 1 19490 19490 728127 0
19490 19490 1 1 38457 0
1 1 19491 19491 728181 0
19491 19491 1 1 36486 0
1 1 19492 19492 728235 0
19492 19492 1 1 36562 0
1 1 19493 19493 728289 0
19493 19493 1 1 36638 0
1 1 19494 19494 728343 0
19494 19494 1 1 36714 0
1 1 19495 19495 728397 0
19495 19495 1 1 36790 0
1 1 19496 19496 728451 0
19496 19496 1 1 36866 0
1 1 19497 19497 726856 0
19497 19497 1 1 36942 0
1 1 19498 19498 726910 0
19498 19498 1 1 37018 0
1 1 19499 19499 726964 0
19499 19499 1 1 37094 0
1 1 19500 19500 727018 0
19500 19500 1 1 37170 0
1 1 19501 19501 727072 0
19501 19501 1 1 37246 0
1 1 19502 19502 727126 0
19502 19502 1 1 37322 0
1 1 19503 19503 727180 0
19503 19503 1 1 37398 0
1 1 19504 19504 727234 0
19504 19504 1 1 37474 0
1 1 19505 19505 727288 0
19505 19505 1 1 37550 0
1 1 19506 19506 727342 0
19506 19506 1 1 37626 0
1 1 19507 19507 727396 0
19507 19507 1 1 37702 0
1 1 19508 19508 727450 0
19508 19508 1 1 37778 0
1 1 19509 19509 727504 0
19509 19509 1 1 37854 0
1 1 19510 19510 727558 0
19510 19510 1 1 37930 0
1 1 19511 19511 727612 0
19511 19511 1 1 38006 0
1 1 19512 19512 727666 0
19512 19512 1 1 38082 0
1 1 19513 19513 727720 0
19513 19513 1 1 38158 0
1 1 19514 19514 727774 0
19514 19514 1 1 38234 0
1 1 19515 19515 727828 0
19515 19515 1 1 38310 0
1 1 19516 19516 727882 0
19516 19516 1 1 38386 0
1 1 19517 19517 727936 0
19517 19517 1 1 38462 0
1 1 19518 19518 727990 0
19518 19518 1 1 38538 0
1 1 19519 19519 728044 0
19519 19519 1 1 38614 0
1 1 19520 19520 728098 0
19520 19520 1 1 38690 0
1 1 19521 19521 728152 0
19521 19521 1 1 38766 0
1 1 19522 19522 728206 0
19522 19522 1 1 38842 0
1 1 19523 19523 728260 0
19523 19523 1 1 38918 0
1 1 19524 19524 728314 0
19524 19524 1 1 38994 0
1 1 19525 19525 728368 0
19525 19525 1 1 39070 0
1 1 19526 19526 728422 0
19526 19526 1 1 39146 0
1 1 19527 19527 728476 0
19527 19527 1 1 39222 0
1 1 19528 19528 728530 0
19528 19528 1 1 39298 0
1 1 19529 19529 728584 0
19529 19529 1 1 39374 0
1 1 19530 19530 728638 0
19530 19530 1 1 39450 0
1 1 19531 19531 728692 0
19531 19531 1 1 39526 0
1 1 19532 19532 728746 0
19532 19532 1 1 39602 0
1 1 19533 19533 728800 0
19533 19533 1 1 39678 0
1 1 19534 19534 728854 0
19534 19534 1 1 39754 0
1 1 19535 19535 728908 0
19535 19535 1 1 39830 0
1 1 19536 19536 728962 0
19536 19536 1 1 39906 0
1 1 19537 19537 729016 0
19537 19537 1 1 39982 0
1 1 19538 19538 729070 0
19538 19538 1 1 40058 0
1 1 19539 19539 729124 0
19539 19539 1 1 40134 0
1 1 19540 19540 729178 0
19540 19540 1 1 40210 0
1 1 19541 19541 729232 0
19541 19541 1 1 40286 0
1 1 19542 19542 729286 0
19542 19542 1 1 40362 0
1 1 19543 19543 729340 0
19543 19543 1 1 40438 0
1 1 19544 19544 729394 0
19544 19544 1 1 40514 0
1 1 19545 19545 729448 0
19545 19545 1 1 40590 0
1 1 19546 19546 729502 0
19546 19546 1 1 40666 0
1 1 19547 19547 729556 0
19547 19547 1 1 40742 0
1 1 19548 19548 729610 0
19548 19548 1 1 40818 0
1 1 19549 19549 729664 0
19549 19549 1 1 40894 0
1 1 19550 19550 729718 0
19550 19550 1 1 40970 0
1 1 19551 19551 729772 0
19551 19551 1 1 41046 0
1 1 19552 19552 729826 0
19552 19552 1 1 41122 0
1 1 19553 19553 729880 0
19553 19553 1 1 41198 0
1 1 19554 19554 729934 0
19554 19554 1 1 41274 0
1 1 19555 19555 729988 0
19555 19555 1 1 41350 0
1 1 19556 19556 730042 0
19556 19556 1 1 41426 0
1 1 19557 19557 730096 0
19557 19557 1 1 41502 0
1 1 19558 19558 730150 0
19558 19558 1 1 41578 0
1 1 19559 19559 730204 0
19559 19559 1 1 41654 0
1 1 19560 19560 730258 0
19560 19560 1 1 41730 0
1 1 19561 19561 730312 0
19561 19561 1 1 41806 0
1 1 19562 19562 730366 0
19562 19562 1 1 41882 0
1 1 19563 19563 730420 0
19563 19563 1 1 41958 0
1 1 19564 19564 730474 0
19564 19564 1 1 42034 0
1 1 19565 19565 730528 0
19565 19565 1 1 42110 0
1 1 19566 19566 730582 0
19566 19566 1 1 42186 0
1 1 19567 19567 730636 0
19567 19567 1 1 42262 0
1 1 19568 19568 730690 0
19568 19568 1 1 42338 0
1 1 19569 19569 730744 0
19569 19569 1 1 42414 0
1 1 19570 19570 730798 0
19570 19570 1 1 42490 0
1 1 19571 19571 730852 0
19571 19571 1 1 42566 0
1 1 19572 19572 730906 0
19572 19572 1 1 42642 0
1 1 19573 19573 730960 0
19573 19573 1 1 42718 0
1 1 19574 19574 731014 0
19574 19574 1 1 42794 0
1 1 19575 19575 731068 0
19575 19575 1 1 42870 0
1 1 19576 19576 731122 0
19576 19576 1 1 42946 0
1 1 19577 19577 731176 0
19577 19577 1 1 43022 0
1 1 19578 19578 731230 0
19578 19578 1 1 43098 0
1 1 19579 19579 731284 0
19579 19579 1 1 43174 0
1 1 19580 19580 731338 0
19580 19580 1 1 41203 0
1 1 19581 19581 731392 0
19581 19581 1 1 41279 0
1 1 19582 19582 731446 0
19582 19582 1 1 41355 0
1 1 19583 19583 731500 0
19583 19583 1 1 41431 0
1 1 19584 19584 731554 0
19584 19584 1 1 41507 0
1 1 19585 19585 731608 0
19585 19585 1 1 41583 0
1 1 19586 19586 731662 0
19586 19586 1 1 41659 0
1 1 19587 19587 731716 0
19587 19587 1 1 41735 0
1 1 19588 19588 731770 0
19588 19588 1 1 41811 0
1 1 19589 19589 731824 0
19589 19589 1 1 41887 0
1 1 19590 19590 731878 0
19590 19590 1 1 41963 0
1 1 19591 19591 731932 0
19591 19591 1 1 42039 0
1 1 19592 19592 731986 0
19592 19592 1 1 42115 0
1 1 19593 19593 732040 0
19593 19593 1 1 42191 0
1 1 19594 19594 730445 0
19594 19594 1 1 42267 0
1 1 19595 19595 730499 0
19595 19595 1 1 42343 0
1 1 19596 19596 730553 0
19596 19596 1 1 42419 0
1 1 19597 19597 730607 0
19597 19597 1 1 42495 0
1 1 19598 19598 730661 0
19598 19598 1 1 42571 0
1 1 19599 19599 730715 0
19599 19599 1 1 42647 0
1 1 19600 19600 730769 0
19600 19600 1 1 42723 0
1 1 19601 19601 730823 0
19601 19601 1 1 42799 0
1 1 19602 19602 730877 0
19602 19602 1 1 42875 0
1 1 19603 19603 730931 0
19603 19603 1 1 42951 0
1 1 19604 19604 730985 0
19604 19604 1 1 43027 0
1 1 19605 19605 731039 0
19605 19605 1 1 43103 0
1 1 19606 19606 731093 0
19606 19606 1 1 43179 0
1 1 19607 19607 731147 0
19607 19607 1 1 43255 0
1 1 19608 19608 731201 0
19608 19608 1 1 43331 0
1 1 19609 19609 731255 0
19609 19609 1 1 43407 0
1 1 19610 19610 731309 0
19610 19610 1 1 43483 0
1 1 19611 19611 731363 0
19611 19611 1 1 43559 0
1 1 19612 19612 731417 0
19612 19612 1 1 43635 0
1 1 19613 19613 731471 0
19613 19613 1 1 43711 0
1 1 19614 19614 731525 0
19614 19614 1 1 43787 0
1 1 19615 19615 731579 0
19615 19615 1 1 43863 0
1 1 19616 19616 731633 0
19616 19616 1 1 43939 0
1 1 19617 19617 731687 0
19617 19617 1 1 44015 0
1 1 19618 19618 731741 0
19618 19618 1 1 44091 0
1 1 19619 19619 731795 0
19619 19619 1 1 44167 0
1 1 19620 19620 731849 0
19620 19620 1 1 44243 0
1 1 19621 19621 731903 0
19621 19621 1 1 44319 0
1 1 19622 19622 731957 0
19622 19622 1 1 44395 0
1 1 19623 19623 732011 0
19623 19623 1 1 44471 0
1 1 19624 19624 732065 0
19624 19624 1 1 44547 0
1 1 19625 19625 732119 0
19625 19625 1 1 44623 0
1 1 19626 19626 732173 0
19626 19626 1 1 44699 0
1 1 19627 19627 732227 0
19627 19627 1 1 44775 0
1 1 19628 19628 732281 0
19628 19628 1 1 44851 0
1 1 19629 19629 732335 0
19629 19629 1 1 44927 0
1 1 19630 19630 732389 0
19630 19630 1 1 45003 0
1 1 19631 19631 732443 0
19631 19631 1 1 45079 0
1 1 19632 19632 732497 0
19632 19632 1 1 45155 0
1 1 19633 19633 732551 0
19633 19633 1 1 45231 0
1 1 19634 19634 732605 0
19634 19634 1 1 45307 0
1 1 19635 19635 732659 0
19635 19635 1 1 45383 0
1 1 19636 19636 732713 0
19636 19636 1 1 45459 0
1 1 19637 19637 732767 0
19637 19637 1 1 45535 0
1 1 19638 19638 732821 0
19638 19638 1 1 45611 0
1 1 19639 19639 732875 0
19639 19639 1 1 45687 0
1 1 19640 19640 732929 0
19640 19640 1 1 45763 0
1 1 19641 19641 732983 0
19641 19641 1 1 45839 0
1 1 19642 19642 733037 0
19642 19642 1 1 45915 0
1 1 19643 19643 733091 0
19643 19643 1 1 45991 0
1 1 19644 19644 733145 0
19644 19644 1 1 46067 0
1 1 19645 19645 733199 0
19645 19645 1 1 46143 0
1 1 19646 19646 733253 0
19646 19646 1 1 46219 0
1 1 19647 19647 733307 0
19647 19647 1 1 46295 0
1 1 19648 19648 733361 0
19648 19648 1 1 46371 0
1 1 19649 19649 733415 0
19649 19649 1 1 46447 0
1 1 19650 19650 733469 0
19650 19650 1 1 46523 0
1 1 19651 19651 733523 0
19651 19651 1 1 46599 0
1 1 19652 19652 733577 0
19652 19652 1 1 46675 0
1 1 19653 19653 733631 0
19653 19653 1 1 46751 0
1 1 19654 19654 733685 0
19654 19654 1 1 46827 0
1 1 19655 19655 733739 0
19655 19655 1 1 46903 0
1 1 19656 19656 733793 0
19656 19656 1 1 46979 0
1 1 19657 19657 733847 0
19657 19657 1 1 47055 0
1 1 19658 19658 733901 0
19658 19658 1 1 47131 0
1 1 19659 19659 733955 0
19659 19659 1 1 47207 0
1 1 19660 19660 734009 0
19660 19660 1 1 47283 0
1 1 19661 19661 734063 0
19661 19661 1 1 47359 0
1 1 19662 19662 734117 0
19662 19662 1 1 47435 0
1 1 19663 19663 734171 0
19663 19663 1 1 47511 0
1 1 19664 19664 734225 0
19664 19664 1 1 47587 0
1 1 19665 19665 734279 0
19665 19665 1 1 47663 0
1 1 19666 19666 734333 0
19666 19666 1 1 47739 0
1 1 19667 19667 734387 0
19667 19667 1 1 47815 0
1 1 19668 19668 734441 0
19668 19668 1 1 47891 0
1 1 19669 19669 734495 0
19669 19669 1 1 45920 0
1 1 19670 19670 734549 0
19670 19670 1 1 45996 0
1 1 19671 19671 734603 0
19671 19671 1 1 46072 0
1 1 19672 19672 734657 0
19672 19672 1 1 46148 0
1 1 19673 19673 734711 0
19673 19673 1 1 46224 0
1 1 19674 19674 734765 0
19674 19674 1 1 46300 0
1 1 19675 19675 734819 0
19675 19675 1 1 46376 0
1 1 19676 19676 734873 0
19676 19676 1 1 46452 0
1 1 19677 19677 734927 0
19677 19677 1 1 46528 0
1 1 19678 19678 734981 0
19678 19678 1 1 46604 0
1 1 19679 19679 735035 0
19679 19679 1 1 46680 0
1 1 19680 19680 735089 0
19680 19680 1 1 46756 0
1 1 19681 19681 735143 0
19681 19681 1 1 46832 0
1 1 19682 19682 735197 0
19682 19682 1 1 46908 0
1 1 19683 19683 735251 0
19683 19683 1 1 46984 0
1 1 19684 19684 735305 0
19684 19684 1 1 47060 0
1 1 19685 19685 735359 0
19685 19685 1 1 47136 0
1 1 19686 19686 735413 0
19686 19686 1 1 47212 0
1 1 19687 19687 735467 0
19687 19687 1 1 47288 0
1 1 19688 19688 735521 0
19688 19688 1 1 47364 0
1 1 19689 19689 735575 0
19689 19689 1 1 47440 0
1 1 19690 19690 735629 0
19690 19690 1 1 47516 0
1 1 19691 19691 734034 0
19691 19691 1 1 47592 0
1 1 19692 19692 734088 0
19692 19692 1 1 47668 0
1 1 19693 19693 734142 0
19693 19693 1 1 47744 0
1 1 19694 19694 734196 0
19694 19694 1 1 47820 0
1 1 19695 19695 734250 0
19695 19695 1 1 47896 0
1 1 19696 19696 734304 0
19696 19696 1 1 47972 0
1 1 19697 19697 734358 0
19697 19697 1 1 48048 0
1 1 19698 19698 734412 0
19698 19698 1 1 48124 0
1 1 19699 19699 734466 0
19699 19699 1 1 48200 0
1 1 19700 19700 734520 0
19700 19700 1 1 48276 0
1 1 19701 19701 734574 0
19701 19701 1 1 48352 0
1 1 19702 19702 734628 0
19702 19702 1 1 48428 0
1 1 19703 19703 734682 0
19703 19703 1 1 48504 0
1 1 19704 19704 734736 0
19704 19704 1 1 48580 0
1 1 19705 19705 734790 0
19705 19705 1 1 48656 0
1 1 19706 19706 734844 0
19706 19706 1 1 48732 0
1 1 19707 19707 734898 0
19707 19707 1 1 48808 0
1 1 19708 19708 734952 0
19708 19708 1 1 48884 0
1 1 19709 19709 735006 0
19709 19709 1 1 48960 0
1 1 19710 19710 735060 0
19710 19710 1 1 49036 0
1 1 19711 19711 735114 0
19711 19711 1 1 49112 0
1 1 19712 19712 735168 0
19712 19712 1 1 49188 0
1 1 19713 19713 735222 0
19713 19713 1 1 49264 0
1 1 19714 19714 735276 0
19714 19714 1 1 49340 0
1 1 19715 19715 735330 0
19715 19715 1 1 49416 0
1 1 19716 19716 735384 0
19716 19716 1 1 49492 0
1 1 19717 19717 735438 0
19717 19717 1 1 49568 0
1 1 19718 19718 735492 0
19718 19718 1 1 49644 0
1 1 19719 19719 735546 0
19719 19719 1 1 49720 0
1 1 19720 19720 735600 0
19720 19720 1 1 49796 0
1 1 19721 19721 735654 0
19721 19721 1 1 49872 0
1 1 19722 19722 735708 0
19722 19722 1 1 49948 0
1 1 19723 19723 735762 0
19723 19723 1 1 50024 0
1 1 19724 19724 735816 0
19724 19724 1 1 50100 0
1 1 19725 19725 735870 0
19725 19725 1 1 50176 0
1 1 19726 19726 735924 0
19726 19726 1 1 50252 0
1 1 19727 19727 735978 0
19727 19727 1 1 50328 0
1 1 19728 19728 736032 0
19728 19728 1 1 50404 0
1 1 19729 19729 736086 0
19729 19729 1 1 50480 0
1 1 19730 19730 736140 0
19730 19730 1 1 50556 0
1 1 19731 19731 736194 0
19731 19731 1 1 50632 0
1 1 19732 19732 736248 0
19732 19732 1 1 50708 0
1 1 19733 19733 736302 0
19733 19733 1 1 50784 0
1 1 19734 19734 736356 0
19734 19734 1 1 50860 0
1 1 19735 19735 736410 0
19735 19735 1 1 50936 0
1 1 19736 19736 736464 0
19736 19736 1 1 51012 0
1 1 19737 19737 736518 0
19737 19737 1 1 51088 0
1 1 19738 19738 736572 0
19738 19738 1 1 51164 0
1 1 19739 19739 736626 0
19739 19739 1 1 51240 0
1 1 19740 19740 736680 0
19740 19740 1 1 51316 0
1 1 19741 19741 736734 0
19741 19741 1 1 51392 0
1 1 19742 19742 736788 0
19742 19742 1 1 51468 0
1 1 19743 19743 736842 0
19743 19743 1 1 51544 0
1 1 19744 19744 736896 0
19744 19744 1 1 51620 0
1 1 19745 19745 736950 0
19745 19745 1 1 51696 0
1 1 19746 19746 737004 0
19746 19746 1 1 51772 0
1 1 19747 19747 737058 0
19747 19747 1 1 51848 0
1 1 19748 19748 737112 0
19748 19748 1 1 51924 0
1 1 19749 19749 737166 0
19749 19749 1 1 52000 0
1 1 19750 19750 737220 0
19750 19750 1 1 52076 0
1 1 19751 19751 737274 0
19751 19751 1 1 52152 0
1 1 19752 19752 737328 0
19752 19752 1 1 52228 0
1 1 19753 19753 737382 0
19753 19753 1 1 52304 0
1 1 19754 19754 737436 0
19754 19754 1 1 52380 0
1 1 19755 19755 737490 0
19755 19755 1 1 52456 0
1 1 19756 19756 737544 0
19756 19756 1 1 52532 0
1 1 19757 19757 737598 0
19757 19757 1 1 52608 0
1 1 19758 19758 737652 0
19758 19758 1 1 50637 0
1 1 19759 19759 737706 0
19759 19759 1 1 50713 0
1 1 19760 19760 737760 0
19760 19760 1 1 50789 0
1 1 19761 19761 737814 0
19761 19761 1 1 50865 0
1 1 19762 19762 737868 0
19762 19762 1 1 50941 0
1 1 19763 19763 737922 0
19763 19763 1 1 51017 0
1 1 19764 19764 737976 0
19764 19764 1 1 51093 0
1 1 19765 19765 738030 0
19765 19765 1 1 51169 0
1 1 19766 19766 738084 0
19766 19766 1 1 51245 0
1 1 19767 19767 738138 0
19767 19767 1 1 51321 0
1 1 19768 19768 738192 0
19768 19768 1 1 51397 0
1 1 19769 19769 738246 0
19769 19769 1 1 51473 0
1 1 19770 19770 738300 0
19770 19770 1 1 51549 0
1 1 19771 19771 738354 0
19771 19771 1 1 51625 0
1 1 19772 19772 738408 0
19772 19772 1 1 51701 0
1 1 19773 19773 738462 0
19773 19773 1 1 51777 0
1 1 19774 19774 738516 0
19774 19774 1 1 51853 0
1 1 19775 19775 738570 0
19775 19775 1 1 51929 0
1 1 19776 19776 738624 0
19776 19776 1 1 52005 0
1 1 19777 19777 738678 0
19777 19777 1 1 52081 0
1 1 19778 19778 738732 0
19778 19778 1 1 52157 0
1 1 19779 19779 738786 0
19779 19779 1 1 52233 0
1 1 19780 19780 738840 0
19780 19780 1 1 52309 0
1 1 19781 19781 738894 0
19781 19781 1 1 52385 0
1 1 19782 19782 738948 0
19782 19782 1 1 52461 0
1 1 19783 19783 739002 0
19783 19783 1 1 52537 0
1 1 19784 19784 739056 0
19784 19784 1 1 52613 0
1 1 19785 19785 739110 0
19785 19785 1 1 52689 0
1 1 19786 19786 739164 0
19786 19786 1 1 52765 0
1 1 19787 19787 739218 0
19787 19787 1 1 52841 0
1 1 19788 19788 737623 0
19788 19788 1 1 52917 0
1 1 19789 19789 737677 0
19789 19789 1 1 52993 0
1 1 19790 19790 737731 0
19790 19790 1 1 53069 0
1 1 19791 19791 737785 0
19791 19791 1 1 53145 0
1 1 19792 19792 737839 0
19792 19792 1 1 53221 0
1 1 19793 19793 737893 0
19793 19793 1 1 53297 0
1 1 19794 19794 737947 0
19794 19794 1 1 53373 0
1 1 19795 19795 738001 0
19795 19795 1 1 53449 0
1 1 19796 19796 738055 0
19796 19796 1 1 53525 0
1 1 19797 19797 738109 0
19797 19797 1 1 53601 0
1 1 19798 19798 738163 0
19798 19798 1 1 53677 0
1 1 19799 19799 738217 0
19799 19799 1 1 53753 0
1 1 19800 19800 738271 0
19800 19800 1 1 53829 0
1 1 19801 19801 738325 0
19801 19801 1 1 53905 0
1 1 19802 19802 738379 0
19802 19802 1 1 53981 0
1 1 19803 19803 738433 0
19803 19803 1 1 54057 0
1 1 19804 19804 738487 0
19804 19804 1 1 54133 0
1 1 19805 19805 738541 0
19805 19805 1 1 54209 0
1 1 19806 19806 738595 0
19806 19806 1 1 54285 0
1 1 19807 19807 738649 0
19807 19807 1 1 54361 0
1 1 19808 19808 738703 0
19808 19808 1 1 54437 0
1 1 19809 19809 738757 0
19809 19809 1 1 54513 0
1 1 19810 19810 738811 0
19810 19810 1 1 54589 0
1 1 19811 19811 738865 0
19811 19811 1 1 54665 0
1 1 19812 19812 738919 0
19812 19812 1 1 54741 0
1 1 19813 19813 738973 0
19813 19813 1 1 54817 0
1 1 19814 19814 739027 0
19814 19814 1 1 54893 0
1 1 19815 19815 739081 0
19815 19815 1 1 54969 0
1 1 19816 19816 739135 0
19816 19816 1 1 55045 0
1 1 19817 19817 739189 0
19817 19817 1 1 55121 0
1 1 19818 19818 739243 0
19818 19818 1 1 55197 0
1 1 19819 19819 739297 0
19819 19819 1 1 55273 0
1 1 19820 19820 739351 0
19820 19820 1 1 55349 0
1 1 19821 19821 739405 0
19821 19821 1 1 55425 0
1 1 19822 19822 739459 0
19822 19822 1 1 55501 0
1 1 19823 19823 739513 0
19823 19823 1 1 55577 0
1 1 19824 19824 739567 0
19824 19824 1 1 55653 0
1 1 19825 19825 739621 0
19825 19825 1 1 55729 0
1 1 19826 19826 739675 0
19826 19826 1 1 55805 0
1 1 19827 19827 739729 0
19827 19827 1 1 55881 0
1 1 19828 19828 739783 0
19828 19828 1 1 55957 0
1 1 19829 19829 739837 0
19829 19829 1 1 56033 0
1 1 19830 19830 739891 0
19830 19830 1 1 56109 0
1 1 19831 19831 739945 0
19831 19831 1 1 56185 0
1 1 19832 19832 739999 0
19832 19832 1 1 56261 0
1 1 19833 19833 740053 0
19833 19833 1 1 56337 0
1 1 19834 19834 740107 0
19834 19834 1 1 56413 0
1 1 19835 19835 740161 0
19835 19835 1 1 56489 0
1 1 19836 19836 740215 0
19836 19836 1 1 56565 0
1 1 19837 19837 740269 0
19837 19837 1 1 56641 0
1 1 19838 19838 740323 0
19838 19838 1 1 56717 0
1 1 19839 19839 740377 0
19839 19839 1 1 56793 0
1 1 19840 19840 740431 0
19840 19840 1 1 56869 0
1 1 19841 19841 740485 0
19841 19841 1 1 56945 0
1 1 19842 19842 740539 0
19842 19842 1 1 57021 0
1 1 19843 19843 740593 0
19843 19843 1 1 57097 0
1 1 19844 19844 740647 0
19844 19844 1 1 57173 0
1 1 19845 19845 740701 0
19845 19845 1 1 57249 0
1 1 19846 19846 740755 0
19846 19846 1 1 57325 0
1 1 19847 19847 740809 0
19847 19847 1 1 55354 0
1 1 19848 19848 740863 0
19848 19848 1 1 55430 0
1 1 19849 19849 740917 0
19849 19849 1 1 55506 0
1 1 19850 19850 740971 0
19850 19850 1 1 55582 0
1 1 19851 19851 741025 0
19851 19851 1 1 55658 0
1 1 19852 19852 741079 0
19852 19852 1 1 55734 0
1 1 19853 19853 741133 0
19853 19853 1 1 55810 0
1 1 19854 19854 741187 0
19854 19854 1 1 55886 0
1 1 19855 19855 741241 0
19855 19855 1 1 55962 0
1 1 19856 19856 741295 0
19856 19856 1 1 56038 0
1 1 19857 19857 741349 0
19857 19857 1 1 56114 0
1 1 19858 19858 741403 0
19858 19858 1 1 56190 0
1 1 19859 19859 741457 0
19859 19859 1 1 56266 0
1 1 19860 19860 741511 0
19860 19860 1 1 56342 0
1 1 19861 19861 741565 0
19861 19861 1 1 56418 0
1 1 19862 19862 741619 0
19862 19862 1 1 56494 0
1 1 19863 19863 741673 0
19863 19863 1 1 56570 0
1 1 19864 19864 741727 0
19864 19864 1 1 56646 0
1 1 19865 19865 741781 0
19865 19865 1 1 56722 0
1 1 19866 19866 741835 0
19866 19866 1 1 56798 0
1 1 19867 19867 741889 0
19867 19867 1 1 56874 0
1 1 19868 19868 741943 0
19868 19868 1 1 56950 0
1 1 19869 19869 741997 0
19869 19869 1 1 57026 0
1 1 19870 19870 742051 0
19870 19870 1 1 57102 0
1 1 19871 19871 742105 0
19871 19871 1 1 57178 0
1 1 19872 19872 742159 0
19872 19872 1 1 57254 0
1 1 19873 19873 742213 0
19873 19873 1 1 57330 0
1 1 19874 19874 742267 0
19874 19874 1 1 57406 0
1 1 19875 19875 742321 0
19875 19875 1 1 57482 0
1 1 19876 19876 742375 0
19876 19876 1 1 57558 0
1 1 19877 19877 742429 0
19877 19877 1 1 57634 0
1 1 19878 19878 742483 0
19878 19878 1 1 57710 0
1 1 19879 19879 742537 0
19879 19879 1 1 57786 0
1 1 19880 19880 742591 0
19880 19880 1 1 57862 0
1 1 19881 19881 742645 0
19881 19881 1 1 57938 0
1 1 19882 19882 742699 0
19882 19882 1 1 58014 0
1 1 19883 19883 742753 0
19883 19883 1 1 58090 0
1 1 19884 19884 742807 0
19884 19884 1 1 58166 0
1 1 19885 19885 741212 0
19885 19885 1 1 58242 0
1 1 19886 19886 741266 0
19886 19886 1 1 58318 0
1 1 19887 19887 741320 0
19887 19887 1 1 58394 0
1 1 19888 19888 741374 0
19888 19888 1 1 58470 0
1 1 19889 19889 741428 0
19889 19889 1 1 58546 0
1 1 19890 19890 741482 0
19890 19890 1 1 58622 0
1 1 19891 19891 741536 0
19891 19891 1 1 58698 0
1 1 19892 19892 741590 0
19892 19892 1 1 58774 0
1 1 19893 19893 741644 0
19893 19893 1 1 58850 0
1 1 19894 19894 741698 0
19894 19894 1 1 58926 0
1 1 19895 19895 741752 0
19895 19895 1 1 59002 0
1 1 19896 19896 741806 0
19896 19896 1 1 59078 0
1 1 19897 19897 741860 0
19897 19897 1 1 59154 0
1 1 19898 19898 741914 0
19898 19898 1 1 59230 0
1 1 19899 19899 741968 0
19899 19899 1 1 59306 0
1 1 19900 19900 742022 0
19900 19900 1 1 59382 0
1 1 19901 19901 742076 0
19901 19901 1 1 59458 0
1 1 19902 19902 742130 0
19902 19902 1 1 59534 0
1 1 19903 19903 742184 0
19903 19903 1 1 59610 0
1 1 19904 19904 742238 0
19904 19904 1 1 59686 0
1 1 19905 19905 742292 0
19905 19905 1 1 59762 0
1 1 19906 19906 742346 0
19906 19906 1 1 59838 0
1 1 19907 19907 742400 0
19907 19907 1 1 59914 0
1 1 19908 19908 742454 0
19908 19908 1 1 59990 0
1 1 19909 19909 742508 0
19909 19909 1 1 60066 0
1 1 19910 19910 742562 0
19910 19910 1 1 60142 0
1 1 19911 19911 742616 0
19911 19911 1 1 60218 0
1 1 19912 19912 742670 0
19912 19912 1 1 60294 0
1 1 19913 19913 742724 0
19913 19913 1 1 60370 0
1 1 19914 19914 742778 0
19914 19914 1 1 60446 0
1 1 19915 19915 742832 0
19915 19915 1 1 60522 0
1 1 19916 19916 742886 0
19916 19916 1 1 60598 0
1 1 19917 19917 742940 0
19917 19917 1 1 60674 0
1 1 19918 19918 742994 0
19918 19918 1 1 60750 0
1 1 19919 19919 743048 0
19919 19919 1 1 60826 0
1 1 19920 19920 743102 0
19920 19920 1 1 60902 0
1 1 19921 19921 743156 0
19921 19921 1 1 60978 0
1 1 19922 19922 743210 0
19922 19922 1 1 61054 0
1 1 19923 19923 743264 0
19923 19923 1 1 61130 0
1 1 19924 19924 743318 0
19924 19924 1 1 61206 0
1 1 19925 19925 743372 0
19925 19925 1 1 61282 0
1 1 19926 19926 743426 0
19926 19926 1 1 61358 0
1 1 19927 19927 743480 0
19927 19927 1 1 61434 0
1 1 19928 19928 743534 0
19928 19928 1 1 61510 0
1 1 19929 19929 743588 0
19929 19929 1 1 61586 0
1 1 19930 19930 743642 0
19930 19930 1 1 61662 0
1 1 19931 19931 743696 0
19931 19931 1 1 61738 0
1 1 19932 19932 743750 0
19932 19932 1 1 61814 0
1 1 19933 19933 743804 0
19933 19933 1 1 61890 0
1 1 19934 19934 743858 0
19934 19934 1 1 61966 0
1 1 19935 19935 743912 0
19935 19935 1 1 62042 0
1 1 19936 19936 743966 0
19936 19936 1 1 60071 0
1 1 19937 19937 744020 0
19937 19937 1 1 60147 0
1 1 19938 19938 744074 0
19938 19938 1 1 60223 0
1 1 19939 19939 744128 0
19939 19939 1 1 60299 0
1 1 19940 19940 744182 0
19940 19940 1 1 60375 0
1 1 19941 19941 744236 0
19941 19941 1 1 60451 0
1 1 19942 19942 744290 0
19942 19942 1 1 60527 0
1 1 19943 19943 744344 0
19943 19943 1 1 60603 0
1 1 19944 19944 744398 0
19944 19944 1 1 60679 0
1 1 19945 19945 744452 0
19945 19945 1 1 60755 0
1 1 19946 19946 744506 0
19946 19946 1 1 60831 0
1 1 19947 19947 744560 0
19947 19947 1 1 60907 0
1 1 19948 19948 744614 0
19948 19948 1 1 60983 0
1 1 19949 19949 744668 0
19949 19949 1 1 61059 0
1 1 19950 19950 744722 0
19950 19950 1 1 61135 0
1 1 19951 19951 744776 0
19951 19951 1 1 61211 0
1 1 19952 19952 744830 0
19952 19952 1 1 61287 0
1 1 19953 19953 744884 0
19953 19953 1 1 61363 0
1 1 19954 19954 744938 0
19954 19954 1 1 61439 0
1 1 19955 19955 744992 0
19955 19955 1 1 61515 0
1 1 19956 19956 745046 0
19956 19956 1 1 61591 0
1 1 19957 19957 745100 0
19957 19957 1 1 61667 0
1 1 19958 19958 745154 0
19958 19958 1 1 61743 0
1 1 19959 19959 745208 0
19959 19959 1 1 61819 0
1 1 19960 19960 745262 0
19960 19960 1 1 61895 0
1 1 19961 19961 745316 0
19961 19961 1 1 61971 0
1 1 19962 19962 745370 0
19962 19962 1 1 62047 0
1 1 19963 19963 745424 0
19963 19963 1 1 62123 0
1 1 19964 19964 745478 0
19964 19964 1 1 62199 0
1 1 19965 19965 745532 0
19965 19965 1 1 62275 0
1 1 19966 19966 745586 0
19966 19966 1 1 62351 0
1 1 19967 19967 745640 0
19967 19967 1 1 62427 0
1 1 19968 19968 745694 0
19968 19968 1 1 62503 0
1 1 19969 19969 745748 0
19969 19969 1 1 62579 0
1 1 19970 19970 745802 0
19970 19970 1 1 62655 0
1 1 19971 19971 745856 0
19971 19971 1 1 62731 0
1 1 19972 19972 745910 0
19972 19972 1 1 62807 0
1 1 19973 19973 745964 0
19973 19973 1 1 62883 0
1 1 19974 19974 746018 0
19974 19974 1 1 62959 0
1 1 19975 19975 746072 0
19975 19975 1 1 63035 0
1 1 19976 19976 746126 0
19976 19976 1 1 63111 0
1 1 19977 19977 746180 0
19977 19977 1 1 63187 0
1 1 19978 19978 746234 0
19978 19978 1 1 63263 0
1 1 19979 19979 746288 0
19979 19979 1 1 63339 0
1 1 19980 19980 746342 0
19980 19980 1 1 63415 0
1 1 19981 19981 746396 0
19981 19981 1 1 63491 0
1 1 19982 19982 744801 0
19982 19982 1 1 63567 0
1 1 19983 19983 744855 0
19983 19983 1 1 63643 0
1 1 19984 19984 744909 0
19984 19984 1 1 63719 0
1 1 19985 19985 744963 0
19985 19985 1 1 63795 0
1 1 19986 19986 745017 0
19986 19986 1 1 63871 0
1 1 19987 19987 745071 0
19987 19987 1 1 63947 0
1 1 19988 19988 745125 0
19988 19988 1 1 64023 0
1 1 19989 19989 745179 0
19989 19989 1 1 64099 0
1 1 19990 19990 745233 0
19990 19990 1 1 64175 0
1 1 19991 19991 745287 0
19991 19991 1 1 64251 0
1 1 19992 19992 745341 0
19992 19992 1 1 64327 0
1 1 19993 19993 745395 0
19993 19993 1 1 64403 0
1 1 19994 19994 745449 0
19994 19994 1 1 64479 0
1 1 19995 19995 745503 0
19995 19995 1 1 64555 0
1 1 19996 19996 745557 0
19996 19996 1 1 64631 0
1 1 19997 19997 745611 0
19997 19997 1 1 64707 0
1 1 19998 19998 745665 0
19998 19998 1 1 64783 0
1 1 19999 19999 745719 0
19999 19999 1 1 64859 0
1 1 20000 20000 745773 0
20000 20000 1 1 64935 0
