40000 39414
1 1 2 10001 1333 0
1 1 10002 20001 1544 0
1 1 20002 30001 1755 0
2 2 1 1 3007 0
3 3 1 1 3104 0
4 4 1 1 3201 0
5 5 1 1 3298 0
6 6 1 1 3395 0
7 7 1 1 3492 0
8 8 1 1 3589 0
9 9 1 1 3686 0
10 10 1 1 3783 0
11 11 1 1 3880 0
12 12 1 1 3977 0
13 13 1 1 4074 0
14 14 1 1 4171 0
15 15 1 1 4268 0
16 16 1 1 4365 0
17 17 1 1 4462 0
18 18 1 1 4559 0
19 19 1 1 4656 0
20 20 1 1 4753 0
21 21 1 1 4850 0
22 22 1 1 4947 0
23 23 1 1 5044 0
24 24 1 1 5141 0
25 25 1 1 5238 0
26 26 1 1 5335 0
27 27 1 1 5432 0
28 28 1 1 5529 0
29 29 1 1 5626 0
30 30 1 1 5723 0
31 31 1 1 5820 0
32 32 1 1 5917 0
33 33 1 1 6014 0
34 34 1 1 6111 0
35 35 1 1 6208 0
36 36 1 1 6305 0
37 37 1 1 6402 0
38 38 1 1 6499 0
39 39 1 1 6596 0
40 40 1 1 6693 0
41 41 1 1 6790 0
42 42 1 1 6887 0
43 43 1 1 6984 0
44 44 1 1 7081 0
45 45 1 1 7178 0
46 46 1 1 7275 0
47 47 1 1 7372 0
48 48 1 1 7469 0
49 49 1 1 7566 0
50 50 1 1 7663 0
51 51 1 1 7760 0
52 52 1 1 7857 0
53 53 1 1 7954 0
54 54 1 1 8051 0
55 55 1 1 8148 0
56 56 1 1 8245 0
57 57 1 1 8342 0
58 58 1 1 8439 0
59 59 1 1 8536 0
60 60 1 1 8633 0
61 61 1 1 8730 0
62 62 1 1 8827 0
63 63 1 1 8924 0
64 64 1 1 9021 0
65 65 1 1 9118 0
66 66 1 1 9215 0
67 67 1 1 9312 0
68 68 1 1 9409 0
69 69 1 1 9506 0
70 70 1 1 9603 0
71 71 1 1 9700 0
72 72 1 1 9797 0
73 73 1 1 9894 0
74 74 1 1 9991 0
75 75 1 1 10088 0
76 76 1 1 10185 0
77 77 1 1 10282 0
78 78 1 1 10379 0
79 79 1 1 10476 0
80 80 1 1 10573 0
81 81 1 1 10670 0
82 82 1 1 10767 0
83 83 1 1 10864 0
84 84 1 1 10961 0
85 85 1 1 11058 0
86 86 1 1 11155 0
87 87 1 1 11252 0
88 88 1 1 11349 0
89 89 1 1 11446 0
90 90 1 1 11543 0
91 91 1 1 11640 0
92 92 1 1 11737 0
93 93 1 1 11834 0
94 94 1 1 11931 0
95 95 1 1 12028 0
96 96 1 1 12125 0
97 97 1 1 12222 0
98 98 1 1 12319 0
99 99 1 1 12416 0
100 100 1 1 12513 0
101 101 1 1 12610 0
102 102 1 1 12707 0
103 103 1 1 12804 0
104 104 1 1 12901 0
105 105 1 1 12998 0
106 106 1 1 13095 0
107 107 1 1 13192 0
108 108 1 1 13289 0
109 109 1 1 13386 0
110 110 1 1 13483 0
111 111 1 1 13580 0
112 112 1 1 13677 0
113 113 1 1 13774 0
114 114 1 1 13871 0
115 115 1 1 13968 0
116 116 1 1 14065 0
117 117 1 1 14162 0
118 118 1 1 14259 0
119 119 1 1 14356 0
120 120 1 1 14453 0
121 121 1 1 14550 0
122 122 1 1 14647 0
123 123 1 1 14744 0
124 124 1 1 14841 0
125 125 1 1 14938 0
126 126 1 1 15035 0
127 127 1 1 15132 0
128 128 1 1 15229 0
129 129 1 1 15326 0
130 130 1 1 15423 0
131 131 1 1 15520 0
132 132 1 1 15617 0
133 133 1 1 15714 0
134 134 1 1 15811 0
135 135 1 1 15908 0
136 136 1 1 16005 0
137 137 1 1 16102 0
138 138 1 1 16199 0
139 139 1 1 16296 0
140 140 1 1 16393 0
141 141 1 1 16490 0
142 142 1 1 16587 0
143 143 1 1 16684 0
144 144 1 1 16781 0
145 145 1 1 16878 0
146 146 1 1 16975 0
147 147 1 1 17072 0
148 148 1 1 17169 0
149 149 1 1 17266 0
150 150 1 1 17363 0
151 151 1 1 17460 0
152 152 1 1 17557 0
153 153 1 1 17654 0
154 154 1 1 17751 0
155 155 1 1 17848 0
156 156 1 1 17945 0
157 157 1 1 18042 0
158 158 1 1 18139 0
159 159 1 1 18236 0
160 160 1 1 18333 0
161 161 1 1 18430 0
162 162 1 1 18527 0
163 163 1 1 18624 0
164 164 1 1 18721 0
165 165 1 1 18818 0
166 166 1 1 18915 0
167 167 1 1 19012 0
168 168 1 1 19109 0
169 169 1 1 19206 0
170 170 1 1 19303 0
171 171 1 1 19400 0
172 172 1 1 19497 0
173 173 1 1 19594 0
174 174 1 1 19691 0
175 175 1 1 19788 0
176 176 1 1 19885 0
177 177 1 1 19982 0
178 178 1 1 20079 0
179 179 1 1 20176 0
180 180 1 1 20273 0
181 181 1 1 20370 0
182 182 1 1 20467 0
183 183 1 1 20564 0
184 184 1 1 20661 0
185 185 1 1 20758 0
186 186 1 1 20855 0
187 187 1 1 20952 0
188 188 1 1 21049 0
189 189 1 1 21146 0
190 190 1 1 21243 0
191 191 1 1 21340 0
192 192 1 1 21437 0
193 193 1 1 21534 0
194 194 1 1 21631 0
195 195 1 1 21728 0
196 196 1 1 21825 0
197 197 1 1 21922 0
198 198 1 1 22019 0
199 199 1 1 22116 0
200 200 1 1 22213 0
201 201 1 1 22310 0
202 202 1 1 22407 0
203 203 1 1 22504 0
204 204 1 1 22601 0
205 205 1 1 22698 0
206 206 1 1 22795 0
207 207 1 1 22892 0
208 208 1 1 22989 0
209 209 1 1 23086 0
210 210 1 1 23183 0
211 211 1 1 23280 0
212 212 1 1 23377 0
213 213 1 1 23474 0
214 214 1 1 23571 0
215 215 1 1 23668 0
216 216 1 1 23765 0
217 217 1 1 23862 0
218 218 1 1 23959 0
219 219 1 1 24056 0
220 220 1 1 24153 0
221 221 1 1 24250 0
222 222 1 1 24347 0
223 223 1 1 24444 0
224 224 1 1 24541 0
225 225 1 1 24638 0
226 226 1 1 24735 0
227 227 1 1 24832 0
228 228 1 1 24929 0
229 229 1 1 25026 0
230 230 1 1 25123 0
231 231 1 1 25220 0
232 232 1 1 25317 0
233 233 1 1 25414 0
234 234 1 1 25511 0
235 235 1 1 25608 0
236 236 1 1 25705 0
237 237 1 1 25802 0
238 238 1 1 25899 0
239 239 1 1 25996 0
240 240 1 1 26093 0
241 241 1 1 26190 0
242 242 1 1 26287 0
243 243 1 1 26384 0
244 244 1 1 26481 0
245 245 1 1 26578 0
246 246 1 1 26675 0
247 247 1 1 26772 0
248 248 1 1 26869 0
249 249 1 1 26966 0
250 250 1 1 27063 0
251 251 1 1 27160 0
252 252 1 1 27257 0
253 253 1 1 27354 0
254 254 1 1 27451 0
255 255 1 1 27548 0
256 256 1 1 27645 0
257 257 1 1 27742 0
258 258 1 1 27839 0
259 259 1 1 27936 0
260 260 1 1 28033 0
261 261 1 1 28130 0
262 262 1 1 28227 0
263 263 1 1 28324 0
264 264 1 1 28421 0
265 265 1 1 28518 0
266 266 1 1 28615 0
267 267 1 1 28712 0
268 268 1 1 28809 0
269 269 1 1 28906 0
270 270 1 1 29003 0
271 271 1 1 29100 0
272 272 1 1 29197 0
273 273 1 1 29294 0
274 274 1 1 29391 0
275 275 1 1 29488 0
276 276 1 1 29585 0
277 277 1 1 29682 0
278 278 1 1 29779 0
279 279 1 1 29876 0
280 280 1 1 29973 0
281 281 1 1 30070 0
282 282 1 1 30167 0
283 283 1 1 30264 0
284 284 1 1 30361 0
285 285 1 1 30458 0
286 286 1 1 30555 0
287 287 1 1 30652 0
288 288 1 1 30749 0
289 289 1 1 30846 0
290 290 1 1 30943 0
291 291 1 1 31040 0
292 292 1 1 31137 0
293 293 1 1 31234 0
294 294 1 1 31331 0
295 295 1 1 31428 0
296 296 1 1 31525 0
297 297 1 1 31622 0
298 298 1 1 31719 0
299 299 1 1 31816 0
300 300 1 1 31913 0
301 301 1 1 32010 0
302 302 1 1 32107 0
303 303 1 1 32204 0
304 304 1 1 32301 0
305 305 1 1 32398 0
306 306 1 1 32495 0
307 307 1 1 32592 0
308 308 1 1 32689 0
309 309 1 1 32786 0
310 310 1 1 32883 0
311 311 1 1 32980 0
312 312 1 1 33077 0
313 313 1 1 33174 0
314 314 1 1 33271 0
315 315 1 1 33368 0
316 316 1 1 33465 0
317 317 1 1 33562 0
318 318 1 1 33659 0
319 319 1 1 33756 0
320 320 1 1 33853 0
321 321 1 1 33950 0
322 322 1 1 34047 0
323 323 1 1 34144 0
324 324 1 1 34241 0
325 325 1 1 34338 0
326 326 1 1 34435 0
327 327 1 1 34532 0
328 328 1 1 34629 0
329 329 1 1 34726 0
330 330 1 1 34823 0
331 331 1 1 34920 0
332 332 1 1 35017 0
333 333 1 1 35114 0
334 334 1 1 35211 0
335 335 1 1 35308 0
336 336 1 1 35405 0
337 337 1 1 35502 0
338 338 1 1 35599 0
339 339 1 1 35696 0
340 340 1 1 35793 0
341 341 1 1 35890 0
342 342 1 1 35987 0
343 343 1 1 36084 0
344 344 1 1 36181 0
345 345 1 1 36278 0
346 346 1 1 36375 0
347 347 1 1 36472 0
348 348 1 1 36569 0
349 349 1 1 36666 0
350 350 1 1 36763 0
351 351 1 1 36860 0
352 352 1 1 36957 0
353 353 1 1 37054 0
354 354 1 1 37151 0
355 355 1 1 37248 0
356 356 1 1 37345 0
357 357 1 1 37442 0
358 358 1 1 37539 0
359 359 1 1 37636 0
360 360 1 1 37733 0
361 361 1 1 37830 0
362 362 1 1 37927 0
363 363 1 1 38024 0
364 364 1 1 38121 0
365 365 1 1 38218 0
366 366 1 1 38315 0
367 367 1 1 38412 0
368 368 1 1 38509 0
369 369 1 1 38606 0
370 370 1 1 38703 0
371 371 1 1 38800 0
372 372 1 1 38897 0
373 373 1 1 38994 0
374 374 1 1 39091 0
375 375 1 1 39188 0
376 376 1 1 39285 0
377 377 1 1 39382 0
378 378 1 1 39479 0
379 379 1 1 39576 0
380 380 1 1 39673 0
381 381 1 1 39770 0
382 382 1 1 39867 0
383 383 1 1 39964 0
384 384 1 1 40061 0
385 385 1 1 40158 0
386 386 1 1 40255 0
387 387 1 1 40352 0
388 388 1 1 40449 0
389 389 1 1 40546 0
390 390 1 1 40643 0
391 391 1 1 40740 0
392 392 1 1 40837 0
393 393 1 1 40934 0
394 394 1 1 41031 0
395 395 1 1 41128 0
396 396 1 1 41225 0
397 397 1 1 41322 0
398 398 1 1 41419 0
399 399 1 1 41516 0
400 400 1 1 41613 0
401 401 1 1 41710 0
402 402 1 1 41807 0
403 403 1 1 41904 0
404 404 1 1 42001 0
405 405 1 1 42098 0
406 406 1 1 42195 0
407 407 1 1 42292 0
408 408 1 1 42389 0
409 409 1 1 42486 0
410 410 1 1 42583 0
411 411 1 1 42680 0
412 412 1 1 42777 0
413 413 1 1 42874 0
414 414 1 1 42971 0
415 415 1 1 43068 0
416 416 1 1 43165 0
417 417 1 1 43262 0
418 418 1 1 43359 0
419 419 1 1 43456 0
420 420 1 1 43553 0
421 421 1 1 43650 0
422 422 1 1 43747 0
423 423 1 1 43844 0
424 424 1 1 43941 0
425 425 1 1 44038 0
426 426 1 1 44135 0
427 427 1 1 44232 0
428 428 1 1 44329 0
429 429 1 1 44426 0
430 430 1 1 44523 0
431 431 1 1 44620 0
432 432 1 1 44717 0
433 433 1 1 44814 0
434 434 1 1 44911 0
435 435 1 1 45008 0
436 436 1 1 45105 0
437 437 1 1 45202 0
438 438 1 1 45299 0
439 439 1 1 45396 0
440 440 1 1 45493 0
441 441 1 1 45590 0
442 442 1 1 45687 0
443 443 1 1 45784 0
444 444 1 1 45881 0
445 445 1 1 45978 0
446 446 1 1 46075 0
447 447 1 1 46172 0
448 448 1 1 46269 0
449 449 1 1 46366 0
450 450 1 1 46463 0
451 451 1 1 46560 0
452 452 1 1 46657 0
453 453 1 1 46754 0
454 454 1 1 46851 0
455 455 1 1 46948 0
456 456 1 1 47045 0
457 457 1 1 47142 0
458 458 1 1 47239 0
459 459 1 1 47336 0
460 460 1 1 47433 0
461 461 1 1 47530 0
462 462 1 1 47627 0
463 463 1 1 47724 0
464 464 1 1 47821 0
465 465 1 1 47918 0
466 466 1 1 48015 0
467 467 1 1 48112 0
468 468 1 1 48209 0
469 469 1 1 48306 0
470 470 1 1 48403 0
471 471 1 1 48500 0
472 472 1 1 48597 0
473 473 1 1 48694 0
474 474 1 1 48791 0
475 475 1 1 48888 0
476 476 1 1 48985 0
477 477 1 1 49082 0
478 478 1 1 49179 0
479 479 1 1 49276 0
480 480 1 1 49373 0
481 481 1 1 49470 0
482 482 1 1 49567 0
483 483 1 1 49664 0
484 484 1 1 49761 0
485 485 1 1 49858 0
486 486 1 1 49955 0
487 487 1 1 50052 0
488 488 1 1 50149 0
489 489 1 1 50246 0
490 490 1 1 50343 0
491 491 1 1 50440 0
492 492 1 1 50537 0
493 493 1 1 50634 0
494 494 1 1 50731 0
495 495 1 1 50828 0
496 496 1 1 50925 0
497 497 1 1 51022 0
498 498 1 1 51119 0
499 499 1 1 51216 0
500 500 1 1 51313 0
501 501 1 1 51410 0
502 502 1 1 51507 0
503 503 1 1 51604 0
504 504 1 1 51701 0
505 505 1 1 51798 0
506 506 1 1 51895 0
507 507 1 1 51992 0
508 508 1 1 52089 0
509 509 1 1 52186 0
510 510 1 1 52283 0
511 511 1 1 52380 0
512 512 1 1 52477 0
513 513 1 1 52574 0
514 514 1 1 52671 0
515 515 1 1 52768 0
516 516 1 1 52865 0
517 517 1 1 52962 0
518 518 1 1 53059 0
519 519 1 1 53156 0
520 520 1 1 53253 0
521 521 1 1 53350 0
522 522 1 1 53447 0
523 523 1 1 53544 0
524 524 1 1 53641 0
525 525 1 1 53738 0
526 526 1 1 53835 0
527 527 1 1 53932 0
528 528 1 1 54029 0
529 529 1 1 54126 0
530 530 1 1 54223 0
531 531 1 1 54320 0
532 532 1 1 54417 0
533 533 1 1 54514 0
534 534 1 1 54611 0
535 535 1 1 54708 0
536 536 1 1 54805 0
537 537 1 1 54902 0
538 538 1 1 54999 0
539 539 1 1 55096 0
540 540 1 1 55193 0
541 541 1 1 55290 0
542 542 1 1 55387 0
543 543 1 1 55484 0
544 544 1 1 55581 0
545 545 1 1 55678 0
546 546 1 1 55775 0
547 547 1 1 55872 0
548 548 1 1 55969 0
549 549 1 1 56066 0
550 550 1 1 56163 0
551 551 1 1 56260 0
552 552 1 1 56357 0
553 553 1 1 56454 0
554 554 1 1 56551 0
555 555 1 1 56648 0
556 556 1 1 56745 0
557 557 1 1 56842 0
558 558 1 1 56939 0
559 559 1 1 57036 0
560 560 1 1 57133 0
561 561 1 1 57230 0
562 562 1 1 57327 0
563 563 1 1 57424 0
564 564 1 1 57521 0
565 565 1 1 57618 0
566 566 1 1 57715 0
567 567 1 1 57812 0
568 568 1 1 57909 0
569 569 1 1 58006 0
570 570 1 1 58103 0
571 571 1 1 58200 0
572 572 1 1 58297 0
573 573 1 1 58394 0
574 574 1 1 58491 0
575 575 1 1 58588 0
576 576 1 1 58685 0
577 577 1 1 58782 0
578 578 1 1 58879 0
579 579 1 1 58976 0
580 580 1 1 59073 0
581 581 1 1 59170 0
582 582 1 1 59267 0
583 583 1 1 59364 0
584 584 1 1 59461 0
585 585 1 1 59558 0
586 586 1 1 59655 0
587 587 1 1 59752 0
588 588 1 1 59849 0
589 589 1 1 59946 0
590 590 1 1 60043 0
591 591 1 1 60140 0
592 592 1 1 60237 0
593 593 1 1 60334 0
594 594 1 1 60431 0
595 595 1 1 60528 0
596 596 1 1 60625 0
597 597 1 1 60722 0
598 598 1 1 60819 0
599 599 1 1 60916 0
600 600 1 1 61013 0
601 601 1 1 61110 0
602 602 1 1 61207 0
603 603 1 1 61304 0
604 604 1 1 61401 0
605 605 1 1 61498 0
606 606 1 1 61595 0
607 607 1 1 61692 0
608 608 1 1 61789 0
609 609 1 1 61886 0
610 610 1 1 61983 0
611 611 1 1 62080 0
612 612 1 1 62177 0
613 613 1 1 62274 0
614 614 1 1 62371 0
615 615 1 1 62468 0
616 616 1 1 62565 0
617 617 1 1 62662 0
618 618 1 1 62759 0
619 619 1 1 62856 0
620 620 1 1 62953 0
621 621 1 1 63050 0
622 622 1 1 63147 0
623 623 1 1 63244 0
624 624 1 1 63341 0
625 625 1 1 63438 0
626 626 1 1 63535 0
627 627 1 1 63632 0
628 628 1 1 63729 0
629 629 1 1 63826 0
630 630 1 1 63923 0
631 631 1 1 64020 0
632 632 1 1 64117 0
633 633 1 1 64214 0
634 634 1 1 64311 0
635 635 1 1 64408 0
636 636 1 1 64505 0
637 637 1 1 64602 0
638 638 1 1 64699 0
639 639 1 1 64796 0
640 640 1 1 64893 0
641 641 1 1 64990 0
642 642 1 1 65087 0
643 643 1 1 65184 0
644 644 1 1 65281 0
645 645 1 1 65378 0
646 646 1 1 65475 0
647 647 1 1 65572 0
648 648 1 1 65669 0
649 649 1 1 65766 0
650 650 1 1 65863 0
651 651 1 1 65960 0
652 652 1 1 66057 0
653 653 1 1 66154 0
654 654 1 1 66251 0
655 655 1 1 66348 0
656 656 1 1 66445 0
657 657 1 1 66542 0
658 658 1 1 66639 0
659 659 1 1 66736 0
660 660 1 1 66833 0
661 661 1 1 66930 0
662 662 1 1 67027 0
663 663 1 1 67124 0
664 664 1 1 67221 0
665 665 1 1 67318 0
666 666 1 1 67415 0
667 667 1 1 67512 0
668 668 1 1 67609 0
669 669 1 1 67706 0
670 670 1 1 67803 0
671 671 1 1 67900 0
672 672 1 1 67997 0
673 673 1 1 68094 0
674 674 1 1 68191 0
675 675 1 1 68288 0
676 676 1 1 68385 0
677 677 1 1 68482 0
678 678 1 1 68579 0
679 679 1 1 68676 0
680 680 1 1 68773 0
681 681 1 1 68870 0
682 682 1 1 68967 0
683 683 1 1 69064 0
684 684 1 1 69161 0
685 685 1 1 69258 0
686 686 1 1 69355 0
687 687 1 1 69452 0
688 688 1 1 69549 0
689 689 1 1 69646 0
690 690 1 1 69743 0
691 691 1 1 69840 0
692 692 1 1 69937 0
693 693 1 1 70034 0
694 694 1 1 70131 0
695 695 1 1 70228 0
696 696 1 1 70325 0
697 697 1 1 70422 0
698 698 1 1 70519 0
699 699 1 1 70616 0
700 700 1 1 70713 0
701 701 1 1 70810 0
702 702 1 1 70907 0
703 703 1 1 71004 0
704 704 1 1 71101 0
705 705 1 1 71198 0
706 706 1 1 71295 0
707 707 1 1 71392 0
708 708 1 1 71489 0
709 709 1 1 71586 0
710 710 1 1 71683 0
711 711 1 1 71780 0
712 712 1 1 71877 0
713 713 1 1 71974 0
714 714 1 1 72071 0
715 715 1 1 72168 0
716 716 1 1 72265 0
717 717 1 1 72362 0
718 718 1 1 72459 0
719 719 1 1 72556 0
720 720 1 1 72653 0
721 721 1 1 72750 0
722 722 1 1 72847 0
723 723 1 1 72944 0
724 724 1 1 73041 0
725 725 1 1 73138 0
726 726 1 1 73235 0
727 727 1 1 73332 0
728 728 1 1 73429 0
729 729 1 1 73526 0
730 730 1 1 73623 0
731 731 1 1 73720 0
732 732 1 1 73817 0
733 733 1 1 73914 0
734 734 1 1 74011 0
735 735 1 1 74108 0
736 736 1 1 74205 0
737 737 1 1 74302 0
738 738 1 1 74399 0
739 739 1 1 74496 0
740 740 1 1 74593 0
741 741 1 1 74690 0
742 742 1 1 74787 0
743 743 1 1 74884 0
744 744 1 1 74981 0
745 745 1 1 75078 0
746 746 1 1 75175 0
747 747 1 1 75272 0
748 748 1 1 75369 0
749 749 1 1 75466 0
750 750 1 1 75563 0
751 751 1 1 75660 0
752 752 1 1 75757 0
753 753 1 1 75854 0
754 754 1 1 75951 0
755 755 1 1 76048 0
756 756 1 1 76145 0
757 757 1 1 76242 0
758 758 1 1 76339 0
759 759 1 1 76436 0
760 760 1 1 76533 0
761 761 1 1 76630 0
762 762 1 1 76727 0
763 763 1 1 76824 0
764 764 1 1 76921 0
765 765 1 1 77018 0
766 766 1 1 77115 0
767 767 1 1 77212 0
768 768 1 1 77309 0
769 769 1 1 77406 0
770 770 1 1 77503 0
771 771 1 1 77600 0
772 772 1 1 77697 0
773 773 1 1 77794 0
774 774 1 1 77891 0
775 775 1 1 77988 0
776 776 1 1 78085 0
777 777 1 1 78182 0
778 778 1 1 78279 0
779 779 1 1 78376 0
780 780 1 1 78473 0
781 781 1 1 78570 0
782 782 1 1 78667 0
783 783 1 1 78764 0
784 784 1 1 78861 0
785 785 1 1 78958 0
786 786 1 1 79055 0
787 787 1 1 79152 0
788 788 1 1 79249 0
789 789 1 1 79346 0
790 790 1 1 79443 0
791 791 1 1 79540 0
792 792 1 1 79637 0
793 793 1 1 79734 0
794 794 1 1 79831 0
795 795 1 1 79928 0
796 796 1 1 80025 0
797 797 1 1 80122 0
798 798 1 1 80219 0
799 799 1 1 80316 0
800 800 1 1 80413 0
801 801 1 1 80510 0
802 802 1 1 80607 0
803 803 1 1 80704 0
804 804 1 1 80801 0
805 805 1 1 80898 0
806 806 1 1 80995 0
807 807 1 1 81092 0
808 808 1 1 81189 0
809 809 1 1 81286 0
810 810 1 1 81383 0
811 811 1 1 81480 0
812 812 1 1 81577 0
813 813 1 1 81674 0
814 814 1 1 81771 0
815 815 1 1 81868 0
816 816 1 1 81965 0
817 817 1 1 82062 0
818 818 1 1 82159 0
819 819 1 1 82256 0
820 820 1 1 82353 0
821 821 1 1 82450 0
822 822 1 1 82547 0
823 823 1 1 82644 0
824 824 1 1 82741 0
825 825 1 1 82838 0
826 826 1 1 82935 0
827 827 1 1 83032 0
828 828 1 1 83129 0
829 829 1 1 83226 0
830 830 1 1 83323 0
831 831 1 1 83420 0
832 832 1 1 83517 0
833 833 1 1 83614 0
834 834 1 1 83711 0
835 835 1 1 83808 0
836 836 1 1 83905 0
837 837 1 1 84002 0
838 838 1 1 84099 0
839 839 1 1 84196 0
840 840 1 1 84293 0
841 841 1 1 84390 0
842 842 1 1 84487 0
843 843 1 1 84584 0
844 844 1 1 84681 0
845 845 1 1 84778 0
846 846 1 1 84875 0
847 847 1 1 84972 0
848 848 1 1 85069 0
849 849 1 1 85166 0
850 850 1 1 85263 0
851 851 1 1 85360 0
852 852 1 1 85457 0
853 853 1 1 85554 0
854 854 1 1 85651 0
855 855 1 1 85748 0
856 856 1 1 85845 0
857 857 1 1 85942 0
858 858 1 1 86039 0
859 859 1 1 86136 0
860 860 1 1 86233 0
861 861 1 1 86330 0
862 862 1 1 86427 0
863 863 1 1 86524 0
864 864 1 1 86621 0
865 865 1 1 86718 0
866 866 1 1 86815 0
867 867 1 1 86912 0
868 868 1 1 87009 0
869 869 1 1 87106 0
870 870 1 1 87203 0
871 871 1 1 87300 0
872 872 1 1 87397 0
873 873 1 1 87494 0
874 874 1 1 87591 0
875 875 1 1 87688 0
876 876 1 1 87785 0
877 877 1 1 87882 0
878 878 1 1 87979 0
879 879 1 1 88076 0
880 880 1 1 88173 0
881 881 1 1 88270 0
882 882 1 1 88367 0
883 883 1 1 88464 0
884 884 1 1 88561 0
885 885 1 1 88658 0
886 886 1 1 88755 0
887 887 1 1 88852 0
888 888 1 1 88949 0
889 889 1 1 89046 0
890 890 1 1 89143 0
891 891 1 1 89240 0
892 892 1 1 89337 0
893 893 1 1 89434 0
894 894 1 1 89531 0
895 895 1 1 89628 0
896 896 1 1 89725 0
897 897 1 1 89822 0
898 898 1 1 89919 0
899 899 1 1 90016 0
900 900 1 1 90113 0
901 901 1 1 90210 0
902 902 1 1 90307 0
903 903 1 1 90404 0
904 904 1 1 90501 0
905 905 1 1 90598 0
906 906 1 1 90695 0
907 907 1 1 90792 0
908 908 1 1 90889 0
909 909 1 1 90986 0
910 910 1 1 91083 0
911 911 1 1 91180 0
912 912 1 1 91277 0
913 913 1 1 91374 0
914 914 1 1 91471 0
915 915 1 1 91568 0
916 916 1 1 91665 0
917 917 1 1 91762 0
918 918 1 1 91859 0
919 919 1 1 91956 0
920 920 1 1 92053 0
921 921 1 1 92150 0
922 922 1 1 92247 0
923 923 1 1 92344 0
924 924 1 1 92441 0
925 925 1 1 92538 0
926 926 1 1 92635 0
927 927 1 1 92732 0
928 928 1 1 92829 0
929 929 1 1 92926 0
930 930 1 1 93023 0
931 931 1 1 93120 0
932 932 1 1 93217 0
933 933 1 1 93314 0
934 934 1 1 93411 0
935 935 1 1 93508 0
936 936 1 1 93605 0
937 937 1 1 93702 0
938 938 1 1 93799 0
939 939 1 1 93896 0
940 940 1 1 93993 0
941 941 1 1 94090 0
942 942 1 1 94187 0
943 943 1 1 94284 0
944 944 1 1 94381 0
945 945 1 1 94478 0
946 946 1 1 94575 0
947 947 1 1 94672 0
948 948 1 1 94769 0
949 949 1 1 94866 0
950 950 1 1 94963 0
951 951 1 1 95060 0
952 952 1 1 95157 0
953 953 1 1 95254 0
954 954 1 1 95351 0
955 955 1 1 95448 0
956 956 1 1 95545 0
957 957 1 1 95642 0
958 958 1 1 95739 0
959 959 1 1 95836 0
960 960 1 1 95933 0
961 961 1 1 96030 0
962 962 1 1 96127 0
963 963 1 1 96224 0
964 964 1 1 96321 0
965 965 1 1 96418 0
966 966 1 1 96515 0
967 967 1 1 96612 0
968 968 1 1 96709 0
969 969 1 1 96806 0
970 970 1 1 96903 0
971 971 1 1 97000 0
972 972 1 1 97097 0
973 973 1 1 97194 0
974 974 1 1 97291 0
975 975 1 1 97388 0
976 976 1 1 97485 0
977 977 1 1 97582 0
978 978 1 1 97679 0
979 979 1 1 97776 0
980 980 1 1 97873 0
981 981 1 1 97970 0
982 982 1 1 98067 0
983 983 1 1 98164 0
984 984 1 1 98261 0
985 985 1 1 98358 0
986 986 1 1 98455 0
987 987 1 1 98552 0
988 988 1 1 98649 0
989 989 1 1 98746 0
990 990 1 1 98843 0
991 991 1 1 98940 0
992 992 1 1 99037 0
993 993 1 1 99134 0
994 994 1 1 99231 0
995 995 1 1 99328 0
996 996 1 1 99425 0
997 997 1 1 99522 0
998 998 1 1 99619 0
999 999 1 1 99716 0
1000 1000 1 1 99813 0
1001 1001 1 1 99910 0
1002 1002 1 1 100007 0
1003 1003 1 1 100104 0
1004 1004 1 1 100201 0
1005 1005 1 1 100298 0
1006 1006 1 1 100395 0
1007 1007 1 1 100492 0
1008 1008 1 1 100589 0
1009 1009 1 1 100686 0
1010 1010 1 1 100783 0
1011 1011 1 1 100880 0
1012 1012 1 1 100977 0
1013 1013 1 1 101074 0
1014 1014 1 1 101171 0
1015 1015 1 1 101268 0
1016 1016 1 1 101365 0
1017 1017 1 1 101462 0
1018 1018 1 1 101559 0
1019 1019 1 1 101656 0
1020 1020 1 1 101753 0
1021 1021 1 1 101850 0
1022 1022 1 1 101947 0
1023 1023 1 1 102044 0
1024 1024 1 1 102141 0
1025 1025 1 1 102238 0
1026 1026 1 1 102335 0
1027 1027 1 1 102432 0
1028 1028 1 1 102529 0
1029 1029 1 1 102626 0
1030 1030 1 1 102723 0
1031 1031 1 1 102820 0
1032 1032 1 1 102917 0
1033 1033 1 1 103014 0
1034 1034 1 1 103111 0
1035 1035 1 1 103208 0
1036 1036 1 1 103305 0
1037 1037 1 1 103402 0
1038 1038 1 1 103499 0
1039 1039 1 1 103596 0
1040 1040 1 1 103693 0
1041 1041 1 1 103790 0
1042 1042 1 1 103887 0
1043 1043 1 1 103984 0
1044 1044 1 1 104081 0
1045 1045 1 1 104178 0
1046 1046 1 1 104275 0
1047 1047 1 1 104372 0
1048 1048 1 1 104469 0
1049 1049 1 1 104566 0
1050 1050 1 1 104663 0
1051 1051 1 1 104760 0
1052 1052 1 1 104857 0
1053 1053 1 1 104954 0
1054 1054 1 1 105051 0
1055 1055 1 1 105148 0
1056 1056 1 1 105245 0
1057 1057 1 1 105342 0
1058 1058 1 1 105439 0
1059 1059 1 1 105536 0
1060 1060 1 1 105633 0
1061 1061 1 1 105730 0
1062 1062 1 1 105827 0
1063 1063 1 1 105924 0
1064 1064 1 1 106021 0
1065 1065 1 1 106118 0
1066 1066 1 1 106215 0
1067 1067 1 1 106312 0
1068 1068 1 1 106409 0
1069 1069 1 1 106506 0
1070 1070 1 1 106603 0
1071 1071 1 1 106700 0
1072 1072 1 1 106797 0
1073 1073 1 1 106894 0
1074 1074 1 1 106991 0
1075 1075 1 1 107088 0
1076 1076 1 1 107185 0
1077 1077 1 1 107282 0
1078 1078 1 1 107379 0
1079 1079 1 1 107476 0
1080 1080 1 1 107573 0
1081 1081 1 1 107670 0
1082 1082 1 1 107767 0
1083 1083 1 1 107864 0
1084 1084 1 1 107961 0
1085 1085 1 1 108058 0
1086 1086 1 1 108155 0
1087 1087 1 1 108252 0
1088 1088 1 1 108349 0
1089 1089 1 1 108446 0
1090 1090 1 1 108543 0
1091 1091 1 1 108640 0
1092 1092 1 1 108737 0
1093 1093 1 1 108834 0
1094 1094 1 1 108931 0
1095 1095 1 1 109028 0
1096 1096 1 1 109125 0
1097 1097 1 1 109222 0
1098 1098 1 1 109319 0
1099 1099 1 1 109416 0
1100 1100 1 1 109513 0
1101 1101 1 1 109610 0
1102 1102 1 1 109707 0
1103 1103 1 1 109804 0
1104 1104 1 1 109901 0
1105 1105 1 1 109998 0
1106 1106 1 1 110095 0
1107 1107 1 1 110192 0
1108 1108 1 1 110289 0
1109 1109 1 1 110386 0
1110 1110 1 1 110483 0
1111 1111 1 1 110580 0
1112 1112 1 1 110677 0
1113 1113 1 1 110774 0
1114 1114 1 1 110871 0
1115 1115 1 1 110968 0
1116 1116 1 1 111065 0
1117 1117 1 1 111162 0
1118 1118 1 1 111259 0
1119 1119 1 1 111356 0
1120 1120 1 1 111453 0
1121 1121 1 1 111550 0
1122 1122 1 1 111647 0
1123 1123 1 1 111744 0
1124 1124 1 1 111841 0
1125 1125 1 1 111938 0
1126 1126 1 1 112035 0
1127 1127 1 1 112132 0
1128 1128 1 1 112229 0
1129 1129 1 1 112326 0
1130 1130 1 1 112423 0
1131 1131 1 1 112520 0
1132 1132 1 1 112617 0
1133 1133 1 1 112714 0
1134 1134 1 1 112811 0
1135 1135 1 1 112908 0
1136 1136 1 1 113005 0
1137 1137 1 1 113102 0
1138 1138 1 1 113199 0
1139 1139 1 1 113296 0
1140 1140 1 1 113393 0
1141 1141 1 1 113490 0
1142 1142 1 1 113587 0
1143 1143 1 1 113684 0
1144 1144 1 1 113781 0
1145 1145 1 1 113878 0
1146 1146 1 1 113975 0
1147 1147 1 1 114072 0
1148 1148 1 1 114169 0
1149 1149 1 1 114266 0
1150 1150 1 1 114363 0
1151 1151 1 1 114460 0
1152 1152 1 1 114557 0
1153 1153 1 1 114654 0
1154 1154 1 1 114751 0
1155 1155 1 1 114848 0
1156 1156 1 1 114945 0
1157 1157 1 1 115042 0
1158 1158 1 1 115139 0
1159 1159 1 1 115236 0
1160 1160 1 1 115333 0
1161 1161 1 1 115430 0
1162 1162 1 1 115527 0
1163 1163 1 1 115624 0
1164 1164 1 1 115721 0
1165 1165 1 1 115818 0
1166 1166 1 1 115915 0
1167 1167 1 1 116012 0
1168 1168 1 1 116109 0
1169 1169 1 1 116206 0
1170 1170 1 1 116303 0
1171 1171 1 1 116400 0
1172 1172 1 1 116497 0
1173 1173 1 1 116594 0
1174 1174 1 1 116691 0
1175 1175 1 1 116788 0
1176 1176 1 1 116885 0
1177 1177 1 1 116982 0
1178 1178 1 1 117079 0
1179 1179 1 1 117176 0
1180 1180 1 1 117273 0
1181 1181 1 1 117370 0
1182 1182 1 1 117467 0
1183 1183 1 1 117564 0
1184 1184 1 1 117661 0
1185 1185 1 1 117758 0
1186 1186 1 1 117855 0
1187 1187 1 1 117952 0
1188 1188 1 1 118049 0
1189 1189 1 1 118146 0
1190 1190 1 1 118243 0
1191 1191 1 1 118340 0
1192 1192 1 1 118437 0
1193 1193 1 1 118534 0
1194 1194 1 1 118631 0
1195 1195 1 1 118728 0
1196 1196 1 1 118825 0
1197 1197 1 1 118922 0
1198 1198 1 1 119019 0
1199 1199 1 1 119116 0
1200 1200 1 1 119213 0
1201 1201 1 1 119310 0
1202 1202 1 1 119407 0
1203 1203 1 1 119504 0
1204 1204 1 1 119601 0
1205 1205 1 1 119698 0
1206 1206 1 1 119795 0
1207 1207 1 1 119892 0
1208 1208 1 1 119989 0
1209 1209 1 1 120086 0
1210 1210 1 1 120183 0
1211 1211 1 1 120280 0
1212 1212 1 1 120377 0
1213 1213 1 1 120474 0
1214 1214 1 1 120571 0
1215 1215 1 1 120668 0
1216 1216 1 1 120765 0
1217 1217 1 1 120862 0
1218 1218 1 1 120959 0
1219 1219 1 1 121056 0
1220 1220 1 1 121153 0
1221 1221 1 1 121250 0
1222 1222 1 1 121347 0
1223 1223 1 1 121444 0
1224 1224 1 1 121541 0
1225 1225 1 1 121638 0
1226 1226 1 1 121735 0
1227 1227 1 1 121832 0
1228 1228 1 1 121929 0
1229 1229 1 1 122026 0
1230 1230 1 1 122123 0
1231 1231 1 1 122220 0
1232 1232 1 1 122317 0
1233 1233 1 1 122414 0
1234 1234 1 1 122511 0
1235 1235 1 1 122608 0
1236 1236 1 1 122705 0
1237 1237 1 1 122802 0
1238 1238 1 1 122899 0
1239 1239 1 1 122996 0
1240 1240 1 1 123093 0
1241 1241 1 1 123190 0
1242 1242 1 1 123287 0
1243 1243 1 1 123384 0
1244 1244 1 1 123481 0
1245 1245 1 1 123578 0
1246 1246 1 1 123675 0
1247 1247 1 1 123772 0
1248 1248 1 1 123869 0
1249 1249 1 1 123966 0
1250 1250 1 1 124063 0
1251 1251 1 1 124160 0
1252 1252 1 1 124257 0
1253 1253 1 1 124354 0
1254 1254 1 1 124451 0
1255 1255 1 1 124548 0
1256 1256 1 1 124645 0
1257 1257 1 1 124742 0
1258 1258 1 1 124839 0
1259 1259 1 1 124936 0
1260 1260 1 1 125033 0
1261 1261 1 1 125130 0
1262 1262 1 1 125227 0
1263 1263 1 1 125324 0
1264 1264 1 1 125421 0
1265 1265 1 1 125518 0
1266 1266 1 1 125615 0
1267 1267 1 1 125712 0
1268 1268 1 1 125809 0
1269 1269 1 1 125906 0
1270 1270 1 1 126003 0
1271 1271 1 1 126100 0
1272 1272 1 1 126197 0
1273 1273 1 1 126294 0
1274 1274 1 1 126391 0
1275 1275 1 1 126488 0
1276 1276 1 1 126585 0
1277 1277 1 1 126682 0
1278 1278 1 1 126779 0
1279 1279 1 1 126876 0
1280 1280 1 1 126973 0
1281 1281 1 1 127070 0
1282 1282 1 1 127167 0
1283 1283 1 1 127264 0
1284 1284 1 1 127361 0
1285 1285 1 1 127458 0
1286 1286 1 1 127555 0
1287 1287 1 1 127652 0
1288 1288 1 1 127749 0
1289 1289 1 1 127846 0
1290 1290 1 1 127943 0
1291 1291 1 1 128040 0
1292 1292 1 1 128137 0
1293 1293 1 1 128234 0
1294 1294 1 1 128331 0
1295 1295 1 1 128428 0
1296 1296 1 1 128525 0
1297 1297 1 1 128622 0
1298 1298 1 1 128719 0
1299 1299 1 1 128816 0
1300 1300 1 1 128913 0
1301 1301 1 1 129010 0
1302 1302 1 1 129107 0
1303 1303 1 1 129204 0
1304 1304 1 1 129301 0
1305 1305 1 1 129398 0
1306 1306 1 1 129495 0
1307 1307 1 1 129592 0
1308 1308 1 1 129689 0
1309 1309 1 1 129786 0
1310 1310 1 1 129883 0
1311 1311 1 1 129980 0
1312 1312 1 1 130077 0
1313 1313 1 1 130174 0
1314 1314 1 1 130271 0
1315 1315 1 1 130368 0
1316 1316 1 1 130465 0
1317 1317 1 1 130562 0
1318 1318 1 1 130659 0
1319 1319 1 1 130756 0
1320 1320 1 1 130853 0
1321 1321 1 1 130950 0
1322 1322 1 1 131047 0
1323 1323 1 1 131144 0
1324 1324 1 1 131241 0
1325 1325 1 1 131338 0
1326 1326 1 1 131435 0
1327 1327 1 1 131532 0
1328 1328 1 1 131629 0
1329 1329 1 1 131726 0
1330 1330 1 1 131823 0
1331 1331 1 1 131920 0
1332 1332 1 1 132017 0
1333 1333 1 1 132114 0
1334 1334 1 1 132211 0
1335 1335 1 1 132308 0
1336 1336 1 1 132405 0
1337 1337 1 1 132502 0
1338 1338 1 1 132599 0
1339 1339 1 1 132696 0
1340 1340 1 1 132793 0
1341 1341 1 1 132890 0
1342 1342 1 1 132987 0
1343 1343 1 1 133084 0
1344 1344 1 1 133181 0
1345 1345 1 1 133278 0
1346 1346 1 1 133375 0
1347 1347 1 1 133472 0
1348 1348 1 1 133569 0
1349 1349 1 1 133666 0
1350 1350 1 1 133763 0
1351 1351 1 1 133860 0
1352 1352 1 1 133957 0
1353 1353 1 1 134054 0
1354 1354 1 1 134151 0
1355 1355 1 1 134248 0
1356 1356 1 1 134345 0
1357 1357 1 1 134442 0
1358 1358 1 1 134539 0
1359 1359 1 1 134636 0
1360 1360 1 1 134733 0
1361 1361 1 1 134830 0
1362 1362 1 1 134927 0
1363 1363 1 1 135024 0
1364 1364 1 1 135121 0
1365 1365 1 1 135218 0
1366 1366 1 1 135315 0
1367 1367 1 1 135412 0
1368 1368 1 1 135509 0
1369 1369 1 1 135606 0
1370 1370 1 1 135703 0
1371 1371 1 1 135800 0
1372 1372 1 1 135897 0
1373 1373 1 1 135994 0
1374 1374 1 1 136091 0
1375 1375 1 1 136188 0
1376 1376 1 1 136285 0
1377 1377 1 1 136382 0
1378 1378 1 1 136479 0
1379 1379 1 1 136576 0
1380 1380 1 1 136673 0
1381 1381 1 1 136770 0
1382 1382 1 1 136867 0
1383 1383 1 1 136964 0
1384 1384 1 1 137061 0
1385 1385 1 1 137158 0
1386 1386 1 1 137255 0
1387 1387 1 1 137352 0
1388 1388 1 1 137449 0
1389 1389 1 1 137546 0
1390 1390 1 1 137643 0
1391 1391 1 1 137740 0
1392 1392 1 1 137837 0
1393 1393 1 1 137934 0
1394 1394 1 1 138031 0
1395 1395 1 1 138128 0
1396 1396 1 1 138225 0
1397 1397 1 1 138322 0
1398 1398 1 1 138419 0
1399 1399 1 1 138516 0
1400 1400 1 1 138613 0
1401 1401 1 1 138710 0
1402 1402 1 1 138807 0
1403 1403 1 1 138904 0
1404 1404 1 1 139001 0
1405 1405 1 1 139098 0
1406 1406 1 1 139195 0
1407 1407 1 1 139292 0
1408 1408 1 1 139389 0
1409 1409 1 1 139486 0
1410 1410 1 1 139583 0
1411 1411 1 1 139680 0
1412 1412 1 1 139777 0
1413 1413 1 1 139874 0
1414 1414 1 1 139971 0
1415 1415 1 1 140068 0
1416 1416 1 1 140165 0
1417 1417 1 1 140262 0
1418 1418 1 1 140359 0
1419 1419 1 1 140456 0
1420 1420 1 1 140553 0
1421 1421 1 1 140650 0
1422 1422 1 1 140747 0
1423 1423 1 1 140844 0
1424 1424 1 1 140941 0
1425 1425 1 1 141038 0
1426 1426 1 1 141135 0
1427 1427 1 1 141232 0
1428 1428 1 1 141329 0
1429 1429 1 1 141426 0
1430 1430 1 1 141523 0
1431 1431 1 1 141620 0
1432 1432 1 1 141717 0
1433 1433 1 1 141814 0
1434 1434 1 1 141911 0
1435 1435 1 1 142008 0
1436 1436 1 1 142105 0
1437 1437 1 1 142202 0
1438 1438 1 1 142299 0
1439 1439 1 1 142396 0
1440 1440 1 1 142493 0
1441 1441 1 1 142590 0
1442 1442 1 1 142687 0
1443 1443 1 1 142784 0
1444 1444 1 1 142881 0
1445 1445 1 1 142978 0
1446 1446 1 1 143075 0
1447 1447 1 1 143172 0
1448 1448 1 1 143269 0
1449 1449 1 1 143366 0
1450 1450 1 1 143463 0
1451 1451 1 1 143560 0
1452 1452 1 1 143657 0
1453 1453 1 1 143754 0
1454 1454 1 1 143851 0
1455 1455 1 1 143948 0
1456 1456 1 1 144045 0
1457 1457 1 1 144142 0
1458 1458 1 1 144239 0
1459 1459 1 1 144336 0
1460 1460 1 1 144433 0
1461 1461 1 1 144530 0
1462 1462 1 1 144627 0
1463 1463 1 1 144724 0
1464 1464 1 1 144821 0
1465 1465 1 1 144918 0
1466 1466 1 1 145015 0
1467 1467 1 1 145112 0
1468 1468 1 1 145209 0
1469 1469 1 1 145306 0
1470 1470 1 1 145403 0
1471 1471 1 1 145500 0
1472 1472 1 1 145597 0
1473 1473 1 1 145694 0
1474 1474 1 1 145791 0
1475 1475 1 1 145888 0
1476 1476 1 1 145985 0
1477 1477 1 1 146082 0
1478 1478 1 1 146179 0
1479 1479 1 1 146276 0
1480 1480 1 1 146373 0
1481 1481 1 1 146470 0
1482 1482 1 1 146567 0
1483 1483 1 1 146664 0
1484 1484 1 1 146761 0
1485 1485 1 1 146858 0
1486 1486 1 1 146955 0
1487 1487 1 1 147052 0
1488 1488 1 1 147149 0
1489 1489 1 1 147246 0
1490 1490 1 1 147343 0
1491 1491 1 1 147440 0
1492 1492 1 1 147537 0
1493 1493 1 1 147634 0
1494 1494 1 1 147731 0
1495 1495 1 1 147828 0
1496 1496 1 1 147925 0
1497 1497 1 1 148022 0
1498 1498 1 1 148119 0
1499 1499 1 1 148216 0
1500 1500 1 1 148313 0
1501 1501 1 1 148410 0
1502 1502 1 1 148507 0
1503 1503 1 1 148604 0
1504 1504 1 1 148701 0
1505 1505 1 1 148798 0
1506 1506 1 1 148895 0
1507 1507 1 1 148992 0
1508 1508 1 1 149089 0
1509 1509 1 1 149186 0
1510 1510 1 1 149283 0
1511 1511 1 1 149380 0
1512 1512 1 1 149477 0
1513 1513 1 1 149574 0
1514 1514 1 1 149671 0
1515 1515 1 1 149768 0
1516 1516 1 1 149865 0
1517 1517 1 1 149962 0
1518 1518 1 1 150059 0
1519 1519 1 1 150156 0
1520 1520 1 1 150253 0
1521 1521 1 1 150350 0
1522 1522 1 1 150447 0
1523 1523 1 1 150544 0
1524 1524 1 1 150641 0
1525 1525 1 1 150738 0
1526 1526 1 1 150835 0
1527 1527 1 1 150932 0
1528 1528 1 1 151029 0
1529 1529 1 1 151126 0
1530 1530 1 1 151223 0
1531 1531 1 1 151320 0
1532 1532 1 1 151417 0
1533 1533 1 1 151514 0
1534 1534 1 1 151611 0
1535 1535 1 1 151708 0
1536 1536 1 1 151805 0
1537 1537 1 1 151902 0
1538 1538 1 1 151999 0
1539 1539 1 1 152096 0
1540 1540 1 1 152193 0
1541 1541 1 1 152290 0
1542 1542 1 1 152387 0
1543 1543 1 1 152484 0
1544 1544 1 1 152581 0
1545 1545 1 1 152678 0
1546 1546 1 1 152775 0
1547 1547 1 1 152872 0
1548 1548 1 1 152969 0
1549 1549 1 1 153066 0
1550 1550 1 1 153163 0
1551 1551 1 1 153260 0
1552 1552 1 1 153357 0
1553 1553 1 1 153454 0
1554 1554 1 1 153551 0
1555 1555 1 1 153648 0
1556 1556 1 1 153745 0
1557 1557 1 1 153842 0
1558 1558 1 1 153939 0
1559 1559 1 1 154036 0
1560 1560 1 1 154133 0
1561 1561 1 1 154230 0
1562 1562 1 1 154327 0
1563 1563 1 1 154424 0
1564 1564 1 1 154521 0
1565 1565 1 1 154618 0
1566 1566 1 1 154715 0
1567 1567 1 1 154812 0
1568 1568 1 1 154909 0
1569 1569 1 1 155006 0
1570 1570 1 1 155103 0
1571 1571 1 1 155200 0
1572 1572 1 1 155297 0
1573 1573 1 1 155394 0
1574 1574 1 1 155491 0
1575 1575 1 1 155588 0
1576 1576 1 1 155685 0
1577 1577 1 1 155782 0
1578 1578 1 1 155879 0
1579 1579 1 1 155976 0
1580 1580 1 1 156073 0
1581 1581 1 1 156170 0
1582 1582 1 1 156267 0
1583 1583 1 1 156364 0
1584 1584 1 1 156461 0
1585 1585 1 1 156558 0
1586 1586 1 1 156655 0
1587 1587 1 1 156752 0
1588 1588 1 1 156849 0
1589 1589 1 1 156946 0
1590 1590 1 1 157043 0
1591 1591 1 1 157140 0
1592 1592 1 1 157237 0
1593 1593 1 1 157334 0
1594 1594 1 1 157431 0
1595 1595 1 1 157528 0
1596 1596 1 1 157625 0
1597 1597 1 1 157722 0
1598 1598 1 1 157819 0
1599 1599 1 1 157916 0
1600 1600 1 1 158013 0
1601 1601 1 1 158110 0
1602 1602 1 1 158207 0
1603 1603 1 1 158304 0
1604 1604 1 1 158401 0
1605 1605 1 1 158498 0
1606 1606 1 1 158595 0
1607 1607 1 1 158692 0
1608 1608 1 1 158789 0
1609 1609 1 1 158886 0
1610 1610 1 1 158983 0
1611 1611 1 1 159080 0
1612 1612 1 1 159177 0
1613 1613 1 1 159274 0
1614 1614 1 1 159371 0
1615 1615 1 1 159468 0
1616 1616 1 1 159565 0
1617 1617 1 1 159662 0
1618 1618 1 1 159759 0
1619 1619 1 1 159856 0
1620 1620 1 1 159953 0
1621 1621 1 1 160050 0
1622 1622 1 1 160147 0
1623 1623 1 1 160244 0
1624 1624 1 1 160341 0
1625 1625 1 1 160438 0
1626 1626 1 1 160535 0
1627 1627 1 1 160632 0
1628 1628 1 1 160729 0
1629 1629 1 1 160826 0
1630 1630 1 1 160923 0
1631 1631 1 1 161020 0
1632 1632 1 1 161117 0
1633 1633 1 1 161214 0
1634 1634 1 1 161311 0
1635 1635 1 1 161408 0
1636 1636 1 1 161505 0
1637 1637 1 1 161602 0
1638 1638 1 1 161699 0
1639 1639 1 1 161796 0
1640 1640 1 1 161893 0
1641 1641 1 1 161990 0
1642 1642 1 1 162087 0
1643 1643 1 1 162184 0
1644 1644 1 1 162281 0
1645 1645 1 1 162378 0
1646 1646 1 1 162475 0
1647 1647 1 1 162572 0
1648 1648 1 1 162669 0
1649 1649 1 1 162766 0
1650 1650 1 1 162863 0
1651 1651 1 1 162960 0
1652 1652 1 1 163057 0
1653 1653 1 1 163154 0
1654 1654 1 1 163251 0
1655 1655 1 1 163348 0
1656 1656 1 1 163445 0
1657 1657 1 1 163542 0
1658 1658 1 1 163639 0
1659 1659 1 1 163736 0
1660 1660 1 1 163833 0
1661 1661 1 1 163930 0
1662 1662 1 1 164027 0
1663 1663 1 1 164124 0
1664 1664 1 1 164221 0
1665 1665 1 1 164318 0
1666 1666 1 1 164415 0
1667 1667 1 1 164512 0
1668 1668 1 1 164609 0
1669 1669 1 1 164706 0
1670 1670 1 1 164803 0
1671 1671 1 1 164900 0
1672 1672 1 1 164997 0
1673 1673 1 1 165094 0
1674 1674 1 1 165191 0
1675 1675 1 1 165288 0
1676 1676 1 1 165385 0
1677 1677 1 1 165482 0
1678 1678 1 1 165579 0
1679 1679 1 1 165676 0
1680 1680 1 1 165773 0
1681 1681 1 1 165870 0
1682 1682 1 1 165967 0
1683 1683 1 1 166064 0
1684 1684 1 1 166161 0
1685 1685 1 1 166258 0
1686 1686 1 1 166355 0
1687 1687 1 1 166452 0
1688 1688 1 1 166549 0
1689 1689 1 1 166646 0
1690 1690 1 1 166743 0
1691 1691 1 1 166840 0
1692 1692 1 1 166937 0
1693 1693 1 1 167034 0
1694 1694 1 1 167131 0
1695 1695 1 1 167228 0
1696 1696 1 1 167325 0
1697 1697 1 1 167422 0
1698 1698 1 1 167519 0
1699 1699 1 1 167616 0
1700 1700 1 1 167713 0
1701 1701 1 1 167810 0
1702 1702 1 1 167907 0
1703 1703 1 1 168004 0
1704 1704 1 1 168101 0
1705 1705 1 1 168198 0
1706 1706 1 1 168295 0
1707 1707 1 1 168392 0
1708 1708 1 1 168489 0
1709 1709 1 1 168586 0
1710 1710 1 1 168683 0
1711 1711 1 1 168780 0
1712 1712 1 1 168877 0
1713 1713 1 1 168974 0
1714 1714 1 1 169071 0
1715 1715 1 1 169168 0
1716 1716 1 1 169265 0
1717 1717 1 1 169362 0
1718 1718 1 1 169459 0
1719 1719 1 1 169556 0
1720 1720 1 1 169653 0
1721 1721 1 1 169750 0
1722 1722 1 1 169847 0
1723 1723 1 1 169944 0
1724 1724 1 1 170041 0
1725 1725 1 1 170138 0
1726 1726 1 1 170235 0
1727 1727 1 1 170332 0
1728 1728 1 1 170429 0
1729 1729 1 1 170526 0
1730 1730 1 1 170623 0
1731 1731 1 1 170720 0
1732 1732 1 1 170817 0
1733 1733 1 1 170914 0
1734 1734 1 1 171011 0
1735 1735 1 1 171108 0
1736 1736 1 1 171205 0
1737 1737 1 1 171302 0
1738 1738 1 1 171399 0
1739 1739 1 1 171496 0
1740 1740 1 1 171593 0
1741 1741 1 1 171690 0
1742 1742 1 1 171787 0
1743 1743 1 1 171884 0
1744 1744 1 1 171981 0
1745 1745 1 1 172078 0
1746 1746 1 1 172175 0
1747 1747 1 1 172272 0
1748 1748 1 1 172369 0
1749 1749 1 1 172466 0
1750 1750 1 1 172563 0
1751 1751 1 1 172660 0
1752 1752 1 1 172757 0
1753 1753 1 1 172854 0
1754 1754 1 1 172951 0
1755 1755 1 1 173048 0
1756 1756 1 1 173145 0
1757 1757 1 1 173242 0
1758 1758 1 1 173339 0
1759 1759 1 1 173436 0
1760 1760 1 1 173533 0
1761 1761 1 1 173630 0
1762 1762 1 1 173727 0
1763 1763 1 1 173824 0
1764 1764 1 1 173921 0
1765 1765 1 1 174018 0
1766 1766 1 1 174115 0
1767 1767 1 1 174212 0
1768 1768 1 1 174309 0
1769 1769 1 1 174406 0
1770 1770 1 1 174503 0
1771 1771 1 1 174600 0
1772 1772 1 1 174697 0
1773 1773 1 1 174794 0
1774 1774 1 1 174891 0
1775 1775 1 1 174988 0
1776 1776 1 1 175085 0
1777 1777 1 1 175182 0
1778 1778 1 1 175279 0
1779 1779 1 1 175376 0
1780 1780 1 1 175473 0
1781 1781 1 1 175570 0
1782 1782 1 1 175667 0
1783 1783 1 1 175764 0
1784 1784 1 1 175861 0
1785 1785 1 1 175958 0
1786 1786 1 1 176055 0
1787 1787 1 1 176152 0
1788 1788 1 1 176249 0
1789 1789 1 1 176346 0
1790 1790 1 1 176443 0
1791 1791 1 1 176540 0
1792 1792 1 1 176637 0
1793 1793 1 1 176734 0
1794 1794 1 1 176831 0
1795 1795 1 1 176928 0
1796 1796 1 1 177025 0
1797 1797 1 1 177122 0
1798 1798 1 1 177219 0
1799 1799 1 1 177316 0
1800 1800 1 1 177413 0
1801 1801 1 1 177510 0
1802 1802 1 1 177607 0
1803 1803 1 1 177704 0
1804 1804 1 1 177801 0
1805 1805 1 1 177898 0
1806 1806 1 1 177995 0
1807 1807 1 1 178092 0
1808 1808 1 1 178189 0
1809 1809 1 1 178286 0
1810 1810 1 1 178383 0
1811 1811 1 1 178480 0
1812 1812 1 1 178577 0
1813 1813 1 1 178674 0
1814 1814 1 1 178771 0
1815 1815 1 1 178868 0
1816 1816 1 1 178965 0
1817 1817 1 1 179062 0
1818 1818 1 1 179159 0
1819 1819 1 1 179256 0
1820 1820 1 1 179353 0
1821 1821 1 1 179450 0
1822 1822 1 1 179547 0
1823 1823 1 1 179644 0
1824 1824 1 1 179741 0
1825 1825 1 1 179838 0
1826 1826 1 1 179935 0
1827 1827 1 1 180032 0
1828 1828 1 1 180129 0
1829 1829 1 1 180226 0
1830 1830 1 1 180323 0
1831 1831 1 1 180420 0
1832 1832 1 1 180517 0
1833 1833 1 1 180614 0
1834 1834 1 1 180711 0
1835 1835 1 1 180808 0
1836 1836 1 1 180905 0
1837 1837 1 1 181002 0
1838 1838 1 1 181099 0
1839 1839 1 1 181196 0
1840 1840 1 1 181293 0
1841 1841 1 1 181390 0
1842 1842 1 1 181487 0
1843 1843 1 1 181584 0
1844 1844 1 1 181681 0
1845 1845 1 1 181778 0
1846 1846 1 1 181875 0
1847 1847 1 1 181972 0
1848 1848 1 1 182069 0
1849 1849 1 1 182166 0
1850 1850 1 1 182263 0
1851 1851 1 1 182360 0
1852 1852 1 1 182457 0
1853 1853 1 1 182554 0
1854 1854 1 1 182651 0
1855 1855 1 1 182748 0
1856 1856 1 1 182845 0
1857 1857 1 1 182942 0
1858 1858 1 1 183039 0
1859 1859 1 1 183136 0
1860 1860 1 1 183233 0
1861 1861 1 1 183330 0
1862 1862 1 1 183427 0
1863 1863 1 1 183524 0
1864 1864 1 1 183621 0
1865 1865 1 1 183718 0
1866 1866 1 1 183815 0
1867 1867 1 1 183912 0
1868 1868 1 1 184009 0
1869 1869 1 1 184106 0
1870 1870 1 1 184203 0
1871 1871 1 1 184300 0
1872 1872 1 1 184397 0
1873 1873 1 1 184494 0
1874 1874 1 1 184591 0
1875 1875 1 1 184688 0
1876 1876 1 1 184785 0
1877 1877 1 1 184882 0
1878 1878 1 1 184979 0
1879 1879 1 1 185076 0
1880 1880 1 1 185173 0
1881 1881 1 1 185270 0
1882 1882 1 1 185367 0
1883 1883 1 1 185464 0
1884 1884 1 1 185561 0
1885 1885 1 1 185658 0
1886 1886 1 1 185755 0
1887 1887 1 1 185852 0
1888 1888 1 1 185949 0
1889 1889 1 1 186046 0
1890 1890 1 1 186143 0
1891 1891 1 1 186240 0
1892 1892 1 1 186337 0
1893 1893 1 1 186434 0
1894 1894 1 1 186531 0
1895 1895 1 1 186628 0
1896 1896 1 1 186725 0
1897 1897 1 1 186822 0
1898 1898 1 1 186919 0
1899 1899 1 1 187016 0
1900 1900 1 1 187113 0
1901 1901 1 1 187210 0
1902 1902 1 1 187307 0
1903 1903 1 1 187404 0
1904 1904 1 1 187501 0
1905 1905 1 1 187598 0
1906 1906 1 1 187695 0
1907 1907 1 1 187792 0
1908 1908 1 1 187889 0
1909 1909 1 1 187986 0
1910 1910 1 1 188083 0
1911 1911 1 1 188180 0
1912 1912 1 1 188277 0
1913 1913 1 1 188374 0
1914 1914 1 1 188471 0
1915 1915 1 1 188568 0
1916 1916 1 1 188665 0
1917 1917 1 1 188762 0
1918 1918 1 1 188859 0
1919 1919 1 1 188956 0
1920 1920 1 1 189053 0
1921 1921 1 1 189150 0
1922 1922 1 1 189247 0
1923 1923 1 1 189344 0
1924 1924 1 1 189441 0
1925 1925 1 1 189538 0
1926 1926 1 1 189635 0
1927 1927 1 1 189732 0
1928 1928 1 1 189829 0
1929 1929 1 1 189926 0
1930 1930 1 1 190023 0
1931 1931 1 1 190120 0
1932 1932 1 1 190217 0
1933 1933 1 1 190314 0
1934 1934 1 1 190411 0
1935 1935 1 1 190508 0
1936 1936 1 1 190605 0
1937 1937 1 1 190702 0
1938 1938 1 1 190799 0
1939 1939 1 1 190896 0
1940 1940 1 1 190993 0
1941 1941 1 1 191090 0
1942 1942 1 1 191187 0
1943 1943 1 1 191284 0
1944 1944 1 1 191381 0
1945 1945 1 1 191478 0
1946 1946 1 1 191575 0
1947 1947 1 1 191672 0
1948 1948 1 1 191769 0
1949 1949 1 1 191866 0
1950 1950 1 1 191963 0
1951 1951 1 1 192060 0
1952 1952 1 1 192157 0
1953 1953 1 1 192254 0
1954 1954 1 1 192351 0
1955 1955 1 1 192448 0
1956 1956 1 1 192545 0
1957 1957 1 1 192642 0
1958 1958 1 1 192739 0
1959 1959 1 1 192836 0
1960 1960 1 1 192933 0
1961 1961 1 1 193030 0
1962 1962 1 1 193127 0
1963 1963 1 1 193224 0
1964 1964 1 1 193321 0
1965 1965 1 1 193418 0
1966 1966 1 1 193515 0
1967 1967 1 1 193612 0
1968 1968 1 1 193709 0
1969 1969 1 1 193806 0
1970 1970 1 1 193903 0
1971 1971 1 1 194000 0
1972 1972 1 1 194097 0
1973 1973 1 1 194194 0
1974 1974 1 1 194291 0
1975 1975 1 1 194388 0
1976 1976 1 1 194485 0
1977 1977 1 1 194582 0
1978 1978 1 1 194679 0
1979 1979 1 1 194776 0
1980 1980 1 1 194873 0
1981 1981 1 1 194970 0
1982 1982 1 1 195067 0
1983 1983 1 1 195164 0
1984 1984 1 1 195261 0
1985 1985 1 1 195358 0
1986 1986 1 1 195455 0
1987 1987 1 1 195552 0
1988 1988 1 1 195649 0
1989 1989 1 1 195746 0
1990 1990 1 1 195843 0
1991 1991 1 1 195940 0
1992 1992 1 1 196037 0
1993 1993 1 1 196134 0
1994 1994 1 1 196231 0
1995 1995 1 1 196328 0
1996 1996 1 1 196425 0
1997 1997 1 1 196522 0
1998 1998 1 1 196619 0
1999 1999 1 1 196716 0
2000 2000 1 1 196813 0
2001 2001 1 1 196910 0
2002 2002 1 1 197007 0
2003 2003 1 1 197104 0
2004 2004 1 1 197201 0
2005 2005 1 1 197298 0
2006 2006 1 1 197395 0
2007 2007 1 1 197492 0
2008 2008 1 1 197589 0
2009 2009 1 1 197686 0
2010 2010 1 1 197783 0
2011 2011 1 1 197880 0
2012 2012 1 1 197977 0
2013 2013 1 1 198074 0
2014 2014 1 1 198171 0
2015 2015 1 1 198268 0
2016 2016 1 1 198365 0
2017 2017 1 1 198462 0
2018 2018 1 1 198559 0
2019 2019 1 1 198656 0
2020 2020 1 1 198753 0
2021 2021 1 1 198850 0
2022 2022 1 1 198947 0
2023 2023 1 1 199044 0
2024 2024 1 1 199141 0
2025 2025 1 1 199238 0
2026 2026 1 1 199335 0
2027 2027 1 1 199432 0
2028 2028 1 1 199529 0
2029 2029 1 1 199626 0
2030 2030 1 1 199723 0
2031 2031 1 1 199820 0
2032 2032 1 1 199917 0
2033 2033 1 1 200014 0
2034 2034 1 1 200111 0
2035 2035 1 1 200208 0
2036 2036 1 1 200305 0
2037 2037 1 1 200402 0
2038 2038 1 1 200499 0
2039 2039 1 1 200596 0
2040 2040 1 1 200693 0
2041 2041 1 1 200790 0
2042 2042 1 1 200887 0
2043 2043 1 1 200984 0
2044 2044 1 1 201081 0
2045 2045 1 1 201178 0
2046 2046 1 1 201275 0
2047 2047 1 1 201372 0
2048 2048 1 1 201469 0
2049 2049 1 1 201566 0
2050 2050 1 1 201663 0
2051 2051 1 1 201760 0
2052 2052 1 1 201857 0
2053 2053 1 1 201954 0
2054 2054 1 1 202051 0
2055 2055 1 1 202148 0
2056 2056 1 1 202245 0
2057 2057 1 1 202342 0
2058 2058 1 1 202439 0
2059 2059 1 1 202536 0
2060 2060 1 1 202633 0
2061 2061 1 1 202730 0
2062 2062 1 1 202827 0
2063 2063 1 1 202924 0
2064 2064 1 1 203021 0
2065 2065 1 1 203118 0
2066 2066 1 1 203215 0
2067 2067 1 1 203312 0
2068 2068 1 1 203409 0
2069 2069 1 1 203506 0
2070 2070 1 1 203603 0
2071 2071 1 1 203700 0
2072 2072 1 1 203797 0
2073 2073 1 1 203894 0
2074 2074 1 1 203991 0
2075 2075 1 1 204088 0
2076 2076 1 1 204185 0
2077 2077 1 1 204282 0
2078 2078 1 1 204379 0
2079 2079 1 1 204476 0
2080 2080 1 1 204573 0
2081 2081 1 1 204670 0
2082 2082 1 1 204767 0
2083 2083 1 1 204864 0
2084 2084 1 1 204961 0
2085 2085 1 1 205058 0
2086 2086 1 1 205155 0
2087 2087 1 1 205252 0
2088 2088 1 1 205349 0
2089 2089 1 1 205446 0
2090 2090 1 1 205543 0
2091 2091 1 1 205640 0
2092 2092 1 1 205737 0
2093 2093 1 1 205834 0
2094 2094 1 1 205931 0
2095 2095 1 1 206028 0
2096 2096 1 1 206125 0
2097 2097 1 1 206222 0
2098 2098 1 1 206319 0
2099 2099 1 1 206416 0
2100 2100 1 1 206513 0
2101 2101 1 1 206610 0
2102 2102 1 1 206707 0
2103 2103 1 1 206804 0
2104 2104 1 1 206901 0
2105 2105 1 1 206998 0
2106 2106 1 1 207095 0
2107 2107 1 1 207192 0
2108 2108 1 1 207289 0
2109 2109 1 1 207386 0
2110 2110 1 1 207483 0
2111 2111 1 1 207580 0
2112 2112 1 1 207677 0
2113 2113 1 1 207774 0
2114 2114 1 1 207871 0
2115 2115 1 1 207968 0
2116 2116 1 1 208065 0
2117 2117 1 1 208162 0
2118 2118 1 1 208259 0
2119 2119 1 1 208356 0
2120 2120 1 1 208453 0
2121 2121 1 1 208550 0
2122 2122 1 1 208647 0
2123 2123 1 1 208744 0
2124 2124 1 1 208841 0
2125 2125 1 1 208938 0
2126 2126 1 1 209035 0
2127 2127 1 1 209132 0
2128 2128 1 1 209229 0
2129 2129 1 1 209326 0
2130 2130 1 1 209423 0
2131 2131 1 1 209520 0
2132 2132 1 1 209617 0
2133 2133 1 1 209714 0
2134 2134 1 1 209811 0
2135 2135 1 1 209908 0
2136 2136 1 1 210005 0
2137 2137 1 1 210102 0
2138 2138 1 1 210199 0
2139 2139 1 1 210296 0
2140 2140 1 1 210393 0
2141 2141 1 1 210490 0
2142 2142 1 1 210587 0
2143 2143 1 1 210684 0
2144 2144 1 1 210781 0
2145 2145 1 1 210878 0
2146 2146 1 1 210975 0
2147 2147 1 1 211072 0
2148 2148 1 1 211169 0
2149 2149 1 1 211266 0
2150 2150 1 1 211363 0
2151 2151 1 1 211460 0
2152 2152 1 1 211557 0
2153 2153 1 1 211654 0
2154 2154 1 1 211751 0
2155 2155 1 1 211848 0
2156 2156 1 1 211945 0
2157 2157 1 1 212042 0
2158 2158 1 1 212139 0
2159 2159 1 1 212236 0
2160 2160 1 1 212333 0
2161 2161 1 1 212430 0
2162 2162 1 1 212527 0
2163 2163 1 1 212624 0
2164 2164 1 1 212721 0
2165 2165 1 1 212818 0
2166 2166 1 1 212915 0
2167 2167 1 1 213012 0
2168 2168 1 1 213109 0
2169 2169 1 1 213206 0
2170 2170 1 1 213303 0
2171 2171 1 1 213400 0
2172 2172 1 1 213497 0
2173 2173 1 1 213594 0
2174 2174 1 1 213691 0
2175 2175 1 1 213788 0
2176 2176 1 1 213885 0
2177 2177 1 1 213982 0
2178 2178 1 1 214079 0
2179 2179 1 1 214176 0
2180 2180 1 1 214273 0
2181 2181 1 1 214370 0
2182 2182 1 1 214467 0
2183 2183 1 1 214564 0
2184 2184 1 1 214661 0
2185 2185 1 1 214758 0
2186 2186 1 1 214855 0
2187 2187 1 1 214952 0
2188 2188 1 1 215049 0
2189 2189 1 1 215146 0
2190 2190 1 1 215243 0
2191 2191 1 1 215340 0
2192 2192 1 1 215437 0
2193 2193 1 1 215534 0
2194 2194 1 1 215631 0
2195 2195 1 1 215728 0
2196 2196 1 1 215825 0
2197 2197 1 1 215922 0
2198 2198 1 1 216019 0
2199 2199 1 1 216116 0
2200 2200 1 1 216213 0
2201 2201 1 1 216310 0
2202 2202 1 1 216407 0
2203 2203 1 1 216504 0
2204 2204 1 1 216601 0
2205 2205 1 1 216698 0
2206 2206 1 1 216795 0
2207 2207 1 1 216892 0
2208 2208 1 1 216989 0
2209 2209 1 1 217086 0
2210 2210 1 1 217183 0
2211 2211 1 1 217280 0
2212 2212 1 1 217377 0
2213 2213 1 1 217474 0
2214 2214 1 1 217571 0
2215 2215 1 1 217668 0
2216 2216 1 1 217765 0
2217 2217 1 1 217862 0
2218 2218 1 1 217959 0
2219 2219 1 1 218056 0
2220 2220 1 1 218153 0
2221 2221 1 1 218250 0
2222 2222 1 1 218347 0
2223 2223 1 1 218444 0
2224 2224 1 1 218541 0
2225 2225 1 1 218638 0
2226 2226 1 1 218735 0
2227 2227 1 1 218832 0
2228 2228 1 1 218929 0
2229 2229 1 1 219026 0
2230 2230 1 1 219123 0
2231 2231 1 1 219220 0
2232 2232 1 1 219317 0
2233 2233 1 1 219414 0
2234 2234 1 1 219511 0
2235 2235 1 1 219608 0
2236 2236 1 1 219705 0
2237 2237 1 1 219802 0
2238 2238 1 1 219899 0
2239 2239 1 1 219996 0
2240 2240 1 1 220093 0
2241 2241 1 1 220190 0
2242 2242 1 1 220287 0
2243 2243 1 1 220384 0
2244 2244 1 1 220481 0
2245 2245 1 1 220578 0
2246 2246 1 1 220675 0
2247 2247 1 1 220772 0
2248 2248 1 1 220869 0
2249 2249 1 1 220966 0
2250 2250 1 1 221063 0
2251 2251 1 1 221160 0
2252 2252 1 1 221257 0
2253 2253 1 1 221354 0
2254 2254 1 1 221451 0
2255 2255 1 1 221548 0
2256 2256 1 1 221645 0
2257 2257 1 1 221742 0
2258 2258 1 1 221839 0
2259 2259 1 1 221936 0
2260 2260 1 1 222033 0
2261 2261 1 1 222130 0
2262 2262 1 1 222227 0
2263 2263 1 1 222324 0
2264 2264 1 1 222421 0
2265 2265 1 1 222518 0
2266 2266 1 1 222615 0
2267 2267 1 1 222712 0
2268 2268 1 1 222809 0
2269 2269 1 1 222906 0
2270 2270 1 1 223003 0
2271 2271 1 1 223100 0
2272 2272 1 1 223197 0
2273 2273 1 1 223294 0
2274 2274 1 1 223391 0
2275 2275 1 1 223488 0
2276 2276 1 1 223585 0
2277 2277 1 1 223682 0
2278 2278 1 1 223779 0
2279 2279 1 1 223876 0
2280 2280 1 1 223973 0
2281 2281 1 1 224070 0
2282 2282 1 1 224167 0
2283 2283 1 1 224264 0
2284 2284 1 1 224361 0
2285 2285 1 1 224458 0
2286 2286 1 1 224555 0
2287 2287 1 1 224652 0
2288 2288 1 1 224749 0
2289 2289 1 1 224846 0
2290 2290 1 1 224943 0
2291 2291 1 1 225040 0
2292 2292 1 1 225137 0
2293 2293 1 1 225234 0
2294 2294 1 1 225331 0
2295 2295 1 1 225428 0
2296 2296 1 1 225525 0
2297 2297 1 1 225622 0
2298 2298 1 1 225719 0
2299 2299 1 1 225816 0
2300 2300 1 1 225913 0
2301 2301 1 1 226010 0
2302 2302 1 1 226107 0
2303 2303 1 1 226204 0
2304 2304 1 1 226301 0
2305 2305 1 1 226398 0
2306 2306 1 1 226495 0
2307 2307 1 1 226592 0
2308 2308 1 1 226689 0
2309 2309 1 1 226786 0
2310 2310 1 1 226883 0
2311 2311 1 1 226980 0
2312 2312 1 1 227077 0
2313 2313 1 1 227174 0
2314 2314 1 1 227271 0
2315 2315 1 1 227368 0
2316 2316 1 1 227465 0
2317 2317 1 1 227562 0
2318 2318 1 1 227659 0
2319 2319 1 1 227756 0
2320 2320 1 1 227853 0
2321 2321 1 1 227950 0
2322 2322 1 1 228047 0
2323 2323 1 1 228144 0
2324 2324 1 1 228241 0
2325 2325 1 1 228338 0
2326 2326 1 1 228435 0
2327 2327 1 1 228532 0
2328 2328 1 1 228629 0
2329 2329 1 1 228726 0
2330 2330 1 1 228823 0
2331 2331 1 1 228920 0
2332 2332 1 1 229017 0
2333 2333 1 1 229114 0
2334 2334 1 1 229211 0
2335 2335 1 1 229308 0
2336 2336 1 1 229405 0
2337 2337 1 1 229502 0
2338 2338 1 1 229599 0
2339 2339 1 1 229696 0
2340 2340 1 1 229793 0
2341 2341 1 1 229890 0
2342 2342 1 1 229987 0
2343 2343 1 1 230084 0
2344 2344 1 1 230181 0
2345 2345 1 1 230278 0
2346 2346 1 1 230375 0
2347 2347 1 1 230472 0
2348 2348 1 1 230569 0
2349 2349 1 1 230666 0
2350 2350 1 1 230763 0
2351 2351 1 1 230860 0
2352 2352 1 1 230957 0
2353 2353 1 1 231054 0
2354 2354 1 1 231151 0
2355 2355 1 1 231248 0
2356 2356 1 1 231345 0
2357 2357 1 1 231442 0
2358 2358 1 1 231539 0
2359 2359 1 1 231636 0
2360 2360 1 1 231733 0
2361 2361 1 1 231830 0
2362 2362 1 1 231927 0
2363 2363 1 1 232024 0
2364 2364 1 1 232121 0
2365 2365 1 1 232218 0
2366 2366 1 1 232315 0
2367 2367 1 1 232412 0
2368 2368 1 1 232509 0
2369 2369 1 1 232606 0
2370 2370 1 1 232703 0
2371 2371 1 1 232800 0
2372 2372 1 1 232897 0
2373 2373 1 1 232994 0
2374 2374 1 1 233091 0
2375 2375 1 1 233188 0
2376 2376 1 1 233285 0
2377 2377 1 1 233382 0
2378 2378 1 1 233479 0
2379 2379 1 1 233576 0
2380 2380 1 1 233673 0
2381 2381 1 1 233770 0
2382 2382 1 1 233867 0
2383 2383 1 1 233964 0
2384 2384 1 1 234061 0
2385 2385 1 1 234158 0
2386 2386 1 1 234255 0
2387 2387 1 1 234352 0
2388 2388 1 1 234449 0
2389 2389 1 1 234546 0
2390 2390 1 1 234643 0
2391 2391 1 1 234740 0
2392 2392 1 1 234837 0
2393 2393 1 1 234934 0
2394 2394 1 1 235031 0
2395 2395 1 1 235128 0
2396 2396 1 1 235225 0
2397 2397 1 1 235322 0
2398 2398 1 1 235419 0
2399 2399 1 1 235516 0
2400 2400 1 1 235613 0
2401 2401 1 1 235710 0
2402 2402 1 1 235807 0
2403 2403 1 1 235904 0
2404 2404 1 1 236001 0
2405 2405 1 1 236098 0
2406 2406 1 1 236195 0
2407 2407 1 1 236292 0
2408 2408 1 1 236389 0
2409 2409 1 1 236486 0
2410 2410 1 1 236583 0
2411 2411 1 1 236680 0
2412 2412 1 1 236777 0
2413 2413 1 1 236874 0
2414 2414 1 1 236971 0
2415 2415 1 1 237068 0
2416 2416 1 1 237165 0
2417 2417 1 1 237262 0
2418 2418 1 1 237359 0
2419 2419 1 1 237456 0
2420 2420 1 1 237553 0
2421 2421 1 1 237650 0
2422 2422 1 1 237747 0
2423 2423 1 1 237844 0
2424 2424 1 1 237941 0
2425 2425 1 1 238038 0
2426 2426 1 1 238135 0
2427 2427 1 1 238232 0
2428 2428 1 1 238329 0
2429 2429 1 1 238426 0
2430 2430 1 1 238523 0
2431 2431 1 1 238620 0
2432 2432 1 1 238717 0
2433 2433 1 1 238814 0
2434 2434 1 1 238911 0
2435 2435 1 1 239008 0
2436 2436 1 1 239105 0
2437 2437 1 1 239202 0
2438 2438 1 1 239299 0
2439 2439 1 1 239396 0
2440 2440 1 1 239493 0
2441 2441 1 1 239590 0
2442 2442 1 1 239687 0
2443 2443 1 1 239784 0
2444 2444 1 1 239881 0
2445 2445 1 1 239978 0
2446 2446 1 1 240075 0
2447 2447 1 1 240172 0
2448 2448 1 1 240269 0
2449 2449 1 1 240366 0
2450 2450 1 1 240463 0
2451 2451 1 1 240560 0
2452 2452 1 1 240657 0
2453 2453 1 1 240754 0
2454 2454 1 1 240851 0
2455 2455 1 1 240948 0
2456 2456 1 1 241045 0
2457 2457 1 1 241142 0
2458 2458 1 1 241239 0
2459 2459 1 1 241336 0
2460 2460 1 1 241433 0
2461 2461 1 1 241530 0
2462 2462 1 1 241627 0
2463 2463 1 1 241724 0
2464 2464 1 1 241821 0
2465 2465 1 1 241918 0
2466 2466 1 1 242015 0
2467 2467 1 1 242112 0
2468 2468 1 1 242209 0
2469 2469 1 1 242306 0
2470 2470 1 1 242403 0
2471 2471 1 1 242500 0
2472 2472 1 1 242597 0
2473 2473 1 1 242694 0
2474 2474 1 1 242791 0
2475 2475 1 1 242888 0
2476 2476 1 1 242985 0
2477 2477 1 1 243082 0
2478 2478 1 1 243179 0
2479 2479 1 1 243276 0
2480 2480 1 1 243373 0
2481 2481 1 1 243470 0
2482 2482 1 1 243567 0
2483 2483 1 1 243664 0
2484 2484 1 1 243761 0
2485 2485 1 1 243858 0
2486 2486 1 1 243955 0
2487 2487 1 1 244052 0
2488 2488 1 1 244149 0
2489 2489 1 1 244246 0
2490 2490 1 1 244343 0
2491 2491 1 1 244440 0
2492 2492 1 1 244537 0
2493 2493 1 1 244634 0
2494 2494 1 1 244731 0
2495 2495 1 1 244828 0
2496 2496 1 1 244925 0
2497 2497 1 1 245022 0
2498 2498 1 1 245119 0
2499 2499 1 1 245216 0
2500 2500 1 1 245313 0
2501 2501 1 1 245410 0
2502 2502 1 1 245507 0
2503 2503 1 1 245604 0
2504 2504 1 1 245701 0
2505 2505 1 1 245798 0
2506 2506 1 1 245895 0
2507 2507 1 1 245992 0
2508 2508 1 1 246089 0
2509 2509 1 1 246186 0
2510 2510 1 1 246283 0
2511 2511 1 1 246380 0
2512 2512 1 1 246477 0
2513 2513 1 1 246574 0
2514 2514 1 1 246671 0
2515 2515 1 1 246768 0
2516 2516 1 1 246865 0
2517 2517 1 1 246962 0
2518 2518 1 1 247059 0
2519 2519 1 1 247156 0
2520 2520 1 1 247253 0
2521 2521 1 1 247350 0
2522 2522 1 1 247447 0
2523 2523 1 1 247544 0
2524 2524 1 1 247641 0
2525 2525 1 1 247738 0
2526 2526 1 1 247835 0
2527 2527 1 1 247932 0
2528 2528 1 1 248029 0
2529 2529 1 1 248126 0
2530 2530 1 1 248223 0
2531 2531 1 1 248320 0
2532 2532 1 1 248417 0
2533 2533 1 1 248514 0
2534 2534 1 1 248611 0
2535 2535 1 1 248708 0
2536 2536 1 1 248805 0
2537 2537 1 1 248902 0
2538 2538 1 1 248999 0
2539 2539 1 1 249096 0
2540 2540 1 1 249193 0
2541 2541 1 1 249290 0
2542 2542 1 1 249387 0
2543 2543 1 1 249484 0
2544 2544 1 1 249581 0
2545 2545 1 1 249678 0
2546 2546 1 1 249775 0
2547 2547 1 1 249872 0
2548 2548 1 1 249969 0
2549 2549 1 1 250066 0
2550 2550 1 1 250163 0
2551 2551 1 1 250260 0
2552 2552 1 1 250357 0
2553 2553 1 1 250454 0
2554 2554 1 1 250551 0
2555 2555 1 1 250648 0
2556 2556 1 1 250745 0
2557 2557 1 1 250842 0
2558 2558 1 1 250939 0
2559 2559 1 1 251036 0
2560 2560 1 1 251133 0
2561 2561 1 1 251230 0
2562 2562 1 1 251327 0
2563 2563 1 1 251424 0
2564 2564 1 1 251521 0
2565 2565 1 1 251618 0
2566 2566 1 1 251715 0
2567 2567 1 1 251812 0
2568 2568 1 1 251909 0
2569 2569 1 1 252006 0
2570 2570 1 1 252103 0
2571 2571 1 1 252200 0
2572 2572 1 1 252297 0
2573 2573 1 1 252394 0
2574 2574 1 1 252491 0
2575 2575 1 1 252588 0
2576 2576 1 1 252685 0
2577 2577 1 1 252782 0
2578 2578 1 1 252879 0
2579 2579 1 1 252976 0
2580 2580 1 1 253073 0
2581 2581 1 1 253170 0
2582 2582 1 1 253267 0
2583 2583 1 1 253364 0
2584 2584 1 1 253461 0
2585 2585 1 1 253558 0
2586 2586 1 1 253655 0
2587 2587 1 1 253752 0
2588 2588 1 1 253849 0
2589 2589 1 1 253946 0
2590 2590 1 1 254043 0
2591 2591 1 1 254140 0
2592 2592 1 1 254237 0
2593 2593 1 1 254334 0
2594 2594 1 1 254431 0
2595 2595 1 1 254528 0
2596 2596 1 1 254625 0
2597 2597 1 1 254722 0
2598 2598 1 1 254819 0
2599 2599 1 1 254916 0
2600 2600 1 1 255013 0
2601 2601 1 1 255110 0
2602 2602 1 1 255207 0
2603 2603 1 1 255304 0
2604 2604 1 1 255401 0
2605 2605 1 1 255498 0
2606 2606 1 1 255595 0
2607 2607 1 1 255692 0
2608 2608 1 1 255789 0
2609 2609 1 1 255886 0
2610 2610 1 1 255983 0
2611 2611 1 1 256080 0
2612 2612 1 1 256177 0
2613 2613 1 1 256274 0
2614 2614 1 1 256371 0
2615 2615 1 1 256468 0
2616 2616 1 1 256565 0
2617 2617 1 1 256662 0
2618 2618 1 1 256759 0
2619 2619 1 1 256856 0
2620 2620 1 1 256953 0
2621 2621 1 1 257050 0
2622 2622 1 1 257147 0
2623 2623 1 1 257244 0
2624 2624 1 1 257341 0
2625 2625 1 1 257438 0
2626 2626 1 1 257535 0
2627 2627 1 1 257632 0
2628 2628 1 1 257729 0
2629 2629 1 1 257826 0
2630 2630 1 1 257923 0
2631 2631 1 1 258020 0
2632 2632 1 1 258117 0
2633 2633 1 1 258214 0
2634 2634 1 1 258311 0
2635 2635 1 1 258408 0
2636 2636 1 1 258505 0
2637 2637 1 1 258602 0
2638 2638 1 1 258699 0
2639 2639 1 1 258796 0
2640 2640 1 1 258893 0
2641 2641 1 1 258990 0
2642 2642 1 1 259087 0
2643 2643 1 1 259184 0
2644 2644 1 1 259281 0
2645 2645 1 1 259378 0
2646 2646 1 1 259475 0
2647 2647 1 1 259572 0
2648 2648 1 1 259669 0
2649 2649 1 1 259766 0
2650 2650 1 1 259863 0
2651 2651 1 1 259960 0
2652 2652 1 1 260057 0
2653 2653 1 1 260154 0
2654 2654 1 1 260251 0
2655 2655 1 1 260348 0
2656 2656 1 1 260445 0
2657 2657 1 1 260542 0
2658 2658 1 1 260639 0
2659 2659 1 1 260736 0
2660 2660 1 1 260833 0
2661 2661 1 1 260930 0
2662 2662 1 1 261027 0
2663 2663 1 1 261124 0
2664 2664 1 1 261221 0
2665 2665 1 1 261318 0
2666 2666 1 1 261415 0
2667 2667 1 1 261512 0
2668 2668 1 1 261609 0
2669 2669 1 1 261706 0
2670 2670 1 1 261803 0
2671 2671 1 1 261900 0
2672 2672 1 1 261997 0
2673 2673 1 1 262094 0
2674 2674 1 1 262191 0
2675 2675 1 1 262288 0
2676 2676 1 1 262385 0
2677 2677 1 1 262482 0
2678 2678 1 1 262579 0
2679 2679 1 1 262676 0
2680 2680 1 1 262773 0
2681 2681 1 1 262870 0
2682 2682 1 1 262967 0
2683 2683 1 1 263064 0
2684 2684 1 1 263161 0
2685 2685 1 1 263258 0
2686 2686 1 1 263355 0
2687 2687 1 1 263452 0
2688 2688 1 1 263549 0
2689 2689 1 1 263646 0
2690 2690 1 1 263743 0
2691 2691 1 1 263840 0
2692 2692 1 1 263937 0
2693 2693 1 1 264034 0
2694 2694 1 1 264131 0
2695 2695 1 1 264228 0
2696 2696 1 1 264325 0
2697 2697 1 1 264422 0
2698 2698 1 1 264519 0
2699 2699 1 1 264616 0
2700 2700 1 1 264713 0
2701 2701 1 1 264810 0
2702 2702 1 1 264907 0
2703 2703 1 1 265004 0
2704 2704 1 1 265101 0
2705 2705 1 1 265198 0
2706 2706 1 1 265295 0
2707 2707 1 1 265392 0
2708 2708 1 1 265489 0
2709 2709 1 1 265586 0
2710 2710 1 1 265683 0
2711 2711 1 1 265780 0
2712 2712 1 1 265877 0
2713 2713 1 1 265974 0
2714 2714 1 1 266071 0
2715 2715 1 1 266168 0
2716 2716 1 1 266265 0
2717 2717 1 1 266362 0
2718 2718 1 1 266459 0
2719 2719 1 1 266556 0
2720 2720 1 1 266653 0
2721 2721 1 1 266750 0
2722 2722 1 1 266847 0
2723 2723 1 1 266944 0
2724 2724 1 1 267041 0
2725 2725 1 1 267138 0
2726 2726 1 1 267235 0
2727 2727 1 1 267332 0
2728 2728 1 1 267429 0
2729 2729 1 1 267526 0
2730 2730 1 1 267623 0
2731 2731 1 1 267720 0
2732 2732 1 1 267817 0
2733 2733 1 1 267914 0
2734 2734 1 1 268011 0
2735 2735 1 1 268108 0
2736 2736 1 1 268205 0
2737 2737 1 1 268302 0
2738 2738 1 1 268399 0
2739 2739 1 1 268496 0
2740 2740 1 1 268593 0
2741 2741 1 1 268690 0
2742 2742 1 1 268787 0
2743 2743 1 1 268884 0
2744 2744 1 1 268981 0
2745 2745 1 1 269078 0
2746 2746 1 1 269175 0
2747 2747 1 1 269272 0
2748 2748 1 1 269369 0
2749 2749 1 1 269466 0
2750 2750 1 1 269563 0
2751 2751 1 1 269660 0
2752 2752 1 1 269757 0
2753 2753 1 1 269854 0
2754 2754 1 1 269951 0
2755 2755 1 1 270048 0
2756 2756 1 1 270145 0
2757 2757 1 1 270242 0
2758 2758 1 1 270339 0
2759 2759 1 1 270436 0
2760 2760 1 1 270533 0
2761 2761 1 1 270630 0
2762 2762 1 1 270727 0
2763 2763 1 1 270824 0
2764 2764 1 1 270921 0
2765 2765 1 1 271018 0
2766 2766 1 1 271115 0
2767 2767 1 1 271212 0
2768 2768 1 1 271309 0
2769 2769 1 1 271406 0
2770 2770 1 1 271503 0
2771 2771 1 1 271600 0
2772 2772 1 1 271697 0
2773 2773 1 1 271794 0
2774 2774 1 1 271891 0
2775 2775 1 1 271988 0
2776 2776 1 1 272085 0
2777 2777 1 1 272182 0
2778 2778 1 1 272279 0
2779 2779 1 1 272376 0
2780 2780 1 1 272473 0
2781 2781 1 1 272570 0
2782 2782 1 1 272667 0
2783 2783 1 1 272764 0
2784 2784 1 1 272861 0
2785 2785 1 1 272958 0
2786 2786 1 1 273055 0
2787 2787 1 1 273152 0
2788 2788 1 1 273249 0
2789 2789 1 1 273346 0
2790 2790 1 1 273443 0
2791 2791 1 1 273540 0
2792 2792 1 1 273637 0
2793 2793 1 1 273734 0
2794 2794 1 1 273831 0
2795 2795 1 1 273928 0
2796 2796 1 1 274025 0
2797 2797 1 1 274122 0
2798 2798 1 1 274219 0
2799 2799 1 1 274316 0
2800 2800 1 1 274413 0
2801 2801 1 1 274510 0
2802 2802 1 1 274607 0
2803 2803 1 1 274704 0
2804 2804 1 1 274801 0
2805 2805 1 1 274898 0
2806 2806 1 1 274995 0
2807 2807 1 1 275092 0
2808 2808 1 1 275189 0
2809 2809 1 1 275286 0
2810 2810 1 1 275383 0
2811 2811 1 1 275480 0
2812 2812 1 1 275577 0
2813 2813 1 1 275674 0
2814 2814 1 1 275771 0
2815 2815 1 1 275868 0
2816 2816 1 1 275965 0
2817 2817 1 1 276062 0
2818 2818 1 1 276159 0
2819 2819 1 1 276256 0
2820 2820 1 1 276353 0
2821 2821 1 1 276450 0
2822 2822 1 1 276547 0
2823 2823 1 1 276644 0
2824 2824 1 1 276741 0
2825 2825 1 1 276838 0
2826 2826 1 1 276935 0
2827 2827 1 1 277032 0
2828 2828 1 1 277129 0
2829 2829 1 1 277226 0
2830 2830 1 1 277323 0
2831 2831 1 1 277420 0
2832 2832 1 1 277517 0
2833 2833 1 1 277614 0
2834 2834 1 1 277711 0
2835 2835 1 1 277808 0
2836 2836 1 1 277905 0
2837 2837 1 1 278002 0
2838 2838 1 1 278099 0
2839 2839 1 1 278196 0
2840 2840 1 1 278293 0
2841 2841 1 1 278390 0
2842 2842 1 1 278487 0
2843 2843 1 1 278584 0
2844 2844 1 1 278681 0
2845 2845 1 1 278778 0
2846 2846 1 1 278875 0
2847 2847 1 1 278972 0
2848 2848 1 1 279069 0
2849 2849 1 1 279166 0
2850 2850 1 1 279263 0
2851 2851 1 1 279360 0
2852 2852 1 1 279457 0
2853 2853 1 1 279554 0
2854 2854 1 1 279651 0
2855 2855 1 1 279748 0
2856 2856 1 1 279845 0
2857 2857 1 1 279942 0
2858 2858 1 1 280039 0
2859 2859 1 1 280136 0
2860 2860 1 1 280233 0
2861 2861 1 1 280330 0
2862 2862 1 1 280427 0
2863 2863 1 1 280524 0
2864 2864 1 1 280621 0
2865 2865 1 1 280718 0
2866 2866 1 1 280815 0
2867 2867 1 1 280912 0
2868 2868 1 1 281009 0
2869 2869 1 1 281106 0
2870 2870 1 1 281203 0
2871 2871 1 1 281300 0
2872 2872 1 1 281397 0
2873 2873 1 1 281494 0
2874 2874 1 1 281591 0
2875 2875 1 1 281688 0
2876 2876 1 1 281785 0
2877 2877 1 1 281882 0
2878 2878 1 1 281979 0
2879 2879 1 1 282076 0
2880 2880 1 1 282173 0
2881 2881 1 1 282270 0
2882 2882 1 1 282367 0
2883 2883 1 1 282464 0
2884 2884 1 1 282561 0
2885 2885 1 1 282658 0
2886 2886 1 1 282755 0
2887 2887 1 1 282852 0
2888 2888 1 1 282949 0
2889 2889 1 1 283046 0
2890 2890 1 1 283143 0
2891 2891 1 1 283240 0
2892 2892 1 1 283337 0
2893 2893 1 1 283434 0
2894 2894 1 1 283531 0
2895 2895 1 1 283628 0
2896 2896 1 1 283725 0
2897 2897 1 1 283822 0
2898 2898 1 1 283919 0
2899 2899 1 1 284016 0
2900 2900 1 1 284113 0
2901 2901 1 1 284210 0
2902 2902 1 1 284307 0
2903 2903 1 1 284404 0
2904 2904 1 1 284501 0
2905 2905 1 1 284598 0
2906 2906 1 1 284695 0
2907 2907 1 1 284792 0
2908 2908 1 1 284889 0
2909 2909 1 1 284986 0
2910 2910 1 1 285083 0
2911 2911 1 1 285180 0
2912 2912 1 1 285277 0
2913 2913 1 1 285374 0
2914 2914 1 1 285471 0
2915 2915 1 1 285568 0
2916 2916 1 1 285665 0
2917 2917 1 1 285762 0
2918 2918 1 1 285859 0
2919 2919 1 1 285956 0
2920 2920 1 1 286053 0
2921 2921 1 1 286150 0
2922 2922 1 1 286247 0
2923 2923 1 1 286344 0
2924 2924 1 1 286441 0
2925 2925 1 1 286538 0
2926 2926 1 1 286635 0
2927 2927 1 1 286732 0
2928 2928 1 1 286829 0
2929 2929 1 1 286926 0
2930 2930 1 1 287023 0
2931 2931 1 1 287120 0
2932 2932 1 1 287217 0
2933 2933 1 1 287314 0
2934 2934 1 1 287411 0
2935 2935 1 1 287508 0
2936 2936 1 1 287605 0
2937 2937 1 1 287702 0
2938 2938 1 1 287799 0
2939 2939 1 1 287896 0
2940 2940 1 1 287993 0
2941 2941 1 1 288090 0
2942 2942 1 1 288187 0
2943 2943 1 1 288284 0
2944 2944 1 1 288381 0
2945 2945 1 1 288478 0
2946 2946 1 1 288575 0
2947 2947 1 1 288672 0
2948 2948 1 1 288769 0
2949 2949 1 1 288866 0
2950 2950 1 1 288963 0
2951 2951 1 1 289060 0
2952 2952 1 1 289157 0
2953 2953 1 1 289254 0
2954 2954 1 1 289351 0
2955 2955 1 1 289448 0
2956 2956 1 1 289545 0
2957 2957 1 1 289642 0
2958 2958 1 1 289739 0
2959 2959 1 1 289836 0
2960 2960 1 1 289933 0
2961 2961 1 1 290030 0
2962 2962 1 1 290127 0
2963 2963 1 1 290224 0
2964 2964 1 1 290321 0
2965 2965 1 1 290418 0
2966 2966 1 1 290515 0
2967 2967 1 1 290612 0
2968 2968 1 1 290709 0
2969 2969 1 1 290806 0
2970 2970 1 1 290903 0
2971 2971 1 1 291000 0
2972 2972 1 1 291097 0
2973 2973 1 1 291194 0
2974 2974 1 1 291291 0
2975 2975 1 1 291388 0
2976 2976 1 1 291485 0
2977 2977 1 1 291582 0
2978 2978 1 1 291679 0
2979 2979 1 1 291776 0
2980 2980 1 1 291873 0
2981 2981 1 1 291970 0
2982 2982 1 1 292067 0
2983 2983 1 1 292164 0
2984 2984 1 1 292261 0
2985 2985 1 1 292358 0
2986 2986 1 1 292455 0
2987 2987 1 1 292552 0
2988 2988 1 1 292649 0
2989 2989 1 1 292746 0
2990 2990 1 1 292843 0
2991 2991 1 1 292940 0
2992 2992 1 1 293037 0
2993 2993 1 1 293134 0
2994 2994 1 1 293231 0
2995 2995 1 1 293328 0
2996 2996 1 1 293425 0
2997 2997 1 1 293522 0
2998 2998 1 1 293619 0
2999 2999 1 1 293716 0
3000 3000 1 1 293813 0
3001 3001 1 1 293910 0
3002 3002 1 1 294007 0
3003 3003 1 1 294104 0
3004 3004 1 1 294201 0
3005 3005 1 1 294298 0
3006 3006 1 1 294395 0
3007 3007 1 1 294492 0
3008 3008 1 1 294589 0
3009 3009 1 1 294686 0
3010 3010 1 1 294783 0
3011 3011 1 1 294880 0
3012 3012 1 1 294977 0
3013 3013 1 1 295074 0
3014 3014 1 1 295171 0
3015 3015 1 1 295268 0
3016 3016 1 1 295365 0
3017 3017 1 1 295462 0
3018 3018 1 1 295559 0
3019 3019 1 1 295656 0
3020 3020 1 1 295753 0
3021 3021 1 1 295850 0
3022 3022 1 1 295947 0
3023 3023 1 1 296044 0
3024 3024 1 1 296141 0
3025 3025 1 1 296238 0
3026 3026 1 1 296335 0
3027 3027 1 1 296432 0
3028 3028 1 1 296529 0
3029 3029 1 1 296626 0
3030 3030 1 1 296723 0
3031 3031 1 1 296820 0
3032 3032 1 1 296917 0
3033 3033 1 1 297014 0
3034 3034 1 1 297111 0
3035 3035 1 1 297208 0
3036 3036 1 1 297305 0
3037 3037 1 1 297402 0
3038 3038 1 1 297499 0
3039 3039 1 1 297596 0
3040 3040 1 1 297693 0
3041 3041 1 1 297790 0
3042 3042 1 1 297887 0
3043 3043 1 1 297984 0
3044 3044 1 1 298081 0
3045 3045 1 1 298178 0
3046 3046 1 1 298275 0
3047 3047 1 1 298372 0
3048 3048 1 1 298469 0
3049 3049 1 1 298566 0
3050 3050 1 1 298663 0
3051 3051 1 1 298760 0
3052 3052 1 1 298857 0
3053 3053 1 1 298954 0
3054 3054 1 1 299051 0
3055 3055 1 1 299148 0
3056 3056 1 1 299245 0
3057 3057 1 1 299342 0
3058 3058 1 1 299439 0
3059 3059 1 1 299536 0
3060 3060 1 1 299633 0
3061 3061 1 1 299730 0
3062 3062 1 1 299827 0
3063 3063 1 1 299924 0
3064 3064 1 1 300021 0
3065 3065 1 1 300118 0
3066 3066 1 1 300215 0
3067 3067 1 1 300312 0
3068 3068 1 1 300409 0
3069 3069 1 1 300506 0
3070 3070 1 1 300603 0
3071 3071 1 1 300700 0
3072 3072 1 1 300797 0
3073 3073 1 1 300894 0
3074 3074 1 1 300991 0
3075 3075 1 1 301088 0
3076 3076 1 1 301185 0
3077 3077 1 1 301282 0
3078 3078 1 1 301379 0
3079 3079 1 1 301476 0
3080 3080 1 1 301573 0
3081 3081 1 1 301670 0
3082 3082 1 1 301767 0
3083 3083 1 1 301864 0
3084 3084 1 1 301961 0
3085 3085 1 1 302058 0
3086 3086 1 1 302155 0
3087 3087 1 1 302252 0
3088 3088 1 1 302349 0
3089 3089 1 1 302446 0
3090 3090 1 1 302543 0
3091 3091 1 1 302640 0
3092 3092 1 1 302737 0
3093 3093 1 1 302834 0
3094 3094 1 1 302931 0
3095 3095 1 1 303028 0
3096 3096 1 1 303125 0
3097 3097 1 1 303222 0
3098 3098 1 1 303319 0
3099 3099 1 1 303416 0
3100 3100 1 1 303513 0
3101 3101 1 1 303610 0
3102 3102 1 1 303707 0
3103 3103 1 1 303804 0
3104 3104 1 1 303901 0
3105 3105 1 1 303998 0
3106 3106 1 1 304095 0
3107 3107 1 1 304192 0
3108 3108 1 1 304289 0
3109 3109 1 1 304386 0
3110 3110 1 1 304483 0
3111 3111 1 1 304580 0
3112 3112 1 1 304677 0
3113 3113 1 1 304774 0
3114 3114 1 1 304871 0
3115 3115 1 1 304968 0
3116 3116 1 1 305065 0
3117 3117 1 1 305162 0
3118 3118 1 1 305259 0
3119 3119 1 1 305356 0
3120 3120 1 1 305453 0
3121 3121 1 1 305550 0
3122 3122 1 1 305647 0
3123 3123 1 1 305744 0
3124 3124 1 1 305841 0
3125 3125 1 1 305938 0
3126 3126 1 1 306035 0
3127 3127 1 1 306132 0
3128 3128 1 1 306229 0
3129 3129 1 1 306326 0
3130 3130 1 1 306423 0
3131 3131 1 1 306520 0
3132 3132 1 1 306617 0
3133 3133 1 1 306714 0
3134 3134 1 1 306811 0
3135 3135 1 1 306908 0
3136 3136 1 1 307005 0
3137 3137 1 1 307102 0
3138 3138 1 1 307199 0
3139 3139 1 1 307296 0
3140 3140 1 1 307393 0
3141 3141 1 1 307490 0
3142 3142 1 1 307587 0
3143 3143 1 1 307684 0
3144 3144 1 1 307781 0
3145 3145 1 1 307878 0
3146 3146 1 1 307975 0
3147 3147 1 1 308072 0
3148 3148 1 1 308169 0
3149 3149 1 1 308266 0
3150 3150 1 1 308363 0
3151 3151 1 1 308460 0
3152 3152 1 1 308557 0
3153 3153 1 1 308654 0
3154 3154 1 1 308751 0
3155 3155 1 1 308848 0
3156 3156 1 1 308945 0
3157 3157 1 1 309042 0
3158 3158 1 1 309139 0
3159 3159 1 1 309236 0
3160 3160 1 1 309333 0
3161 3161 1 1 309430 0
3162 3162 1 1 309527 0
3163 3163 1 1 309624 0
3164 3164 1 1 309721 0
3165 3165 1 1 309818 0
3166 3166 1 1 309915 0
3167 3167 1 1 310012 0
3168 3168 1 1 310109 0
3169 3169 1 1 310206 0
3170 3170 1 1 310303 0
3171 3171 1 1 310400 0
3172 3172 1 1 310497 0
3173 3173 1 1 310594 0
3174 3174 1 1 310691 0
3175 3175 1 1 310788 0
3176 3176 1 1 310885 0
3177 3177 1 1 310982 0
3178 3178 1 1 311079 0
3179 3179 1 1 311176 0
3180 3180 1 1 311273 0
3181 3181 1 1 311370 0
3182 3182 1 1 311467 0
3183 3183 1 1 311564 0
3184 3184 1 1 311661 0
3185 3185 1 1 311758 0
3186 3186 1 1 311855 0
3187 3187 1 1 311952 0
3188 3188 1 1 312049 0
3189 3189 1 1 312146 0
3190 3190 1 1 312243 0
3191 3191 1 1 312340 0
3192 3192 1 1 312437 0
3193 3193 1 1 312534 0
3194 3194 1 1 312631 0
3195 3195 1 1 312728 0
3196 3196 1 1 312825 0
3197 3197 1 1 312922 0
3198 3198 1 1 313019 0
3199 3199 1 1 313116 0
3200 3200 1 1 313213 0
3201 3201 1 1 313310 0
3202 3202 1 1 313407 0
3203 3203 1 1 313504 0
3204 3204 1 1 313601 0
3205 3205 1 1 313698 0
3206 3206 1 1 313795 0
3207 3207 1 1 313892 0
3208 3208 1 1 313989 0
3209 3209 1 1 314086 0
3210 3210 1 1 314183 0
3211 3211 1 1 314280 0
3212 3212 1 1 314377 0
3213 3213 1 1 314474 0
3214 3214 1 1 314571 0
3215 3215 1 1 314668 0
3216 3216 1 1 314765 0
3217 3217 1 1 314862 0
3218 3218 1 1 314959 0
3219 3219 1 1 315056 0
3220 3220 1 1 315153 0
3221 3221 1 1 315250 0
3222 3222 1 1 315347 0
3223 3223 1 1 315444 0
3224 3224 1 1 315541 0
3225 3225 1 1 315638 0
3226 3226 1 1 315735 0
3227 3227 1 1 315832 0
3228 3228 1 1 315929 0
3229 3229 1 1 316026 0
3230 3230 1 1 316123 0
3231 3231 1 1 316220 0
3232 3232 1 1 316317 0
3233 3233 1 1 316414 0
3234 3234 1 1 316511 0
3235 3235 1 1 316608 0
3236 3236 1 1 316705 0
3237 3237 1 1 316802 0
3238 3238 1 1 316899 0
3239 3239 1 1 316996 0
3240 3240 1 1 317093 0
3241 3241 1 1 317190 0
3242 3242 1 1 317287 0
3243 3243 1 1 317384 0
3244 3244 1 1 317481 0
3245 3245 1 1 317578 0
3246 3246 1 1 317675 0
3247 3247 1 1 317772 0
3248 3248 1 1 317869 0
3249 3249 1 1 317966 0
3250 3250 1 1 318063 0
3251 3251 1 1 318160 0
3252 3252 1 1 318257 0
3253 3253 1 1 318354 0
3254 3254 1 1 318451 0
3255 3255 1 1 318548 0
3256 3256 1 1 318645 0
3257 3257 1 1 318742 0
3258 3258 1 1 318839 0
3259 3259 1 1 318936 0
3260 3260 1 1 319033 0
3261 3261 1 1 319130 0
3262 3262 1 1 319227 0
3263 3263 1 1 319324 0
3264 3264 1 1 319421 0
3265 3265 1 1 319518 0
3266 3266 1 1 319615 0
3267 3267 1 1 319712 0
3268 3268 1 1 319809 0
3269 3269 1 1 319906 0
3270 3270 1 1 320003 0
3271 3271 1 1 320100 0
3272 3272 1 1 320197 0
3273 3273 1 1 320294 0
3274 3274 1 1 320391 0
3275 3275 1 1 320488 0
3276 3276 1 1 320585 0
3277 3277 1 1 320682 0
3278 3278 1 1 320779 0
3279 3279 1 1 320876 0
3280 3280 1 1 320973 0
3281 3281 1 1 321070 0
3282 3282 1 1 321167 0
3283 3283 1 1 321264 0
3284 3284 1 1 321361 0
3285 3285 1 1 321458 0
3286 3286 1 1 321555 0
3287 3287 1 1 321652 0
3288 3288 1 1 321749 0
3289 3289 1 1 321846 0
3290 3290 1 1 321943 0
3291 3291 1 1 322040 0
3292 3292 1 1 322137 0
3293 3293 1 1 322234 0
3294 3294 1 1 322331 0
3295 3295 1 1 322428 0
3296 3296 1 1 322525 0
3297 3297 1 1 322622 0
3298 3298 1 1 322719 0
3299 3299 1 1 322816 0
3300 3300 1 1 322913 0
3301 3301 1 1 323010 0
3302 3302 1 1 323107 0
3303 3303 1 1 323204 0
3304 3304 1 1 323301 0
3305 3305 1 1 323398 0
3306 3306 1 1 323495 0
3307 3307 1 1 323592 0
3308 3308 1 1 323689 0
3309 3309 1 1 323786 0
3310 3310 1 1 323883 0
3311 3311 1 1 323980 0
3312 3312 1 1 324077 0
3313 3313 1 1 324174 0
3314 3314 1 1 324271 0
3315 3315 1 1 324368 0
3316 3316 1 1 324465 0
3317 3317 1 1 324562 0
3318 3318 1 1 324659 0
3319 3319 1 1 324756 0
3320 3320 1 1 324853 0
3321 3321 1 1 324950 0
3322 3322 1 1 325047 0
3323 3323 1 1 325144 0
3324 3324 1 1 325241 0
3325 3325 1 1 325338 0
3326 3326 1 1 325435 0
3327 3327 1 1 325532 0
3328 3328 1 1 325629 0
3329 3329 1 1 325726 0
3330 3330 1 1 325823 0
3331 3331 1 1 325920 0
3332 3332 1 1 326017 0
3333 3333 1 1 326114 0
3334 3334 1 1 326211 0
3335 3335 1 1 326308 0
3336 3336 1 1 326405 0
3337 3337 1 1 326502 0
3338 3338 1 1 326599 0
3339 3339 1 1 326696 0
3340 3340 1 1 326793 0
3341 3341 1 1 326890 0
3342 3342 1 1 326987 0
3343 3343 1 1 327084 0
3344 3344 1 1 327181 0
3345 3345 1 1 327278 0
3346 3346 1 1 327375 0
3347 3347 1 1 327472 0
3348 3348 1 1 327569 0
3349 3349 1 1 327666 0
3350 3350 1 1 327763 0
3351 3351 1 1 327860 0
3352 3352 1 1 327957 0
3353 3353 1 1 328054 0
3354 3354 1 1 328151 0
3355 3355 1 1 328248 0
3356 3356 1 1 328345 0
3357 3357 1 1 328442 0
3358 3358 1 1 328539 0
3359 3359 1 1 328636 0
3360 3360 1 1 328733 0
3361 3361 1 1 328830 0
3362 3362 1 1 328927 0
3363 3363 1 1 329024 0
3364 3364 1 1 329121 0
3365 3365 1 1 329218 0
3366 3366 1 1 329315 0
3367 3367 1 1 329412 0
3368 3368 1 1 329509 0
3369 3369 1 1 329606 0
3370 3370 1 1 329703 0
3371 3371 1 1 329800 0
3372 3372 1 1 329897 0
3373 3373 1 1 329994 0
3374 3374 1 1 330091 0
3375 3375 1 1 330188 0
3376 3376 1 1 330285 0
3377 3377 1 1 330382 0
3378 3378 1 1 330479 0
3379 3379 1 1 330576 0
3380 3380 1 1 330673 0
3381 3381 1 1 330770 0
3382 3382 1 1 330867 0
3383 3383 1 1 330964 0
3384 3384 1 1 331061 0
3385 3385 1 1 331158 0
3386 3386 1 1 331255 0
3387 3387 1 1 331352 0
3388 3388 1 1 331449 0
3389 3389 1 1 331546 0
3390 3390 1 1 331643 0
3391 3391 1 1 331740 0
3392 3392 1 1 331837 0
3393 3393 1 1 331934 0
3394 3394 1 1 332031 0
3395 3395 1 1 332128 0
3396 3396 1 1 332225 0
3397 3397 1 1 332322 0
3398 3398 1 1 332419 0
3399 3399 1 1 332516 0
3400 3400 1 1 332613 0
3401 3401 1 1 332710 0
3402 3402 1 1 332807 0
3403 3403 1 1 332904 0
3404 3404 1 1 333001 0
3405 3405 1 1 333098 0
3406 3406 1 1 333195 0
3407 3407 1 1 333292 0
3408 3408 1 1 333389 0
3409 3409 1 1 333486 0
3410 3410 1 1 333583 0
3411 3411 1 1 333680 0
3412 3412 1 1 333777 0
3413 3413 1 1 333874 0
3414 3414 1 1 333971 0
3415 3415 1 1 334068 0
3416 3416 1 1 334165 0
3417 3417 1 1 334262 0
3418 3418 1 1 334359 0
3419 3419 1 1 334456 0
3420 3420 1 1 334553 0
3421 3421 1 1 334650 0
3422 3422 1 1 334747 0
3423 3423 1 1 334844 0
3424 3424 1 1 334941 0
3425 3425 1 1 335038 0
3426 3426 1 1 335135 0
3427 3427 1 1 335232 0
3428 3428 1 1 335329 0
3429 3429 1 1 335426 0
3430 3430 1 1 335523 0
3431 3431 1 1 335620 0
3432 3432 1 1 335717 0
3433 3433 1 1 335814 0
3434 3434 1 1 335911 0
3435 3435 1 1 336008 0
3436 3436 1 1 336105 0
3437 3437 1 1 336202 0
3438 3438 1 1 336299 0
3439 3439 1 1 336396 0
3440 3440 1 1 336493 0
3441 3441 1 1 336590 0
3442 3442 1 1 336687 0
3443 3443 1 1 336784 0
3444 3444 1 1 336881 0
3445 3445 1 1 336978 0
3446 3446 1 1 337075 0
3447 3447 1 1 337172 0
3448 3448 1 1 337269 0
3449 3449 1 1 337366 0
3450 3450 1 1 337463 0
3451 3451 1 1 337560 0
3452 3452 1 1 337657 0
3453 3453 1 1 337754 0
3454 3454 1 1 337851 0
3455 3455 1 1 337948 0
3456 3456 1 1 338045 0
3457 3457 1 1 338142 0
3458 3458 1 1 338239 0
3459 3459 1 1 338336 0
3460 3460 1 1 338433 0
3461 3461 1 1 338530 0
3462 3462 1 1 338627 0
3463 3463 1 1 338724 0
3464 3464 1 1 338821 0
3465 3465 1 1 338918 0
3466 3466 1 1 339015 0
3467 3467 1 1 339112 0
3468 3468 1 1 339209 0
3469 3469 1 1 339306 0
3470 3470 1 1 339403 0
3471 3471 1 1 339500 0
3472 3472 1 1 339597 0
3473 3473 1 1 339694 0
3474 3474 1 1 339791 0
3475 3475 1 1 339888 0
3476 3476 1 1 339985 0
3477 3477 1 1 340082 0
3478 3478 1 1 340179 0
3479 3479 1 1 340276 0
3480 3480 1 1 340373 0
3481 3481 1 1 340470 0
3482 3482 1 1 340567 0
3483 3483 1 1 340664 0
3484 3484 1 1 340761 0
3485 3485 1 1 340858 0
3486 3486 1 1 340955 0
3487 3487 1 1 341052 0
3488 3488 1 1 341149 0
3489 3489 1 1 341246 0
3490 3490 1 1 341343 0
3491 3491 1 1 341440 0
3492 3492 1 1 341537 0
3493 3493 1 1 341634 0
3494 3494 1 1 341731 0
3495 3495 1 1 341828 0
3496 3496 1 1 341925 0
3497 3497 1 1 342022 0
3498 3498 1 1 342119 0
3499 3499 1 1 342216 0
3500 3500 1 1 342313 0
3501 3501 1 1 342410 0
3502 3502 1 1 342507 0
3503 3503 1 1 342604 0
3504 3504 1 1 342701 0
3505 3505 1 1 342798 0
3506 3506 1 1 342895 0
3507 3507 1 1 342992 0
3508 3508 1 1 343089 0
3509 3509 1 1 343186 0
3510 3510 1 1 343283 0
3511 3511 1 1 343380 0
3512 3512 1 1 343477 0
3513 3513 1 1 343574 0
3514 3514 1 1 343671 0
3515 3515 1 1 343768 0
3516 3516 1 1 343865 0
3517 3517 1 1 343962 0
3518 3518 1 1 344059 0
3519 3519 1 1 344156 0
3520 3520 1 1 344253 0
3521 3521 1 1 344350 0
3522 3522 1 1 344447 0
3523 3523 1 1 344544 0
3524 3524 1 1 344641 0
3525 3525 1 1 344738 0
3526 3526 1 1 344835 0
3527 3527 1 1 344932 0
3528 3528 1 1 345029 0
3529 3529 1 1 345126 0
3530 3530 1 1 345223 0
3531 3531 1 1 345320 0
3532 3532 1 1 345417 0
3533 3533 1 1 345514 0
3534 3534 1 1 345611 0
3535 3535 1 1 345708 0
3536 3536 1 1 345805 0
3537 3537 1 1 345902 0
3538 3538 1 1 345999 0
3539 3539 1 1 346096 0
3540 3540 1 1 346193 0
3541 3541 1 1 346290 0
3542 3542 1 1 346387 0
3543 3543 1 1 346484 0
3544 3544 1 1 346581 0
3545 3545 1 1 346678 0
3546 3546 1 1 346775 0
3547 3547 1 1 346872 0
3548 3548 1 1 346969 0
3549 3549 1 1 347066 0
3550 3550 1 1 347163 0
3551 3551 1 1 347260 0
3552 3552 1 1 347357 0
3553 3553 1 1 347454 0
3554 3554 1 1 347551 0
3555 3555 1 1 347648 0
3556 3556 1 1 347745 0
3557 3557 1 1 347842 0
3558 3558 1 1 347939 0
3559 3559 1 1 348036 0
3560 3560 1 1 348133 0
3561 3561 1 1 348230 0
3562 3562 1 1 348327 0
3563 3563 1 1 348424 0
3564 3564 1 1 348521 0
3565 3565 1 1 348618 0
3566 3566 1 1 348715 0
3567 3567 1 1 348812 0
3568 3568 1 1 348909 0
3569 3569 1 1 349006 0
3570 3570 1 1 349103 0
3571 3571 1 1 349200 0
3572 3572 1 1 349297 0
3573 3573 1 1 349394 0
3574 3574 1 1 349491 0
3575 3575 1 1 349588 0
3576 3576 1 1 349685 0
3577 3577 1 1 349782 0
3578 3578 1 1 349879 0
3579 3579 1 1 349976 0
3580 3580 1 1 350073 0
3581 3581 1 1 350170 0
3582 3582 1 1 350267 0
3583 3583 1 1 350364 0
3584 3584 1 1 350461 0
3585 3585 1 1 350558 0
3586 3586 1 1 350655 0
3587 3587 1 1 350752 0
3588 3588 1 1 350849 0
3589 3589 1 1 350946 0
3590 3590 1 1 351043 0
3591 3591 1 1 351140 0
3592 3592 1 1 351237 0
3593 3593 1 1 351334 0
3594 3594 1 1 351431 0
3595 3595 1 1 351528 0
3596 3596 1 1 351625 0
3597 3597 1 1 351722 0
3598 3598 1 1 351819 0
3599 3599 1 1 351916 0
3600 3600 1 1 352013 0
3601 3601 1 1 352110 0
3602 3602 1 1 352207 0
3603 3603 1 1 352304 0
3604 3604 1 1 352401 0
3605 3605 1 1 352498 0
3606 3606 1 1 352595 0
3607 3607 1 1 352692 0
3608 3608 1 1 352789 0
3609 3609 1 1 352886 0
3610 3610 1 1 352983 0
3611 3611 1 1 353080 0
3612 3612 1 1 353177 0
3613 3613 1 1 353274 0
3614 3614 1 1 353371 0
3615 3615 1 1 353468 0
3616 3616 1 1 353565 0
3617 3617 1 1 353662 0
3618 3618 1 1 353759 0
3619 3619 1 1 353856 0
3620 3620 1 1 353953 0
3621 3621 1 1 354050 0
3622 3622 1 1 354147 0
3623 3623 1 1 354244 0
3624 3624 1 1 354341 0
3625 3625 1 1 354438 0
3626 3626 1 1 354535 0
3627 3627 1 1 354632 0
3628 3628 1 1 354729 0
3629 3629 1 1 354826 0
3630 3630 1 1 354923 0
3631 3631 1 1 355020 0
3632 3632 1 1 355117 0
3633 3633 1 1 355214 0
3634 3634 1 1 355311 0
3635 3635 1 1 355408 0
3636 3636 1 1 355505 0
3637 3637 1 1 355602 0
3638 3638 1 1 355699 0
3639 3639 1 1 355796 0
3640 3640 1 1 355893 0
3641 3641 1 1 355990 0
3642 3642 1 1 356087 0
3643 3643 1 1 356184 0
3644 3644 1 1 356281 0
3645 3645 1 1 356378 0
3646 3646 1 1 356475 0
3647 3647 1 1 356572 0
3648 3648 1 1 356669 0
3649 3649 1 1 356766 0
3650 3650 1 1 356863 0
3651 3651 1 1 356960 0
3652 3652 1 1 357057 0
3653 3653 1 1 357154 0
3654 3654 1 1 357251 0
3655 3655 1 1 357348 0
3656 3656 1 1 357445 0
3657 3657 1 1 357542 0
3658 3658 1 1 357639 0
3659 3659 1 1 357736 0
3660 3660 1 1 357833 0
3661 3661 1 1 357930 0
3662 3662 1 1 358027 0
3663 3663 1 1 358124 0
3664 3664 1 1 358221 0
3665 3665 1 1 358318 0
3666 3666 1 1 358415 0
3667 3667 1 1 358512 0
3668 3668 1 1 358609 0
3669 3669 1 1 358706 0
3670 3670 1 1 358803 0
3671 3671 1 1 358900 0
3672 3672 1 1 358997 0
3673 3673 1 1 359094 0
3674 3674 1 1 359191 0
3675 3675 1 1 359288 0
3676 3676 1 1 359385 0
3677 3677 1 1 359482 0
3678 3678 1 1 359579 0
3679 3679 1 1 359676 0
3680 3680 1 1 359773 0
3681 3681 1 1 359870 0
3682 3682 1 1 359967 0
3683 3683 1 1 360064 0
3684 3684 1 1 360161 0
3685 3685 1 1 360258 0
3686 3686 1 1 360355 0
3687 3687 1 1 360452 0
3688 3688 1 1 360549 0
3689 3689 1 1 360646 0
3690 3690 1 1 360743 0
3691 3691 1 1 360840 0
3692 3692 1 1 360937 0
3693 3693 1 1 361034 0
3694 3694 1 1 361131 0
3695 3695 1 1 361228 0
3696 3696 1 1 361325 0
3697 3697 1 1 361422 0
3698 3698 1 1 361519 0
3699 3699 1 1 361616 0
3700 3700 1 1 361713 0
3701 3701 1 1 361810 0
3702 3702 1 1 361907 0
3703 3703 1 1 362004 0
3704 3704 1 1 362101 0
3705 3705 1 1 362198 0
3706 3706 1 1 362295 0
3707 3707 1 1 362392 0
3708 3708 1 1 362489 0
3709 3709 1 1 362586 0
3710 3710 1 1 362683 0
3711 3711 1 1 362780 0
3712 3712 1 1 362877 0
3713 3713 1 1 362974 0
3714 3714 1 1 363071 0
3715 3715 1 1 363168 0
3716 3716 1 1 363265 0
3717 3717 1 1 363362 0
3718 3718 1 1 363459 0
3719 3719 1 1 363556 0
3720 3720 1 1 363653 0
3721 3721 1 1 363750 0
3722 3722 1 1 363847 0
3723 3723 1 1 363944 0
3724 3724 1 1 364041 0
3725 3725 1 1 364138 0
3726 3726 1 1 364235 0
3727 3727 1 1 364332 0
3728 3728 1 1 364429 0
3729 3729 1 1 364526 0
3730 3730 1 1 364623 0
3731 3731 1 1 364720 0
3732 3732 1 1 364817 0
3733 3733 1 1 364914 0
3734 3734 1 1 365011 0
3735 3735 1 1 365108 0
3736 3736 1 1 365205 0
3737 3737 1 1 365302 0
3738 3738 1 1 365399 0
3739 3739 1 1 365496 0
3740 3740 1 1 365593 0
3741 3741 1 1 365690 0
3742 3742 1 1 365787 0
3743 3743 1 1 365884 0
3744 3744 1 1 365981 0
3745 3745 1 1 366078 0
3746 3746 1 1 366175 0
3747 3747 1 1 366272 0
3748 3748 1 1 366369 0
3749 3749 1 1 366466 0
3750 3750 1 1 366563 0
3751 3751 1 1 366660 0
3752 3752 1 1 366757 0
3753 3753 1 1 366854 0
3754 3754 1 1 366951 0
3755 3755 1 1 367048 0
3756 3756 1 1 367145 0
3757 3757 1 1 367242 0
3758 3758 1 1 367339 0
3759 3759 1 1 367436 0
3760 3760 1 1 367533 0
3761 3761 1 1 367630 0
3762 3762 1 1 367727 0
3763 3763 1 1 367824 0
3764 3764 1 1 367921 0
3765 3765 1 1 368018 0
3766 3766 1 1 368115 0
3767 3767 1 1 368212 0
3768 3768 1 1 368309 0
3769 3769 1 1 368406 0
3770 3770 1 1 368503 0
3771 3771 1 1 368600 0
3772 3772 1 1 368697 0
3773 3773 1 1 368794 0
3774 3774 1 1 368891 0
3775 3775 1 1 368988 0
3776 3776 1 1 369085 0
3777 3777 1 1 369182 0
3778 3778 1 1 369279 0
3779 3779 1 1 369376 0
3780 3780 1 1 369473 0
3781 3781 1 1 369570 0
3782 3782 1 1 369667 0
3783 3783 1 1 369764 0
3784 3784 1 1 369861 0
3785 3785 1 1 369958 0
3786 3786 1 1 370055 0
3787 3787 1 1 370152 0
3788 3788 1 1 370249 0
3789 3789 1 1 370346 0
3790 3790 1 1 370443 0
3791 3791 1 1 370540 0
3792 3792 1 1 370637 0
3793 3793 1 1 370734 0
3794 3794 1 1 370831 0
3795 3795 1 1 370928 0
3796 3796 1 1 371025 0
3797 3797 1 1 371122 0
3798 3798 1 1 371219 0
3799 3799 1 1 371316 0
3800 3800 1 1 371413 0
3801 3801 1 1 371510 0
3802 3802 1 1 371607 0
3803 3803 1 1 371704 0
3804 3804 1 1 371801 0
3805 3805 1 1 371898 0
3806 3806 1 1 371995 0
3807 3807 1 1 372092 0
3808 3808 1 1 372189 0
3809 3809 1 1 372286 0
3810 3810 1 1 372383 0
3811 3811 1 1 372480 0
3812 3812 1 1 372577 0
3813 3813 1 1 372674 0
3814 3814 1 1 372771 0
3815 3815 1 1 372868 0
3816 3816 1 1 372965 0
3817 3817 1 1 373062 0
3818 3818 1 1 373159 0
3819 3819 1 1 373256 0
3820 3820 1 1 373353 0
3821 3821 1 1 373450 0
3822 3822 1 1 373547 0
3823 3823 1 1 373644 0
3824 3824 1 1 373741 0
3825 3825 1 1 373838 0
3826 3826 1 1 373935 0
3827 3827 1 1 374032 0
3828 3828 1 1 374129 0
3829 3829 1 1 374226 0
3830 3830 1 1 374323 0
3831 3831 1 1 374420 0
3832 3832 1 1 374517 0
3833 3833 1 1 374614 0
3834 3834 1 1 374711 0
3835 3835 1 1 374808 0
3836 3836 1 1 374905 0
3837 3837 1 1 375002 0
3838 3838 1 1 375099 0
3839 3839 1 1 375196 0
3840 3840 1 1 375293 0
3841 3841 1 1 375390 0
3842 3842 1 1 375487 0
3843 3843 1 1 375584 0
3844 3844 1 1 375681 0
3845 3845 1 1 375778 0
3846 3846 1 1 375875 0
3847 3847 1 1 375972 0
3848 3848 1 1 376069 0
3849 3849 1 1 376166 0
3850 3850 1 1 376263 0
3851 3851 1 1 376360 0
3852 3852 1 1 376457 0
3853 3853 1 1 376554 0
3854 3854 1 1 376651 0
3855 3855 1 1 376748 0
3856 3856 1 1 376845 0
3857 3857 1 1 376942 0
3858 3858 1 1 377039 0
3859 3859 1 1 377136 0
3860 3860 1 1 377233 0
3861 3861 1 1 377330 0
3862 3862 1 1 377427 0
3863 3863 1 1 377524 0
3864 3864 1 1 377621 0
3865 3865 1 1 377718 0
3866 3866 1 1 377815 0
3867 3867 1 1 377912 0
3868 3868 1 1 378009 0
3869 3869 1 1 378106 0
3870 3870 1 1 378203 0
3871 3871 1 1 378300 0
3872 3872 1 1 378397 0
3873 3873 1 1 378494 0
3874 3874 1 1 378591 0
3875 3875 1 1 378688 0
3876 3876 1 1 378785 0
3877 3877 1 1 378882 0
3878 3878 1 1 378979 0
3879 3879 1 1 379076 0
3880 3880 1 1 379173 0
3881 3881 1 1 379270 0
3882 3882 1 1 379367 0
3883 3883 1 1 379464 0
3884 3884 1 1 379561 0
3885 3885 1 1 379658 0
3886 3886 1 1 379755 0
3887 3887 1 1 379852 0
3888 3888 1 1 379949 0
3889 3889 1 1 380046 0
3890 3890 1 1 380143 0
3891 3891 1 1 380240 0
3892 3892 1 1 380337 0
3893 3893 1 1 380434 0
3894 3894 1 1 380531 0
3895 3895 1 1 380628 0
3896 3896 1 1 380725 0
3897 3897 1 1 380822 0
3898 3898 1 1 380919 0
3899 3899 1 1 381016 0
3900 3900 1 1 381113 0
3901 3901 1 1 381210 0
3902 3902 1 1 381307 0
3903 3903 1 1 381404 0
3904 3904 1 1 381501 0
3905 3905 1 1 381598 0
3906 3906 1 1 381695 0
3907 3907 1 1 381792 0
3908 3908 1 1 381889 0
3909 3909 1 1 381986 0
3910 3910 1 1 382083 0
3911 3911 1 1 382180 0
3912 3912 1 1 382277 0
3913 3913 1 1 382374 0
3914 3914 1 1 382471 0
3915 3915 1 1 382568 0
3916 3916 1 1 382665 0
3917 3917 1 1 382762 0
3918 3918 1 1 382859 0
3919 3919 1 1 382956 0
3920 3920 1 1 383053 0
3921 3921 1 1 383150 0
3922 3922 1 1 383247 0
3923 3923 1 1 383344 0
3924 3924 1 1 383441 0
3925 3925 1 1 383538 0
3926 3926 1 1 383635 0
3927 3927 1 1 383732 0
3928 3928 1 1 383829 0
3929 3929 1 1 383926 0
3930 3930 1 1 384023 0
3931 3931 1 1 384120 0
3932 3932 1 1 384217 0
3933 3933 1 1 384314 0
3934 3934 1 1 384411 0
3935 3935 1 1 384508 0
3936 3936 1 1 384605 0
3937 3937 1 1 384702 0
3938 3938 1 1 384799 0
3939 3939 1 1 384896 0
3940 3940 1 1 384993 0
3941 3941 1 1 385090 0
3942 3942 1 1 385187 0
3943 3943 1 1 385284 0
3944 3944 1 1 385381 0
3945 3945 1 1 385478 0
3946 3946 1 1 385575 0
3947 3947 1 1 385672 0
3948 3948 1 1 385769 0
3949 3949 1 1 385866 0
3950 3950 1 1 385963 0
3951 3951 1 1 386060 0
3952 3952 1 1 386157 0
3953 3953 1 1 386254 0
3954 3954 1 1 386351 0
3955 3955 1 1 386448 0
3956 3956 1 1 386545 0
3957 3957 1 1 386642 0
3958 3958 1 1 386739 0
3959 3959 1 1 386836 0
3960 3960 1 1 386933 0
3961 3961 1 1 387030 0
3962 3962 1 1 387127 0
3963 3963 1 1 387224 0
3964 3964 1 1 387321 0
3965 3965 1 1 387418 0
3966 3966 1 1 387515 0
3967 3967 1 1 387612 0
3968 3968 1 1 387709 0
3969 3969 1 1 387806 0
3970 3970 1 1 387903 0
3971 3971 1 1 388000 0
3972 3972 1 1 388097 0
3973 3973 1 1 388194 0
3974 3974 1 1 388291 0
3975 3975 1 1 388388 0
3976 3976 1 1 388485 0
3977 3977 1 1 388582 0
3978 3978 1 1 388679 0
3979 3979 1 1 388776 0
3980 3980 1 1 388873 0
3981 3981 1 1 388970 0
3982 3982 1 1 389067 0
3983 3983 1 1 389164 0
3984 3984 1 1 389261 0
3985 3985 1 1 389358 0
3986 3986 1 1 389455 0
3987 3987 1 1 389552 0
3988 3988 1 1 389649 0
3989 3989 1 1 389746 0
3990 3990 1 1 389843 0
3991 3991 1 1 389940 0
3992 3992 1 1 390037 0
3993 3993 1 1 390134 0
3994 3994 1 1 390231 0
3995 3995 1 1 390328 0
3996 3996 1 1 390425 0
3997 3997 1 1 390522 0
3998 3998 1 1 390619 0
3999 3999 1 1 390716 0
4000 4000 1 1 390813 0
4001 4001 1 1 390910 0
4002 4002 1 1 391007 0
4003 4003 1 1 391104 0
4004 4004 1 1 391201 0
4005 4005 1 1 391298 0
4006 4006 1 1 391395 0
4007 4007 1 1 391492 0
4008 4008 1 1 391589 0
4009 4009 1 1 391686 0
4010 4010 1 1 391783 0
4011 4011 1 1 391880 0
4012 4012 1 1 391977 0
4013 4013 1 1 392074 0
4014 4014 1 1 392171 0
4015 4015 1 1 392268 0
4016 4016 1 1 392365 0
4017 4017 1 1 392462 0
4018 4018 1 1 392559 0
4019 4019 1 1 392656 0
4020 4020 1 1 392753 0
4021 4021 1 1 392850 0
4022 4022 1 1 392947 0
4023 4023 1 1 393044 0
4024 4024 1 1 393141 0
4025 4025 1 1 393238 0
4026 4026 1 1 393335 0
4027 4027 1 1 393432 0
4028 4028 1 1 393529 0
4029 4029 1 1 393626 0
4030 4030 1 1 393723 0
4031 4031 1 1 393820 0
4032 4032 1 1 393917 0
4033 4033 1 1 394014 0
4034 4034 1 1 394111 0
4035 4035 1 1 394208 0
4036 4036 1 1 394305 0
4037 4037 1 1 394402 0
4038 4038 1 1 394499 0
4039 4039 1 1 394596 0
4040 4040 1 1 394693 0
4041 4041 1 1 394790 0
4042 4042 1 1 394887 0
4043 4043 1 1 394984 0
4044 4044 1 1 395081 0
4045 4045 1 1 395178 0
4046 4046 1 1 395275 0
4047 4047 1 1 395372 0
4048 4048 1 1 395469 0
4049 4049 1 1 395566 0
4050 4050 1 1 395663 0
4051 4051 1 1 395760 0
4052 4052 1 1 395857 0
4053 4053 1 1 395954 0
4054 4054 1 1 396051 0
4055 4055 1 1 396148 0
4056 4056 1 1 396245 0
4057 4057 1 1 396342 0
4058 4058 1 1 396439 0
4059 4059 1 1 396536 0
4060 4060 1 1 396633 0
4061 4061 1 1 396730 0
4062 4062 1 1 396827 0
4063 4063 1 1 396924 0
4064 4064 1 1 397021 0
4065 4065 1 1 397118 0
4066 4066 1 1 397215 0
4067 4067 1 1 397312 0
4068 4068 1 1 397409 0
4069 4069 1 1 397506 0
4070 4070 1 1 397603 0
4071 4071 1 1 397700 0
4072 4072 1 1 397797 0
4073 4073 1 1 397894 0
4074 4074 1 1 397991 0
4075 4075 1 1 398088 0
4076 4076 1 1 398185 0
4077 4077 1 1 398282 0
4078 4078 1 1 398379 0
4079 4079 1 1 398476 0
4080 4080 1 1 398573 0
4081 4081 1 1 398670 0
4082 4082 1 1 398767 0
4083 4083 1 1 398864 0
4084 4084 1 1 398961 0
4085 4085 1 1 399058 0
4086 4086 1 1 399155 0
4087 4087 1 1 399252 0
4088 4088 1 1 399349 0
4089 4089 1 1 399446 0
4090 4090 1 1 399543 0
4091 4091 1 1 399640 0
4092 4092 1 1 399737 0
4093 4093 1 1 399834 0
4094 4094 1 1 399931 0
4095 4095 1 1 400028 0
4096 4096 1 1 400125 0
4097 4097 1 1 400222 0
4098 4098 1 1 400319 0
4099 4099 1 1 400416 0
4100 4100 1 1 400513 0
4101 4101 1 1 400610 0
4102 4102 1 1 400707 0
4103 4103 1 1 400804 0
4104 4104 1 1 400901 0
4105 4105 1 1 400998 0
4106 4106 1 1 401095 0
4107 4107 1 1 401192 0
4108 4108 1 1 401289 0
4109 4109 1 1 401386 0
4110 4110 1 1 401483 0
4111 4111 1 1 401580 0
4112 4112 1 1 401677 0
4113 4113 1 1 401774 0
4114 4114 1 1 401871 0
4115 4115 1 1 401968 0
4116 4116 1 1 402065 0
4117 4117 1 1 402162 0
4118 4118 1 1 402259 0
4119 4119 1 1 402356 0
4120 4120 1 1 402453 0
4121 4121 1 1 402550 0
4122 4122 1 1 402647 0
4123 4123 1 1 402744 0
4124 4124 1 1 402841 0
4125 4125 1 1 402938 0
4126 4126 1 1 403035 0
4127 4127 1 1 403132 0
4128 4128 1 1 403229 0
4129 4129 1 1 403326 0
4130 4130 1 1 403423 0
4131 4131 1 1 403520 0
4132 4132 1 1 403617 0
4133 4133 1 1 403714 0
4134 4134 1 1 403811 0
4135 4135 1 1 403908 0
4136 4136 1 1 404005 0
4137 4137 1 1 404102 0
4138 4138 1 1 404199 0
4139 4139 1 1 404296 0
4140 4140 1 1 404393 0
4141 4141 1 1 404490 0
4142 4142 1 1 404587 0
4143 4143 1 1 404684 0
4144 4144 1 1 404781 0
4145 4145 1 1 404878 0
4146 4146 1 1 404975 0
4147 4147 1 1 405072 0
4148 4148 1 1 405169 0
4149 4149 1 1 405266 0
4150 4150 1 1 405363 0
4151 4151 1 1 405460 0
4152 4152 1 1 405557 0
4153 4153 1 1 405654 0
4154 4154 1 1 405751 0
4155 4155 1 1 405848 0
4156 4156 1 1 405945 0
4157 4157 1 1 406042 0
4158 4158 1 1 406139 0
4159 4159 1 1 406236 0
4160 4160 1 1 406333 0
4161 4161 1 1 406430 0
4162 4162 1 1 406527 0
4163 4163 1 1 406624 0
4164 4164 1 1 406721 0
4165 4165 1 1 406818 0
4166 4166 1 1 406915 0
4167 4167 1 1 407012 0
4168 4168 1 1 407109 0
4169 4169 1 1 407206 0
4170 4170 1 1 407303 0
4171 4171 1 1 407400 0
4172 4172 1 1 407497 0
4173 4173 1 1 407594 0
4174 4174 1 1 407691 0
4175 4175 1 1 407788 0
4176 4176 1 1 407885 0
4177 4177 1 1 407982 0
4178 4178 1 1 408079 0
4179 4179 1 1 408176 0
4180 4180 1 1 408273 0
4181 4181 1 1 408370 0
4182 4182 1 1 408467 0
4183 4183 1 1 408564 0
4184 4184 1 1 408661 0
4185 4185 1 1 408758 0
4186 4186 1 1 408855 0
4187 4187 1 1 408952 0
4188 4188 1 1 409049 0
4189 4189 1 1 409146 0
4190 4190 1 1 409243 0
4191 4191 1 1 409340 0
4192 4192 1 1 409437 0
4193 4193 1 1 409534 0
4194 4194 1 1 409631 0
4195 4195 1 1 409728 0
4196 4196 1 1 409825 0
4197 4197 1 1 409922 0
4198 4198 1 1 410019 0
4199 4199 1 1 410116 0
4200 4200 1 1 410213 0
4201 4201 1 1 410310 0
4202 4202 1 1 410407 0
4203 4203 1 1 410504 0
4204 4204 1 1 410601 0
4205 4205 1 1 410698 0
4206 4206 1 1 410795 0
4207 4207 1 1 410892 0
4208 4208 1 1 410989 0
4209 4209 1 1 411086 0
4210 4210 1 1 411183 0
4211 4211 1 1 411280 0
4212 4212 1 1 411377 0
4213 4213 1 1 411474 0
4214 4214 1 1 411571 0
4215 4215 1 1 411668 0
4216 4216 1 1 411765 0
4217 4217 1 1 411862 0
4218 4218 1 1 411959 0
4219 4219 1 1 412056 0
4220 4220 1 1 412153 0
4221 4221 1 1 412250 0
4222 4222 1 1 412347 0
4223 4223 1 1 412444 0
4224 4224 1 1 412541 0
4225 4225 1 1 412638 0
4226 4226 1 1 412735 0
4227 4227 1 1 412832 0
4228 4228 1 1 412929 0
4229 4229 1 1 413026 0
4230 4230 1 1 413123 0
4231 4231 1 1 413220 0
4232 4232 1 1 413317 0
4233 4233 1 1 413414 0
4234 4234 1 1 413511 0
4235 4235 1 1 413608 0
4236 4236 1 1 413705 0
4237 4237 1 1 413802 0
4238 4238 1 1 413899 0
4239 4239 1 1 413996 0
4240 4240 1 1 414093 0
4241 4241 1 1 414190 0
4242 4242 1 1 414287 0
4243 4243 1 1 414384 0
4244 4244 1 1 414481 0
4245 4245 1 1 414578 0
4246 4246 1 1 414675 0
4247 4247 1 1 414772 0
4248 4248 1 1 414869 0
4249 4249 1 1 414966 0
4250 4250 1 1 415063 0
4251 4251 1 1 415160 0
4252 4252 1 1 415257 0
4253 4253 1 1 415354 0
4254 4254 1 1 415451 0
4255 4255 1 1 415548 0
4256 4256 1 1 415645 0
4257 4257 1 1 415742 0
4258 4258 1 1 415839 0
4259 4259 1 1 415936 0
4260 4260 1 1 416033 0
4261 4261 1 1 416130 0
4262 4262 1 1 416227 0
4263 4263 1 1 416324 0
4264 4264 1 1 416421 0
4265 4265 1 1 416518 0
4266 4266 1 1 416615 0
4267 4267 1 1 416712 0
4268 4268 1 1 416809 0
4269 4269 1 1 416906 0
4270 4270 1 1 417003 0
4271 4271 1 1 417100 0
4272 4272 1 1 417197 0
4273 4273 1 1 417294 0
4274 4274 1 1 417391 0
4275 4275 1 1 417488 0
4276 4276 1 1 417585 0
4277 4277 1 1 417682 0
4278 4278 1 1 417779 0
4279 4279 1 1 417876 0
4280 4280 1 1 417973 0
4281 4281 1 1 418070 0
4282 4282 1 1 418167 0
4283 4283 1 1 418264 0
4284 4284 1 1 418361 0
4285 4285 1 1 418458 0
4286 4286 1 1 418555 0
4287 4287 1 1 418652 0
4288 4288 1 1 418749 0
4289 4289 1 1 418846 0
4290 4290 1 1 418943 0
4291 4291 1 1 419040 0
4292 4292 1 1 419137 0
4293 4293 1 1 419234 0
4294 4294 1 1 419331 0
4295 4295 1 1 419428 0
4296 4296 1 1 419525 0
4297 4297 1 1 419622 0
4298 4298 1 1 419719 0
4299 4299 1 1 419816 0
4300 4300 1 1 419913 0
4301 4301 1 1 420010 0
4302 4302 1 1 420107 0
4303 4303 1 1 420204 0
4304 4304 1 1 420301 0
4305 4305 1 1 420398 0
4306 4306 1 1 420495 0
4307 4307 1 1 420592 0
4308 4308 1 1 420689 0
4309 4309 1 1 420786 0
4310 4310 1 1 420883 0
4311 4311 1 1 420980 0
4312 4312 1 1 421077 0
4313 4313 1 1 421174 0
4314 4314 1 1 421271 0
4315 4315 1 1 421368 0
4316 4316 1 1 421465 0
4317 4317 1 1 421562 0
4318 4318 1 1 421659 0
4319 4319 1 1 421756 0
4320 4320 1 1 421853 0
4321 4321 1 1 421950 0
4322 4322 1 1 422047 0
4323 4323 1 1 422144 0
4324 4324 1 1 422241 0
4325 4325 1 1 422338 0
4326 4326 1 1 422435 0
4327 4327 1 1 422532 0
4328 4328 1 1 422629 0
4329 4329 1 1 422726 0
4330 4330 1 1 422823 0
4331 4331 1 1 422920 0
4332 4332 1 1 423017 0
4333 4333 1 1 423114 0
4334 4334 1 1 423211 0
4335 4335 1 1 423308 0
4336 4336 1 1 423405 0
4337 4337 1 1 423502 0
4338 4338 1 1 423599 0
4339 4339 1 1 423696 0
4340 4340 1 1 423793 0
4341 4341 1 1 423890 0
4342 4342 1 1 423987 0
4343 4343 1 1 424084 0
4344 4344 1 1 424181 0
4345 4345 1 1 424278 0
4346 4346 1 1 424375 0
4347 4347 1 1 424472 0
4348 4348 1 1 424569 0
4349 4349 1 1 424666 0
4350 4350 1 1 424763 0
4351 4351 1 1 424860 0
4352 4352 1 1 424957 0
4353 4353 1 1 425054 0
4354 4354 1 1 425151 0
4355 4355 1 1 425248 0
4356 4356 1 1 425345 0
4357 4357 1 1 425442 0
4358 4358 1 1 425539 0
4359 4359 1 1 425636 0
4360 4360 1 1 425733 0
4361 4361 1 1 425830 0
4362 4362 1 1 425927 0
4363 4363 1 1 426024 0
4364 4364 1 1 426121 0
4365 4365 1 1 426218 0
4366 4366 1 1 426315 0
4367 4367 1 1 426412 0
4368 4368 1 1 426509 0
4369 4369 1 1 426606 0
4370 4370 1 1 426703 0
4371 4371 1 1 426800 0
4372 4372 1 1 426897 0
4373 4373 1 1 426994 0
4374 4374 1 1 427091 0
4375 4375 1 1 427188 0
4376 4376 1 1 427285 0
4377 4377 1 1 427382 0
4378 4378 1 1 427479 0
4379 4379 1 1 427576 0
4380 4380 1 1 427673 0
4381 4381 1 1 427770 0
4382 4382 1 1 427867 0
4383 4383 1 1 427964 0
4384 4384 1 1 428061 0
4385 4385 1 1 428158 0
4386 4386 1 1 428255 0
4387 4387 1 1 428352 0
4388 4388 1 1 428449 0
4389 4389 1 1 428546 0
4390 4390 1 1 428643 0
4391 4391 1 1 428740 0
4392 4392 1 1 428837 0
4393 4393 1 1 428934 0
4394 4394 1 1 429031 0
4395 4395 1 1 429128 0
4396 4396 1 1 429225 0
4397 4397 1 1 429322 0
4398 4398 1 1 429419 0
4399 4399 1 1 429516 0
4400 4400 1 1 429613 0
4401 4401 1 1 429710 0
4402 4402 1 1 429807 0
4403 4403 1 1 429904 0
4404 4404 1 1 430001 0
4405 4405 1 1 430098 0
4406 4406 1 1 430195 0
4407 4407 1 1 430292 0
4408 4408 1 1 430389 0
4409 4409 1 1 430486 0
4410 4410 1 1 430583 0
4411 4411 1 1 430680 0
4412 4412 1 1 430777 0
4413 4413 1 1 430874 0
4414 4414 1 1 430971 0
4415 4415 1 1 431068 0
4416 4416 1 1 431165 0
4417 4417 1 1 431262 0
4418 4418 1 1 431359 0
4419 4419 1 1 431456 0
4420 4420 1 1 431553 0
4421 4421 1 1 431650 0
4422 4422 1 1 431747 0
4423 4423 1 1 431844 0
4424 4424 1 1 431941 0
4425 4425 1 1 432038 0
4426 4426 1 1 432135 0
4427 4427 1 1 432232 0
4428 4428 1 1 432329 0
4429 4429 1 1 432426 0
4430 4430 1 1 432523 0
4431 4431 1 1 432620 0
4432 4432 1 1 432717 0
4433 4433 1 1 432814 0
4434 4434 1 1 432911 0
4435 4435 1 1 433008 0
4436 4436 1 1 433105 0
4437 4437 1 1 433202 0
4438 4438 1 1 433299 0
4439 4439 1 1 433396 0
4440 4440 1 1 433493 0
4441 4441 1 1 433590 0
4442 4442 1 1 433687 0
4443 4443 1 1 433784 0
4444 4444 1 1 433881 0
4445 4445 1 1 433978 0
4446 4446 1 1 434075 0
4447 4447 1 1 434172 0
4448 4448 1 1 434269 0
4449 4449 1 1 434366 0
4450 4450 1 1 434463 0
4451 4451 1 1 434560 0
4452 4452 1 1 434657 0
4453 4453 1 1 434754 0
4454 4454 1 1 434851 0
4455 4455 1 1 434948 0
4456 4456 1 1 435045 0
4457 4457 1 1 435142 0
4458 4458 1 1 435239 0
4459 4459 1 1 435336 0
4460 4460 1 1 435433 0
4461 4461 1 1 435530 0
4462 4462 1 1 435627 0
4463 4463 1 1 435724 0
4464 4464 1 1 435821 0
4465 4465 1 1 435918 0
4466 4466 1 1 436015 0
4467 4467 1 1 436112 0
4468 4468 1 1 436209 0
4469 4469 1 1 436306 0
4470 4470 1 1 436403 0
4471 4471 1 1 436500 0
4472 4472 1 1 436597 0
4473 4473 1 1 436694 0
4474 4474 1 1 436791 0
4475 4475 1 1 436888 0
4476 4476 1 1 436985 0
4477 4477 1 1 437082 0
4478 4478 1 1 437179 0
4479 4479 1 1 437276 0
4480 4480 1 1 437373 0
4481 4481 1 1 437470 0
4482 4482 1 1 437567 0
4483 4483 1 1 437664 0
4484 4484 1 1 437761 0
4485 4485 1 1 437858 0
4486 4486 1 1 437955 0
4487 4487 1 1 438052 0
4488 4488 1 1 438149 0
4489 4489 1 1 438246 0
4490 4490 1 1 438343 0
4491 4491 1 1 438440 0
4492 4492 1 1 438537 0
4493 4493 1 1 438634 0
4494 4494 1 1 438731 0
4495 4495 1 1 438828 0
4496 4496 1 1 438925 0
4497 4497 1 1 439022 0
4498 4498 1 1 439119 0
4499 4499 1 1 439216 0
4500 4500 1 1 439313 0
4501 4501 1 1 439410 0
4502 4502 1 1 439507 0
4503 4503 1 1 439604 0
4504 4504 1 1 439701 0
4505 4505 1 1 439798 0
4506 4506 1 1 439895 0
4507 4507 1 1 439992 0
4508 4508 1 1 440089 0
4509 4509 1 1 440186 0
4510 4510 1 1 440283 0
4511 4511 1 1 440380 0
4512 4512 1 1 440477 0
4513 4513 1 1 440574 0
4514 4514 1 1 440671 0
4515 4515 1 1 440768 0
4516 4516 1 1 440865 0
4517 4517 1 1 440962 0
4518 4518 1 1 441059 0
4519 4519 1 1 441156 0
4520 4520 1 1 441253 0
4521 4521 1 1 441350 0
4522 4522 1 1 441447 0
4523 4523 1 1 441544 0
4524 4524 1 1 441641 0
4525 4525 1 1 441738 0
4526 4526 1 1 441835 0
4527 4527 1 1 441932 0
4528 4528 1 1 442029 0
4529 4529 1 1 442126 0
4530 4530 1 1 442223 0
4531 4531 1 1 442320 0
4532 4532 1 1 442417 0
4533 4533 1 1 442514 0
4534 4534 1 1 442611 0
4535 4535 1 1 442708 0
4536 4536 1 1 442805 0
4537 4537 1 1 442902 0
4538 4538 1 1 442999 0
4539 4539 1 1 443096 0
4540 4540 1 1 443193 0
4541 4541 1 1 443290 0
4542 4542 1 1 443387 0
4543 4543 1 1 443484 0
4544 4544 1 1 443581 0
4545 4545 1 1 443678 0
4546 4546 1 1 443775 0
4547 4547 1 1 443872 0
4548 4548 1 1 443969 0
4549 4549 1 1 444066 0
4550 4550 1 1 444163 0
4551 4551 1 1 444260 0
4552 4552 1 1 444357 0
4553 4553 1 1 444454 0
4554 4554 1 1 444551 0
4555 4555 1 1 444648 0
4556 4556 1 1 444745 0
4557 4557 1 1 444842 0
4558 4558 1 1 444939 0
4559 4559 1 1 445036 0
4560 4560 1 1 445133 0
4561 4561 1 1 445230 0
4562 4562 1 1 445327 0
4563 4563 1 1 445424 0
4564 4564 1 1 445521 0
4565 4565 1 1 445618 0
4566 4566 1 1 445715 0
4567 4567 1 1 445812 0
4568 4568 1 1 445909 0
4569 4569 1 1 446006 0
4570 4570 1 1 446103 0
4571 4571 1 1 446200 0
4572 4572 1 1 446297 0
4573 4573 1 1 446394 0
4574 4574 1 1 446491 0
4575 4575 1 1 446588 0
4576 4576 1 1 446685 0
4577 4577 1 1 446782 0
4578 4578 1 1 446879 0
4579 4579 1 1 446976 0
4580 4580 1 1 447073 0
4581 4581 1 1 447170 0
4582 4582 1 1 447267 0
4583 4583 1 1 447364 0
4584 4584 1 1 447461 0
4585 4585 1 1 447558 0
4586 4586 1 1 447655 0
4587 4587 1 1 447752 0
4588 4588 1 1 447849 0
4589 4589 1 1 447946 0
4590 4590 1 1 448043 0
4591 4591 1 1 448140 0
4592 4592 1 1 448237 0
4593 4593 1 1 448334 0
4594 4594 1 1 448431 0
4595 4595 1 1 448528 0
4596 4596 1 1 448625 0
4597 4597 1 1 448722 0
4598 4598 1 1 448819 0
4599 4599 1 1 448916 0
4600 4600 1 1 449013 0
4601 4601 1 1 449110 0
4602 4602 1 1 449207 0
4603 4603 1 1 449304 0
4604 4604 1 1 449401 0
4605 4605 1 1 449498 0
4606 4606 1 1 449595 0
4607 4607 1 1 449692 0
4608 4608 1 1 449789 0
4609 4609 1 1 449886 0
4610 4610 1 1 449983 0
4611 4611 1 1 450080 0
4612 4612 1 1 450177 0
4613 4613 1 1 450274 0
4614 4614 1 1 450371 0
4615 4615 1 1 450468 0
4616 4616 1 1 450565 0
4617 4617 1 1 450662 0
4618 4618 1 1 450759 0
4619 4619 1 1 450856 0
4620 4620 1 1 450953 0
4621 4621 1 1 451050 0
4622 4622 1 1 451147 0
4623 4623 1 1 451244 0
4624 4624 1 1 451341 0
4625 4625 1 1 451438 0
4626 4626 1 1 451535 0
4627 4627 1 1 451632 0
4628 4628 1 1 451729 0
4629 4629 1 1 451826 0
4630 4630 1 1 451923 0
4631 4631 1 1 452020 0
4632 4632 1 1 452117 0
4633 4633 1 1 452214 0
4634 4634 1 1 452311 0
4635 4635 1 1 452408 0
4636 4636 1 1 452505 0
4637 4637 1 1 452602 0
4638 4638 1 1 452699 0
4639 4639 1 1 452796 0
4640 4640 1 1 452893 0
4641 4641 1 1 452990 0
4642 4642 1 1 453087 0
4643 4643 1 1 453184 0
4644 4644 1 1 453281 0
4645 4645 1 1 453378 0
4646 4646 1 1 453475 0
4647 4647 1 1 453572 0
4648 4648 1 1 453669 0
4649 4649 1 1 453766 0
4650 4650 1 1 453863 0
4651 4651 1 1 453960 0
4652 4652 1 1 454057 0
4653 4653 1 1 454154 0
4654 4654 1 1 454251 0
4655 4655 1 1 454348 0
4656 4656 1 1 454445 0
4657 4657 1 1 454542 0
4658 4658 1 1 454639 0
4659 4659 1 1 454736 0
4660 4660 1 1 454833 0
4661 4661 1 1 454930 0
4662 4662 1 1 455027 0
4663 4663 1 1 455124 0
4664 4664 1 1 455221 0
4665 4665 1 1 455318 0
4666 4666 1 1 455415 0
4667 4667 1 1 455512 0
4668 4668 1 1 455609 0
4669 4669 1 1 455706 0
4670 4670 1 1 455803 0
4671 4671 1 1 455900 0
4672 4672 1 1 455997 0
4673 4673 1 1 456094 0
4674 4674 1 1 456191 0
4675 4675 1 1 456288 0
4676 4676 1 1 456385 0
4677 4677 1 1 456482 0
4678 4678 1 1 456579 0
4679 4679 1 1 456676 0
4680 4680 1 1 456773 0
4681 4681 1 1 456870 0
4682 4682 1 1 456967 0
4683 4683 1 1 457064 0
4684 4684 1 1 457161 0
4685 4685 1 1 457258 0
4686 4686 1 1 457355 0
4687 4687 1 1 457452 0
4688 4688 1 1 457549 0
4689 4689 1 1 457646 0
4690 4690 1 1 457743 0
4691 4691 1 1 457840 0
4692 4692 1 1 457937 0
4693 4693 1 1 458034 0
4694 4694 1 1 458131 0
4695 4695 1 1 458228 0
4696 4696 1 1 458325 0
4697 4697 1 1 458422 0
4698 4698 1 1 458519 0
4699 4699 1 1 458616 0
4700 4700 1 1 458713 0
4701 4701 1 1 458810 0
4702 4702 1 1 458907 0
4703 4703 1 1 459004 0
4704 4704 1 1 459101 0
4705 4705 1 1 459198 0
4706 4706 1 1 459295 0
4707 4707 1 1 459392 0
4708 4708 1 1 459489 0
4709 4709 1 1 459586 0
4710 4710 1 1 459683 0
4711 4711 1 1 459780 0
4712 4712 1 1 459877 0
4713 4713 1 1 459974 0
4714 4714 1 1 460071 0
4715 4715 1 1 460168 0
4716 4716 1 1 460265 0
4717 4717 1 1 460362 0
4718 4718 1 1 460459 0
4719 4719 1 1 460556 0
4720 4720 1 1 460653 0
4721 4721 1 1 460750 0
4722 4722 1 1 460847 0
4723 4723 1 1 460944 0
4724 4724 1 1 461041 0
4725 4725 1 1 461138 0
4726 4726 1 1 461235 0
4727 4727 1 1 461332 0
4728 4728 1 1 461429 0
4729 4729 1 1 461526 0
4730 4730 1 1 461623 0
4731 4731 1 1 461720 0
4732 4732 1 1 461817 0
4733 4733 1 1 461914 0
4734 4734 1 1 462011 0
4735 4735 1 1 462108 0
4736 4736 1 1 462205 0
4737 4737 1 1 462302 0
4738 4738 1 1 462399 0
4739 4739 1 1 462496 0
4740 4740 1 1 462593 0
4741 4741 1 1 462690 0
4742 4742 1 1 462787 0
4743 4743 1 1 462884 0
4744 4744 1 1 462981 0
4745 4745 1 1 463078 0
4746 4746 1 1 463175 0
4747 4747 1 1 463272 0
4748 4748 1 1 463369 0
4749 4749 1 1 463466 0
4750 4750 1 1 463563 0
4751 4751 1 1 463660 0
4752 4752 1 1 463757 0
4753 4753 1 1 463854 0
4754 4754 1 1 463951 0
4755 4755 1 1 464048 0
4756 4756 1 1 464145 0
4757 4757 1 1 464242 0
4758 4758 1 1 464339 0
4759 4759 1 1 464436 0
4760 4760 1 1 464533 0
4761 4761 1 1 464630 0
4762 4762 1 1 464727 0
4763 4763 1 1 464824 0
4764 4764 1 1 464921 0
4765 4765 1 1 465018 0
4766 4766 1 1 465115 0
4767 4767 1 1 465212 0
4768 4768 1 1 465309 0
4769 4769 1 1 465406 0
4770 4770 1 1 465503 0
4771 4771 1 1 465600 0
4772 4772 1 1 465697 0
4773 4773 1 1 465794 0
4774 4774 1 1 465891 0
4775 4775 1 1 465988 0
4776 4776 1 1 466085 0
4777 4777 1 1 466182 0
4778 4778 1 1 466279 0
4779 4779 1 1 466376 0
4780 4780 1 1 466473 0
4781 4781 1 1 466570 0
4782 4782 1 1 466667 0
4783 4783 1 1 466764 0
4784 4784 1 1 466861 0
4785 4785 1 1 466958 0
4786 4786 1 1 467055 0
4787 4787 1 1 467152 0
4788 4788 1 1 467249 0
4789 4789 1 1 467346 0
4790 4790 1 1 467443 0
4791 4791 1 1 467540 0
4792 4792 1 1 467637 0
4793 4793 1 1 467734 0
4794 4794 1 1 467831 0
4795 4795 1 1 467928 0
4796 4796 1 1 468025 0
4797 4797 1 1 468122 0
4798 4798 1 1 468219 0
4799 4799 1 1 468316 0
4800 4800 1 1 468413 0
4801 4801 1 1 468510 0
4802 4802 1 1 468607 0
4803 4803 1 1 468704 0
4804 4804 1 1 468801 0
4805 4805 1 1 468898 0
4806 4806 1 1 468995 0
4807 4807 1 1 469092 0
4808 4808 1 1 469189 0
4809 4809 1 1 469286 0
4810 4810 1 1 469383 0
4811 4811 1 1 469480 0
4812 4812 1 1 469577 0
4813 4813 1 1 469674 0
4814 4814 1 1 469771 0
4815 4815 1 1 469868 0
4816 4816 1 1 469965 0
4817 4817 1 1 470062 0
4818 4818 1 1 470159 0
4819 4819 1 1 470256 0
4820 4820 1 1 470353 0
4821 4821 1 1 470450 0
4822 4822 1 1 470547 0
4823 4823 1 1 470644 0
4824 4824 1 1 470741 0
4825 4825 1 1 470838 0
4826 4826 1 1 470935 0
4827 4827 1 1 471032 0
4828 4828 1 1 471129 0
4829 4829 1 1 471226 0
4830 4830 1 1 471323 0
4831 4831 1 1 471420 0
4832 4832 1 1 471517 0
4833 4833 1 1 471614 0
4834 4834 1 1 471711 0
4835 4835 1 1 471808 0
4836 4836 1 1 471905 0
4837 4837 1 1 472002 0
4838 4838 1 1 472099 0
4839 4839 1 1 472196 0
4840 4840 1 1 472293 0
4841 4841 1 1 472390 0
4842 4842 1 1 472487 0
4843 4843 1 1 472584 0
4844 4844 1 1 472681 0
4845 4845 1 1 472778 0
4846 4846 1 1 472875 0
4847 4847 1 1 472972 0
4848 4848 1 1 473069 0
4849 4849 1 1 473166 0
4850 4850 1 1 473263 0
4851 4851 1 1 473360 0
4852 4852 1 1 473457 0
4853 4853 1 1 473554 0
4854 4854 1 1 473651 0
4855 4855 1 1 473748 0
4856 4856 1 1 473845 0
4857 4857 1 1 473942 0
4858 4858 1 1 474039 0
4859 4859 1 1 474136 0
4860 4860 1 1 474233 0
4861 4861 1 1 474330 0
4862 4862 1 1 474427 0
4863 4863 1 1 474524 0
4864 4864 1 1 474621 0
4865 4865 1 1 474718 0
4866 4866 1 1 474815 0
4867 4867 1 1 474912 0
4868 4868 1 1 475009 0
4869 4869 1 1 475106 0
4870 4870 1 1 475203 0
4871 4871 1 1 475300 0
4872 4872 1 1 475397 0
4873 4873 1 1 475494 0
4874 4874 1 1 475591 0
4875 4875 1 1 475688 0
4876 4876 1 1 475785 0
4877 4877 1 1 475882 0
4878 4878 1 1 475979 0
4879 4879 1 1 476076 0
4880 4880 1 1 476173 0
4881 4881 1 1 476270 0
4882 4882 1 1 476367 0
4883 4883 1 1 476464 0
4884 4884 1 1 476561 0
4885 4885 1 1 476658 0
4886 4886 1 1 476755 0
4887 4887 1 1 476852 0
4888 4888 1 1 476949 0
4889 4889 1 1 477046 0
4890 4890 1 1 477143 0
4891 4891 1 1 477240 0
4892 4892 1 1 477337 0
4893 4893 1 1 477434 0
4894 4894 1 1 477531 0
4895 4895 1 1 477628 0
4896 4896 1 1 477725 0
4897 4897 1 1 477822 0
4898 4898 1 1 477919 0
4899 4899 1 1 478016 0
4900 4900 1 1 478113 0
4901 4901 1 1 478210 0
4902 4902 1 1 478307 0
4903 4903 1 1 478404 0
4904 4904 1 1 478501 0
4905 4905 1 1 478598 0
4906 4906 1 1 478695 0
4907 4907 1 1 478792 0
4908 4908 1 1 478889 0
4909 4909 1 1 478986 0
4910 4910 1 1 479083 0
4911 4911 1 1 479180 0
4912 4912 1 1 479277 0
4913 4913 1 1 479374 0
4914 4914 1 1 479471 0
4915 4915 1 1 479568 0
4916 4916 1 1 479665 0
4917 4917 1 1 479762 0
4918 4918 1 1 479859 0
4919 4919 1 1 479956 0
4920 4920 1 1 480053 0
4921 4921 1 1 480150 0
4922 4922 1 1 480247 0
4923 4923 1 1 480344 0
4924 4924 1 1 480441 0
4925 4925 1 1 480538 0
4926 4926 1 1 480635 0
4927 4927 1 1 480732 0
4928 4928 1 1 480829 0
4929 4929 1 1 480926 0
4930 4930 1 1 481023 0
4931 4931 1 1 481120 0
4932 4932 1 1 481217 0
4933 4933 1 1 481314 0
4934 4934 1 1 481411 0
4935 4935 1 1 481508 0
4936 4936 1 1 481605 0
4937 4937 1 1 481702 0
4938 4938 1 1 481799 0
4939 4939 1 1 481896 0
4940 4940 1 1 481993 0
4941 4941 1 1 482090 0
4942 4942 1 1 482187 0
4943 4943 1 1 482284 0
4944 4944 1 1 482381 0
4945 4945 1 1 482478 0
4946 4946 1 1 482575 0
4947 4947 1 1 482672 0
4948 4948 1 1 482769 0
4949 4949 1 1 482866 0
4950 4950 1 1 482963 0
4951 4951 1 1 483060 0
4952 4952 1 1 483157 0
4953 4953 1 1 483254 0
4954 4954 1 1 483351 0
4955 4955 1 1 483448 0
4956 4956 1 1 483545 0
4957 4957 1 1 483642 0
4958 4958 1 1 483739 0
4959 4959 1 1 483836 0
4960 4960 1 1 483933 0
4961 4961 1 1 484030 0
4962 4962 1 1 484127 0
4963 4963 1 1 484224 0
4964 4964 1 1 484321 0
4965 4965 1 1 484418 0
4966 4966 1 1 484515 0
4967 4967 1 1 484612 0
4968 4968 1 1 484709 0
4969 4969 1 1 484806 0
4970 4970 1 1 484903 0
4971 4971 1 1 485000 0
4972 4972 1 1 485097 0
4973 4973 1 1 485194 0
4974 4974 1 1 485291 0
4975 4975 1 1 485388 0
4976 4976 1 1 485485 0
4977 4977 1 1 485582 0
4978 4978 1 1 485679 0
4979 4979 1 1 485776 0
4980 4980 1 1 485873 0
4981 4981 1 1 485970 0
4982 4982 1 1 486067 0
4983 4983 1 1 486164 0
4984 4984 1 1 486261 0
4985 4985 1 1 486358 0
4986 4986 1 1 486455 0
4987 4987 1 1 486552 0
4988 4988 1 1 486649 0
4989 4989 1 1 486746 0
4990 4990 1 1 486843 0
4991 4991 1 1 486940 0
4992 4992 1 1 487037 0
4993 4993 1 1 487134 0
4994 4994 1 1 487231 0
4995 4995 1 1 487328 0
4996 4996 1 1 487425 0
4997 4997 1 1 487522 0
4998 4998 1 1 487619 0
4999 4999 1 1 487716 0
5000 5000 1 1 487813 0
5001 5001 1 1 487910 0
5002 5002 1 1 488007 0
5003 5003 1 1 488104 0
5004 5004 1 1 488201 0
5005 5005 1 1 488298 0
5006 5006 1 1 488395 0
5007 5007 1 1 488492 0
5008 5008 1 1 488589 0
5009 5009 1 1 488686 0
5010 5010 1 1 488783 0
5011 5011 1 1 488880 0
5012 5012 1 1 488977 0
5013 5013 1 1 489074 0
5014 5014 1 1 489171 0
5015 5015 1 1 489268 0
5016 5016 1 1 489365 0
5017 5017 1 1 489462 0
5018 5018 1 1 489559 0
5019 5019 1 1 489656 0
5020 5020 1 1 489753 0
5021 5021 1 1 489850 0
5022 5022 1 1 489947 0
5023 5023 1 1 490044 0
5024 5024 1 1 490141 0
5025 5025 1 1 490238 0
5026 5026 1 1 490335 0
5027 5027 1 1 490432 0
5028 5028 1 1 490529 0
5029 5029 1 1 490626 0
5030 5030 1 1 490723 0
5031 5031 1 1 490820 0
5032 5032 1 1 490917 0
5033 5033 1 1 491014 0
5034 5034 1 1 491111 0
5035 5035 1 1 491208 0
5036 5036 1 1 491305 0
5037 5037 1 1 491402 0
5038 5038 1 1 491499 0
5039 5039 1 1 491596 0
5040 5040 1 1 491693 0
5041 5041 1 1 491790 0
5042 5042 1 1 491887 0
5043 5043 1 1 491984 0
5044 5044 1 1 492081 0
5045 5045 1 1 492178 0
5046 5046 1 1 492275 0
5047 5047 1 1 492372 0
5048 5048 1 1 492469 0
5049 5049 1 1 492566 0
5050 5050 1 1 492663 0
5051 5051 1 1 492760 0
5052 5052 1 1 492857 0
5053 5053 1 1 492954 0
5054 5054 1 1 493051 0
5055 5055 1 1 493148 0
5056 5056 1 1 493245 0
5057 5057 1 1 493342 0
5058 5058 1 1 493439 0
5059 5059 1 1 493536 0
5060 5060 1 1 493633 0
5061 5061 1 1 493730 0
5062 5062 1 1 493827 0
5063 5063 1 1 493924 0
5064 5064 1 1 494021 0
5065 5065 1 1 494118 0
5066 5066 1 1 494215 0
5067 5067 1 1 494312 0
5068 5068 1 1 494409 0
5069 5069 1 1 494506 0
5070 5070 1 1 494603 0
5071 5071 1 1 494700 0
5072 5072 1 1 494797 0
5073 5073 1 1 494894 0
5074 5074 1 1 494991 0
5075 5075 1 1 495088 0
5076 5076 1 1 495185 0
5077 5077 1 1 495282 0
5078 5078 1 1 495379 0
5079 5079 1 1 495476 0
5080 5080 1 1 495573 0
5081 5081 1 1 495670 0
5082 5082 1 1 495767 0
5083 5083 1 1 495864 0
5084 5084 1 1 495961 0
5085 5085 1 1 496058 0
5086 5086 1 1 496155 0
5087 5087 1 1 496252 0
5088 5088 1 1 496349 0
5089 5089 1 1 496446 0
5090 5090 1 1 496543 0
5091 5091 1 1 496640 0
5092 5092 1 1 496737 0
5093 5093 1 1 496834 0
5094 5094 1 1 496931 0
5095 5095 1 1 497028 0
5096 5096 1 1 497125 0
5097 5097 1 1 497222 0
5098 5098 1 1 497319 0
5099 5099 1 1 497416 0
5100 5100 1 1 497513 0
5101 5101 1 1 497610 0
5102 5102 1 1 497707 0
5103 5103 1 1 497804 0
5104 5104 1 1 497901 0
5105 5105 1 1 497998 0
5106 5106 1 1 498095 0
5107 5107 1 1 498192 0
5108 5108 1 1 498289 0
5109 5109 1 1 498386 0
5110 5110 1 1 498483 0
5111 5111 1 1 498580 0
5112 5112 1 1 498677 0
5113 5113 1 1 498774 0
5114 5114 1 1 498871 0
5115 5115 1 1 498968 0
5116 5116 1 1 499065 0
5117 5117 1 1 499162 0
5118 5118 1 1 499259 0
5119 5119 1 1 499356 0
5120 5120 1 1 499453 0
5121 5121 1 1 499550 0
5122 5122 1 1 499647 0
5123 5123 1 1 499744 0
5124 5124 1 1 499841 0
5125 5125 1 1 499938 0
5126 5126 1 1 500035 0
5127 5127 1 1 500132 0
5128 5128 1 1 500229 0
5129 5129 1 1 500326 0
5130 5130 1 1 500423 0
5131 5131 1 1 500520 0
5132 5132 1 1 500617 0
5133 5133 1 1 500714 0
5134 5134 1 1 500811 0
5135 5135 1 1 500908 0
5136 5136 1 1 501005 0
5137 5137 1 1 501102 0
5138 5138 1 1 501199 0
5139 5139 1 1 501296 0
5140 5140 1 1 501393 0
5141 5141 1 1 501490 0
5142 5142 1 1 501587 0
5143 5143 1 1 501684 0
5144 5144 1 1 501781 0
5145 5145 1 1 501878 0
5146 5146 1 1 501975 0
5147 5147 1 1 502072 0
5148 5148 1 1 502169 0
5149 5149 1 1 502266 0
5150 5150 1 1 502363 0
5151 5151 1 1 502460 0
5152 5152 1 1 502557 0
5153 5153 1 1 502654 0
5154 5154 1 1 502751 0
5155 5155 1 1 502848 0
5156 5156 1 1 502945 0
5157 5157 1 1 503042 0
5158 5158 1 1 503139 0
5159 5159 1 1 503236 0
5160 5160 1 1 503333 0
5161 5161 1 1 503430 0
5162 5162 1 1 503527 0
5163 5163 1 1 503624 0
5164 5164 1 1 503721 0
5165 5165 1 1 503818 0
5166 5166 1 1 503915 0
5167 5167 1 1 504012 0
5168 5168 1 1 504109 0
5169 5169 1 1 504206 0
5170 5170 1 1 504303 0
5171 5171 1 1 504400 0
5172 5172 1 1 504497 0
5173 5173 1 1 504594 0
5174 5174 1 1 504691 0
5175 5175 1 1 504788 0
5176 5176 1 1 504885 0
5177 5177 1 1 504982 0
5178 5178 1 1 505079 0
5179 5179 1 1 505176 0
5180 5180 1 1 505273 0
5181 5181 1 1 505370 0
5182 5182 1 1 505467 0
5183 5183 1 1 505564 0
5184 5184 1 1 505661 0
5185 5185 1 1 505758 0
5186 5186 1 1 505855 0
5187 5187 1 1 505952 0
5188 5188 1 1 506049 0
5189 5189 1 1 506146 0
5190 5190 1 1 506243 0
5191 5191 1 1 506340 0
5192 5192 1 1 506437 0
5193 5193 1 1 506534 0
5194 5194 1 1 506631 0
5195 5195 1 1 506728 0
5196 5196 1 1 506825 0
5197 5197 1 1 506922 0
5198 5198 1 1 507019 0
5199 5199 1 1 507116 0
5200 5200 1 1 507213 0
5201 5201 1 1 507310 0
5202 5202 1 1 507407 0
5203 5203 1 1 507504 0
5204 5204 1 1 507601 0
5205 5205 1 1 507698 0
5206 5206 1 1 507795 0
5207 5207 1 1 507892 0
5208 5208 1 1 507989 0
5209 5209 1 1 508086 0
5210 5210 1 1 508183 0
5211 5211 1 1 508280 0
5212 5212 1 1 508377 0
5213 5213 1 1 508474 0
5214 5214 1 1 508571 0
5215 5215 1 1 508668 0
5216 5216 1 1 508765 0
5217 5217 1 1 508862 0
5218 5218 1 1 508959 0
5219 5219 1 1 509056 0
5220 5220 1 1 509153 0
5221 5221 1 1 509250 0
5222 5222 1 1 509347 0
5223 5223 1 1 509444 0
5224 5224 1 1 509541 0
5225 5225 1 1 509638 0
5226 5226 1 1 509735 0
5227 5227 1 1 509832 0
5228 5228 1 1 509929 0
5229 5229 1 1 510026 0
5230 5230 1 1 510123 0
5231 5231 1 1 510220 0
5232 5232 1 1 510317 0
5233 5233 1 1 510414 0
5234 5234 1 1 510511 0
5235 5235 1 1 510608 0
5236 5236 1 1 510705 0
5237 5237 1 1 510802 0
5238 5238 1 1 510899 0
5239 5239 1 1 510996 0
5240 5240 1 1 511093 0
5241 5241 1 1 511190 0
5242 5242 1 1 511287 0
5243 5243 1 1 511384 0
5244 5244 1 1 511481 0
5245 5245 1 1 511578 0
5246 5246 1 1 511675 0
5247 5247 1 1 511772 0
5248 5248 1 1 511869 0
5249 5249 1 1 511966 0
5250 5250 1 1 512063 0
5251 5251 1 1 512160 0
5252 5252 1 1 512257 0
5253 5253 1 1 512354 0
5254 5254 1 1 512451 0
5255 5255 1 1 512548 0
5256 5256 1 1 512645 0
5257 5257 1 1 512742 0
5258 5258 1 1 512839 0
5259 5259 1 1 512936 0
5260 5260 1 1 513033 0
5261 5261 1 1 513130 0
5262 5262 1 1 513227 0
5263 5263 1 1 513324 0
5264 5264 1 1 513421 0
5265 5265 1 1 513518 0
5266 5266 1 1 513615 0
5267 5267 1 1 513712 0
5268 5268 1 1 513809 0
5269 5269 1 1 513906 0
5270 5270 1 1 514003 0
5271 5271 1 1 514100 0
5272 5272 1 1 514197 0
5273 5273 1 1 514294 0
5274 5274 1 1 514391 0
5275 5275 1 1 514488 0
5276 5276 1 1 514585 0
5277 5277 1 1 514682 0
5278 5278 1 1 514779 0
5279 5279 1 1 514876 0
5280 5280 1 1 514973 0
5281 5281 1 1 515070 0
5282 5282 1 1 515167 0
5283 5283 1 1 515264 0
5284 5284 1 1 515361 0
5285 5285 1 1 515458 0
5286 5286 1 1 515555 0
5287 5287 1 1 515652 0
5288 5288 1 1 515749 0
5289 5289 1 1 515846 0
5290 5290 1 1 515943 0
5291 5291 1 1 516040 0
5292 5292 1 1 516137 0
5293 5293 1 1 516234 0
5294 5294 1 1 516331 0
5295 5295 1 1 516428 0
5296 5296 1 1 516525 0
5297 5297 1 1 516622 0
5298 5298 1 1 516719 0
5299 5299 1 1 516816 0
5300 5300 1 1 516913 0
5301 5301 1 1 517010 0
5302 5302 1 1 517107 0
5303 5303 1 1 517204 0
5304 5304 1 1 517301 0
5305 5305 1 1 517398 0
5306 5306 1 1 517495 0
5307 5307 1 1 517592 0
5308 5308 1 1 517689 0
5309 5309 1 1 517786 0
5310 5310 1 1 517883 0
5311 5311 1 1 517980 0
5312 5312 1 1 518077 0
5313 5313 1 1 518174 0
5314 5314 1 1 518271 0
5315 5315 1 1 518368 0
5316 5316 1 1 518465 0
5317 5317 1 1 518562 0
5318 5318 1 1 518659 0
5319 5319 1 1 518756 0
5320 5320 1 1 518853 0
5321 5321 1 1 518950 0
5322 5322 1 1 519047 0
5323 5323 1 1 519144 0
5324 5324 1 1 519241 0
5325 5325 1 1 519338 0
5326 5326 1 1 519435 0
5327 5327 1 1 519532 0
5328 5328 1 1 519629 0
5329 5329 1 1 519726 0
5330 5330 1 1 519823 0
5331 5331 1 1 519920 0
5332 5332 1 1 520017 0
5333 5333 1 1 520114 0
5334 5334 1 1 520211 0
5335 5335 1 1 520308 0
5336 5336 1 1 520405 0
5337 5337 1 1 520502 0
5338 5338 1 1 520599 0
5339 5339 1 1 520696 0
5340 5340 1 1 520793 0
5341 5341 1 1 520890 0
5342 5342 1 1 520987 0
5343 5343 1 1 521084 0
5344 5344 1 1 521181 0
5345 5345 1 1 521278 0
5346 5346 1 1 521375 0
5347 5347 1 1 521472 0
5348 5348 1 1 521569 0
5349 5349 1 1 521666 0
5350 5350 1 1 521763 0
5351 5351 1 1 521860 0
5352 5352 1 1 521957 0
5353 5353 1 1 522054 0
5354 5354 1 1 522151 0
5355 5355 1 1 522248 0
5356 5356 1 1 522345 0
5357 5357 1 1 522442 0
5358 5358 1 1 522539 0
5359 5359 1 1 522636 0
5360 5360 1 1 522733 0
5361 5361 1 1 522830 0
5362 5362 1 1 522927 0
5363 5363 1 1 523024 0
5364 5364 1 1 523121 0
5365 5365 1 1 523218 0
5366 5366 1 1 523315 0
5367 5367 1 1 523412 0
5368 5368 1 1 523509 0
5369 5369 1 1 523606 0
5370 5370 1 1 523703 0
5371 5371 1 1 523800 0
5372 5372 1 1 523897 0
5373 5373 1 1 523994 0
5374 5374 1 1 524091 0
5375 5375 1 1 524188 0
5376 5376 1 1 524285 0
5377 5377 1 1 524382 0
5378 5378 1 1 524479 0
5379 5379 1 1 524576 0
5380 5380 1 1 524673 0
5381 5381 1 1 524770 0
5382 5382 1 1 524867 0
5383 5383 1 1 524964 0
5384 5384 1 1 525061 0
5385 5385 1 1 525158 0
5386 5386 1 1 525255 0
5387 5387 1 1 525352 0
5388 5388 1 1 525449 0
5389 5389 1 1 525546 0
5390 5390 1 1 525643 0
5391 5391 1 1 525740 0
5392 5392 1 1 525837 0
5393 5393 1 1 525934 0
5394 5394 1 1 526031 0
5395 5395 1 1 526128 0
5396 5396 1 1 526225 0
5397 5397 1 1 526322 0
5398 5398 1 1 526419 0
5399 5399 1 1 526516 0
5400 5400 1 1 526613 0
5401 5401 1 1 526710 0
5402 5402 1 1 526807 0
5403 5403 1 1 526904 0
5404 5404 1 1 527001 0
5405 5405 1 1 527098 0
5406 5406 1 1 527195 0
5407 5407 1 1 527292 0
5408 5408 1 1 527389 0
5409 5409 1 1 527486 0
5410 5410 1 1 527583 0
5411 5411 1 1 527680 0
5412 5412 1 1 527777 0
5413 5413 1 1 527874 0
5414 5414 1 1 527971 0
5415 5415 1 1 528068 0
5416 5416 1 1 528165 0
5417 5417 1 1 528262 0
5418 5418 1 1 528359 0
5419 5419 1 1 528456 0
5420 5420 1 1 528553 0
5421 5421 1 1 528650 0
5422 5422 1 1 528747 0
5423 5423 1 1 528844 0
5424 5424 1 1 528941 0
5425 5425 1 1 529038 0
5426 5426 1 1 529135 0
5427 5427 1 1 529232 0
5428 5428 1 1 529329 0
5429 5429 1 1 529426 0
5430 5430 1 1 529523 0
5431 5431 1 1 529620 0
5432 5432 1 1 529717 0
5433 5433 1 1 529814 0
5434 5434 1 1 529911 0
5435 5435 1 1 530008 0
5436 5436 1 1 530105 0
5437 5437 1 1 530202 0
5438 5438 1 1 530299 0
5439 5439 1 1 530396 0
5440 5440 1 1 530493 0
5441 5441 1 1 530590 0
5442 5442 1 1 530687 0
5443 5443 1 1 530784 0
5444 5444 1 1 530881 0
5445 5445 1 1 530978 0
5446 5446 1 1 531075 0
5447 5447 1 1 531172 0
5448 5448 1 1 531269 0
5449 5449 1 1 531366 0
5450 5450 1 1 531463 0
5451 5451 1 1 531560 0
5452 5452 1 1 531657 0
5453 5453 1 1 531754 0
5454 5454 1 1 531851 0
5455 5455 1 1 531948 0
5456 5456 1 1 532045 0
5457 5457 1 1 532142 0
5458 5458 1 1 532239 0
5459 5459 1 1 532336 0
5460 5460 1 1 532433 0
5461 5461 1 1 532530 0
5462 5462 1 1 532627 0
5463 5463 1 1 532724 0
5464 5464 1 1 532821 0
5465 5465 1 1 532918 0
5466 5466 1 1 533015 0
5467 5467 1 1 533112 0
5468 5468 1 1 533209 0
5469 5469 1 1 533306 0
5470 5470 1 1 533403 0
5471 5471 1 1 533500 0
5472 5472 1 1 533597 0
5473 5473 1 1 533694 0
5474 5474 1 1 533791 0
5475 5475 1 1 533888 0
5476 5476 1 1 533985 0
5477 5477 1 1 534082 0
5478 5478 1 1 534179 0
5479 5479 1 1 534276 0
5480 5480 1 1 534373 0
5481 5481 1 1 534470 0
5482 5482 1 1 534567 0
5483 5483 1 1 534664 0
5484 5484 1 1 534761 0
5485 5485 1 1 534858 0
5486 5486 1 1 534955 0
5487 5487 1 1 535052 0
5488 5488 1 1 535149 0
5489 5489 1 1 535246 0
5490 5490 1 1 535343 0
5491 5491 1 1 535440 0
5492 5492 1 1 535537 0
5493 5493 1 1 535634 0
5494 5494 1 1 535731 0
5495 5495 1 1 535828 0
5496 5496 1 1 535925 0
5497 5497 1 1 536022 0
5498 5498 1 1 536119 0
5499 5499 1 1 536216 0
5500 5500 1 1 536313 0
5501 5501 1 1 536410 0
5502 5502 1 1 536507 0
5503 5503 1 1 536604 0
5504 5504 1 1 536701 0
5505 5505 1 1 536798 0
5506 5506 1 1 536895 0
5507 5507 1 1 536992 0
5508 5508 1 1 537089 0
5509 5509 1 1 537186 0
5510 5510 1 1 537283 0
5511 5511 1 1 537380 0
5512 5512 1 1 537477 0
5513 5513 1 1 537574 0
5514 5514 1 1 537671 0
5515 5515 1 1 537768 0
5516 5516 1 1 537865 0
5517 5517 1 1 537962 0
5518 5518 1 1 538059 0
5519 5519 1 1 538156 0
5520 5520 1 1 538253 0
5521 5521 1 1 538350 0
5522 5522 1 1 538447 0
5523 5523 1 1 538544 0
5524 5524 1 1 538641 0
5525 5525 1 1 538738 0
5526 5526 1 1 538835 0
5527 5527 1 1 538932 0
5528 5528 1 1 539029 0
5529 5529 1 1 539126 0
5530 5530 1 1 539223 0
5531 5531 1 1 539320 0
5532 5532 1 1 539417 0
5533 5533 1 1 539514 0
5534 5534 1 1 539611 0
5535 5535 1 1 539708 0
5536 5536 1 1 539805 0
5537 5537 1 1 539902 0
5538 5538 1 1 539999 0
5539 5539 1 1 540096 0
5540 5540 1 1 540193 0
5541 5541 1 1 540290 0
5542 5542 1 1 540387 0
5543 5543 1 1 540484 0
5544 5544 1 1 540581 0
5545 5545 1 1 540678 0
5546 5546 1 1 540775 0
5547 5547 1 1 540872 0
5548 5548 1 1 540969 0
5549 5549 1 1 541066 0
5550 5550 1 1 541163 0
5551 5551 1 1 541260 0
5552 5552 1 1 541357 0
5553 5553 1 1 541454 0
5554 5554 1 1 541551 0
5555 5555 1 1 541648 0
5556 5556 1 1 541745 0
5557 5557 1 1 541842 0
5558 5558 1 1 541939 0
5559 5559 1 1 542036 0
5560 5560 1 1 542133 0
5561 5561 1 1 542230 0
5562 5562 1 1 542327 0
5563 5563 1 1 542424 0
5564 5564 1 1 542521 0
5565 5565 1 1 542618 0
5566 5566 1 1 542715 0
5567 5567 1 1 542812 0
5568 5568 1 1 542909 0
5569 5569 1 1 543006 0
5570 5570 1 1 543103 0
5571 5571 1 1 543200 0
5572 5572 1 1 543297 0
5573 5573 1 1 543394 0
5574 5574 1 1 543491 0
5575 5575 1 1 543588 0
5576 5576 1 1 543685 0
5577 5577 1 1 543782 0
5578 5578 1 1 543879 0
5579 5579 1 1 543976 0
5580 5580 1 1 544073 0
5581 5581 1 1 544170 0
5582 5582 1 1 544267 0
5583 5583 1 1 544364 0
5584 5584 1 1 544461 0
5585 5585 1 1 544558 0
5586 5586 1 1 544655 0
5587 5587 1 1 544752 0
5588 5588 1 1 544849 0
5589 5589 1 1 544946 0
5590 5590 1 1 545043 0
5591 5591 1 1 545140 0
5592 5592 1 1 545237 0
5593 5593 1 1 545334 0
5594 5594 1 1 545431 0
5595 5595 1 1 545528 0
5596 5596 1 1 545625 0
5597 5597 1 1 545722 0
5598 5598 1 1 545819 0
5599 5599 1 1 545916 0
5600 5600 1 1 546013 0
5601 5601 1 1 546110 0
5602 5602 1 1 546207 0
5603 5603 1 1 546304 0
5604 5604 1 1 546401 0
5605 5605 1 1 546498 0
5606 5606 1 1 546595 0
5607 5607 1 1 546692 0
5608 5608 1 1 546789 0
5609 5609 1 1 546886 0
5610 5610 1 1 546983 0
5611 5611 1 1 547080 0
5612 5612 1 1 547177 0
5613 5613 1 1 547274 0
5614 5614 1 1 547371 0
5615 5615 1 1 547468 0
5616 5616 1 1 547565 0
5617 5617 1 1 547662 0
5618 5618 1 1 547759 0
5619 5619 1 1 547856 0
5620 5620 1 1 547953 0
5621 5621 1 1 548050 0
5622 5622 1 1 548147 0
5623 5623 1 1 548244 0
5624 5624 1 1 548341 0
5625 5625 1 1 548438 0
5626 5626 1 1 548535 0
5627 5627 1 1 548632 0
5628 5628 1 1 548729 0
5629 5629 1 1 548826 0
5630 5630 1 1 548923 0
5631 5631 1 1 549020 0
5632 5632 1 1 549117 0
5633 5633 1 1 549214 0
5634 5634 1 1 549311 0
5635 5635 1 1 549408 0
5636 5636 1 1 549505 0
5637 5637 1 1 549602 0
5638 5638 1 1 549699 0
5639 5639 1 1 549796 0
5640 5640 1 1 549893 0
5641 5641 1 1 549990 0
5642 5642 1 1 550087 0
5643 5643 1 1 550184 0
5644 5644 1 1 550281 0
5645 5645 1 1 550378 0
5646 5646 1 1 550475 0
5647 5647 1 1 550572 0
5648 5648 1 1 550669 0
5649 5649 1 1 550766 0
5650 5650 1 1 550863 0
5651 5651 1 1 550960 0
5652 5652 1 1 551057 0
5653 5653 1 1 551154 0
5654 5654 1 1 551251 0
5655 5655 1 1 551348 0
5656 5656 1 1 551445 0
5657 5657 1 1 551542 0
5658 5658 1 1 551639 0
5659 5659 1 1 551736 0
5660 5660 1 1 551833 0
5661 5661 1 1 551930 0
5662 5662 1 1 552027 0
5663 5663 1 1 552124 0
5664 5664 1 1 552221 0
5665 5665 1 1 552318 0
5666 5666 1 1 552415 0
5667 5667 1 1 552512 0
5668 5668 1 1 552609 0
5669 5669 1 1 552706 0
5670 5670 1 1 552803 0
5671 5671 1 1 552900 0
5672 5672 1 1 552997 0
5673 5673 1 1 553094 0
5674 5674 1 1 553191 0
5675 5675 1 1 553288 0
5676 5676 1 1 553385 0
5677 5677 1 1 553482 0
5678 5678 1 1 553579 0
5679 5679 1 1 553676 0
5680 5680 1 1 553773 0
5681 5681 1 1 553870 0
5682 5682 1 1 553967 0
5683 5683 1 1 554064 0
5684 5684 1 1 554161 0
5685 5685 1 1 554258 0
5686 5686 1 1 554355 0
5687 5687 1 1 554452 0
5688 5688 1 1 554549 0
5689 5689 1 1 554646 0
5690 5690 1 1 554743 0
5691 5691 1 1 554840 0
5692 5692 1 1 554937 0
5693 5693 1 1 555034 0
5694 5694 1 1 555131 0
5695 5695 1 1 555228 0
5696 5696 1 1 555325 0
5697 5697 1 1 555422 0
5698 5698 1 1 555519 0
5699 5699 1 1 555616 0
5700 5700 1 1 555713 0
5701 5701 1 1 555810 0
5702 5702 1 1 555907 0
5703 5703 1 1 556004 0
5704 5704 1 1 556101 0
5705 5705 1 1 556198 0
5706 5706 1 1 556295 0
5707 5707 1 1 556392 0
5708 5708 1 1 556489 0
5709 5709 1 1 556586 0
5710 5710 1 1 556683 0
5711 5711 1 1 556780 0
5712 5712 1 1 556877 0
5713 5713 1 1 556974 0
5714 5714 1 1 557071 0
5715 5715 1 1 557168 0
5716 5716 1 1 557265 0
5717 5717 1 1 557362 0
5718 5718 1 1 557459 0
5719 5719 1 1 557556 0
5720 5720 1 1 557653 0
5721 5721 1 1 557750 0
5722 5722 1 1 557847 0
5723 5723 1 1 557944 0
5724 5724 1 1 558041 0
5725 5725 1 1 558138 0
5726 5726 1 1 558235 0
5727 5727 1 1 558332 0
5728 5728 1 1 558429 0
5729 5729 1 1 558526 0
5730 5730 1 1 558623 0
5731 5731 1 1 558720 0
5732 5732 1 1 558817 0
5733 5733 1 1 558914 0
5734 5734 1 1 559011 0
5735 5735 1 1 559108 0
5736 5736 1 1 559205 0
5737 5737 1 1 559302 0
5738 5738 1 1 559399 0
5739 5739 1 1 559496 0
5740 5740 1 1 559593 0
5741 5741 1 1 559690 0
5742 5742 1 1 559787 0
5743 5743 1 1 559884 0
5744 5744 1 1 559981 0
5745 5745 1 1 560078 0
5746 5746 1 1 560175 0
5747 5747 1 1 560272 0
5748 5748 1 1 560369 0
5749 5749 1 1 560466 0
5750 5750 1 1 560563 0
5751 5751 1 1 560660 0
5752 5752 1 1 560757 0
5753 5753 1 1 560854 0
5754 5754 1 1 560951 0
5755 5755 1 1 561048 0
5756 5756 1 1 561145 0
5757 5757 1 1 561242 0
5758 5758 1 1 561339 0
5759 5759 1 1 561436 0
5760 5760 1 1 561533 0
5761 5761 1 1 561630 0
5762 5762 1 1 561727 0
5763 5763 1 1 561824 0
5764 5764 1 1 561921 0
5765 5765 1 1 562018 0
5766 5766 1 1 562115 0
5767 5767 1 1 562212 0
5768 5768 1 1 562309 0
5769 5769 1 1 562406 0
5770 5770 1 1 562503 0
5771 5771 1 1 562600 0
5772 5772 1 1 562697 0
5773 5773 1 1 562794 0
5774 5774 1 1 562891 0
5775 5775 1 1 562988 0
5776 5776 1 1 563085 0
5777 5777 1 1 563182 0
5778 5778 1 1 563279 0
5779 5779 1 1 563376 0
5780 5780 1 1 563473 0
5781 5781 1 1 563570 0
5782 5782 1 1 563667 0
5783 5783 1 1 563764 0
5784 5784 1 1 563861 0
5785 5785 1 1 563958 0
5786 5786 1 1 564055 0
5787 5787 1 1 564152 0
5788 5788 1 1 564249 0
5789 5789 1 1 564346 0
5790 5790 1 1 564443 0
5791 5791 1 1 564540 0
5792 5792 1 1 564637 0
5793 5793 1 1 564734 0
5794 5794 1 1 564831 0
5795 5795 1 1 564928 0
5796 5796 1 1 565025 0
5797 5797 1 1 565122 0
5798 5798 1 1 565219 0
5799 5799 1 1 565316 0
5800 5800 1 1 565413 0
5801 5801 1 1 565510 0
5802 5802 1 1 565607 0
5803 5803 1 1 565704 0
5804 5804 1 1 565801 0
5805 5805 1 1 565898 0
5806 5806 1 1 565995 0
5807 5807 1 1 566092 0
5808 5808 1 1 566189 0
5809 5809 1 1 566286 0
5810 5810 1 1 566383 0
5811 5811 1 1 566480 0
5812 5812 1 1 566577 0
5813 5813 1 1 566674 0
5814 5814 1 1 566771 0
5815 5815 1 1 566868 0
5816 5816 1 1 566965 0
5817 5817 1 1 567062 0
5818 5818 1 1 567159 0
5819 5819 1 1 567256 0
5820 5820 1 1 567353 0
5821 5821 1 1 567450 0
5822 5822 1 1 567547 0
5823 5823 1 1 567644 0
5824 5824 1 1 567741 0
5825 5825 1 1 567838 0
5826 5826 1 1 567935 0
5827 5827 1 1 568032 0
5828 5828 1 1 568129 0
5829 5829 1 1 568226 0
5830 5830 1 1 568323 0
5831 5831 1 1 568420 0
5832 5832 1 1 568517 0
5833 5833 1 1 568614 0
5834 5834 1 1 568711 0
5835 5835 1 1 568808 0
5836 5836 1 1 568905 0
5837 5837 1 1 569002 0
5838 5838 1 1 569099 0
5839 5839 1 1 569196 0
5840 5840 1 1 569293 0
5841 5841 1 1 569390 0
5842 5842 1 1 569487 0
5843 5843 1 1 569584 0
5844 5844 1 1 569681 0
5845 5845 1 1 569778 0
5846 5846 1 1 569875 0
5847 5847 1 1 569972 0
5848 5848 1 1 570069 0
5849 5849 1 1 570166 0
5850 5850 1 1 570263 0
5851 5851 1 1 570360 0
5852 5852 1 1 570457 0
5853 5853 1 1 570554 0
5854 5854 1 1 570651 0
5855 5855 1 1 570748 0
5856 5856 1 1 570845 0
5857 5857 1 1 570942 0
5858 5858 1 1 571039 0
5859 5859 1 1 571136 0
5860 5860 1 1 571233 0
5861 5861 1 1 571330 0
5862 5862 1 1 571427 0
5863 5863 1 1 571524 0
5864 5864 1 1 571621 0
5865 5865 1 1 571718 0
5866 5866 1 1 571815 0
5867 5867 1 1 571912 0
5868 5868 1 1 572009 0
5869 5869 1 1 572106 0
5870 5870 1 1 572203 0
5871 5871 1 1 572300 0
5872 5872 1 1 572397 0
5873 5873 1 1 572494 0
5874 5874 1 1 572591 0
5875 5875 1 1 572688 0
5876 5876 1 1 572785 0
5877 5877 1 1 572882 0
5878 5878 1 1 572979 0
5879 5879 1 1 573076 0
5880 5880 1 1 573173 0
5881 5881 1 1 573270 0
5882 5882 1 1 573367 0
5883 5883 1 1 573464 0
5884 5884 1 1 573561 0
5885 5885 1 1 573658 0
5886 5886 1 1 573755 0
5887 5887 1 1 573852 0
5888 5888 1 1 573949 0
5889 5889 1 1 574046 0
5890 5890 1 1 574143 0
5891 5891 1 1 574240 0
5892 5892 1 1 574337 0
5893 5893 1 1 574434 0
5894 5894 1 1 574531 0
5895 5895 1 1 574628 0
5896 5896 1 1 574725 0
5897 5897 1 1 574822 0
5898 5898 1 1 574919 0
5899 5899 1 1 575016 0
5900 5900 1 1 575113 0
5901 5901 1 1 575210 0
5902 5902 1 1 575307 0
5903 5903 1 1 575404 0
5904 5904 1 1 575501 0
5905 5905 1 1 575598 0
5906 5906 1 1 575695 0
5907 5907 1 1 575792 0
5908 5908 1 1 575889 0
5909 5909 1 1 575986 0
5910 5910 1 1 576083 0
5911 5911 1 1 576180 0
5912 5912 1 1 576277 0
5913 5913 1 1 576374 0
5914 5914 1 1 576471 0
5915 5915 1 1 576568 0
5916 5916 1 1 576665 0
5917 5917 1 1 576762 0
5918 5918 1 1 576859 0
5919 5919 1 1 576956 0
5920 5920 1 1 577053 0
5921 5921 1 1 577150 0
5922 5922 1 1 577247 0
5923 5923 1 1 577344 0
5924 5924 1 1 577441 0
5925 5925 1 1 577538 0
5926 5926 1 1 577635 0
5927 5927 1 1 577732 0
5928 5928 1 1 577829 0
5929 5929 1 1 577926 0
5930 5930 1 1 578023 0
5931 5931 1 1 578120 0
5932 5932 1 1 578217 0
5933 5933 1 1 578314 0
5934 5934 1 1 578411 0
5935 5935 1 1 578508 0
5936 5936 1 1 578605 0
5937 5937 1 1 578702 0
5938 5938 1 1 578799 0
5939 5939 1 1 578896 0
5940 5940 1 1 578993 0
5941 5941 1 1 579090 0
5942 5942 1 1 579187 0
5943 5943 1 1 579284 0
5944 5944 1 1 579381 0
5945 5945 1 1 579478 0
5946 5946 1 1 579575 0
5947 5947 1 1 579672 0
5948 5948 1 1 579769 0
5949 5949 1 1 579866 0
5950 5950 1 1 579963 0
5951 5951 1 1 580060 0
5952 5952 1 1 580157 0
5953 5953 1 1 580254 0
5954 5954 1 1 580351 0
5955 5955 1 1 580448 0
5956 5956 1 1 580545 0
5957 5957 1 1 580642 0
5958 5958 1 1 580739 0
5959 5959 1 1 580836 0
5960 5960 1 1 580933 0
5961 5961 1 1 581030 0
5962 5962 1 1 581127 0
5963 5963 1 1 581224 0
5964 5964 1 1 581321 0
5965 5965 1 1 581418 0
5966 5966 1 1 581515 0
5967 5967 1 1 581612 0
5968 5968 1 1 581709 0
5969 5969 1 1 581806 0
5970 5970 1 1 581903 0
5971 5971 1 1 582000 0
5972 5972 1 1 582097 0
5973 5973 1 1 582194 0
5974 5974 1 1 582291 0
5975 5975 1 1 582388 0
5976 5976 1 1 582485 0
5977 5977 1 1 582582 0
5978 5978 1 1 582679 0
5979 5979 1 1 582776 0
5980 5980 1 1 582873 0
5981 5981 1 1 582970 0
5982 5982 1 1 583067 0
5983 5983 1 1 583164 0
5984 5984 1 1 583261 0
5985 5985 1 1 583358 0
5986 5986 1 1 583455 0
5987 5987 1 1 583552 0
5988 5988 1 1 583649 0
5989 5989 1 1 583746 0
5990 5990 1 1 583843 0
5991 5991 1 1 583940 0
5992 5992 1 1 584037 0
5993 5993 1 1 584134 0
5994 5994 1 1 584231 0
5995 5995 1 1 584328 0
5996 5996 1 1 584425 0
5997 5997 1 1 584522 0
5998 5998 1 1 584619 0
5999 5999 1 1 584716 0
6000 6000 1 1 584813 0
6001 6001 1 1 584910 0
6002 6002 1 1 585007 0
6003 6003 1 1 585104 0
6004 6004 1 1 585201 0
6005 6005 1 1 585298 0
6006 6006 1 1 585395 0
6007 6007 1 1 585492 0
6008 6008 1 1 585589 0
6009 6009 1 1 585686 0
6010 6010 1 1 585783 0
6011 6011 1 1 585880 0
6012 6012 1 1 585977 0
6013 6013 1 1 586074 0
6014 6014 1 1 586171 0
6015 6015 1 1 586268 0
6016 6016 1 1 586365 0
6017 6017 1 1 586462 0
6018 6018 1 1 586559 0
6019 6019 1 1 586656 0
6020 6020 1 1 586753 0
6021 6021 1 1 586850 0
6022 6022 1 1 586947 0
6023 6023 1 1 587044 0
6024 6024 1 1 587141 0
6025 6025 1 1 587238 0
6026 6026 1 1 587335 0
6027 6027 1 1 587432 0
6028 6028 1 1 587529 0
6029 6029 1 1 587626 0
6030 6030 1 1 587723 0
6031 6031 1 1 587820 0
6032 6032 1 1 587917 0
6033 6033 1 1 588014 0
6034 6034 1 1 588111 0
6035 6035 1 1 588208 0
6036 6036 1 1 588305 0
6037 6037 1 1 588402 0
6038 6038 1 1 588499 0
6039 6039 1 1 588596 0
6040 6040 1 1 588693 0
6041 6041 1 1 588790 0
6042 6042 1 1 588887 0
6043 6043 1 1 588984 0
6044 6044 1 1 589081 0
6045 6045 1 1 589178 0
6046 6046 1 1 589275 0
6047 6047 1 1 589372 0
6048 6048 1 1 589469 0
6049 6049 1 1 589566 0
6050 6050 1 1 589663 0
6051 6051 1 1 589760 0
6052 6052 1 1 589857 0
6053 6053 1 1 589954 0
6054 6054 1 1 590051 0
6055 6055 1 1 590148 0
6056 6056 1 1 590245 0
6057 6057 1 1 590342 0
6058 6058 1 1 590439 0
6059 6059 1 1 590536 0
6060 6060 1 1 590633 0
6061 6061 1 1 590730 0
6062 6062 1 1 590827 0
6063 6063 1 1 590924 0
6064 6064 1 1 591021 0
6065 6065 1 1 591118 0
6066 6066 1 1 591215 0
6067 6067 1 1 591312 0
6068 6068 1 1 591409 0
6069 6069 1 1 591506 0
6070 6070 1 1 591603 0
6071 6071 1 1 591700 0
6072 6072 1 1 591797 0
6073 6073 1 1 591894 0
6074 6074 1 1 591991 0
6075 6075 1 1 592088 0
6076 6076 1 1 592185 0
6077 6077 1 1 592282 0
6078 6078 1 1 592379 0
6079 6079 1 1 592476 0
6080 6080 1 1 592573 0
6081 6081 1 1 592670 0
6082 6082 1 1 592767 0
6083 6083 1 1 592864 0
6084 6084 1 1 592961 0
6085 6085 1 1 593058 0
6086 6086 1 1 593155 0
6087 6087 1 1 593252 0
6088 6088 1 1 593349 0
6089 6089 1 1 593446 0
6090 6090 1 1 593543 0
6091 6091 1 1 593640 0
6092 6092 1 1 593737 0
6093 6093 1 1 593834 0
6094 6094 1 1 593931 0
6095 6095 1 1 594028 0
6096 6096 1 1 594125 0
6097 6097 1 1 594222 0
6098 6098 1 1 594319 0
6099 6099 1 1 594416 0
6100 6100 1 1 594513 0
6101 6101 1 1 594610 0
6102 6102 1 1 594707 0
6103 6103 1 1 594804 0
6104 6104 1 1 594901 0
6105 6105 1 1 594998 0
6106 6106 1 1 595095 0
6107 6107 1 1 595192 0
6108 6108 1 1 595289 0
6109 6109 1 1 595386 0
6110 6110 1 1 595483 0
6111 6111 1 1 595580 0
6112 6112 1 1 595677 0
6113 6113 1 1 595774 0
6114 6114 1 1 595871 0
6115 6115 1 1 595968 0
6116 6116 1 1 596065 0
6117 6117 1 1 596162 0
6118 6118 1 1 596259 0
6119 6119 1 1 596356 0
6120 6120 1 1 596453 0
6121 6121 1 1 596550 0
6122 6122 1 1 596647 0
6123 6123 1 1 596744 0
6124 6124 1 1 596841 0
6125 6125 1 1 596938 0
6126 6126 1 1 597035 0
6127 6127 1 1 597132 0
6128 6128 1 1 597229 0
6129 6129 1 1 597326 0
6130 6130 1 1 597423 0
6131 6131 1 1 597520 0
6132 6132 1 1 597617 0
6133 6133 1 1 597714 0
6134 6134 1 1 597811 0
6135 6135 1 1 597908 0
6136 6136 1 1 598005 0
6137 6137 1 1 598102 0
6138 6138 1 1 598199 0
6139 6139 1 1 598296 0
6140 6140 1 1 598393 0
6141 6141 1 1 598490 0
6142 6142 1 1 598587 0
6143 6143 1 1 598684 0
6144 6144 1 1 598781 0
6145 6145 1 1 598878 0
6146 6146 1 1 598975 0
6147 6147 1 1 599072 0
6148 6148 1 1 599169 0
6149 6149 1 1 599266 0
6150 6150 1 1 599363 0
6151 6151 1 1 599460 0
6152 6152 1 1 599557 0
6153 6153 1 1 599654 0
6154 6154 1 1 599751 0
6155 6155 1 1 599848 0
6156 6156 1 1 599945 0
6157 6157 1 1 600042 0
6158 6158 1 1 600139 0
6159 6159 1 1 600236 0
6160 6160 1 1 600333 0
6161 6161 1 1 600430 0
6162 6162 1 1 600527 0
6163 6163 1 1 600624 0
6164 6164 1 1 600721 0
6165 6165 1 1 600818 0
6166 6166 1 1 600915 0
6167 6167 1 1 601012 0
6168 6168 1 1 601109 0
6169 6169 1 1 601206 0
6170 6170 1 1 601303 0
6171 6171 1 1 601400 0
6172 6172 1 1 601497 0
6173 6173 1 1 601594 0
6174 6174 1 1 601691 0
6175 6175 1 1 601788 0
6176 6176 1 1 601885 0
6177 6177 1 1 601982 0
6178 6178 1 1 602079 0
6179 6179 1 1 602176 0
6180 6180 1 1 602273 0
6181 6181 1 1 602370 0
6182 6182 1 1 602467 0
6183 6183 1 1 602564 0
6184 6184 1 1 602661 0
6185 6185 1 1 602758 0
6186 6186 1 1 602855 0
6187 6187 1 1 602952 0
6188 6188 1 1 603049 0
6189 6189 1 1 603146 0
6190 6190 1 1 603243 0
6191 6191 1 1 603340 0
6192 6192 1 1 603437 0
6193 6193 1 1 603534 0
6194 6194 1 1 603631 0
6195 6195 1 1 603728 0
6196 6196 1 1 603825 0
6197 6197 1 1 603922 0
6198 6198 1 1 604019 0
6199 6199 1 1 604116 0
6200 6200 1 1 604213 0
6201 6201 1 1 604310 0
6202 6202 1 1 604407 0
6203 6203 1 1 604504 0
6204 6204 1 1 604601 0
6205 6205 1 1 604698 0
6206 6206 1 1 604795 0
6207 6207 1 1 604892 0
6208 6208 1 1 604989 0
6209 6209 1 1 605086 0
6210 6210 1 1 605183 0
6211 6211 1 1 605280 0
6212 6212 1 1 605377 0
6213 6213 1 1 605474 0
6214 6214 1 1 605571 0
6215 6215 1 1 605668 0
6216 6216 1 1 605765 0
6217 6217 1 1 605862 0
6218 6218 1 1 605959 0
6219 6219 1 1 606056 0
6220 6220 1 1 606153 0
6221 6221 1 1 606250 0
6222 6222 1 1 606347 0
6223 6223 1 1 606444 0
6224 6224 1 1 606541 0
6225 6225 1 1 606638 0
6226 6226 1 1 606735 0
6227 6227 1 1 606832 0
6228 6228 1 1 606929 0
6229 6229 1 1 607026 0
6230 6230 1 1 607123 0
6231 6231 1 1 607220 0
6232 6232 1 1 607317 0
6233 6233 1 1 607414 0
6234 6234 1 1 607511 0
6235 6235 1 1 607608 0
6236 6236 1 1 607705 0
6237 6237 1 1 607802 0
6238 6238 1 1 607899 0
6239 6239 1 1 607996 0
6240 6240 1 1 608093 0
6241 6241 1 1 608190 0
6242 6242 1 1 608287 0
6243 6243 1 1 608384 0
6244 6244 1 1 608481 0
6245 6245 1 1 608578 0
6246 6246 1 1 608675 0
6247 6247 1 1 608772 0
6248 6248 1 1 608869 0
6249 6249 1 1 608966 0
6250 6250 1 1 609063 0
6251 6251 1 1 609160 0
6252 6252 1 1 609257 0
6253 6253 1 1 609354 0
6254 6254 1 1 609451 0
6255 6255 1 1 609548 0
6256 6256 1 1 609645 0
6257 6257 1 1 609742 0
6258 6258 1 1 609839 0
6259 6259 1 1 609936 0
6260 6260 1 1 610033 0
6261 6261 1 1 610130 0
6262 6262 1 1 610227 0
6263 6263 1 1 610324 0
6264 6264 1 1 610421 0
6265 6265 1 1 610518 0
6266 6266 1 1 610615 0
6267 6267 1 1 610712 0
6268 6268 1 1 610809 0
6269 6269 1 1 610906 0
6270 6270 1 1 611003 0
6271 6271 1 1 611100 0
6272 6272 1 1 611197 0
6273 6273 1 1 611294 0
6274 6274 1 1 611391 0
6275 6275 1 1 611488 0
6276 6276 1 1 611585 0
6277 6277 1 1 611682 0
6278 6278 1 1 611779 0
6279 6279 1 1 611876 0
6280 6280 1 1 611973 0
6281 6281 1 1 612070 0
6282 6282 1 1 612167 0
6283 6283 1 1 612264 0
6284 6284 1 1 612361 0
6285 6285 1 1 612458 0
6286 6286 1 1 612555 0
6287 6287 1 1 612652 0
6288 6288 1 1 612749 0
6289 6289 1 1 612846 0
6290 6290 1 1 612943 0
6291 6291 1 1 613040 0
6292 6292 1 1 613137 0
6293 6293 1 1 613234 0
6294 6294 1 1 613331 0
6295 6295 1 1 613428 0
6296 6296 1 1 613525 0
6297 6297 1 1 613622 0
6298 6298 1 1 613719 0
6299 6299 1 1 613816 0
6300 6300 1 1 613913 0
6301 6301 1 1 614010 0
6302 6302 1 1 614107 0
6303 6303 1 1 614204 0
6304 6304 1 1 614301 0
6305 6305 1 1 614398 0
6306 6306 1 1 614495 0
6307 6307 1 1 614592 0
6308 6308 1 1 614689 0
6309 6309 1 1 614786 0
6310 6310 1 1 614883 0
6311 6311 1 1 614980 0
6312 6312 1 1 615077 0
6313 6313 1 1 615174 0
6314 6314 1 1 615271 0
6315 6315 1 1 615368 0
6316 6316 1 1 615465 0
6317 6317 1 1 615562 0
6318 6318 1 1 615659 0
6319 6319 1 1 615756 0
6320 6320 1 1 615853 0
6321 6321 1 1 615950 0
6322 6322 1 1 616047 0
6323 6323 1 1 616144 0
6324 6324 1 1 616241 0
6325 6325 1 1 616338 0
6326 6326 1 1 616435 0
6327 6327 1 1 616532 0
6328 6328 1 1 616629 0
6329 6329 1 1 616726 0
6330 6330 1 1 616823 0
6331 6331 1 1 616920 0
6332 6332 1 1 617017 0
6333 6333 1 1 617114 0
6334 6334 1 1 617211 0
6335 6335 1 1 617308 0
6336 6336 1 1 617405 0
6337 6337 1 1 617502 0
6338 6338 1 1 617599 0
6339 6339 1 1 617696 0
6340 6340 1 1 617793 0
6341 6341 1 1 617890 0
6342 6342 1 1 617987 0
6343 6343 1 1 618084 0
6344 6344 1 1 618181 0
6345 6345 1 1 618278 0
6346 6346 1 1 618375 0
6347 6347 1 1 618472 0
6348 6348 1 1 618569 0
6349 6349 1 1 618666 0
6350 6350 1 1 618763 0
6351 6351 1 1 618860 0
6352 6352 1 1 618957 0
6353 6353 1 1 619054 0
6354 6354 1 1 619151 0
6355 6355 1 1 619248 0
6356 6356 1 1 619345 0
6357 6357 1 1 619442 0
6358 6358 1 1 619539 0
6359 6359 1 1 619636 0
6360 6360 1 1 619733 0
6361 6361 1 1 619830 0
6362 6362 1 1 619927 0
6363 6363 1 1 620024 0
6364 6364 1 1 620121 0
6365 6365 1 1 620218 0
6366 6366 1 1 620315 0
6367 6367 1 1 620412 0
6368 6368 1 1 620509 0
6369 6369 1 1 620606 0
6370 6370 1 1 620703 0
6371 6371 1 1 620800 0
6372 6372 1 1 620897 0
6373 6373 1 1 620994 0
6374 6374 1 1 621091 0
6375 6375 1 1 621188 0
6376 6376 1 1 621285 0
6377 6377 1 1 621382 0
6378 6378 1 1 621479 0
6379 6379 1 1 621576 0
6380 6380 1 1 621673 0
6381 6381 1 1 621770 0
6382 6382 1 1 621867 0
6383 6383 1 1 621964 0
6384 6384 1 1 622061 0
6385 6385 1 1 622158 0
6386 6386 1 1 622255 0
6387 6387 1 1 622352 0
6388 6388 1 1 622449 0
6389 6389 1 1 622546 0
6390 6390 1 1 622643 0
6391 6391 1 1 622740 0
6392 6392 1 1 622837 0
6393 6393 1 1 622934 0
6394 6394 1 1 623031 0
6395 6395 1 1 623128 0
6396 6396 1 1 623225 0
6397 6397 1 1 623322 0
6398 6398 1 1 623419 0
6399 6399 1 1 623516 0
6400 6400 1 1 623613 0
6401 6401 1 1 623710 0
6402 6402 1 1 623807 0
6403 6403 1 1 623904 0
6404 6404 1 1 624001 0
6405 6405 1 1 624098 0
6406 6406 1 1 624195 0
6407 6407 1 1 624292 0
6408 6408 1 1 624389 0
6409 6409 1 1 624486 0
6410 6410 1 1 624583 0
6411 6411 1 1 624680 0
6412 6412 1 1 624777 0
6413 6413 1 1 624874 0
6414 6414 1 1 624971 0
6415 6415 1 1 625068 0
6416 6416 1 1 625165 0
6417 6417 1 1 625262 0
6418 6418 1 1 625359 0
6419 6419 1 1 625456 0
6420 6420 1 1 625553 0
6421 6421 1 1 625650 0
6422 6422 1 1 625747 0
6423 6423 1 1 625844 0
6424 6424 1 1 625941 0
6425 6425 1 1 626038 0
6426 6426 1 1 626135 0
6427 6427 1 1 626232 0
6428 6428 1 1 626329 0
6429 6429 1 1 626426 0
6430 6430 1 1 626523 0
6431 6431 1 1 626620 0
6432 6432 1 1 626717 0
6433 6433 1 1 626814 0
6434 6434 1 1 626911 0
6435 6435 1 1 627008 0
6436 6436 1 1 627105 0
6437 6437 1 1 627202 0
6438 6438 1 1 627299 0
6439 6439 1 1 627396 0
6440 6440 1 1 627493 0
6441 6441 1 1 627590 0
6442 6442 1 1 627687 0
6443 6443 1 1 627784 0
6444 6444 1 1 627881 0
6445 6445 1 1 627978 0
6446 6446 1 1 628075 0
6447 6447 1 1 628172 0
6448 6448 1 1 628269 0
6449 6449 1 1 628366 0
6450 6450 1 1 628463 0
6451 6451 1 1 628560 0
6452 6452 1 1 628657 0
6453 6453 1 1 628754 0
6454 6454 1 1 628851 0
6455 6455 1 1 628948 0
6456 6456 1 1 629045 0
6457 6457 1 1 629142 0
6458 6458 1 1 629239 0
6459 6459 1 1 629336 0
6460 6460 1 1 629433 0
6461 6461 1 1 629530 0
6462 6462 1 1 629627 0
6463 6463 1 1 629724 0
6464 6464 1 1 629821 0
6465 6465 1 1 629918 0
6466 6466 1 1 630015 0
6467 6467 1 1 630112 0
6468 6468 1 1 630209 0
6469 6469 1 1 630306 0
6470 6470 1 1 630403 0
6471 6471 1 1 630500 0
6472 6472 1 1 630597 0
6473 6473 1 1 630694 0
6474 6474 1 1 630791 0
6475 6475 1 1 630888 0
6476 6476 1 1 630985 0
6477 6477 1 1 631082 0
6478 6478 1 1 631179 0
6479 6479 1 1 631276 0
6480 6480 1 1 631373 0
6481 6481 1 1 631470 0
6482 6482 1 1 631567 0
6483 6483 1 1 631664 0
6484 6484 1 1 631761 0
6485 6485 1 1 631858 0
6486 6486 1 1 631955 0
6487 6487 1 1 632052 0
6488 6488 1 1 632149 0
6489 6489 1 1 632246 0
6490 6490 1 1 632343 0
6491 6491 1 1 632440 0
6492 6492 1 1 632537 0
6493 6493 1 1 632634 0
6494 6494 1 1 632731 0
6495 6495 1 1 632828 0
6496 6496 1 1 632925 0
6497 6497 1 1 633022 0
6498 6498 1 1 633119 0
6499 6499 1 1 633216 0
6500 6500 1 1 633313 0
6501 6501 1 1 633410 0
6502 6502 1 1 633507 0
6503 6503 1 1 633604 0
6504 6504 1 1 633701 0
6505 6505 1 1 633798 0
6506 6506 1 1 633895 0
6507 6507 1 1 633992 0
6508 6508 1 1 634089 0
6509 6509 1 1 634186 0
6510 6510 1 1 634283 0
6511 6511 1 1 634380 0
6512 6512 1 1 634477 0
6513 6513 1 1 634574 0
6514 6514 1 1 634671 0
6515 6515 1 1 634768 0
6516 6516 1 1 634865 0
6517 6517 1 1 634962 0
6518 6518 1 1 635059 0
6519 6519 1 1 635156 0
6520 6520 1 1 635253 0
6521 6521 1 1 635350 0
6522 6522 1 1 635447 0
6523 6523 1 1 635544 0
6524 6524 1 1 635641 0
6525 6525 1 1 635738 0
6526 6526 1 1 635835 0
6527 6527 1 1 635932 0
6528 6528 1 1 636029 0
6529 6529 1 1 636126 0
6530 6530 1 1 636223 0
6531 6531 1 1 636320 0
6532 6532 1 1 636417 0
6533 6533 1 1 636514 0
6534 6534 1 1 636611 0
6535 6535 1 1 636708 0
6536 6536 1 1 636805 0
6537 6537 1 1 636902 0
6538 6538 1 1 636999 0
6539 6539 1 1 637096 0
6540 6540 1 1 637193 0
6541 6541 1 1 637290 0
6542 6542 1 1 637387 0
6543 6543 1 1 637484 0
6544 6544 1 1 637581 0
6545 6545 1 1 637678 0
6546 6546 1 1 637775 0
6547 6547 1 1 637872 0
6548 6548 1 1 637969 0
6549 6549 1 1 638066 0
6550 6550 1 1 638163 0
6551 6551 1 1 638260 0
6552 6552 1 1 638357 0
6553 6553 1 1 638454 0
6554 6554 1 1 638551 0
6555 6555 1 1 638648 0
6556 6556 1 1 638745 0
6557 6557 1 1 638842 0
6558 6558 1 1 638939 0
6559 6559 1 1 639036 0
6560 6560 1 1 639133 0
6561 6561 1 1 639230 0
6562 6562 1 1 639327 0
6563 6563 1 1 639424 0
6564 6564 1 1 639521 0
6565 6565 1 1 639618 0
6566 6566 1 1 639715 0
6567 6567 1 1 639812 0
6568 6568 1 1 639909 0
6569 6569 1 1 640006 0
6570 6570 1 1 640103 0
6571 6571 1 1 640200 0
6572 6572 1 1 640297 0
6573 6573 1 1 640394 0
6574 6574 1 1 640491 0
6575 6575 1 1 640588 0
6576 6576 1 1 640685 0
6577 6577 1 1 640782 0
6578 6578 1 1 640879 0
6579 6579 1 1 640976 0
6580 6580 1 1 641073 0
6581 6581 1 1 641170 0
6582 6582 1 1 641267 0
6583 6583 1 1 641364 0
6584 6584 1 1 641461 0
6585 6585 1 1 641558 0
6586 6586 1 1 641655 0
6587 6587 1 1 641752 0
6588 6588 1 1 641849 0
6589 6589 1 1 641946 0
6590 6590 1 1 642043 0
6591 6591 1 1 642140 0
6592 6592 1 1 642237 0
6593 6593 1 1 642334 0
6594 6594 1 1 642431 0
6595 6595 1 1 642528 0
6596 6596 1 1 642625 0
6597 6597 1 1 642722 0
6598 6598 1 1 642819 0
6599 6599 1 1 642916 0
6600 6600 1 1 643013 0
6601 6601 1 1 643110 0
6602 6602 1 1 643207 0
6603 6603 1 1 643304 0
6604 6604 1 1 643401 0
6605 6605 1 1 643498 0
6606 6606 1 1 643595 0
6607 6607 1 1 643692 0
6608 6608 1 1 643789 0
6609 6609 1 1 643886 0
6610 6610 1 1 643983 0
6611 6611 1 1 644080 0
6612 6612 1 1 644177 0
6613 6613 1 1 644274 0
6614 6614 1 1 644371 0
6615 6615 1 1 644468 0
6616 6616 1 1 644565 0
6617 6617 1 1 644662 0
6618 6618 1 1 644759 0
6619 6619 1 1 644856 0
6620 6620 1 1 644953 0
6621 6621 1 1 645050 0
6622 6622 1 1 645147 0
6623 6623 1 1 645244 0
6624 6624 1 1 645341 0
6625 6625 1 1 645438 0
6626 6626 1 1 645535 0
6627 6627 1 1 645632 0
6628 6628 1 1 645729 0
6629 6629 1 1 645826 0
6630 6630 1 1 645923 0
6631 6631 1 1 646020 0
6632 6632 1 1 646117 0
6633 6633 1 1 646214 0
6634 6634 1 1 646311 0
6635 6635 1 1 646408 0
6636 6636 1 1 646505 0
6637 6637 1 1 646602 0
6638 6638 1 1 646699 0
6639 6639 1 1 646796 0
6640 6640 1 1 646893 0
6641 6641 1 1 646990 0
6642 6642 1 1 647087 0
6643 6643 1 1 647184 0
6644 6644 1 1 647281 0
6645 6645 1 1 647378 0
6646 6646 1 1 647475 0
6647 6647 1 1 647572 0
6648 6648 1 1 647669 0
6649 6649 1 1 647766 0
6650 6650 1 1 647863 0
6651 6651 1 1 647960 0
6652 6652 1 1 648057 0
6653 6653 1 1 648154 0
6654 6654 1 1 648251 0
6655 6655 1 1 648348 0
6656 6656 1 1 648445 0
6657 6657 1 1 648542 0
6658 6658 1 1 648639 0
6659 6659 1 1 648736 0
6660 6660 1 1 648833 0
6661 6661 1 1 648930 0
6662 6662 1 1 649027 0
6663 6663 1 1 649124 0
6664 6664 1 1 649221 0
6665 6665 1 1 649318 0
6666 6666 1 1 649415 0
6667 6667 1 1 649512 0
6668 6668 1 1 649609 0
6669 6669 1 1 649706 0
6670 6670 1 1 649803 0
6671 6671 1 1 649900 0
6672 6672 1 1 649997 0
6673 6673 1 1 650094 0
6674 6674 1 1 650191 0
6675 6675 1 1 650288 0
6676 6676 1 1 650385 0
6677 6677 1 1 650482 0
6678 6678 1 1 650579 0
6679 6679 1 1 650676 0
6680 6680 1 1 650773 0
6681 6681 1 1 650870 0
6682 6682 1 1 650967 0
6683 6683 1 1 651064 0
6684 6684 1 1 651161 0
6685 6685 1 1 651258 0
6686 6686 1 1 651355 0
6687 6687 1 1 651452 0
6688 6688 1 1 651549 0
6689 6689 1 1 651646 0
6690 6690 1 1 651743 0
6691 6691 1 1 651840 0
6692 6692 1 1 651937 0
6693 6693 1 1 652034 0
6694 6694 1 1 652131 0
6695 6695 1 1 652228 0
6696 6696 1 1 652325 0
6697 6697 1 1 652422 0
6698 6698 1 1 652519 0
6699 6699 1 1 652616 0
6700 6700 1 1 652713 0
6701 6701 1 1 652810 0
6702 6702 1 1 652907 0
6703 6703 1 1 653004 0
6704 6704 1 1 653101 0
6705 6705 1 1 653198 0
6706 6706 1 1 653295 0
6707 6707 1 1 653392 0
6708 6708 1 1 653489 0
6709 6709 1 1 653586 0
6710 6710 1 1 653683 0
6711 6711 1 1 653780 0
6712 6712 1 1 653877 0
6713 6713 1 1 653974 0
6714 6714 1 1 654071 0
6715 6715 1 1 654168 0
6716 6716 1 1 654265 0
6717 6717 1 1 654362 0
6718 6718 1 1 654459 0
6719 6719 1 1 654556 0
6720 6720 1 1 654653 0
6721 6721 1 1 654750 0
6722 6722 1 1 654847 0
6723 6723 1 1 654944 0
6724 6724 1 1 655041 0
6725 6725 1 1 655138 0
6726 6726 1 1 655235 0
6727 6727 1 1 655332 0
6728 6728 1 1 655429 0
6729 6729 1 1 655526 0
6730 6730 1 1 655623 0
6731 6731 1 1 655720 0
6732 6732 1 1 655817 0
6733 6733 1 1 655914 0
6734 6734 1 1 656011 0
6735 6735 1 1 656108 0
6736 6736 1 1 656205 0
6737 6737 1 1 656302 0
6738 6738 1 1 656399 0
6739 6739 1 1 656496 0
6740 6740 1 1 656593 0
6741 6741 1 1 656690 0
6742 6742 1 1 656787 0
6743 6743 1 1 656884 0
6744 6744 1 1 656981 0
6745 6745 1 1 657078 0
6746 6746 1 1 657175 0
6747 6747 1 1 657272 0
6748 6748 1 1 657369 0
6749 6749 1 1 657466 0
6750 6750 1 1 657563 0
6751 6751 1 1 657660 0
6752 6752 1 1 657757 0
6753 6753 1 1 657854 0
6754 6754 1 1 657951 0
6755 6755 1 1 658048 0
6756 6756 1 1 658145 0
6757 6757 1 1 658242 0
6758 6758 1 1 658339 0
6759 6759 1 1 658436 0
6760 6760 1 1 658533 0
6761 6761 1 1 658630 0
6762 6762 1 1 658727 0
6763 6763 1 1 658824 0
6764 6764 1 1 658921 0
6765 6765 1 1 659018 0
6766 6766 1 1 659115 0
6767 6767 1 1 659212 0
6768 6768 1 1 659309 0
6769 6769 1 1 659406 0
6770 6770 1 1 659503 0
6771 6771 1 1 659600 0
6772 6772 1 1 659697 0
6773 6773 1 1 659794 0
6774 6774 1 1 659891 0
6775 6775 1 1 659988 0
6776 6776 1 1 660085 0
6777 6777 1 1 660182 0
6778 6778 1 1 660279 0
6779 6779 1 1 660376 0
6780 6780 1 1 660473 0
6781 6781 1 1 660570 0
6782 6782 1 1 660667 0
6783 6783 1 1 660764 0
6784 6784 1 1 660861 0
6785 6785 1 1 660958 0
6786 6786 1 1 661055 0
6787 6787 1 1 661152 0
6788 6788 1 1 661249 0
6789 6789 1 1 661346 0
6790 6790 1 1 661443 0
6791 6791 1 1 661540 0
6792 6792 1 1 661637 0
6793 6793 1 1 661734 0
6794 6794 1 1 661831 0
6795 6795 1 1 661928 0
6796 6796 1 1 662025 0
6797 6797 1 1 662122 0
6798 6798 1 1 662219 0
6799 6799 1 1 662316 0
6800 6800 1 1 662413 0
6801 6801 1 1 662510 0
6802 6802 1 1 662607 0
6803 6803 1 1 662704 0
6804 6804 1 1 662801 0
6805 6805 1 1 662898 0
6806 6806 1 1 662995 0
6807 6807 1 1 663092 0
6808 6808 1 1 663189 0
6809 6809 1 1 663286 0
6810 6810 1 1 663383 0
6811 6811 1 1 663480 0
6812 6812 1 1 663577 0
6813 6813 1 1 663674 0
6814 6814 1 1 663771 0
6815 6815 1 1 663868 0
6816 6816 1 1 663965 0
6817 6817 1 1 664062 0
6818 6818 1 1 664159 0
6819 6819 1 1 664256 0
6820 6820 1 1 664353 0
6821 6821 1 1 664450 0
6822 6822 1 1 664547 0
6823 6823 1 1 664644 0
6824 6824 1 1 664741 0
6825 6825 1 1 664838 0
6826 6826 1 1 664935 0
6827 6827 1 1 665032 0
6828 6828 1 1 665129 0
6829 6829 1 1 665226 0
6830 6830 1 1 665323 0
6831 6831 1 1 665420 0
6832 6832 1 1 665517 0
6833 6833 1 1 665614 0
6834 6834 1 1 665711 0
6835 6835 1 1 665808 0
6836 6836 1 1 665905 0
6837 6837 1 1 666002 0
6838 6838 1 1 666099 0
6839 6839 1 1 666196 0
6840 6840 1 1 666293 0
6841 6841 1 1 666390 0
6842 6842 1 1 666487 0
6843 6843 1 1 666584 0
6844 6844 1 1 666681 0
6845 6845 1 1 666778 0
6846 6846 1 1 666875 0
6847 6847 1 1 666972 0
6848 6848 1 1 667069 0
6849 6849 1 1 667166 0
6850 6850 1 1 667263 0
6851 6851 1 1 667360 0
6852 6852 1 1 667457 0
6853 6853 1 1 667554 0
6854 6854 1 1 667651 0
6855 6855 1 1 667748 0
6856 6856 1 1 667845 0
6857 6857 1 1 667942 0
6858 6858 1 1 668039 0
6859 6859 1 1 668136 0
6860 6860 1 1 668233 0
6861 6861 1 1 668330 0
6862 6862 1 1 668427 0
6863 6863 1 1 668524 0
6864 6864 1 1 668621 0
6865 6865 1 1 668718 0
6866 6866 1 1 668815 0
6867 6867 1 1 668912 0
6868 6868 1 1 669009 0
6869 6869 1 1 669106 0
6870 6870 1 1 669203 0
6871 6871 1 1 669300 0
6872 6872 1 1 669397 0
6873 6873 1 1 669494 0
6874 6874 1 1 669591 0
6875 6875 1 1 669688 0
6876 6876 1 1 669785 0
6877 6877 1 1 669882 0
6878 6878 1 1 669979 0
6879 6879 1 1 670076 0
6880 6880 1 1 670173 0
6881 6881 1 1 670270 0
6882 6882 1 1 670367 0
6883 6883 1 1 670464 0
6884 6884 1 1 670561 0
6885 6885 1 1 670658 0
6886 6886 1 1 670755 0
6887 6887 1 1 670852 0
6888 6888 1 1 670949 0
6889 6889 1 1 671046 0
6890 6890 1 1 671143 0
6891 6891 1 1 671240 0
6892 6892 1 1 671337 0
6893 6893 1 1 671434 0
6894 6894 1 1 671531 0
6895 6895 1 1 671628 0
6896 6896 1 1 671725 0
6897 6897 1 1 671822 0
6898 6898 1 1 671919 0
6899 6899 1 1 672016 0
6900 6900 1 1 672113 0
6901 6901 1 1 672210 0
6902 6902 1 1 672307 0
6903 6903 1 1 672404 0
6904 6904 1 1 672501 0
6905 6905 1 1 672598 0
6906 6906 1 1 672695 0
6907 6907 1 1 672792 0
6908 6908 1 1 672889 0
6909 6909 1 1 672986 0
6910 6910 1 1 673083 0
6911 6911 1 1 673180 0
6912 6912 1 1 673277 0
6913 6913 1 1 673374 0
6914 6914 1 1 673471 0
6915 6915 1 1 673568 0
6916 6916 1 1 673665 0
6917 6917 1 1 673762 0
6918 6918 1 1 673859 0
6919 6919 1 1 673956 0
6920 6920 1 1 674053 0
6921 6921 1 1 674150 0
6922 6922 1 1 674247 0
6923 6923 1 1 674344 0
6924 6924 1 1 674441 0
6925 6925 1 1 674538 0
6926 6926 1 1 674635 0
6927 6927 1 1 674732 0
6928 6928 1 1 674829 0
6929 6929 1 1 674926 0
6930 6930 1 1 675023 0
6931 6931 1 1 675120 0
6932 6932 1 1 675217 0
6933 6933 1 1 675314 0
6934 6934 1 1 675411 0
6935 6935 1 1 675508 0
6936 6936 1 1 675605 0
6937 6937 1 1 675702 0
6938 6938 1 1 675799 0
6939 6939 1 1 675896 0
6940 6940 1 1 675993 0
6941 6941 1 1 676090 0
6942 6942 1 1 676187 0
6943 6943 1 1 676284 0
6944 6944 1 1 676381 0
6945 6945 1 1 676478 0
6946 6946 1 1 676575 0
6947 6947 1 1 676672 0
6948 6948 1 1 676769 0
6949 6949 1 1 676866 0
6950 6950 1 1 676963 0
6951 6951 1 1 677060 0
6952 6952 1 1 677157 0
6953 6953 1 1 677254 0
6954 6954 1 1 677351 0
6955 6955 1 1 677448 0
6956 6956 1 1 677545 0
6957 6957 1 1 677642 0
6958 6958 1 1 677739 0
6959 6959 1 1 677836 0
6960 6960 1 1 677933 0
6961 6961 1 1 678030 0
6962 6962 1 1 678127 0
6963 6963 1 1 678224 0
6964 6964 1 1 678321 0
6965 6965 1 1 678418 0
6966 6966 1 1 678515 0
6967 6967 1 1 678612 0
6968 6968 1 1 678709 0
6969 6969 1 1 678806 0
6970 6970 1 1 678903 0
6971 6971 1 1 679000 0
6972 6972 1 1 679097 0
6973 6973 1 1 679194 0
6974 6974 1 1 679291 0
6975 6975 1 1 679388 0
6976 6976 1 1 679485 0
6977 6977 1 1 679582 0
6978 6978 1 1 679679 0
6979 6979 1 1 679776 0
6980 6980 1 1 679873 0
6981 6981 1 1 679970 0
6982 6982 1 1 680067 0
6983 6983 1 1 680164 0
6984 6984 1 1 680261 0
6985 6985 1 1 680358 0
6986 6986 1 1 680455 0
6987 6987 1 1 680552 0
6988 6988 1 1 680649 0
6989 6989 1 1 680746 0
6990 6990 1 1 680843 0
6991 6991 1 1 680940 0
6992 6992 1 1 681037 0
6993 6993 1 1 681134 0
6994 6994 1 1 681231 0
6995 6995 1 1 681328 0
6996 6996 1 1 681425 0
6997 6997 1 1 681522 0
6998 6998 1 1 681619 0
6999 6999 1 1 681716 0
7000 7000 1 1 681813 0
7001 7001 1 1 681910 0
7002 7002 1 1 682007 0
7003 7003 1 1 682104 0
7004 7004 1 1 682201 0
7005 7005 1 1 682298 0
7006 7006 1 1 682395 0
7007 7007 1 1 682492 0
7008 7008 1 1 682589 0
7009 7009 1 1 682686 0
7010 7010 1 1 682783 0
7011 7011 1 1 682880 0
7012 7012 1 1 682977 0
7013 7013 1 1 683074 0
7014 7014 1 1 683171 0
7015 7015 1 1 683268 0
7016 7016 1 1 683365 0
7017 7017 1 1 683462 0
7018 7018 1 1 683559 0
7019 7019 1 1 683656 0
7020 7020 1 1 683753 0
7021 7021 1 1 683850 0
7022 7022 1 1 683947 0
7023 7023 1 1 684044 0
7024 7024 1 1 684141 0
7025 7025 1 1 684238 0
7026 7026 1 1 684335 0
7027 7027 1 1 684432 0
7028 7028 1 1 684529 0
7029 7029 1 1 684626 0
7030 7030 1 1 684723 0
7031 7031 1 1 684820 0
7032 7032 1 1 684917 0
7033 7033 1 1 685014 0
7034 7034 1 1 685111 0
7035 7035 1 1 685208 0
7036 7036 1 1 685305 0
7037 7037 1 1 685402 0
7038 7038 1 1 685499 0
7039 7039 1 1 685596 0
7040 7040 1 1 685693 0
7041 7041 1 1 685790 0
7042 7042 1 1 685887 0
7043 7043 1 1 685984 0
7044 7044 1 1 686081 0
7045 7045 1 1 686178 0
7046 7046 1 1 686275 0
7047 7047 1 1 686372 0
7048 7048 1 1 686469 0
7049 7049 1 1 686566 0
7050 7050 1 1 686663 0
7051 7051 1 1 686760 0
7052 7052 1 1 686857 0
7053 7053 1 1 686954 0
7054 7054 1 1 687051 0
7055 7055 1 1 687148 0
7056 7056 1 1 687245 0
7057 7057 1 1 687342 0
7058 7058 1 1 687439 0
7059 7059 1 1 687536 0
7060 7060 1 1 687633 0
7061 7061 1 1 687730 0
7062 7062 1 1 687827 0
7063 7063 1 1 687924 0
7064 7064 1 1 688021 0
7065 7065 1 1 688118 0
7066 7066 1 1 688215 0
7067 7067 1 1 688312 0
7068 7068 1 1 688409 0
7069 7069 1 1 688506 0
7070 7070 1 1 688603 0
7071 7071 1 1 688700 0
7072 7072 1 1 688797 0
7073 7073 1 1 688894 0
7074 7074 1 1 688991 0
7075 7075 1 1 689088 0
7076 7076 1 1 689185 0
7077 7077 1 1 689282 0
7078 7078 1 1 689379 0
7079 7079 1 1 689476 0
7080 7080 1 1 689573 0
7081 7081 1 1 689670 0
7082 7082 1 1 689767 0
7083 7083 1 1 689864 0
7084 7084 1 1 689961 0
7085 7085 1 1 690058 0
7086 7086 1 1 690155 0
7087 7087 1 1 690252 0
7088 7088 1 1 690349 0
7089 7089 1 1 690446 0
7090 7090 1 1 690543 0
7091 7091 1 1 690640 0
7092 7092 1 1 690737 0
7093 7093 1 1 690834 0
7094 7094 1 1 690931 0
7095 7095 1 1 691028 0
7096 7096 1 1 691125 0
7097 7097 1 1 691222 0
7098 7098 1 1 691319 0
7099 7099 1 1 691416 0
7100 7100 1 1 691513 0
7101 7101 1 1 691610 0
7102 7102 1 1 691707 0
7103 7103 1 1 691804 0
7104 7104 1 1 691901 0
7105 7105 1 1 691998 0
7106 7106 1 1 692095 0
7107 7107 1 1 692192 0
7108 7108 1 1 692289 0
7109 7109 1 1 692386 0
7110 7110 1 1 692483 0
7111 7111 1 1 692580 0
7112 7112 1 1 692677 0
7113 7113 1 1 692774 0
7114 7114 1 1 692871 0
7115 7115 1 1 692968 0
7116 7116 1 1 693065 0
7117 7117 1 1 693162 0
7118 7118 1 1 693259 0
7119 7119 1 1 693356 0
7120 7120 1 1 693453 0
7121 7121 1 1 693550 0
7122 7122 1 1 693647 0
7123 7123 1 1 693744 0
7124 7124 1 1 693841 0
7125 7125 1 1 693938 0
7126 7126 1 1 694035 0
7127 7127 1 1 694132 0
7128 7128 1 1 694229 0
7129 7129 1 1 694326 0
7130 7130 1 1 694423 0
7131 7131 1 1 694520 0
7132 7132 1 1 694617 0
7133 7133 1 1 694714 0
7134 7134 1 1 694811 0
7135 7135 1 1 694908 0
7136 7136 1 1 695005 0
7137 7137 1 1 695102 0
7138 7138 1 1 695199 0
7139 7139 1 1 695296 0
7140 7140 1 1 695393 0
7141 7141 1 1 695490 0
7142 7142 1 1 695587 0
7143 7143 1 1 695684 0
7144 7144 1 1 695781 0
7145 7145 1 1 695878 0
7146 7146 1 1 695975 0
7147 7147 1 1 696072 0
7148 7148 1 1 696169 0
7149 7149 1 1 696266 0
7150 7150 1 1 696363 0
7151 7151 1 1 696460 0
7152 7152 1 1 696557 0
7153 7153 1 1 696654 0
7154 7154 1 1 696751 0
7155 7155 1 1 696848 0
7156 7156 1 1 696945 0
7157 7157 1 1 697042 0
7158 7158 1 1 697139 0
7159 7159 1 1 697236 0
7160 7160 1 1 697333 0
7161 7161 1 1 697430 0
7162 7162 1 1 697527 0
7163 7163 1 1 697624 0
7164 7164 1 1 697721 0
7165 7165 1 1 697818 0
7166 7166 1 1 697915 0
7167 7167 1 1 698012 0
7168 7168 1 1 698109 0
7169 7169 1 1 698206 0
7170 7170 1 1 698303 0
7171 7171 1 1 698400 0
7172 7172 1 1 698497 0
7173 7173 1 1 698594 0
7174 7174 1 1 698691 0
7175 7175 1 1 698788 0
7176 7176 1 1 698885 0
7177 7177 1 1 698982 0
7178 7178 1 1 699079 0
7179 7179 1 1 699176 0
7180 7180 1 1 699273 0
7181 7181 1 1 699370 0
7182 7182 1 1 699467 0
7183 7183 1 1 699564 0
7184 7184 1 1 699661 0
7185 7185 1 1 699758 0
7186 7186 1 1 699855 0
7187 7187 1 1 699952 0
7188 7188 1 1 700049 0
7189 7189 1 1 700146 0
7190 7190 1 1 700243 0
7191 7191 1 1 700340 0
7192 7192 1 1 700437 0
7193 7193 1 1 700534 0
7194 7194 1 1 700631 0
7195 7195 1 1 700728 0
7196 7196 1 1 700825 0
7197 7197 1 1 700922 0
7198 7198 1 1 701019 0
7199 7199 1 1 701116 0
7200 7200 1 1 701213 0
7201 7201 1 1 701310 0
7202 7202 1 1 701407 0
7203 7203 1 1 701504 0
7204 7204 1 1 701601 0
7205 7205 1 1 701698 0
7206 7206 1 1 701795 0
7207 7207 1 1 701892 0
7208 7208 1 1 701989 0
7209 7209 1 1 702086 0
7210 7210 1 1 702183 0
7211 7211 1 1 702280 0
7212 7212 1 1 702377 0
7213 7213 1 1 702474 0
7214 7214 1 1 702571 0
7215 7215 1 1 702668 0
7216 7216 1 1 702765 0
7217 7217 1 1 702862 0
7218 7218 1 1 702959 0
7219 7219 1 1 703056 0
7220 7220 1 1 703153 0
7221 7221 1 1 703250 0
7222 7222 1 1 703347 0
7223 7223 1 1 703444 0
7224 7224 1 1 703541 0
7225 7225 1 1 703638 0
7226 7226 1 1 703735 0
7227 7227 1 1 703832 0
7228 7228 1 1 703929 0
7229 7229 1 1 704026 0
7230 7230 1 1 704123 0
7231 7231 1 1 704220 0
7232 7232 1 1 704317 0
7233 7233 1 1 704414 0
7234 7234 1 1 704511 0
7235 7235 1 1 704608 0
7236 7236 1 1 704705 0
7237 7237 1 1 704802 0
7238 7238 1 1 704899 0
7239 7239 1 1 704996 0
7240 7240 1 1 705093 0
7241 7241 1 1 705190 0
7242 7242 1 1 705287 0
7243 7243 1 1 705384 0
7244 7244 1 1 705481 0
7245 7245 1 1 705578 0
7246 7246 1 1 705675 0
7247 7247 1 1 705772 0
7248 7248 1 1 705869 0
7249 7249 1 1 705966 0
7250 7250 1 1 706063 0
7251 7251 1 1 706160 0
7252 7252 1 1 706257 0
7253 7253 1 1 706354 0
7254 7254 1 1 706451 0
7255 7255 1 1 706548 0
7256 7256 1 1 706645 0
7257 7257 1 1 706742 0
7258 7258 1 1 706839 0
7259 7259 1 1 706936 0
7260 7260 1 1 707033 0
7261 7261 1 1 707130 0
7262 7262 1 1 707227 0
7263 7263 1 1 707324 0
7264 7264 1 1 707421 0
7265 7265 1 1 707518 0
7266 7266 1 1 707615 0
7267 7267 1 1 707712 0
7268 7268 1 1 707809 0
7269 7269 1 1 707906 0
7270 7270 1 1 708003 0
7271 7271 1 1 708100 0
7272 7272 1 1 708197 0
7273 7273 1 1 708294 0
7274 7274 1 1 708391 0
7275 7275 1 1 708488 0
7276 7276 1 1 708585 0
7277 7277 1 1 708682 0
7278 7278 1 1 708779 0
7279 7279 1 1 708876 0
7280 7280 1 1 708973 0
7281 7281 1 1 709070 0
7282 7282 1 1 709167 0
7283 7283 1 1 709264 0
7284 7284 1 1 709361 0
7285 7285 1 1 709458 0
7286 7286 1 1 709555 0
7287 7287 1 1 709652 0
7288 7288 1 1 709749 0
7289 7289 1 1 709846 0
7290 7290 1 1 709943 0
7291 7291 1 1 710040 0
7292 7292 1 1 710137 0
7293 7293 1 1 710234 0
7294 7294 1 1 710331 0
7295 7295 1 1 710428 0
7296 7296 1 1 710525 0
7297 7297 1 1 710622 0
7298 7298 1 1 710719 0
7299 7299 1 1 710816 0
7300 7300 1 1 710913 0
7301 7301 1 1 711010 0
7302 7302 1 1 711107 0
7303 7303 1 1 711204 0
7304 7304 1 1 711301 0
7305 7305 1 1 711398 0
7306 7306 1 1 711495 0
7307 7307 1 1 711592 0
7308 7308 1 1 711689 0
7309 7309 1 1 711786 0
7310 7310 1 1 711883 0
7311 7311 1 1 711980 0
7312 7312 1 1 712077 0
7313 7313 1 1 712174 0
7314 7314 1 1 712271 0
7315 7315 1 1 712368 0
7316 7316 1 1 712465 0
7317 7317 1 1 712562 0
7318 7318 1 1 712659 0
7319 7319 1 1 712756 0
7320 7320 1 1 712853 0
7321 7321 1 1 712950 0
7322 7322 1 1 713047 0
7323 7323 1 1 713144 0
7324 7324 1 1 713241 0
7325 7325 1 1 713338 0
7326 7326 1 1 713435 0
7327 7327 1 1 713532 0
7328 7328 1 1 713629 0
7329 7329 1 1 713726 0
7330 7330 1 1 713823 0
7331 7331 1 1 713920 0
7332 7332 1 1 714017 0
7333 7333 1 1 714114 0
7334 7334 1 1 714211 0
7335 7335 1 1 714308 0
7336 7336 1 1 714405 0
7337 7337 1 1 714502 0
7338 7338 1 1 714599 0
7339 7339 1 1 714696 0
7340 7340 1 1 714793 0
7341 7341 1 1 714890 0
7342 7342 1 1 714987 0
7343 7343 1 1 715084 0
7344 7344 1 1 715181 0
7345 7345 1 1 715278 0
7346 7346 1 1 715375 0
7347 7347 1 1 715472 0
7348 7348 1 1 715569 0
7349 7349 1 1 715666 0
7350 7350 1 1 715763 0
7351 7351 1 1 715860 0
7352 7352 1 1 715957 0
7353 7353 1 1 716054 0
7354 7354 1 1 716151 0
7355 7355 1 1 716248 0
7356 7356 1 1 716345 0
7357 7357 1 1 716442 0
7358 7358 1 1 716539 0
7359 7359 1 1 716636 0
7360 7360 1 1 716733 0
7361 7361 1 1 716830 0
7362 7362 1 1 716927 0
7363 7363 1 1 717024 0
7364 7364 1 1 717121 0
7365 7365 1 1 717218 0
7366 7366 1 1 717315 0
7367 7367 1 1 717412 0
7368 7368 1 1 717509 0
7369 7369 1 1 717606 0
7370 7370 1 1 717703 0
7371 7371 1 1 717800 0
7372 7372 1 1 717897 0
7373 7373 1 1 717994 0
7374 7374 1 1 718091 0
7375 7375 1 1 718188 0
7376 7376 1 1 718285 0
7377 7377 1 1 718382 0
7378 7378 1 1 718479 0
7379 7379 1 1 718576 0
7380 7380 1 1 718673 0
7381 7381 1 1 718770 0
7382 7382 1 1 718867 0
7383 7383 1 1 718964 0
7384 7384 1 1 719061 0
7385 7385 1 1 719158 0
7386 7386 1 1 719255 0
7387 7387 1 1 719352 0
7388 7388 1 1 719449 0
7389 7389 1 1 719546 0
7390 7390 1 1 719643 0
7391 7391 1 1 719740 0
7392 7392 1 1 719837 0
7393 7393 1 1 719934 0
7394 7394 1 1 720031 0
7395 7395 1 1 720128 0
7396 7396 1 1 720225 0
7397 7397 1 1 720322 0
7398 7398 1 1 720419 0
7399 7399 1 1 720516 0
7400 7400 1 1 720613 0
7401 7401 1 1 720710 0
7402 7402 1 1 720807 0
7403 7403 1 1 720904 0
7404 7404 1 1 721001 0
7405 7405 1 1 721098 0
7406 7406 1 1 721195 0
7407 7407 1 1 721292 0
7408 7408 1 1 721389 0
7409 7409 1 1 721486 0
7410 7410 1 1 721583 0
7411 7411 1 1 721680 0
7412 7412 1 1 721777 0
7413 7413 1 1 721874 0
7414 7414 1 1 721971 0
7415 7415 1 1 722068 0
7416 7416 1 1 722165 0
7417 7417 1 1 722262 0
7418 7418 1 1 722359 0
7419 7419 1 1 722456 0
7420 7420 1 1 722553 0
7421 7421 1 1 722650 0
7422 7422 1 1 722747 0
7423 7423 1 1 722844 0
7424 7424 1 1 722941 0
7425 7425 1 1 723038 0
7426 7426 1 1 723135 0
7427 7427 1 1 723232 0
7428 7428 1 1 723329 0
7429 7429 1 1 723426 0
7430 7430 1 1 723523 0
7431 7431 1 1 723620 0
7432 7432 1 1 723717 0
7433 7433 1 1 723814 0
7434 7434 1 1 723911 0
7435 7435 1 1 724008 0
7436 7436 1 1 724105 0
7437 7437 1 1 724202 0
7438 7438 1 1 724299 0
7439 7439 1 1 724396 0
7440 7440 1 1 724493 0
7441 7441 1 1 724590 0
7442 7442 1 1 724687 0
7443 7443 1 1 724784 0
7444 7444 1 1 724881 0
7445 7445 1 1 724978 0
7446 7446 1 1 725075 0
7447 7447 1 1 725172 0
7448 7448 1 1 725269 0
7449 7449 1 1 725366 0
7450 7450 1 1 725463 0
7451 7451 1 1 725560 0
7452 7452 1 1 725657 0
7453 7453 1 1 725754 0
7454 7454 1 1 725851 0
7455 7455 1 1 725948 0
7456 7456 1 1 726045 0
7457 7457 1 1 726142 0
7458 7458 1 1 726239 0
7459 7459 1 1 726336 0
7460 7460 1 1 726433 0
7461 7461 1 1 726530 0
7462 7462 1 1 726627 0
7463 7463 1 1 726724 0
7464 7464 1 1 726821 0
7465 7465 1 1 726918 0
7466 7466 1 1 727015 0
7467 7467 1 1 727112 0
7468 7468 1 1 727209 0
7469 7469 1 1 727306 0
7470 7470 1 1 727403 0
7471 7471 1 1 727500 0
7472 7472 1 1 727597 0
7473 7473 1 1 727694 0
7474 7474 1 1 727791 0
7475 7475 1 1 727888 0
7476 7476 1 1 727985 0
7477 7477 1 1 728082 0
7478 7478 1 1 728179 0
7479 7479 1 1 728276 0
7480 7480 1 1 728373 0
7481 7481 1 1 728470 0
7482 7482 1 1 728567 0
7483 7483 1 1 728664 0
7484 7484 1 1 728761 0
7485 7485 1 1 728858 0
7486 7486 1 1 728955 0
7487 7487 1 1 729052 0
7488 7488 1 1 729149 0
7489 7489 1 1 729246 0
7490 7490 1 1 729343 0
7491 7491 1 1 729440 0
7492 7492 1 1 729537 0
7493 7493 1 1 729634 0
7494 7494 1 1 729731 0
7495 7495 1 1 729828 0
7496 7496 1 1 729925 0
7497 7497 1 1 730022 0
7498 7498 1 1 730119 0
7499 7499 1 1 730216 0
7500 7500 1 1 730313 0
7501 7501 1 1 730410 0
7502 7502 1 1 730507 0
7503 7503 1 1 730604 0
7504 7504 1 1 730701 0
7505 7505 1 1 730798 0
7506 7506 1 1 730895 0
7507 7507 1 1 730992 0
7508 7508 1 1 731089 0
7509 7509 1 1 731186 0
7510 7510 1 1 731283 0
7511 7511 1 1 731380 0
7512 7512 1 1 731477 0
7513 7513 1 1 731574 0
7514 7514 1 1 731671 0
7515 7515 1 1 731768 0
7516 7516 1 1 731865 0
7517 7517 1 1 731962 0
7518 7518 1 1 732059 0
7519 7519 1 1 732156 0
7520 7520 1 1 732253 0
7521 7521 1 1 732350 0
7522 7522 1 1 732447 0
7523 7523 1 1 732544 0
7524 7524 1 1 732641 0
7525 7525 1 1 732738 0
7526 7526 1 1 732835 0
7527 7527 1 1 732932 0
7528 7528 1 1 733029 0
7529 7529 1 1 733126 0
7530 7530 1 1 733223 0
7531 7531 1 1 733320 0
7532 7532 1 1 733417 0
7533 7533 1 1 733514 0
7534 7534 1 1 733611 0
7535 7535 1 1 733708 0
7536 7536 1 1 733805 0
7537 7537 1 1 733902 0
7538 7538 1 1 733999 0
7539 7539 1 1 734096 0
7540 7540 1 1 734193 0
7541 7541 1 1 734290 0
7542 7542 1 1 734387 0
7543 7543 1 1 734484 0
7544 7544 1 1 734581 0
7545 7545 1 1 734678 0
7546 7546 1 1 734775 0
7547 7547 1 1 734872 0
7548 7548 1 1 734969 0
7549 7549 1 1 735066 0
7550 7550 1 1 735163 0
7551 7551 1 1 735260 0
7552 7552 1 1 735357 0
7553 7553 1 1 735454 0
7554 7554 1 1 735551 0
7555 7555 1 1 735648 0
7556 7556 1 1 735745 0
7557 7557 1 1 735842 0
7558 7558 1 1 735939 0
7559 7559 1 1 736036 0
7560 7560 1 1 736133 0
7561 7561 1 1 736230 0
7562 7562 1 1 736327 0
7563 7563 1 1 736424 0
7564 7564 1 1 736521 0
7565 7565 1 1 736618 0
7566 7566 1 1 736715 0
7567 7567 1 1 736812 0
7568 7568 1 1 736909 0
7569 7569 1 1 737006 0
7570 7570 1 1 737103 0
7571 7571 1 1 737200 0
7572 7572 1 1 737297 0
7573 7573 1 1 737394 0
7574 7574 1 1 737491 0
7575 7575 1 1 737588 0
7576 7576 1 1 737685 0
7577 7577 1 1 737782 0
7578 7578 1 1 737879 0
7579 7579 1 1 737976 0
7580 7580 1 1 738073 0
7581 7581 1 1 738170 0
7582 7582 1 1 738267 0
7583 7583 1 1 738364 0
7584 7584 1 1 738461 0
7585 7585 1 1 738558 0
7586 7586 1 1 738655 0
7587 7587 1 1 738752 0
7588 7588 1 1 738849 0
7589 7589 1 1 738946 0
7590 7590 1 1 739043 0
7591 7591 1 1 739140 0
7592 7592 1 1 739237 0
7593 7593 1 1 739334 0
7594 7594 1 1 739431 0
7595 7595 1 1 739528 0
7596 7596 1 1 739625 0
7597 7597 1 1 739722 0
7598 7598 1 1 739819 0
7599 7599 1 1 739916 0
7600 7600 1 1 740013 0
7601 7601 1 1 740110 0
7602 7602 1 1 740207 0
7603 7603 1 1 740304 0
7604 7604 1 1 740401 0
7605 7605 1 1 740498 0
7606 7606 1 1 740595 0
7607 7607 1 1 740692 0
7608 7608 1 1 740789 0
7609 7609 1 1 740886 0
7610 7610 1 1 740983 0
7611 7611 1 1 741080 0
7612 7612 1 1 741177 0
7613 7613 1 1 741274 0
7614 7614 1 1 741371 0
7615 7615 1 1 741468 0
7616 7616 1 1 741565 0
7617 7617 1 1 741662 0
7618 7618 1 1 741759 0
7619 7619 1 1 741856 0
7620 7620 1 1 741953 0
7621 7621 1 1 742050 0
7622 7622 1 1 742147 0
7623 7623 1 1 742244 0
7624 7624 1 1 742341 0
7625 7625 1 1 742438 0
7626 7626 1 1 742535 0
7627 7627 1 1 742632 0
7628 7628 1 1 742729 0
7629 7629 1 1 742826 0
7630 7630 1 1 742923 0
7631 7631 1 1 743020 0
7632 7632 1 1 743117 0
7633 7633 1 1 743214 0
7634 7634 1 1 743311 0
7635 7635 1 1 743408 0
7636 7636 1 1 743505 0
7637 7637 1 1 743602 0
7638 7638 1 1 743699 0
7639 7639 1 1 743796 0
7640 7640 1 1 743893 0
7641 7641 1 1 743990 0
7642 7642 1 1 744087 0
7643 7643 1 1 744184 0
7644 7644 1 1 744281 0
7645 7645 1 1 744378 0
7646 7646 1 1 744475 0
7647 7647 1 1 744572 0
7648 7648 1 1 744669 0
7649 7649 1 1 744766 0
7650 7650 1 1 744863 0
7651 7651 1 1 744960 0
7652 7652 1 1 745057 0
7653 7653 1 1 745154 0
7654 7654 1 1 745251 0
7655 7655 1 1 745348 0
7656 7656 1 1 745445 0
7657 7657 1 1 745542 0
7658 7658 1 1 745639 0
7659 7659 1 1 745736 0
7660 7660 1 1 745833 0
7661 7661 1 1 745930 0
7662 7662 1 1 746027 0
7663 7663 1 1 746124 0
7664 7664 1 1 746221 0
7665 7665 1 1 746318 0
7666 7666 1 1 746415 0
7667 7667 1 1 746512 0
7668 7668 1 1 746609 0
7669 7669 1 1 746706 0
7670 7670 1 1 746803 0
7671 7671 1 1 746900 0
7672 7672 1 1 746997 0
7673 7673 1 1 747094 0
7674 7674 1 1 747191 0
7675 7675 1 1 747288 0
7676 7676 1 1 747385 0
7677 7677 1 1 747482 0
7678 7678 1 1 747579 0
7679 7679 1 1 747676 0
7680 7680 1 1 747773 0
7681 7681 1 1 747870 0
7682 7682 1 1 747967 0
7683 7683 1 1 748064 0
7684 7684 1 1 748161 0
7685 7685 1 1 748258 0
7686 7686 1 1 748355 0
7687 7687 1 1 748452 0
7688 7688 1 1 748549 0
7689 7689 1 1 748646 0
7690 7690 1 1 748743 0
7691 7691 1 1 748840 0
7692 7692 1 1 748937 0
7693 7693 1 1 749034 0
7694 7694 1 1 749131 0
7695 7695 1 1 749228 0
7696 7696 1 1 749325 0
7697 7697 1 1 749422 0
7698 7698 1 1 749519 0
7699 7699 1 1 749616 0
7700 7700 1 1 749713 0
7701 7701 1 1 749810 0
7702 7702 1 1 749907 0
7703 7703 1 1 750004 0
7704 7704 1 1 750101 0
7705 7705 1 1 750198 0
7706 7706 1 1 750295 0
7707 7707 1 1 750392 0
7708 7708 1 1 750489 0
7709 7709 1 1 750586 0
7710 7710 1 1 750683 0
7711 7711 1 1 750780 0
7712 7712 1 1 750877 0
7713 7713 1 1 750974 0
7714 7714 1 1 751071 0
7715 7715 1 1 751168 0
7716 7716 1 1 751265 0
7717 7717 1 1 751362 0
7718 7718 1 1 751459 0
7719 7719 1 1 751556 0
7720 7720 1 1 751653 0
7721 7721 1 1 751750 0
7722 7722 1 1 751847 0
7723 7723 1 1 751944 0
7724 7724 1 1 752041 0
7725 7725 1 1 752138 0
7726 7726 1 1 752235 0
7727 7727 1 1 752332 0
7728 7728 1 1 752429 0
7729 7729 1 1 752526 0
7730 7730 1 1 752623 0
7731 7731 1 1 752720 0
7732 7732 1 1 752817 0
7733 7733 1 1 752914 0
7734 7734 1 1 753011 0
7735 7735 1 1 753108 0
7736 7736 1 1 753205 0
7737 7737 1 1 753302 0
7738 7738 1 1 753399 0
7739 7739 1 1 753496 0
7740 7740 1 1 753593 0
7741 7741 1 1 753690 0
7742 7742 1 1 753787 0
7743 7743 1 1 753884 0
7744 7744 1 1 753981 0
7745 7745 1 1 754078 0
7746 7746 1 1 754175 0
7747 7747 1 1 754272 0
7748 7748 1 1 754369 0
7749 7749 1 1 754466 0
7750 7750 1 1 754563 0
7751 7751 1 1 754660 0
7752 7752 1 1 754757 0
7753 7753 1 1 754854 0
7754 7754 1 1 754951 0
7755 7755 1 1 755048 0
7756 7756 1 1 755145 0
7757 7757 1 1 755242 0
7758 7758 1 1 755339 0
7759 7759 1 1 755436 0
7760 7760 1 1 755533 0
7761 7761 1 1 755630 0
7762 7762 1 1 755727 0
7763 7763 1 1 755824 0
7764 7764 1 1 755921 0
7765 7765 1 1 756018 0
7766 7766 1 1 756115 0
7767 7767 1 1 756212 0
7768 7768 1 1 756309 0
7769 7769 1 1 756406 0
7770 7770 1 1 756503 0
7771 7771 1 1 756600 0
7772 7772 1 1 756697 0
7773 7773 1 1 756794 0
7774 7774 1 1 756891 0
7775 7775 1 1 756988 0
7776 7776 1 1 757085 0
7777 7777 1 1 757182 0
7778 7778 1 1 757279 0
7779 7779 1 1 757376 0
7780 7780 1 1 757473 0
7781 7781 1 1 757570 0
7782 7782 1 1 757667 0
7783 7783 1 1 757764 0
7784 7784 1 1 757861 0
7785 7785 1 1 757958 0
7786 7786 1 1 758055 0
7787 7787 1 1 758152 0
7788 7788 1 1 758249 0
7789 7789 1 1 758346 0
7790 7790 1 1 758443 0
7791 7791 1 1 758540 0
7792 7792 1 1 758637 0
7793 7793 1 1 758734 0
7794 7794 1 1 758831 0
7795 7795 1 1 758928 0
7796 7796 1 1 759025 0
7797 7797 1 1 759122 0
7798 7798 1 1 759219 0
7799 7799 1 1 759316 0
7800 7800 1 1 759413 0
7801 7801 1 1 759510 0
7802 7802 1 1 759607 0
7803 7803 1 1 759704 0
7804 7804 1 1 759801 0
7805 7805 1 1 759898 0
7806 7806 1 1 759995 0
7807 7807 1 1 760092 0
7808 7808 1 1 760189 0
7809 7809 1 1 760286 0
7810 7810 1 1 760383 0
7811 7811 1 1 760480 0
7812 7812 1 1 760577 0
7813 7813 1 1 760674 0
7814 7814 1 1 760771 0
7815 7815 1 1 760868 0
7816 7816 1 1 760965 0
7817 7817 1 1 761062 0
7818 7818 1 1 761159 0
7819 7819 1 1 761256 0
7820 7820 1 1 761353 0
7821 7821 1 1 761450 0
7822 7822 1 1 761547 0
7823 7823 1 1 761644 0
7824 7824 1 1 761741 0
7825 7825 1 1 761838 0
7826 7826 1 1 761935 0
7827 7827 1 1 762032 0
7828 7828 1 1 762129 0
7829 7829 1 1 762226 0
7830 7830 1 1 762323 0
7831 7831 1 1 762420 0
7832 7832 1 1 762517 0
7833 7833 1 1 762614 0
7834 7834 1 1 762711 0
7835 7835 1 1 762808 0
7836 7836 1 1 762905 0
7837 7837 1 1 763002 0
7838 7838 1 1 763099 0
7839 7839 1 1 763196 0
7840 7840 1 1 763293 0
7841 7841 1 1 763390 0
7842 7842 1 1 763487 0
7843 7843 1 1 763584 0
7844 7844 1 1 763681 0
7845 7845 1 1 763778 0
7846 7846 1 1 763875 0
7847 7847 1 1 763972 0
7848 7848 1 1 764069 0
7849 7849 1 1 764166 0
7850 7850 1 1 764263 0
7851 7851 1 1 764360 0
7852 7852 1 1 764457 0
7853 7853 1 1 764554 0
7854 7854 1 1 764651 0
7855 7855 1 1 764748 0
7856 7856 1 1 764845 0
7857 7857 1 1 764942 0
7858 7858 1 1 765039 0
7859 7859 1 1 765136 0
7860 7860 1 1 765233 0
7861 7861 1 1 765330 0
7862 7862 1 1 765427 0
7863 7863 1 1 765524 0
7864 7864 1 1 765621 0
7865 7865 1 1 765718 0
7866 7866 1 1 765815 0
7867 7867 1 1 765912 0
7868 7868 1 1 766009 0
7869 7869 1 1 766106 0
7870 7870 1 1 766203 0
7871 7871 1 1 766300 0
7872 7872 1 1 766397 0
7873 7873 1 1 766494 0
7874 7874 1 1 766591 0
7875 7875 1 1 766688 0
7876 7876 1 1 766785 0
7877 7877 1 1 766882 0
7878 7878 1 1 766979 0
7879 7879 1 1 767076 0
7880 7880 1 1 767173 0
7881 7881 1 1 767270 0
7882 7882 1 1 767367 0
7883 7883 1 1 767464 0
7884 7884 1 1 767561 0
7885 7885 1 1 767658 0
7886 7886 1 1 767755 0
7887 7887 1 1 767852 0
7888 7888 1 1 767949 0
7889 7889 1 1 768046 0
7890 7890 1 1 768143 0
7891 7891 1 1 768240 0
7892 7892 1 1 768337 0
7893 7893 1 1 768434 0
7894 7894 1 1 768531 0
7895 7895 1 1 768628 0
7896 7896 1 1 768725 0
7897 7897 1 1 768822 0
7898 7898 1 1 768919 0
7899 7899 1 1 769016 0
7900 7900 1 1 769113 0
7901 7901 1 1 769210 0
7902 7902 1 1 769307 0
7903 7903 1 1 769404 0
7904 7904 1 1 769501 0
7905 7905 1 1 769598 0
7906 7906 1 1 769695 0
7907 7907 1 1 769792 0
7908 7908 1 1 769889 0
7909 7909 1 1 769986 0
7910 7910 1 1 770083 0
7911 7911 1 1 770180 0
7912 7912 1 1 770277 0
7913 7913 1 1 770374 0
7914 7914 1 1 770471 0
7915 7915 1 1 770568 0
7916 7916 1 1 770665 0
7917 7917 1 1 770762 0
7918 7918 1 1 770859 0
7919 7919 1 1 770956 0
7920 7920 1 1 771053 0
7921 7921 1 1 771150 0
7922 7922 1 1 771247 0
7923 7923 1 1 771344 0
7924 7924 1 1 771441 0
7925 7925 1 1 771538 0
7926 7926 1 1 771635 0
7927 7927 1 1 771732 0
7928 7928 1 1 771829 0
7929 7929 1 1 771926 0
7930 7930 1 1 772023 0
7931 7931 1 1 772120 0
7932 7932 1 1 772217 0
7933 7933 1 1 772314 0
7934 7934 1 1 772411 0
7935 7935 1 1 772508 0
7936 7936 1 1 772605 0
7937 7937 1 1 772702 0
7938 7938 1 1 772799 0
7939 7939 1 1 772896 0
7940 7940 1 1 772993 0
7941 7941 1 1 773090 0
7942 7942 1 1 773187 0
7943 7943 1 1 773284 0
7944 7944 1 1 773381 0
7945 7945 1 1 773478 0
7946 7946 1 1 773575 0
7947 7947 1 1 773672 0
7948 7948 1 1 773769 0
7949 7949 1 1 773866 0
7950 7950 1 1 773963 0
7951 7951 1 1 774060 0
7952 7952 1 1 774157 0
7953 7953 1 1 774254 0
7954 7954 1 1 774351 0
7955 7955 1 1 774448 0
7956 7956 1 1 774545 0
7957 7957 1 1 774642 0
7958 7958 1 1 774739 0
7959 7959 1 1 774836 0
7960 7960 1 1 774933 0
7961 7961 1 1 775030 0
7962 7962 1 1 775127 0
7963 7963 1 1 775224 0
7964 7964 1 1 775321 0
7965 7965 1 1 775418 0
7966 7966 1 1 775515 0
7967 7967 1 1 775612 0
7968 7968 1 1 775709 0
7969 7969 1 1 775806 0
7970 7970 1 1 775903 0
7971 7971 1 1 776000 0
7972 7972 1 1 776097 0
7973 7973 1 1 776194 0
7974 7974 1 1 776291 0
7975 7975 1 1 776388 0
7976 7976 1 1 776485 0
7977 7977 1 1 776582 0
7978 7978 1 1 776679 0
7979 7979 1 1 776776 0
7980 7980 1 1 776873 0
7981 7981 1 1 776970 0
7982 7982 1 1 777067 0
7983 7983 1 1 777164 0
7984 7984 1 1 777261 0
7985 7985 1 1 777358 0
7986 7986 1 1 777455 0
7987 7987 1 1 777552 0
7988 7988 1 1 777649 0
7989 7989 1 1 777746 0
7990 7990 1 1 777843 0
7991 7991 1 1 777940 0
7992 7992 1 1 778037 0
7993 7993 1 1 778134 0
7994 7994 1 1 778231 0
7995 7995 1 1 778328 0
7996 7996 1 1 778425 0
7997 7997 1 1 778522 0
7998 7998 1 1 778619 0
7999 7999 1 1 778716 0
8000 8000 1 1 778813 0
8001 8001 1 1 778910 0
8002 8002 1 1 779007 0
8003 8003 1 1 779104 0
8004 8004 1 1 779201 0
8005 8005 1 1 779298 0
8006 8006 1 1 779395 0
8007 8007 1 1 779492 0
8008 8008 1 1 779589 0
8009 8009 1 1 779686 0
8010 8010 1 1 779783 0
8011 8011 1 1 779880 0
8012 8012 1 1 779977 0
8013 8013 1 1 780074 0
8014 8014 1 1 780171 0
8015 8015 1 1 780268 0
8016 8016 1 1 780365 0
8017 8017 1 1 780462 0
8018 8018 1 1 780559 0
8019 8019 1 1 780656 0
8020 8020 1 1 780753 0
8021 8021 1 1 780850 0
8022 8022 1 1 780947 0
8023 8023 1 1 781044 0
8024 8024 1 1 781141 0
8025 8025 1 1 781238 0
8026 8026 1 1 781335 0
8027 8027 1 1 781432 0
8028 8028 1 1 781529 0
8029 8029 1 1 781626 0
8030 8030 1 1 781723 0
8031 8031 1 1 781820 0
8032 8032 1 1 781917 0
8033 8033 1 1 782014 0
8034 8034 1 1 782111 0
8035 8035 1 1 782208 0
8036 8036 1 1 782305 0
8037 8037 1 1 782402 0
8038 8038 1 1 782499 0
8039 8039 1 1 782596 0
8040 8040 1 1 782693 0
8041 8041 1 1 782790 0
8042 8042 1 1 782887 0
8043 8043 1 1 782984 0
8044 8044 1 1 783081 0
8045 8045 1 1 783178 0
8046 8046 1 1 783275 0
8047 8047 1 1 783372 0
8048 8048 1 1 783469 0
8049 8049 1 1 783566 0
8050 8050 1 1 783663 0
8051 8051 1 1 783760 0
8052 8052 1 1 783857 0
8053 8053 1 1 783954 0
8054 8054 1 1 784051 0
8055 8055 1 1 784148 0
8056 8056 1 1 784245 0
8057 8057 1 1 784342 0
8058 8058 1 1 784439 0
8059 8059 1 1 784536 0
8060 8060 1 1 784633 0
8061 8061 1 1 784730 0
8062 8062 1 1 784827 0
8063 8063 1 1 784924 0
8064 8064 1 1 785021 0
8065 8065 1 1 785118 0
8066 8066 1 1 785215 0
8067 8067 1 1 785312 0
8068 8068 1 1 785409 0
8069 8069 1 1 785506 0
8070 8070 1 1 785603 0
8071 8071 1 1 785700 0
8072 8072 1 1 785797 0
8073 8073 1 1 785894 0
8074 8074 1 1 785991 0
8075 8075 1 1 786088 0
8076 8076 1 1 786185 0
8077 8077 1 1 786282 0
8078 8078 1 1 786379 0
8079 8079 1 1 786476 0
8080 8080 1 1 786573 0
8081 8081 1 1 786670 0
8082 8082 1 1 786767 0
8083 8083 1 1 786864 0
8084 8084 1 1 786961 0
8085 8085 1 1 787058 0
8086 8086 1 1 787155 0
8087 8087 1 1 787252 0
8088 8088 1 1 787349 0
8089 8089 1 1 787446 0
8090 8090 1 1 787543 0
8091 8091 1 1 787640 0
8092 8092 1 1 787737 0
8093 8093 1 1 787834 0
8094 8094 1 1 787931 0
8095 8095 1 1 788028 0
8096 8096 1 1 788125 0
8097 8097 1 1 788222 0
8098 8098 1 1 788319 0
8099 8099 1 1 788416 0
8100 8100 1 1 788513 0
8101 8101 1 1 788610 0
8102 8102 1 1 788707 0
8103 8103 1 1 788804 0
8104 8104 1 1 788901 0
8105 8105 1 1 788998 0
8106 8106 1 1 789095 0
8107 8107 1 1 789192 0
8108 8108 1 1 789289 0
8109 8109 1 1 789386 0
8110 8110 1 1 789483 0
8111 8111 1 1 789580 0
8112 8112 1 1 789677 0
8113 8113 1 1 789774 0
8114 8114 1 1 789871 0
8115 8115 1 1 789968 0
8116 8116 1 1 790065 0
8117 8117 1 1 790162 0
8118 8118 1 1 790259 0
8119 8119 1 1 790356 0
8120 8120 1 1 790453 0
8121 8121 1 1 790550 0
8122 8122 1 1 790647 0
8123 8123 1 1 790744 0
8124 8124 1 1 790841 0
8125 8125 1 1 790938 0
8126 8126 1 1 791035 0
8127 8127 1 1 791132 0
8128 8128 1 1 791229 0
8129 8129 1 1 791326 0
8130 8130 1 1 791423 0
8131 8131 1 1 791520 0
8132 8132 1 1 791617 0
8133 8133 1 1 791714 0
8134 8134 1 1 791811 0
8135 8135 1 1 791908 0
8136 8136 1 1 792005 0
8137 8137 1 1 792102 0
8138 8138 1 1 792199 0
8139 8139 1 1 792296 0
8140 8140 1 1 792393 0
8141 8141 1 1 792490 0
8142 8142 1 1 792587 0
8143 8143 1 1 792684 0
8144 8144 1 1 792781 0
8145 8145 1 1 792878 0
8146 8146 1 1 792975 0
8147 8147 1 1 793072 0
8148 8148 1 1 793169 0
8149 8149 1 1 793266 0
8150 8150 1 1 793363 0
8151 8151 1 1 793460 0
8152 8152 1 1 793557 0
8153 8153 1 1 793654 0
8154 8154 1 1 793751 0
8155 8155 1 1 793848 0
8156 8156 1 1 793945 0
8157 8157 1 1 794042 0
8158 8158 1 1 794139 0
8159 8159 1 1 794236 0
8160 8160 1 1 794333 0
8161 8161 1 1 794430 0
8162 8162 1 1 794527 0
8163 8163 1 1 794624 0
8164 8164 1 1 794721 0
8165 8165 1 1 794818 0
8166 8166 1 1 794915 0
8167 8167 1 1 795012 0
8168 8168 1 1 795109 0
8169 8169 1 1 795206 0
8170 8170 1 1 795303 0
8171 8171 1 1 795400 0
8172 8172 1 1 795497 0
8173 8173 1 1 795594 0
8174 8174 1 1 795691 0
8175 8175 1 1 795788 0
8176 8176 1 1 795885 0
8177 8177 1 1 795982 0
8178 8178 1 1 796079 0
8179 8179 1 1 796176 0
8180 8180 1 1 796273 0
8181 8181 1 1 796370 0
8182 8182 1 1 796467 0
8183 8183 1 1 796564 0
8184 8184 1 1 796661 0
8185 8185 1 1 796758 0
8186 8186 1 1 796855 0
8187 8187 1 1 796952 0
8188 8188 1 1 797049 0
8189 8189 1 1 797146 0
8190 8190 1 1 797243 0
8191 8191 1 1 797340 0
8192 8192 1 1 797437 0
8193 8193 1 1 797534 0
8194 8194 1 1 797631 0
8195 8195 1 1 797728 0
8196 8196 1 1 797825 0
8197 8197 1 1 797922 0
8198 8198 1 1 798019 0
8199 8199 1 1 798116 0
8200 8200 1 1 798213 0
8201 8201 1 1 798310 0
8202 8202 1 1 798407 0
8203 8203 1 1 798504 0
8204 8204 1 1 798601 0
8205 8205 1 1 798698 0
8206 8206 1 1 798795 0
8207 8207 1 1 798892 0
8208 8208 1 1 798989 0
8209 8209 1 1 799086 0
8210 8210 1 1 799183 0
8211 8211 1 1 799280 0
8212 8212 1 1 799377 0
8213 8213 1 1 799474 0
8214 8214 1 1 799571 0
8215 8215 1 1 799668 0
8216 8216 1 1 799765 0
8217 8217 1 1 799862 0
8218 8218 1 1 799959 0
8219 8219 1 1 800056 0
8220 8220 1 1 800153 0
8221 8221 1 1 800250 0
8222 8222 1 1 800347 0
8223 8223 1 1 800444 0
8224 8224 1 1 800541 0
8225 8225 1 1 800638 0
8226 8226 1 1 800735 0
8227 8227 1 1 800832 0
8228 8228 1 1 800929 0
8229 8229 1 1 801026 0
8230 8230 1 1 801123 0
8231 8231 1 1 801220 0
8232 8232 1 1 801317 0
8233 8233 1 1 801414 0
8234 8234 1 1 801511 0
8235 8235 1 1 801608 0
8236 8236 1 1 801705 0
8237 8237 1 1 801802 0
8238 8238 1 1 801899 0
8239 8239 1 1 801996 0
8240 8240 1 1 802093 0
8241 8241 1 1 802190 0
8242 8242 1 1 802287 0
8243 8243 1 1 802384 0
8244 8244 1 1 802481 0
8245 8245 1 1 802578 0
8246 8246 1 1 802675 0
8247 8247 1 1 802772 0
8248 8248 1 1 802869 0
8249 8249 1 1 802966 0
8250 8250 1 1 803063 0
8251 8251 1 1 803160 0
8252 8252 1 1 803257 0
8253 8253 1 1 803354 0
8254 8254 1 1 803451 0
8255 8255 1 1 803548 0
8256 8256 1 1 803645 0
8257 8257 1 1 803742 0
8258 8258 1 1 803839 0
8259 8259 1 1 803936 0
8260 8260 1 1 804033 0
8261 8261 1 1 804130 0
8262 8262 1 1 804227 0
8263 8263 1 1 804324 0
8264 8264 1 1 804421 0
8265 8265 1 1 804518 0
8266 8266 1 1 804615 0
8267 8267 1 1 804712 0
8268 8268 1 1 804809 0
8269 8269 1 1 804906 0
8270 8270 1 1 805003 0
8271 8271 1 1 805100 0
8272 8272 1 1 805197 0
8273 8273 1 1 805294 0
8274 8274 1 1 805391 0
8275 8275 1 1 805488 0
8276 8276 1 1 805585 0
8277 8277 1 1 805682 0
8278 8278 1 1 805779 0
8279 8279 1 1 805876 0
8280 8280 1 1 805973 0
8281 8281 1 1 806070 0
8282 8282 1 1 806167 0
8283 8283 1 1 806264 0
8284 8284 1 1 806361 0
8285 8285 1 1 806458 0
8286 8286 1 1 806555 0
8287 8287 1 1 806652 0
8288 8288 1 1 806749 0
8289 8289 1 1 806846 0
8290 8290 1 1 806943 0
8291 8291 1 1 807040 0
8292 8292 1 1 807137 0
8293 8293 1 1 807234 0
8294 8294 1 1 807331 0
8295 8295 1 1 807428 0
8296 8296 1 1 807525 0
8297 8297 1 1 807622 0
8298 8298 1 1 807719 0
8299 8299 1 1 807816 0
8300 8300 1 1 807913 0
8301 8301 1 1 808010 0
8302 8302 1 1 808107 0
8303 8303 1 1 808204 0
8304 8304 1 1 808301 0
8305 8305 1 1 808398 0
8306 8306 1 1 808495 0
8307 8307 1 1 808592 0
8308 8308 1 1 808689 0
8309 8309 1 1 808786 0
8310 8310 1 1 808883 0
8311 8311 1 1 808980 0
8312 8312 1 1 809077 0
8313 8313 1 1 809174 0
8314 8314 1 1 809271 0
8315 8315 1 1 809368 0
8316 8316 1 1 809465 0
8317 8317 1 1 809562 0
8318 8318 1 1 809659 0
8319 8319 1 1 809756 0
8320 8320 1 1 809853 0
8321 8321 1 1 809950 0
8322 8322 1 1 810047 0
8323 8323 1 1 810144 0
8324 8324 1 1 810241 0
8325 8325 1 1 810338 0
8326 8326 1 1 810435 0
8327 8327 1 1 810532 0
8328 8328 1 1 810629 0
8329 8329 1 1 810726 0
8330 8330 1 1 810823 0
8331 8331 1 1 810920 0
8332 8332 1 1 811017 0
8333 8333 1 1 811114 0
8334 8334 1 1 811211 0
8335 8335 1 1 811308 0
8336 8336 1 1 811405 0
8337 8337 1 1 811502 0
8338 8338 1 1 811599 0
8339 8339 1 1 811696 0
8340 8340 1 1 811793 0
8341 8341 1 1 811890 0
8342 8342 1 1 811987 0
8343 8343 1 1 812084 0
8344 8344 1 1 812181 0
8345 8345 1 1 812278 0
8346 8346 1 1 812375 0
8347 8347 1 1 812472 0
8348 8348 1 1 812569 0
8349 8349 1 1 812666 0
8350 8350 1 1 812763 0
8351 8351 1 1 812860 0
8352 8352 1 1 812957 0
8353 8353 1 1 813054 0
8354 8354 1 1 813151 0
8355 8355 1 1 813248 0
8356 8356 1 1 813345 0
8357 8357 1 1 813442 0
8358 8358 1 1 813539 0
8359 8359 1 1 813636 0
8360 8360 1 1 813733 0
8361 8361 1 1 813830 0
8362 8362 1 1 813927 0
8363 8363 1 1 814024 0
8364 8364 1 1 814121 0
8365 8365 1 1 814218 0
8366 8366 1 1 814315 0
8367 8367 1 1 814412 0
8368 8368 1 1 814509 0
8369 8369 1 1 814606 0
8370 8370 1 1 814703 0
8371 8371 1 1 814800 0
8372 8372 1 1 814897 0
8373 8373 1 1 814994 0
8374 8374 1 1 815091 0
8375 8375 1 1 815188 0
8376 8376 1 1 815285 0
8377 8377 1 1 815382 0
8378 8378 1 1 815479 0
8379 8379 1 1 815576 0
8380 8380 1 1 815673 0
8381 8381 1 1 815770 0
8382 8382 1 1 815867 0
8383 8383 1 1 815964 0
8384 8384 1 1 816061 0
8385 8385 1 1 816158 0
8386 8386 1 1 816255 0
8387 8387 1 1 816352 0
8388 8388 1 1 816449 0
8389 8389 1 1 816546 0
8390 8390 1 1 816643 0
8391 8391 1 1 816740 0
8392 8392 1 1 816837 0
8393 8393 1 1 816934 0
8394 8394 1 1 817031 0
8395 8395 1 1 817128 0
8396 8396 1 1 817225 0
8397 8397 1 1 817322 0
8398 8398 1 1 817419 0
8399 8399 1 1 817516 0
8400 8400 1 1 817613 0
8401 8401 1 1 817710 0
8402 8402 1 1 817807 0
8403 8403 1 1 817904 0
8404 8404 1 1 818001 0
8405 8405 1 1 818098 0
8406 8406 1 1 818195 0
8407 8407 1 1 818292 0
8408 8408 1 1 818389 0
8409 8409 1 1 818486 0
8410 8410 1 1 818583 0
8411 8411 1 1 818680 0
8412 8412 1 1 818777 0
8413 8413 1 1 818874 0
8414 8414 1 1 818971 0
8415 8415 1 1 819068 0
8416 8416 1 1 819165 0
8417 8417 1 1 819262 0
8418 8418 1 1 819359 0
8419 8419 1 1 819456 0
8420 8420 1 1 819553 0
8421 8421 1 1 819650 0
8422 8422 1 1 819747 0
8423 8423 1 1 819844 0
8424 8424 1 1 819941 0
8425 8425 1 1 820038 0
8426 8426 1 1 820135 0
8427 8427 1 1 820232 0
8428 8428 1 1 820329 0
8429 8429 1 1 820426 0
8430 8430 1 1 820523 0
8431 8431 1 1 820620 0
8432 8432 1 1 820717 0
8433 8433 1 1 820814 0
8434 8434 1 1 820911 0
8435 8435 1 1 821008 0
8436 8436 1 1 821105 0
8437 8437 1 1 821202 0
8438 8438 1 1 821299 0
8439 8439 1 1 821396 0
8440 8440 1 1 821493 0
8441 8441 1 1 821590 0
8442 8442 1 1 821687 0
8443 8443 1 1 821784 0
8444 8444 1 1 821881 0
8445 8445 1 1 821978 0
8446 8446 1 1 822075 0
8447 8447 1 1 822172 0
8448 8448 1 1 822269 0
8449 8449 1 1 822366 0
8450 8450 1 1 822463 0
8451 8451 1 1 822560 0
8452 8452 1 1 822657 0
8453 8453 1 1 822754 0
8454 8454 1 1 822851 0
8455 8455 1 1 822948 0
8456 8456 1 1 823045 0
8457 8457 1 1 823142 0
8458 8458 1 1 823239 0
8459 8459 1 1 823336 0
8460 8460 1 1 823433 0
8461 8461 1 1 823530 0
8462 8462 1 1 823627 0
8463 8463 1 1 823724 0
8464 8464 1 1 823821 0
8465 8465 1 1 823918 0
8466 8466 1 1 824015 0
8467 8467 1 1 824112 0
8468 8468 1 1 824209 0
8469 8469 1 1 824306 0
8470 8470 1 1 824403 0
8471 8471 1 1 824500 0
8472 8472 1 1 824597 0
8473 8473 1 1 824694 0
8474 8474 1 1 824791 0
8475 8475 1 1 824888 0
8476 8476 1 1 824985 0
8477 8477 1 1 825082 0
8478 8478 1 1 825179 0
8479 8479 1 1 825276 0
8480 8480 1 1 825373 0
8481 8481 1 1 825470 0
8482 8482 1 1 825567 0
8483 8483 1 1 825664 0
8484 8484 1 1 825761 0
8485 8485 1 1 825858 0
8486 8486 1 1 825955 0
8487 8487 1 1 826052 0
8488 8488 1 1 826149 0
8489 8489 1 1 826246 0
8490 8490 1 1 826343 0
8491 8491 1 1 826440 0
8492 8492 1 1 826537 0
8493 8493 1 1 826634 0
8494 8494 1 1 826731 0
8495 8495 1 1 826828 0
8496 8496 1 1 826925 0
8497 8497 1 1 827022 0
8498 8498 1 1 827119 0
8499 8499 1 1 827216 0
8500 8500 1 1 827313 0
8501 8501 1 1 827410 0
8502 8502 1 1 827507 0
8503 8503 1 1 827604 0
8504 8504 1 1 827701 0
8505 8505 1 1 827798 0
8506 8506 1 1 827895 0
8507 8507 1 1 827992 0
8508 8508 1 1 828089 0
8509 8509 1 1 828186 0
8510 8510 1 1 828283 0
8511 8511 1 1 828380 0
8512 8512 1 1 828477 0
8513 8513 1 1 828574 0
8514 8514 1 1 828671 0
8515 8515 1 1 828768 0
8516 8516 1 1 828865 0
8517 8517 1 1 828962 0
8518 8518 1 1 829059 0
8519 8519 1 1 829156 0
8520 8520 1 1 829253 0
8521 8521 1 1 829350 0
8522 8522 1 1 829447 0
8523 8523 1 1 829544 0
8524 8524 1 1 829641 0
8525 8525 1 1 829738 0
8526 8526 1 1 829835 0
8527 8527 1 1 829932 0
8528 8528 1 1 830029 0
8529 8529 1 1 830126 0
8530 8530 1 1 830223 0
8531 8531 1 1 830320 0
8532 8532 1 1 830417 0
8533 8533 1 1 830514 0
8534 8534 1 1 830611 0
8535 8535 1 1 830708 0
8536 8536 1 1 830805 0
8537 8537 1 1 830902 0
8538 8538 1 1 830999 0
8539 8539 1 1 831096 0
8540 8540 1 1 831193 0
8541 8541 1 1 831290 0
8542 8542 1 1 831387 0
8543 8543 1 1 831484 0
8544 8544 1 1 831581 0
8545 8545 1 1 831678 0
8546 8546 1 1 831775 0
8547 8547 1 1 831872 0
8548 8548 1 1 831969 0
8549 8549 1 1 832066 0
8550 8550 1 1 832163 0
8551 8551 1 1 832260 0
8552 8552 1 1 832357 0
8553 8553 1 1 832454 0
8554 8554 1 1 832551 0
8555 8555 1 1 832648 0
8556 8556 1 1 832745 0
8557 8557 1 1 832842 0
8558 8558 1 1 832939 0
8559 8559 1 1 833036 0
8560 8560 1 1 833133 0
8561 8561 1 1 833230 0
8562 8562 1 1 833327 0
8563 8563 1 1 833424 0
8564 8564 1 1 833521 0
8565 8565 1 1 833618 0
8566 8566 1 1 833715 0
8567 8567 1 1 833812 0
8568 8568 1 1 833909 0
8569 8569 1 1 834006 0
8570 8570 1 1 834103 0
8571 8571 1 1 834200 0
8572 8572 1 1 834297 0
8573 8573 1 1 834394 0
8574 8574 1 1 834491 0
8575 8575 1 1 834588 0
8576 8576 1 1 834685 0
8577 8577 1 1 834782 0
8578 8578 1 1 834879 0
8579 8579 1 1 834976 0
8580 8580 1 1 835073 0
8581 8581 1 1 835170 0
8582 8582 1 1 835267 0
8583 8583 1 1 835364 0
8584 8584 1 1 835461 0
8585 8585 1 1 835558 0
8586 8586 1 1 835655 0
8587 8587 1 1 835752 0
8588 8588 1 1 835849 0
8589 8589 1 1 835946 0
8590 8590 1 1 836043 0
8591 8591 1 1 836140 0
8592 8592 1 1 836237 0
8593 8593 1 1 836334 0
8594 8594 1 1 836431 0
8595 8595 1 1 836528 0
8596 8596 1 1 836625 0
8597 8597 1 1 836722 0
8598 8598 1 1 836819 0
8599 8599 1 1 836916 0
8600 8600 1 1 837013 0
8601 8601 1 1 837110 0
8602 8602 1 1 837207 0
8603 8603 1 1 837304 0
8604 8604 1 1 837401 0
8605 8605 1 1 837498 0
8606 8606 1 1 837595 0
8607 8607 1 1 837692 0
8608 8608 1 1 837789 0
8609 8609 1 1 837886 0
8610 8610 1 1 837983 0
8611 8611 1 1 838080 0
8612 8612 1 1 838177 0
8613 8613 1 1 838274 0
8614 8614 1 1 838371 0
8615 8615 1 1 838468 0
8616 8616 1 1 838565 0
8617 8617 1 1 838662 0
8618 8618 1 1 838759 0
8619 8619 1 1 838856 0
8620 8620 1 1 838953 0
8621 8621 1 1 839050 0
8622 8622 1 1 839147 0
8623 8623 1 1 839244 0
8624 8624 1 1 839341 0
8625 8625 1 1 839438 0
8626 8626 1 1 839535 0
8627 8627 1 1 839632 0
8628 8628 1 1 839729 0
8629 8629 1 1 839826 0
8630 8630 1 1 839923 0
8631 8631 1 1 840020 0
8632 8632 1 1 840117 0
8633 8633 1 1 840214 0
8634 8634 1 1 840311 0
8635 8635 1 1 840408 0
8636 8636 1 1 840505 0
8637 8637 1 1 840602 0
8638 8638 1 1 840699 0
8639 8639 1 1 840796 0
8640 8640 1 1 840893 0
8641 8641 1 1 840990 0
8642 8642 1 1 841087 0
8643 8643 1 1 841184 0
8644 8644 1 1 841281 0
8645 8645 1 1 841378 0
8646 8646 1 1 841475 0
8647 8647 1 1 841572 0
8648 8648 1 1 841669 0
8649 8649 1 1 841766 0
8650 8650 1 1 841863 0
8651 8651 1 1 841960 0
8652 8652 1 1 842057 0
8653 8653 1 1 842154 0
8654 8654 1 1 842251 0
8655 8655 1 1 842348 0
8656 8656 1 1 842445 0
8657 8657 1 1 842542 0
8658 8658 1 1 842639 0
8659 8659 1 1 842736 0
8660 8660 1 1 842833 0
8661 8661 1 1 842930 0
8662 8662 1 1 843027 0
8663 8663 1 1 843124 0
8664 8664 1 1 843221 0
8665 8665 1 1 843318 0
8666 8666 1 1 843415 0
8667 8667 1 1 843512 0
8668 8668 1 1 843609 0
8669 8669 1 1 843706 0
8670 8670 1 1 843803 0
8671 8671 1 1 843900 0
8672 8672 1 1 843997 0
8673 8673 1 1 844094 0
8674 8674 1 1 844191 0
8675 8675 1 1 844288 0
8676 8676 1 1 844385 0
8677 8677 1 1 844482 0
8678 8678 1 1 844579 0
8679 8679 1 1 844676 0
8680 8680 1 1 844773 0
8681 8681 1 1 844870 0
8682 8682 1 1 844967 0
8683 8683 1 1 845064 0
8684 8684 1 1 845161 0
8685 8685 1 1 845258 0
8686 8686 1 1 845355 0
8687 8687 1 1 845452 0
8688 8688 1 1 845549 0
8689 8689 1 1 845646 0
8690 8690 1 1 845743 0
8691 8691 1 1 845840 0
8692 8692 1 1 845937 0
8693 8693 1 1 846034 0
8694 8694 1 1 846131 0
8695 8695 1 1 846228 0
8696 8696 1 1 846325 0
8697 8697 1 1 846422 0
8698 8698 1 1 846519 0
8699 8699 1 1 846616 0
8700 8700 1 1 846713 0
8701 8701 1 1 846810 0
8702 8702 1 1 846907 0
8703 8703 1 1 847004 0
8704 8704 1 1 847101 0
8705 8705 1 1 847198 0
8706 8706 1 1 847295 0
8707 8707 1 1 847392 0
8708 8708 1 1 847489 0
8709 8709 1 1 847586 0
8710 8710 1 1 847683 0
8711 8711 1 1 847780 0
8712 8712 1 1 847877 0
8713 8713 1 1 847974 0
8714 8714 1 1 848071 0
8715 8715 1 1 848168 0
8716 8716 1 1 848265 0
8717 8717 1 1 848362 0
8718 8718 1 1 848459 0
8719 8719 1 1 848556 0
8720 8720 1 1 848653 0
8721 8721 1 1 848750 0
8722 8722 1 1 848847 0
8723 8723 1 1 848944 0
8724 8724 1 1 849041 0
8725 8725 1 1 849138 0
8726 8726 1 1 849235 0
8727 8727 1 1 849332 0
8728 8728 1 1 849429 0
8729 8729 1 1 849526 0
8730 8730 1 1 849623 0
8731 8731 1 1 849720 0
8732 8732 1 1 849817 0
8733 8733 1 1 849914 0
8734 8734 1 1 850011 0
8735 8735 1 1 850108 0
8736 8736 1 1 850205 0
8737 8737 1 1 850302 0
8738 8738 1 1 850399 0
8739 8739 1 1 850496 0
8740 8740 1 1 850593 0
8741 8741 1 1 850690 0
8742 8742 1 1 850787 0
8743 8743 1 1 850884 0
8744 8744 1 1 850981 0
8745 8745 1 1 851078 0
8746 8746 1 1 851175 0
8747 8747 1 1 851272 0
8748 8748 1 1 851369 0
8749 8749 1 1 851466 0
8750 8750 1 1 851563 0
8751 8751 1 1 851660 0
8752 8752 1 1 851757 0
8753 8753 1 1 851854 0
8754 8754 1 1 851951 0
8755 8755 1 1 852048 0
8756 8756 1 1 852145 0
8757 8757 1 1 852242 0
8758 8758 1 1 852339 0
8759 8759 1 1 852436 0
8760 8760 1 1 852533 0
8761 8761 1 1 852630 0
8762 8762 1 1 852727 0
8763 8763 1 1 852824 0
8764 8764 1 1 852921 0
8765 8765 1 1 853018 0
8766 8766 1 1 853115 0
8767 8767 1 1 853212 0
8768 8768 1 1 853309 0
8769 8769 1 1 853406 0
8770 8770 1 1 853503 0
8771 8771 1 1 853600 0
8772 8772 1 1 853697 0
8773 8773 1 1 853794 0
8774 8774 1 1 853891 0
8775 8775 1 1 853988 0
8776 8776 1 1 854085 0
8777 8777 1 1 854182 0
8778 8778 1 1 854279 0
8779 8779 1 1 854376 0
8780 8780 1 1 854473 0
8781 8781 1 1 854570 0
8782 8782 1 1 854667 0
8783 8783 1 1 854764 0
8784 8784 1 1 854861 0
8785 8785 1 1 854958 0
8786 8786 1 1 855055 0
8787 8787 1 1 855152 0
8788 8788 1 1 855249 0
8789 8789 1 1 855346 0
8790 8790 1 1 855443 0
8791 8791 1 1 855540 0
8792 8792 1 1 855637 0
8793 8793 1 1 855734 0
8794 8794 1 1 855831 0
8795 8795 1 1 855928 0
8796 8796 1 1 856025 0
8797 8797 1 1 856122 0
8798 8798 1 1 856219 0
8799 8799 1 1 856316 0
8800 8800 1 1 856413 0
8801 8801 1 1 856510 0
8802 8802 1 1 856607 0
8803 8803 1 1 856704 0
8804 8804 1 1 856801 0
8805 8805 1 1 856898 0
8806 8806 1 1 856995 0
8807 8807 1 1 857092 0
8808 8808 1 1 857189 0
8809 8809 1 1 857286 0
8810 8810 1 1 857383 0
8811 8811 1 1 857480 0
8812 8812 1 1 857577 0
8813 8813 1 1 857674 0
8814 8814 1 1 857771 0
8815 8815 1 1 857868 0
8816 8816 1 1 857965 0
8817 8817 1 1 858062 0
8818 8818 1 1 858159 0
8819 8819 1 1 858256 0
8820 8820 1 1 858353 0
8821 8821 1 1 858450 0
8822 8822 1 1 858547 0
8823 8823 1 1 858644 0
8824 8824 1 1 858741 0
8825 8825 1 1 858838 0
8826 8826 1 1 858935 0
8827 8827 1 1 859032 0
8828 8828 1 1 859129 0
8829 8829 1 1 859226 0
8830 8830 1 1 859323 0
8831 8831 1 1 859420 0
8832 8832 1 1 859517 0
8833 8833 1 1 859614 0
8834 8834 1 1 859711 0
8835 8835 1 1 859808 0
8836 8836 1 1 859905 0
8837 8837 1 1 860002 0
8838 8838 1 1 860099 0
8839 8839 1 1 860196 0
8840 8840 1 1 860293 0
8841 8841 1 1 860390 0
8842 8842 1 1 860487 0
8843 8843 1 1 860584 0
8844 8844 1 1 860681 0
8845 8845 1 1 860778 0
8846 8846 1 1 860875 0
8847 8847 1 1 860972 0
8848 8848 1 1 861069 0
8849 8849 1 1 861166 0
8850 8850 1 1 861263 0
8851 8851 1 1 861360 0
8852 8852 1 1 861457 0
8853 8853 1 1 861554 0
8854 8854 1 1 861651 0
8855 8855 1 1 861748 0
8856 8856 1 1 861845 0
8857 8857 1 1 861942 0
8858 8858 1 1 862039 0
8859 8859 1 1 862136 0
8860 8860 1 1 862233 0
8861 8861 1 1 862330 0
8862 8862 1 1 862427 0
8863 8863 1 1 862524 0
8864 8864 1 1 862621 0
8865 8865 1 1 862718 0
8866 8866 1 1 862815 0
8867 8867 1 1 862912 0
8868 8868 1 1 863009 0
8869 8869 1 1 863106 0
8870 8870 1 1 863203 0
8871 8871 1 1 863300 0
8872 8872 1 1 863397 0
8873 8873 1 1 863494 0
8874 8874 1 1 863591 0
8875 8875 1 1 863688 0
8876 8876 1 1 863785 0
8877 8877 1 1 863882 0
8878 8878 1 1 863979 0
8879 8879 1 1 864076 0
8880 8880 1 1 864173 0
8881 8881 1 1 864270 0
8882 8882 1 1 864367 0
8883 8883 1 1 864464 0
8884 8884 1 1 864561 0
8885 8885 1 1 864658 0
8886 8886 1 1 864755 0
8887 8887 1 1 864852 0
8888 8888 1 1 864949 0
8889 8889 1 1 865046 0
8890 8890 1 1 865143 0
8891 8891 1 1 865240 0
8892 8892 1 1 865337 0
8893 8893 1 1 865434 0
8894 8894 1 1 865531 0
8895 8895 1 1 865628 0
8896 8896 1 1 865725 0
8897 8897 1 1 865822 0
8898 8898 1 1 865919 0
8899 8899 1 1 866016 0
8900 8900 1 1 866113 0
8901 8901 1 1 866210 0
8902 8902 1 1 866307 0
8903 8903 1 1 866404 0
8904 8904 1 1 866501 0
8905 8905 1 1 866598 0
8906 8906 1 1 866695 0
8907 8907 1 1 866792 0
8908 8908 1 1 866889 0
8909 8909 1 1 866986 0
8910 8910 1 1 867083 0
8911 8911 1 1 867180 0
8912 8912 1 1 867277 0
8913 8913 1 1 867374 0
8914 8914 1 1 867471 0
8915 8915 1 1 867568 0
8916 8916 1 1 867665 0
8917 8917 1 1 867762 0
8918 8918 1 1 867859 0
8919 8919 1 1 867956 0
8920 8920 1 1 868053 0
8921 8921 1 1 868150 0
8922 8922 1 1 868247 0
8923 8923 1 1 868344 0
8924 8924 1 1 868441 0
8925 8925 1 1 868538 0
8926 8926 1 1 868635 0
8927 8927 1 1 868732 0
8928 8928 1 1 868829 0
8929 8929 1 1 868926 0
8930 8930 1 1 869023 0
8931 8931 1 1 869120 0
8932 8932 1 1 869217 0
8933 8933 1 1 869314 0
8934 8934 1 1 869411 0
8935 8935 1 1 869508 0
8936 8936 1 1 869605 0
8937 8937 1 1 869702 0
8938 8938 1 1 869799 0
8939 8939 1 1 869896 0
8940 8940 1 1 869993 0
8941 8941 1 1 870090 0
8942 8942 1 1 870187 0
8943 8943 1 1 870284 0
8944 8944 1 1 870381 0
8945 8945 1 1 870478 0
8946 8946 1 1 870575 0
8947 8947 1 1 870672 0
8948 8948 1 1 870769 0
8949 8949 1 1 870866 0
8950 8950 1 1 870963 0
8951 8951 1 1 871060 0
8952 8952 1 1 871157 0
8953 8953 1 1 871254 0
8954 8954 1 1 871351 0
8955 8955 1 1 871448 0
8956 8956 1 1 871545 0
8957 8957 1 1 871642 0
8958 8958 1 1 871739 0
8959 8959 1 1 871836 0
8960 8960 1 1 871933 0
8961 8961 1 1 872030 0
8962 8962 1 1 872127 0
8963 8963 1 1 872224 0
8964 8964 1 1 872321 0
8965 8965 1 1 872418 0
8966 8966 1 1 872515 0
8967 8967 1 1 872612 0
8968 8968 1 1 872709 0
8969 8969 1 1 872806 0
8970 8970 1 1 872903 0
8971 8971 1 1 873000 0
8972 8972 1 1 873097 0
8973 8973 1 1 873194 0
8974 8974 1 1 873291 0
8975 8975 1 1 873388 0
8976 8976 1 1 873485 0
8977 8977 1 1 873582 0
8978 8978 1 1 873679 0
8979 8979 1 1 873776 0
8980 8980 1 1 873873 0
8981 8981 1 1 873970 0
8982 8982 1 1 874067 0
8983 8983 1 1 874164 0
8984 8984 1 1 874261 0
8985 8985 1 1 874358 0
8986 8986 1 1 874455 0
8987 8987 1 1 874552 0
8988 8988 1 1 874649 0
8989 8989 1 1 874746 0
8990 8990 1 1 874843 0
8991 8991 1 1 874940 0
8992 8992 1 1 875037 0
8993 8993 1 1 875134 0
8994 8994 1 1 875231 0
8995 8995 1 1 875328 0
8996 8996 1 1 875425 0
8997 8997 1 1 875522 0
8998 8998 1 1 875619 0
8999 8999 1 1 875716 0
9000 9000 1 1 875813 0
9001 9001 1 1 875910 0
9002 9002 1 1 876007 0
9003 9003 1 1 876104 0
9004 9004 1 1 876201 0
9005 9005 1 1 876298 0
9006 9006 1 1 876395 0
9007 9007 1 1 876492 0
9008 9008 1 1 876589 0
9009 9009 1 1 876686 0
9010 9010 1 1 876783 0
9011 9011 1 1 876880 0
9012 9012 1 1 876977 0
9013 9013 1 1 877074 0
9014 9014 1 1 877171 0
9015 9015 1 1 877268 0
9016 9016 1 1 877365 0
9017 9017 1 1 877462 0
9018 9018 1 1 877559 0
9019 9019 1 1 877656 0
9020 9020 1 1 877753 0
9021 9021 1 1 877850 0
9022 9022 1 1 877947 0
9023 9023 1 1 878044 0
9024 9024 1 1 878141 0
9025 9025 1 1 878238 0
9026 9026 1 1 878335 0
9027 9027 1 1 878432 0
9028 9028 1 1 878529 0
9029 9029 1 1 878626 0
9030 9030 1 1 878723 0
9031 9031 1 1 878820 0
9032 9032 1 1 878917 0
9033 9033 1 1 879014 0
9034 9034 1 1 879111 0
9035 9035 1 1 879208 0
9036 9036 1 1 879305 0
9037 9037 1 1 879402 0
9038 9038 1 1 879499 0
9039 9039 1 1 879596 0
9040 9040 1 1 879693 0
9041 9041 1 1 879790 0
9042 9042 1 1 879887 0
9043 9043 1 1 879984 0
9044 9044 1 1 880081 0
9045 9045 1 1 880178 0
9046 9046 1 1 880275 0
9047 9047 1 1 880372 0
9048 9048 1 1 880469 0
9049 9049 1 1 880566 0
9050 9050 1 1 880663 0
9051 9051 1 1 880760 0
9052 9052 1 1 880857 0
9053 9053 1 1 880954 0
9054 9054 1 1 881051 0
9055 9055 1 1 881148 0
9056 9056 1 1 881245 0
9057 9057 1 1 881342 0
9058 9058 1 1 881439 0
9059 9059 1 1 881536 0
9060 9060 1 1 881633 0
9061 9061 1 1 881730 0
9062 9062 1 1 881827 0
9063 9063 1 1 881924 0
9064 9064 1 1 882021 0
9065 9065 1 1 882118 0
9066 9066 1 1 882215 0
9067 9067 1 1 882312 0
9068 9068 1 1 882409 0
9069 9069 1 1 882506 0
9070 9070 1 1 882603 0
9071 9071 1 1 882700 0
9072 9072 1 1 882797 0
9073 9073 1 1 882894 0
9074 9074 1 1 882991 0
9075 9075 1 1 883088 0
9076 9076 1 1 883185 0
9077 9077 1 1 883282 0
9078 9078 1 1 883379 0
9079 9079 1 1 883476 0
9080 9080 1 1 883573 0
9081 9081 1 1 883670 0
9082 9082 1 1 883767 0
9083 9083 1 1 883864 0
9084 9084 1 1 883961 0
9085 9085 1 1 884058 0
9086 9086 1 1 884155 0
9087 9087 1 1 884252 0
9088 9088 1 1 884349 0
9089 9089 1 1 884446 0
9090 9090 1 1 884543 0
9091 9091 1 1 884640 0
9092 9092 1 1 884737 0
9093 9093 1 1 884834 0
9094 9094 1 1 884931 0
9095 9095 1 1 885028 0
9096 9096 1 1 885125 0
9097 9097 1 1 885222 0
9098 9098 1 1 885319 0
9099 9099 1 1 885416 0
9100 9100 1 1 885513 0
9101 9101 1 1 885610 0
9102 9102 1 1 885707 0
9103 9103 1 1 885804 0
9104 9104 1 1 885901 0
9105 9105 1 1 885998 0
9106 9106 1 1 886095 0
9107 9107 1 1 886192 0
9108 9108 1 1 886289 0
9109 9109 1 1 886386 0
9110 9110 1 1 886483 0
9111 9111 1 1 886580 0
9112 9112 1 1 886677 0
9113 9113 1 1 886774 0
9114 9114 1 1 886871 0
9115 9115 1 1 886968 0
9116 9116 1 1 887065 0
9117 9117 1 1 887162 0
9118 9118 1 1 887259 0
9119 9119 1 1 887356 0
9120 9120 1 1 887453 0
9121 9121 1 1 887550 0
9122 9122 1 1 887647 0
9123 9123 1 1 887744 0
9124 9124 1 1 887841 0
9125 9125 1 1 887938 0
9126 9126 1 1 888035 0
9127 9127 1 1 888132 0
9128 9128 1 1 888229 0
9129 9129 1 1 888326 0
9130 9130 1 1 888423 0
9131 9131 1 1 888520 0
9132 9132 1 1 888617 0
9133 9133 1 1 888714 0
9134 9134 1 1 888811 0
9135 9135 1 1 888908 0
9136 9136 1 1 889005 0
9137 9137 1 1 889102 0
9138 9138 1 1 889199 0
9139 9139 1 1 889296 0
9140 9140 1 1 889393 0
9141 9141 1 1 889490 0
9142 9142 1 1 889587 0
9143 9143 1 1 889684 0
9144 9144 1 1 889781 0
9145 9145 1 1 889878 0
9146 9146 1 1 889975 0
9147 9147 1 1 890072 0
9148 9148 1 1 890169 0
9149 9149 1 1 890266 0
9150 9150 1 1 890363 0
9151 9151 1 1 890460 0
9152 9152 1 1 890557 0
9153 9153 1 1 890654 0
9154 9154 1 1 890751 0
9155 9155 1 1 890848 0
9156 9156 1 1 890945 0
9157 9157 1 1 891042 0
9158 9158 1 1 891139 0
9159 9159 1 1 891236 0
9160 9160 1 1 891333 0
9161 9161 1 1 891430 0
9162 9162 1 1 891527 0
9163 9163 1 1 891624 0
9164 9164 1 1 891721 0
9165 9165 1 1 891818 0
9166 9166 1 1 891915 0
9167 9167 1 1 892012 0
9168 9168 1 1 892109 0
9169 9169 1 1 892206 0
9170 9170 1 1 892303 0
9171 9171 1 1 892400 0
9172 9172 1 1 892497 0
9173 9173 1 1 892594 0
9174 9174 1 1 892691 0
9175 9175 1 1 892788 0
9176 9176 1 1 892885 0
9177 9177 1 1 892982 0
9178 9178 1 1 893079 0
9179 9179 1 1 893176 0
9180 9180 1 1 893273 0
9181 9181 1 1 893370 0
9182 9182 1 1 893467 0
9183 9183 1 1 893564 0
9184 9184 1 1 893661 0
9185 9185 1 1 893758 0
9186 9186 1 1 893855 0
9187 9187 1 1 893952 0
9188 9188 1 1 894049 0
9189 9189 1 1 894146 0
9190 9190 1 1 894243 0
9191 9191 1 1 894340 0
9192 9192 1 1 894437 0
9193 9193 1 1 894534 0
9194 9194 1 1 894631 0
9195 9195 1 1 894728 0
9196 9196 1 1 894825 0
9197 9197 1 1 894922 0
9198 9198 1 1 895019 0
9199 9199 1 1 895116 0
9200 9200 1 1 895213 0
9201 9201 1 1 895310 0
9202 9202 1 1 895407 0
9203 9203 1 1 895504 0
9204 9204 1 1 895601 0
9205 9205 1 1 895698 0
9206 9206 1 1 895795 0
9207 9207 1 1 895892 0
9208 9208 1 1 895989 0
9209 9209 1 1 896086 0
9210 9210 1 1 896183 0
9211 9211 1 1 896280 0
9212 9212 1 1 896377 0
9213 9213 1 1 896474 0
9214 9214 1 1 896571 0
9215 9215 1 1 896668 0
9216 9216 1 1 896765 0
9217 9217 1 1 896862 0
9218 9218 1 1 896959 0
9219 9219 1 1 897056 0
9220 9220 1 1 897153 0
9221 9221 1 1 897250 0
9222 9222 1 1 897347 0
9223 9223 1 1 897444 0
9224 9224 1 1 897541 0
9225 9225 1 1 897638 0
9226 9226 1 1 897735 0
9227 9227 1 1 897832 0
9228 9228 1 1 897929 0
9229 9229 1 1 898026 0
9230 9230 1 1 898123 0
9231 9231 1 1 898220 0
9232 9232 1 1 898317 0
9233 9233 1 1 898414 0
9234 9234 1 1 898511 0
9235 9235 1 1 898608 0
9236 9236 1 1 898705 0
9237 9237 1 1 898802 0
9238 9238 1 1 898899 0
9239 9239 1 1 898996 0
9240 9240 1 1 899093 0
9241 9241 1 1 899190 0
9242 9242 1 1 899287 0
9243 9243 1 1 899384 0
9244 9244 1 1 899481 0
9245 9245 1 1 899578 0
9246 9246 1 1 899675 0
9247 9247 1 1 899772 0
9248 9248 1 1 899869 0
9249 9249 1 1 899966 0
9250 9250 1 1 900063 0
9251 9251 1 1 900160 0
9252 9252 1 1 900257 0
9253 9253 1 1 900354 0
9254 9254 1 1 900451 0
9255 9255 1 1 900548 0
9256 9256 1 1 900645 0
9257 9257 1 1 900742 0
9258 9258 1 1 900839 0
9259 9259 1 1 900936 0
9260 9260 1 1 901033 0
9261 9261 1 1 901130 0
9262 9262 1 1 901227 0
9263 9263 1 1 901324 0
9264 9264 1 1 901421 0
9265 9265 1 1 901518 0
9266 9266 1 1 901615 0
9267 9267 1 1 901712 0
9268 9268 1 1 901809 0
9269 9269 1 1 901906 0
9270 9270 1 1 902003 0
9271 9271 1 1 902100 0
9272 9272 1 1 902197 0
9273 9273 1 1 902294 0
9274 9274 1 1 902391 0
9275 9275 1 1 902488 0
9276 9276 1 1 902585 0
9277 9277 1 1 902682 0
9278 9278 1 1 902779 0
9279 9279 1 1 902876 0
9280 9280 1 1 902973 0
9281 9281 1 1 903070 0
9282 9282 1 1 903167 0
9283 9283 1 1 903264 0
9284 9284 1 1 903361 0
9285 9285 1 1 903458 0
9286 9286 1 1 903555 0
9287 9287 1 1 903652 0
9288 9288 1 1 903749 0
9289 9289 1 1 903846 0
9290 9290 1 1 903943 0
9291 9291 1 1 904040 0
9292 9292 1 1 904137 0
9293 9293 1 1 904234 0
9294 9294 1 1 904331 0
9295 9295 1 1 904428 0
9296 9296 1 1 904525 0
9297 9297 1 1 904622 0
9298 9298 1 1 904719 0
9299 9299 1 1 904816 0
9300 9300 1 1 904913 0
9301 9301 1 1 905010 0
9302 9302 1 1 905107 0
9303 9303 1 1 905204 0
9304 9304 1 1 905301 0
9305 9305 1 1 905398 0
9306 9306 1 1 905495 0
9307 9307 1 1 905592 0
9308 9308 1 1 905689 0
9309 9309 1 1 905786 0
9310 9310 1 1 905883 0
9311 9311 1 1 905980 0
9312 9312 1 1 906077 0
9313 9313 1 1 906174 0
9314 9314 1 1 906271 0
9315 9315 1 1 906368 0
9316 9316 1 1 906465 0
9317 9317 1 1 906562 0
9318 9318 1 1 906659 0
9319 9319 1 1 906756 0
9320 9320 1 1 906853 0
9321 9321 1 1 906950 0
9322 9322 1 1 907047 0
9323 9323 1 1 907144 0
9324 9324 1 1 907241 0
9325 9325 1 1 907338 0
9326 9326 1 1 907435 0
9327 9327 1 1 907532 0
9328 9328 1 1 907629 0
9329 9329 1 1 907726 0
9330 9330 1 1 907823 0
9331 9331 1 1 907920 0
9332 9332 1 1 908017 0
9333 9333 1 1 908114 0
9334 9334 1 1 908211 0
9335 9335 1 1 908308 0
9336 9336 1 1 908405 0
9337 9337 1 1 908502 0
9338 9338 1 1 908599 0
9339 9339 1 1 908696 0
9340 9340 1 1 908793 0
9341 9341 1 1 908890 0
9342 9342 1 1 908987 0
9343 9343 1 1 909084 0
9344 9344 1 1 909181 0
9345 9345 1 1 909278 0
9346 9346 1 1 909375 0
9347 9347 1 1 909472 0
9348 9348 1 1 909569 0
9349 9349 1 1 909666 0
9350 9350 1 1 909763 0
9351 9351 1 1 909860 0
9352 9352 1 1 909957 0
9353 9353 1 1 910054 0
9354 9354 1 1 910151 0
9355 9355 1 1 910248 0
9356 9356 1 1 910345 0
9357 9357 1 1 910442 0
9358 9358 1 1 910539 0
9359 9359 1 1 910636 0
9360 9360 1 1 910733 0
9361 9361 1 1 910830 0
9362 9362 1 1 910927 0
9363 9363 1 1 911024 0
9364 9364 1 1 911121 0
9365 9365 1 1 911218 0
9366 9366 1 1 911315 0
9367 9367 1 1 911412 0
9368 9368 1 1 911509 0
9369 9369 1 1 911606 0
9370 9370 1 1 911703 0
9371 9371 1 1 911800 0
9372 9372 1 1 911897 0
9373 9373 1 1 911994 0
9374 9374 1 1 912091 0
9375 9375 1 1 912188 0
9376 9376 1 1 912285 0
9377 9377 1 1 912382 0
9378 9378 1 1 912479 0
9379 9379 1 1 912576 0
9380 9380 1 1 912673 0
9381 9381 1 1 912770 0
9382 9382 1 1 912867 0
9383 9383 1 1 912964 0
9384 9384 1 1 913061 0
9385 9385 1 1 913158 0
9386 9386 1 1 913255 0
9387 9387 1 1 913352 0
9388 9388 1 1 913449 0
9389 9389 1 1 913546 0
9390 9390 1 1 913643 0
9391 9391 1 1 913740 0
9392 9392 1 1 913837 0
9393 9393 1 1 913934 0
9394 9394 1 1 914031 0
9395 9395 1 1 914128 0
9396 9396 1 1 914225 0
9397 9397 1 1 914322 0
9398 9398 1 1 914419 0
9399 9399 1 1 914516 0
9400 9400 1 1 914613 0
9401 9401 1 1 914710 0
9402 9402 1 1 914807 0
9403 9403 1 1 914904 0
9404 9404 1 1 915001 0
9405 9405 1 1 915098 0
9406 9406 1 1 915195 0
9407 9407 1 1 915292 0
9408 9408 1 1 915389 0
9409 9409 1 1 915486 0
9410 9410 1 1 915583 0
9411 9411 1 1 915680 0
9412 9412 1 1 915777 0
9413 9413 1 1 915874 0
9414 9414 1 1 915971 0
9415 9415 1 1 916068 0
9416 9416 1 1 916165 0
9417 9417 1 1 916262 0
9418 9418 1 1 916359 0
9419 9419 1 1 916456 0
9420 9420 1 1 916553 0
9421 9421 1 1 916650 0
9422 9422 1 1 916747 0
9423 9423 1 1 916844 0
9424 9424 1 1 916941 0
9425 9425 1 1 917038 0
9426 9426 1 1 917135 0
9427 9427 1 1 917232 0
9428 9428 1 1 917329 0
9429 9429 1 1 917426 0
9430 9430 1 1 917523 0
9431 9431 1 1 917620 0
9432 9432 1 1 917717 0
9433 9433 1 1 917814 0
9434 9434 1 1 917911 0
9435 9435 1 1 918008 0
9436 9436 1 1 918105 0
9437 9437 1 1 918202 0
9438 9438 1 1 918299 0
9439 9439 1 1 918396 0
9440 9440 1 1 918493 0
9441 9441 1 1 918590 0
9442 9442 1 1 918687 0
9443 9443 1 1 918784 0
9444 9444 1 1 918881 0
9445 9445 1 1 918978 0
9446 9446 1 1 919075 0
9447 9447 1 1 919172 0
9448 9448 1 1 919269 0
9449 9449 1 1 919366 0
9450 9450 1 1 919463 0
9451 9451 1 1 919560 0
9452 9452 1 1 919657 0
9453 9453 1 1 919754 0
9454 9454 1 1 919851 0
9455 9455 1 1 919948 0
9456 9456 1 1 920045 0
9457 9457 1 1 920142 0
9458 9458 1 1 920239 0
9459 9459 1 1 920336 0
9460 9460 1 1 920433 0
9461 9461 1 1 920530 0
9462 9462 1 1 920627 0
9463 9463 1 1 920724 0
9464 9464 1 1 920821 0
9465 9465 1 1 920918 0
9466 9466 1 1 921015 0
9467 9467 1 1 921112 0
9468 9468 1 1 921209 0
9469 9469 1 1 921306 0
9470 9470 1 1 921403 0
9471 9471 1 1 921500 0
9472 9472 1 1 921597 0
9473 9473 1 1 921694 0
9474 9474 1 1 921791 0
9475 9475 1 1 921888 0
9476 9476 1 1 921985 0
9477 9477 1 1 922082 0
9478 9478 1 1 922179 0
9479 9479 1 1 922276 0
9480 9480 1 1 922373 0
9481 9481 1 1 922470 0
9482 9482 1 1 922567 0
9483 9483 1 1 922664 0
9484 9484 1 1 922761 0
9485 9485 1 1 922858 0
9486 9486 1 1 922955 0
9487 9487 1 1 923052 0
9488 9488 1 1 923149 0
9489 9489 1 1 923246 0
9490 9490 1 1 923343 0
9491 9491 1 1 923440 0
9492 9492 1 1 923537 0
9493 9493 1 1 923634 0
9494 9494 1 1 923731 0
9495 9495 1 1 923828 0
9496 9496 1 1 923925 0
9497 9497 1 1 924022 0
9498 9498 1 1 924119 0
9499 9499 1 1 924216 0
9500 9500 1 1 924313 0
9501 9501 1 1 924410 0
9502 9502 1 1 924507 0
9503 9503 1 1 924604 0
9504 9504 1 1 924701 0
9505 9505 1 1 924798 0
9506 9506 1 1 924895 0
9507 9507 1 1 924992 0
9508 9508 1 1 925089 0
9509 9509 1 1 925186 0
9510 9510 1 1 925283 0
9511 9511 1 1 925380 0
9512 9512 1 1 925477 0
9513 9513 1 1 925574 0
9514 9514 1 1 925671 0
9515 9515 1 1 925768 0
9516 9516 1 1 925865 0
9517 9517 1 1 925962 0
9518 9518 1 1 926059 0
9519 9519 1 1 926156 0
9520 9520 1 1 926253 0
9521 9521 1 1 926350 0
9522 9522 1 1 926447 0
9523 9523 1 1 926544 0
9524 9524 1 1 926641 0
9525 9525 1 1 926738 0
9526 9526 1 1 926835 0
9527 9527 1 1 926932 0
9528 9528 1 1 927029 0
9529 9529 1 1 927126 0
9530 9530 1 1 927223 0
9531 9531 1 1 927320 0
9532 9532 1 1 927417 0
9533 9533 1 1 927514 0
9534 9534 1 1 927611 0
9535 9535 1 1 927708 0
9536 9536 1 1 927805 0
9537 9537 1 1 927902 0
9538 9538 1 1 927999 0
9539 9539 1 1 928096 0
9540 9540 1 1 928193 0
9541 9541 1 1 928290 0
9542 9542 1 1 928387 0
9543 9543 1 1 928484 0
9544 9544 1 1 928581 0
9545 9545 1 1 928678 0
9546 9546 1 1 928775 0
9547 9547 1 1 928872 0
9548 9548 1 1 928969 0
9549 9549 1 1 929066 0
9550 9550 1 1 929163 0
9551 9551 1 1 929260 0
9552 9552 1 1 929357 0
9553 9553 1 1 929454 0
9554 9554 1 1 929551 0
9555 9555 1 1 929648 0
9556 9556 1 1 929745 0
9557 9557 1 1 929842 0
9558 9558 1 1 929939 0
9559 9559 1 1 930036 0
9560 9560 1 1 930133 0
9561 9561 1 1 930230 0
9562 9562 1 1 930327 0
9563 9563 1 1 930424 0
9564 9564 1 1 930521 0
9565 9565 1 1 930618 0
9566 9566 1 1 930715 0
9567 9567 1 1 930812 0
9568 9568 1 1 930909 0
9569 9569 1 1 931006 0
9570 9570 1 1 931103 0
9571 9571 1 1 931200 0
9572 9572 1 1 931297 0
9573 9573 1 1 931394 0
9574 9574 1 1 931491 0
9575 9575 1 1 931588 0
9576 9576 1 1 931685 0
9577 9577 1 1 931782 0
9578 9578 1 1 931879 0
9579 9579 1 1 931976 0
9580 9580 1 1 932073 0
9581 9581 1 1 932170 0
9582 9582 1 1 932267 0
9583 9583 1 1 932364 0
9584 9584 1 1 932461 0
9585 9585 1 1 932558 0
9586 9586 1 1 932655 0
9587 9587 1 1 932752 0
9588 9588 1 1 932849 0
9589 9589 1 1 932946 0
9590 9590 1 1 933043 0
9591 9591 1 1 933140 0
9592 9592 1 1 933237 0
9593 9593 1 1 933334 0
9594 9594 1 1 933431 0
9595 9595 1 1 933528 0
9596 9596 1 1 933625 0
9597 9597 1 1 933722 0
9598 9598 1 1 933819 0
9599 9599 1 1 933916 0
9600 9600 1 1 934013 0
9601 9601 1 1 934110 0
9602 9602 1 1 934207 0
9603 9603 1 1 934304 0
9604 9604 1 1 934401 0
9605 9605 1 1 934498 0
9606 9606 1 1 934595 0
9607 9607 1 1 934692 0
9608 9608 1 1 934789 0
9609 9609 1 1 934886 0
9610 9610 1 1 934983 0
9611 9611 1 1 935080 0
9612 9612 1 1 935177 0
9613 9613 1 1 935274 0
9614 9614 1 1 935371 0
9615 9615 1 1 935468 0
9616 9616 1 1 935565 0
9617 9617 1 1 935662 0
9618 9618 1 1 935759 0
9619 9619 1 1 935856 0
9620 9620 1 1 935953 0
9621 9621 1 1 936050 0
9622 9622 1 1 936147 0
9623 9623 1 1 936244 0
9624 9624 1 1 936341 0
9625 9625 1 1 936438 0
9626 9626 1 1 936535 0
9627 9627 1 1 936632 0
9628 9628 1 1 936729 0
9629 9629 1 1 936826 0
9630 9630 1 1 936923 0
9631 9631 1 1 937020 0
9632 9632 1 1 937117 0
9633 9633 1 1 937214 0
9634 9634 1 1 937311 0
9635 9635 1 1 937408 0
9636 9636 1 1 937505 0
9637 9637 1 1 937602 0
9638 9638 1 1 937699 0
9639 9639 1 1 937796 0
9640 9640 1 1 937893 0
9641 9641 1 1 937990 0
9642 9642 1 1 938087 0
9643 9643 1 1 938184 0
9644 9644 1 1 938281 0
9645 9645 1 1 938378 0
9646 9646 1 1 938475 0
9647 9647 1 1 938572 0
9648 9648 1 1 938669 0
9649 9649 1 1 938766 0
9650 9650 1 1 938863 0
9651 9651 1 1 938960 0
9652 9652 1 1 939057 0
9653 9653 1 1 939154 0
9654 9654 1 1 939251 0
9655 9655 1 1 939348 0
9656 9656 1 1 939445 0
9657 9657 1 1 939542 0
9658 9658 1 1 939639 0
9659 9659 1 1 939736 0
9660 9660 1 1 939833 0
9661 9661 1 1 939930 0
9662 9662 1 1 940027 0
9663 9663 1 1 940124 0
9664 9664 1 1 940221 0
9665 9665 1 1 940318 0
9666 9666 1 1 940415 0
9667 9667 1 1 940512 0
9668 9668 1 1 940609 0
9669 9669 1 1 940706 0
9670 9670 1 1 940803 0
9671 9671 1 1 940900 0
9672 9672 1 1 940997 0
9673 9673 1 1 941094 0
9674 9674 1 1 941191 0
9675 9675 1 1 941288 0
9676 9676 1 1 941385 0
9677 9677 1 1 941482 0
9678 9678 1 1 941579 0
9679 9679 1 1 941676 0
9680 9680 1 1 941773 0
9681 9681 1 1 941870 0
9682 9682 1 1 941967 0
9683 9683 1 1 942064 0
9684 9684 1 1 942161 0
9685 9685 1 1 942258 0
9686 9686 1 1 942355 0
9687 9687 1 1 942452 0
9688 9688 1 1 942549 0
9689 9689 1 1 942646 0
9690 9690 1 1 942743 0
9691 9691 1 1 942840 0
9692 9692 1 1 942937 0
9693 9693 1 1 943034 0
9694 9694 1 1 943131 0
9695 9695 1 1 943228 0
9696 9696 1 1 943325 0
9697 9697 1 1 943422 0
9698 9698 1 1 943519 0
9699 9699 1 1 943616 0
9700 9700 1 1 943713 0
9701 9701 1 1 943810 0
9702 9702 1 1 943907 0
9703 9703 1 1 944004 0
9704 9704 1 1 944101 0
9705 9705 1 1 944198 0
9706 9706 1 1 944295 0
9707 9707 1 1 944392 0
9708 9708 1 1 944489 0
9709 9709 1 1 944586 0
9710 9710 1 1 944683 0
9711 9711 1 1 944780 0
9712 9712 1 1 944877 0
9713 9713 1 1 944974 0
9714 9714 1 1 945071 0
9715 9715 1 1 945168 0
9716 9716 1 1 945265 0
9717 9717 1 1 945362 0
9718 9718 1 1 945459 0
9719 9719 1 1 945556 0
9720 9720 1 1 945653 0
9721 9721 1 1 945750 0
9722 9722 1 1 945847 0
9723 9723 1 1 945944 0
9724 9724 1 1 946041 0
9725 9725 1 1 946138 0
9726 9726 1 1 946235 0
9727 9727 1 1 946332 0
9728 9728 1 1 946429 0
9729 9729 1 1 946526 0
9730 9730 1 1 946623 0
9731 9731 1 1 946720 0
9732 9732 1 1 946817 0
9733 9733 1 1 946914 0
9734 9734 1 1 947011 0
9735 9735 1 1 947108 0
9736 9736 1 1 947205 0
9737 9737 1 1 947302 0
9738 9738 1 1 947399 0
9739 9739 1 1 947496 0
9740 9740 1 1 947593 0
9741 9741 1 1 947690 0
9742 9742 1 1 947787 0
9743 9743 1 1 947884 0
9744 9744 1 1 947981 0
9745 9745 1 1 948078 0
9746 9746 1 1 948175 0
9747 9747 1 1 948272 0
9748 9748 1 1 948369 0
9749 9749 1 1 948466 0
9750 9750 1 1 948563 0
9751 9751 1 1 948660 0
9752 9752 1 1 948757 0
9753 9753 1 1 948854 0
9754 9754 1 1 948951 0
9755 9755 1 1 949048 0
9756 9756 1 1 949145 0
9757 9757 1 1 949242 0
9758 9758 1 1 949339 0
9759 9759 1 1 949436 0
9760 9760 1 1 949533 0
9761 9761 1 1 949630 0
9762 9762 1 1 949727 0
9763 9763 1 1 949824 0
9764 9764 1 1 949921 0
9765 9765 1 1 950018 0
9766 9766 1 1 950115 0
9767 9767 1 1 950212 0
9768 9768 1 1 950309 0
9769 9769 1 1 950406 0
9770 9770 1 1 950503 0
9771 9771 1 1 950600 0
9772 9772 1 1 950697 0
9773 9773 1 1 950794 0
9774 9774 1 1 950891 0
9775 9775 1 1 950988 0
9776 9776 1 1 951085 0
9777 9777 1 1 951182 0
9778 9778 1 1 951279 0
9779 9779 1 1 951376 0
9780 9780 1 1 951473 0
9781 9781 1 1 951570 0
9782 9782 1 1 951667 0
9783 9783 1 1 951764 0
9784 9784 1 1 951861 0
9785 9785 1 1 951958 0
9786 9786 1 1 952055 0
9787 9787 1 1 952152 0
9788 9788 1 1 952249 0
9789 9789 1 1 952346 0
9790 9790 1 1 952443 0
9791 9791 1 1 952540 0
9792 9792 1 1 952637 0
9793 9793 1 1 952734 0
9794 9794 1 1 952831 0
9795 9795 1 1 952928 0
9796 9796 1 1 953025 0
9797 9797 1 1 953122 0
9798 9798 1 1 953219 0
9799 9799 1 1 953316 0
9800 9800 1 1 953413 0
9801 9801 1 1 953510 0
9802 9802 1 1 953607 0
9803 9803 1 1 953704 0
9804 9804 1 1 953801 0
9805 9805 1 1 953898 0
9806 9806 1 1 953995 0
9807 9807 1 1 954092 0
9808 9808 1 1 954189 0
9809 9809 1 1 954286 0
9810 9810 1 1 954383 0
9811 9811 1 1 954480 0
9812 9812 1 1 954577 0
9813 9813 1 1 954674 0
9814 9814 1 1 954771 0
9815 9815 1 1 954868 0
9816 9816 1 1 954965 0
9817 9817 1 1 955062 0
9818 9818 1 1 955159 0
9819 9819 1 1 955256 0
9820 9820 1 1 955353 0
9821 9821 1 1 955450 0
9822 9822 1 1 955547 0
9823 9823 1 1 955644 0
9824 9824 1 1 955741 0
9825 9825 1 1 955838 0
9826 9826 1 1 955935 0
9827 9827 1 1 956032 0
9828 9828 1 1 956129 0
9829 9829 1 1 956226 0
9830 9830 1 1 956323 0
9831 9831 1 1 956420 0
9832 9832 1 1 956517 0
9833 9833 1 1 956614 0
9834 9834 1 1 956711 0
9835 9835 1 1 956808 0
9836 9836 1 1 956905 0
9837 9837 1 1 957002 0
9838 9838 1 1 957099 0
9839 9839 1 1 957196 0
9840 9840 1 1 957293 0
9841 9841 1 1 957390 0
9842 9842 1 1 957487 0
9843 9843 1 1 957584 0
9844 9844 1 1 957681 0
9845 9845 1 1 957778 0
9846 9846 1 1 957875 0
9847 9847 1 1 957972 0
9848 9848 1 1 958069 0
9849 9849 1 1 958166 0
9850 9850 1 1 958263 0
9851 9851 1 1 958360 0
9852 9852 1 1 958457 0
9853 9853 1 1 958554 0
9854 9854 1 1 958651 0
9855 9855 1 1 958748 0
9856 9856 1 1 958845 0
9857 9857 1 1 958942 0
9858 9858 1 1 959039 0
9859 9859 1 1 959136 0
9860 9860 1 1 959233 0
9861 9861 1 1 959330 0
9862 9862 1 1 959427 0
9863 9863 1 1 959524 0
9864 9864 1 1 959621 0
9865 9865 1 1 959718 0
9866 9866 1 1 959815 0
9867 9867 1 1 959912 0
9868 9868 1 1 960009 0
9869 9869 1 1 960106 0
9870 9870 1 1 960203 0
9871 9871 1 1 960300 0
9872 9872 1 1 960397 0
9873 9873 1 1 960494 0
9874 9874 1 1 960591 0
9875 9875 1 1 960688 0
9876 9876 1 1 960785 0
9877 9877 1 1 960882 0
9878 9878 1 1 960979 0
9879 9879 1 1 961076 0
9880 9880 1 1 961173 0
9881 9881 1 1 961270 0
9882 9882 1 1 961367 0
9883 9883 1 1 961464 0
9884 9884 1 1 961561 0
9885 9885 1 1 961658 0
9886 9886 1 1 961755 0
9887 9887 1 1 961852 0
9888 9888 1 1 961949 0
9889 9889 1 1 962046 0
9890 9890 1 1 962143 0
9891 9891 1 1 962240 0
9892 9892 1 1 962337 0
9893 9893 1 1 962434 0
9894 9894 1 1 962531 0
9895 9895 1 1 962628 0
9896 9896 1 1 962725 0
9897 9897 1 1 962822 0
9898 9898 1 1 962919 0
9899 9899 1 1 963016 0
9900 9900 1 1 963113 0
9901 9901 1 1 963210 0
9902 9902 1 1 963307 0
9903 9903 1 1 963404 0
9904 9904 1 1 963501 0
9905 9905 1 1 963598 0
9906 9906 1 1 963695 0
9907 9907 1 1 963792 0
9908 9908 1 1 963889 0
9909 9909 1 1 963986 0
9910 9910 1 1 964083 0
9911 9911 1 1 964180 0
9912 9912 1 1 964277 0
9913 9913 1 1 964374 0
9914 9914 1 1 964471 0
9915 9915 1 1 964568 0
9916 9916 1 1 964665 0
9917 9917 1 1 964762 0
9918 9918 1 1 964859 0
9919 9919 1 1 964956 0
9920 9920 1 1 965053 0
9921 9921 1 1 965150 0
9922 9922 1 1 965247 0
9923 9923 1 1 965344 0
9924 9924 1 1 965441 0
9925 9925 1 1 965538 0
9926 9926 1 1 965635 0
9927 9927 1 1 965732 0
9928 9928 1 1 965829 0
9929 9929 1 1 965926 0
9930 9930 1 1 966023 0
9931 9931 1 1 966120 0
9932 9932 1 1 966217 0
9933 9933 1 1 966314 0
9934 9934 1 1 966411 0
9935 9935 1 1 966508 0
9936 9936 1 1 966605 0
9937 9937 1 1 966702 0
9938 9938 1 1 966799 0
9939 9939 1 1 966896 0
9940 9940 1 1 966993 0
9941 9941 1 1 967090 0
9942 9942 1 1 967187 0
9943 9943 1 1 967284 0
9944 9944 1 1 967381 0
9945 9945 1 1 967478 0
9946 9946 1 1 967575 0
9947 9947 1 1 967672 0
9948 9948 1 1 967769 0
9949 9949 1 1 967866 0
9950 9950 1 1 967963 0
9951 9951 1 1 968060 0
9952 9952 1 1 968157 0
9953 9953 1 1 968254 0
9954 9954 1 1 968351 0
9955 9955 1 1 968448 0
9956 9956 1 1 968545 0
9957 9957 1 1 968642 0
9958 9958 1 1 968739 0
9959 9959 1 1 968836 0
9960 9960 1 1 968933 0
9961 9961 1 1 969030 0
9962 9962 1 1 969127 0
9963 9963 1 1 969224 0
9964 9964 1 1 969321 0
9965 9965 1 1 969418 0
9966 9966 1 1 969515 0
9967 9967 1 1 969612 0
9968 9968 1 1 969709 0
9969 9969 1 1 969806 0
9970 9970 1 1 969903 0
9971 9971 1 1 970000 0
9972 9972 1 1 970097 0
9973 9973 1 1 970194 0
9974 9974 1 1 970291 0
9975 9975 1 1 970388 0
9976 9976 1 1 970485 0
9977 9977 1 1 970582 0
9978 9978 1 1 970679 0
9979 9979 1 1 970776 0
9980 9980 1 1 970873 0
9981 9981 1 1 970970 0
9982 9982 1 1 971067 0
9983 9983 1 1 971164 0
9984 9984 1 1 971261 0
9985 9985 1 1 971358 0
9986 9986 1 1 971455 0
9987 9987 1 1 971552 0
9988 9988 1 1 971649 0
9989 9989 1 1 971746 0
9990 9990 1 1 971843 0
9991 9991 1 1 971940 0
9992 9992 1 1 972037 0
9993 9993 1 1 972134 0
9994 9994 1 1 972231 0
9995 9995 1 1 972328 0
9996 9996 1 1 972425 0
9997 9997 1 1 972522 0
9998 9998 1 1 972619 0
9999 9999 1 1 972716 0
10000 10000 1 1 972813 0
10001 10001 1 1 972910 0
10002 10002 1 1 973020 0
10003 10003 1 1 973117 0
10004 10004 1 1 973214 0
10005 10005 1 1 973311 0
10006 10006 1 1 973408 0
10007 10007 1 1 973505 0
10008 10008 1 1 973602 0
10009 10009 1 1 973699 0
10010 10010 1 1 973796 0
10011 10011 1 1 973893 0
10012 10012 1 1 973990 0
10014 10014 1 1 974184 0
10015 10015 1 1 974281 0
10016 10016 1 1 974378 0
10017 10017 1 1 974475 0
10018 10018 1 1 974572 0
10019 10019 1 1 974669 0
10020 10020 1 1 974766 0
10021 10021 1 1 974863 0
10022 10022 1 1 974960 0
10023 10023 1 1 975057 0
10024 10024 1 1 975154 0
10025 10025 1 1 975251 0
10026 10026 1 1 975348 0
10027 10027 1 1 975445 0
10028 10028 1 1 975542 0
10029 10029 1 1 975639 0
10031 10031 1 1 975833 0
10032 10032 1 1 975930 0
10033 10033 1 1 976027 0
10034 10034 1 1 976124 0
10035 10035 1 1 976221 0
10036 10036 1 1 976318 0
10037 10037 1 1 976415 0
10038 10038 1 1 976512 0
10039 10039 1 1 976609 0
10040 10040 1 1 976706 0
10041 10041 1 1 976803 0
10042 10042 1 1 976900 0
10043 10043 1 1 976997 0
10044 10044 1 1 977094 0
10045 10045 1 1 977191 0
10046 10046 1 1 977288 0
10048 10048 1 1 977482 0
10049 10049 1 1 977579 0
10050 10050 1 1 977676 0
10051 10051 1 1 977773 0
10052 10052 1 1 977870 0
10053 10053 1 1 977967 0
10054 10054 1 1 978064 0
10055 10055 1 1 978161 0
10056 10056 1 1 978258 0
10057 10057 1 1 978355 0
10058 10058 1 1 978452 0
10059 10059 1 1 978549 0
10060 10060 1 1 978646 0
10061 10061 1 1 978743 0
10062 10062 1 1 978840 0
10063 10063 1 1 978937 0
10065 10065 1 1 979131 0
10066 10066 1 1 979228 0
10067 10067 1 1 979325 0
10068 10068 1 1 979422 0
10069 10069 1 1 979519 0
10070 10070 1 1 979616 0
10071 10071 1 1 979713 0
10072 10072 1 1 979810 0
10073 10073 1 1 979907 0
10074 10074 1 1 980004 0
10075 10075 1 1 980101 0
10076 10076 1 1 980198 0
10077 10077 1 1 980295 0
10078 10078 1 1 980392 0
10079 10079 1 1 980489 0
10080 10080 1 1 980586 0
10082 10082 1 1 980780 0
10083 10083 1 1 980877 0
10084 10084 1 1 980974 0
10085 10085 1 1 981071 0
10086 10086 1 1 981168 0
10087 10087 1 1 981265 0
10088 10088 1 1 981362 0
10089 10089 1 1 981459 0
10090 10090 1 1 981556 0
10091 10091 1 1 981653 0
10092 10092 1 1 981750 0
10093 10093 1 1 981847 0
10094 10094 1 1 981944 0
10095 10095 1 1 982041 0
10096 10096 1 1 982138 0
10097 10097 1 1 982235 0
10099 10099 1 1 982429 0
10100 10100 1 1 982526 0
10101 10101 1 1 982623 0
10102 10102 1 1 982720 0
10103 10103 1 1 982817 0
10104 10104 1 1 982914 0
10105 10105 1 1 983011 0
10106 10106 1 1 983108 0
10107 10107 1 1 983205 0
10108 10108 1 1 983302 0
10109 10109 1 1 983399 0
10110 10110 1 1 983496 0
10111 10111 1 1 983593 0
10112 10112 1 1 983690 0
10113 10113 1 1 983787 0
10114 10114 1 1 983884 0
10116 10116 1 1 984078 0
10117 10117 1 1 984175 0
10118 10118 1 1 984272 0
10119 10119 1 1 984369 0
10120 10120 1 1 984466 0
10121 10121 1 1 984563 0
10122 10122 1 1 984660 0
10123 10123 1 1 984757 0
10124 10124 1 1 984854 0
10125 10125 1 1 984951 0
10126 10126 1 1 985048 0
10127 10127 1 1 985145 0
10128 10128 1 1 985242 0
10129 10129 1 1 985339 0
10130 10130 1 1 985436 0
10131 10131 1 1 985533 0
10133 10133 1 1 985727 0
10134 10134 1 1 985824 0
10135 10135 1 1 985921 0
10136 10136 1 1 986018 0
10137 10137 1 1 986115 0
10138 10138 1 1 986212 0
10139 10139 1 1 986309 0
10140 10140 1 1 986406 0
10141 10141 1 1 986503 0
10142 10142 1 1 986600 0
10143 10143 1 1 986697 0
10144 10144 1 1 986794 0
10145 10145 1 1 986891 0
10146 10146 1 1 986988 0
10147 10147 1 1 987085 0
10148 10148 1 1 987182 0
10150 10150 1 1 987376 0
10151 10151 1 1 987473 0
10152 10152 1 1 987570 0
10153 10153 1 1 987667 0
10154 10154 1 1 987764 0
10155 10155 1 1 987861 0
10156 10156 1 1 987958 0
10157 10157 1 1 988055 0
10158 10158 1 1 988152 0
10159 10159 1 1 988249 0
10160 10160 1 1 988346 0
10161 10161 1 1 988443 0
10162 10162 1 1 988540 0
10163 10163 1 1 988637 0
10164 10164 1 1 988734 0
10165 10165 1 1 988831 0
10167 10167 1 1 989025 0
10168 10168 1 1 989122 0
10169 10169 1 1 989219 0
10170 10170 1 1 989316 0
10171 10171 1 1 989413 0
10172 10172 1 1 989510 0
10173 10173 1 1 989607 0
10174 10174 1 1 989704 0
10175 10175 1 1 989801 0
10176 10176 1 1 989898 0
10177 10177 1 1 989995 0
10178 10178 1 1 990092 0
10179 10179 1 1 990189 0
10180 10180 1 1 990286 0
10181 10181 1 1 990383 0
10182 10182 1 1 990480 0
10184 10184 1 1 990674 0
10185 10185 1 1 990771 0
10186 10186 1 1 990868 0
10187 10187 1 1 990965 0
10188 10188 1 1 991062 0
10189 10189 1 1 991159 0
10190 10190 1 1 991256 0
10191 10191 1 1 991353 0
10192 10192 1 1 991450 0
10193 10193 1 1 991547 0
10194 10194 1 1 991644 0
10195 10195 1 1 991741 0
10196 10196 1 1 991838 0
10197 10197 1 1 991935 0
10198 10198 1 1 992032 0
10199 10199 1 1 992129 0
10201 10201 1 1 992323 0
10202 10202 1 1 992420 0
10203 10203 1 1 992517 0
10204 10204 1 1 992614 0
10205 10205 1 1 992711 0
10206 10206 1 1 992808 0
10207 10207 1 1 992905 0
10208 10208 1 1 993002 0
10209 10209 1 1 993099 0
10210 10210 1 1 993196 0
10211 10211 1 1 993293 0
10212 10212 1 1 993390 0
10213 10213 1 1 993487 0
10214 10214 1 1 993584 0
10215 10215 1 1 993681 0
10216 10216 1 1 993778 0
10218 10218 1 1 993972 0
10219 10219 1 1 994069 0
10220 10220 1 1 994166 0
10221 10221 1 1 994263 0
10222 10222 1 1 994360 0
10223 10223 1 1 994457 0
10224 10224 1 1 994554 0
10225 10225 1 1 994651 0
10226 10226 1 1 994748 0
10227 10227 1 1 994845 0
10228 10228 1 1 994942 0
10229 10229 1 1 995039 0
10230 10230 1 1 995136 0
10231 10231 1 1 995233 0
10232 10232 1 1 995330 0
10233 10233 1 1 995427 0
10235 10235 1 1 995621 0
10236 10236 1 1 995718 0
10237 10237 1 1 995815 0
10238 10238 1 1 995912 0
10239 10239 1 1 996009 0
10240 10240 1 1 996106 0
10241 10241 1 1 996203 0
10242 10242 1 1 996300 0
10243 10243 1 1 996397 0
10244 10244 1 1 996494 0
10245 10245 1 1 996591 0
10246 10246 1 1 996688 0
10247 10247 1 1 996785 0
10248 10248 1 1 996882 0
10249 10249 1 1 996979 0
10250 10250 1 1 997076 0
10252 10252 1 1 997270 0
10253 10253 1 1 997367 0
10254 10254 1 1 997464 0
10255 10255 1 1 997561 0
10256 10256 1 1 997658 0
10257 10257 1 1 997755 0
10258 10258 1 1 997852 0
10259 10259 1 1 997949 0
10260 10260 1 1 998046 0
10261 10261 1 1 998143 0
10262 10262 1 1 998240 0
10263 10263 1 1 998337 0
10264 10264 1 1 998434 0
10265 10265 1 1 998531 0
10266 10266 1 1 998628 0
10267 10267 1 1 998725 0
10269 10269 1 1 998919 0
10270 10270 1 1 999016 0
10271 10271 1 1 999113 0
10272 10272 1 1 999210 0
10273 10273 1 1 999307 0
10274 10274 1 1 999404 0
10275 10275 1 1 999501 0
10276 10276 1 1 999598 0
10277 10277 1 1 999695 0
10278 10278 1 1 999792 0
10279 10279 1 1 999889 0
10280 10280 1 1 999986 0
10281 10281 1 1 83 0
10282 10282 1 1 180 0
10283 10283 1 1 277 0
10284 10284 1 1 374 0
10286 10286 1 1 568 0
10287 10287 1 1 665 0
10288 10288 1 1 762 0
10289 10289 1 1 859 0
10290 10290 1 1 956 0
10291 10291 1 1 1053 0
10292 10292 1 1 1150 0
10293 10293 1 1 1247 0
10294 10294 1 1 1344 0
10295 10295 1 1 1441 0
10296 10296 1 1 1538 0
10297 10297 1 1 1635 0
10298 10298 1 1 1732 0
10299 10299 1 1 1829 0
10300 10300 1 1 1926 0
10301 10301 1 1 2023 0
10303 10303 1 1 2217 0
10304 10304 1 1 2314 0
10305 10305 1 1 2411 0
10306 10306 1 1 2508 0
10307 10307 1 1 2605 0
10308 10308 1 1 2702 0
10309 10309 1 1 2799 0
10310 10310 1 1 2896 0
10311 10311 1 1 2993 0
10312 10312 1 1 3090 0
10313 10313 1 1 3187 0
10314 10314 1 1 3284 0
10315 10315 1 1 3381 0
10316 10316 1 1 3478 0
10317 10317 1 1 3575 0
10318 10318 1 1 3672 0
10320 10320 1 1 3866 0
10321 10321 1 1 3963 0
10322 10322 1 1 4060 0
10323 10323 1 1 4157 0
10324 10324 1 1 4254 0
10325 10325 1 1 4351 0
10326 10326 1 1 4448 0
10327 10327 1 1 4545 0
10328 10328 1 1 4642 0
10329 10329 1 1 4739 0
10330 10330 1 1 4836 0
10331 10331 1 1 4933 0
10332 10332 1 1 5030 0
10333 10333 1 1 5127 0
10334 10334 1 1 5224 0
10335 10335 1 1 5321 0
10337 10337 1 1 5515 0
10338 10338 1 1 5612 0
10339 10339 1 1 5709 0
10340 10340 1 1 5806 0
10341 10341 1 1 5903 0
10342 10342 1 1 6000 0
10343 10343 1 1 6097 0
10344 10344 1 1 6194 0
10345 10345 1 1 6291 0
10346 10346 1 1 6388 0
10347 10347 1 1 6485 0
10348 10348 1 1 6582 0
10349 10349 1 1 6679 0
10350 10350 1 1 6776 0
10351 10351 1 1 6873 0
10352 10352 1 1 6970 0
10354 10354 1 1 7164 0
10355 10355 1 1 7261 0
10356 10356 1 1 7358 0
10357 10357 1 1 7455 0
10358 10358 1 1 7552 0
10359 10359 1 1 7649 0
10360 10360 1 1 7746 0
10361 10361 1 1 7843 0
10362 10362 1 1 7940 0
10363 10363 1 1 8037 0
10364 10364 1 1 8134 0
10365 10365 1 1 8231 0
10366 10366 1 1 8328 0
10367 10367 1 1 8425 0
10368 10368 1 1 8522 0
10369 10369 1 1 8619 0
10371 10371 1 1 8813 0
10372 10372 1 1 8910 0
10373 10373 1 1 9007 0
10374 10374 1 1 9104 0
10375 10375 1 1 9201 0
10376 10376 1 1 9298 0
10377 10377 1 1 9395 0
10378 10378 1 1 9492 0
10379 10379 1 1 9589 0
10380 10380 1 1 9686 0
10381 10381 1 1 9783 0
10382 10382 1 1 9880 0
10383 10383 1 1 9977 0
10384 10384 1 1 10074 0
10385 10385 1 1 10171 0
10386 10386 1 1 10268 0
10388 10388 1 1 10462 0
10389 10389 1 1 10559 0
10390 10390 1 1 10656 0
10391 10391 1 1 10753 0
10392 10392 1 1 10850 0
10393 10393 1 1 10947 0
10394 10394 1 1 11044 0
10395 10395 1 1 11141 0
10396 10396 1 1 11238 0
10397 10397 1 1 11335 0
10398 10398 1 1 11432 0
10399 10399 1 1 11529 0
10400 10400 1 1 11626 0
10401 10401 1 1 11723 0
10402 10402 1 1 11820 0
10403 10403 1 1 11917 0
10405 10405 1 1 12111 0
10406 10406 1 1 12208 0
10407 10407 1 1 12305 0
10408 10408 1 1 12402 0
10409 10409 1 1 12499 0
10410 10410 1 1 12596 0
10411 10411 1 1 12693 0
10412 10412 1 1 12790 0
10413 10413 1 1 12887 0
10414 10414 1 1 12984 0
10415 10415 1 1 13081 0
10416 10416 1 1 13178 0
10417 10417 1 1 13275 0
10418 10418 1 1 13372 0
10419 10419 1 1 13469 0
10420 10420 1 1 13566 0
10422 10422 1 1 13760 0
10423 10423 1 1 13857 0
10424 10424 1 1 13954 0
10425 10425 1 1 14051 0
10426 10426 1 1 14148 0
10427 10427 1 1 14245 0
10428 10428 1 1 14342 0
10429 10429 1 1 14439 0
10430 10430 1 1 14536 0
10431 10431 1 1 14633 0
10432 10432 1 1 14730 0
10433 10433 1 1 14827 0
10434 10434 1 1 14924 0
10435 10435 1 1 15021 0
10436 10436 1 1 15118 0
10437 10437 1 1 15215 0
10439 10439 1 1 15409 0
10440 10440 1 1 15506 0
10441 10441 1 1 15603 0
10442 10442 1 1 15700 0
10443 10443 1 1 15797 0
10444 10444 1 1 15894 0
10445 10445 1 1 15991 0
10446 10446 1 1 16088 0
10447 10447 1 1 16185 0
10448 10448 1 1 16282 0
10449 10449 1 1 16379 0
10450 10450 1 1 16476 0
10451 10451 1 1 16573 0
10452 10452 1 1 16670 0
10453 10453 1 1 16767 0
10454 10454 1 1 16864 0
10456 10456 1 1 17058 0
10457 10457 1 1 17155 0
10458 10458 1 1 17252 0
10459 10459 1 1 17349 0
10460 10460 1 1 17446 0
10461 10461 1 1 17543 0
10462 10462 1 1 17640 0
10463 10463 1 1 17737 0
10464 10464 1 1 17834 0
10465 10465 1 1 17931 0
10466 10466 1 1 18028 0
10467 10467 1 1 18125 0
10468 10468 1 1 18222 0
10469 10469 1 1 18319 0
10470 10470 1 1 18416 0
10471 10471 1 1 18513 0
10473 10473 1 1 18707 0
10474 10474 1 1 18804 0
10475 10475 1 1 18901 0
10476 10476 1 1 18998 0
10477 10477 1 1 19095 0
10478 10478 1 1 19192 0
10479 10479 1 1 19289 0
10480 10480 1 1 19386 0
10481 10481 1 1 19483 0
10482 10482 1 1 19580 0
10483 10483 1 1 19677 0
10484 10484 1 1 19774 0
10485 10485 1 1 19871 0
10486 10486 1 1 19968 0
10487 10487 1 1 20065 0
10488 10488 1 1 20162 0
10490 10490 1 1 20356 0
10491 10491 1 1 20453 0
10492 10492 1 1 20550 0
10493 10493 1 1 20647 0
10494 10494 1 1 20744 0
10495 10495 1 1 20841 0
10496 10496 1 1 20938 0
10497 10497 1 1 21035 0
10498 10498 1 1 21132 0
10499 10499 1 1 21229 0
10500 10500 1 1 21326 0
10501 10501 1 1 21423 0
10502 10502 1 1 21520 0
10503 10503 1 1 21617 0
10504 10504 1 1 21714 0
10505 10505 1 1 21811 0
10507 10507 1 1 22005 0
10508 10508 1 1 22102 0
10509 10509 1 1 22199 0
10510 10510 1 1 22296 0
10511 10511 1 1 22393 0
10512 10512 1 1 22490 0
10513 10513 1 1 22587 0
10514 10514 1 1 22684 0
10515 10515 1 1 22781 0
10516 10516 1 1 22878 0
10517 10517 1 1 22975 0
10518 10518 1 1 23072 0
10519 10519 1 1 23169 0
10520 10520 1 1 23266 0
10521 10521 1 1 23363 0
10522 10522 1 1 23460 0
10524 10524 1 1 23654 0
10525 10525 1 1 23751 0
10526 10526 1 1 23848 0
10527 10527 1 1 23945 0
10528 10528 1 1 24042 0
10529 10529 1 1 24139 0
10530 10530 1 1 24236 0
10531 10531 1 1 24333 0
10532 10532 1 1 24430 0
10533 10533 1 1 24527 0
10534 10534 1 1 24624 0
10535 10535 1 1 24721 0
10536 10536 1 1 24818 0
10537 10537 1 1 24915 0
10538 10538 1 1 25012 0
10539 10539 1 1 25109 0
10541 10541 1 1 25303 0
10542 10542 1 1 25400 0
10543 10543 1 1 25497 0
10544 10544 1 1 25594 0
10545 10545 1 1 25691 0
10546 10546 1 1 25788 0
10547 10547 1 1 25885 0
10548 10548 1 1 25982 0
10549 10549 1 1 26079 0
10550 10550 1 1 26176 0
10551 10551 1 1 26273 0
10552 10552 1 1 26370 0
10553 10553 1 1 26467 0
10554 10554 1 1 26564 0
10555 10555 1 1 26661 0
10556 10556 1 1 26758 0
10558 10558 1 1 26952 0
10559 10559 1 1 27049 0
10560 10560 1 1 27146 0
10561 10561 1 1 27243 0
10562 10562 1 1 27340 0
10563 10563 1 1 27437 0
10564 10564 1 1 27534 0
10565 10565 1 1 27631 0
10566 10566 1 1 27728 0
10567 10567 1 1 27825 0
10568 10568 1 1 27922 0
10569 10569 1 1 28019 0
10570 10570 1 1 28116 0
10571 10571 1 1 28213 0
10572 10572 1 1 28310 0
10573 10573 1 1 28407 0
10575 10575 1 1 28601 0
10576 10576 1 1 28698 0
10577 10577 1 1 28795 0
10578 10578 1 1 28892 0
10579 10579 1 1 28989 0
10580 10580 1 1 29086 0
10581 10581 1 1 29183 0
10582 10582 1 1 29280 0
10583 10583 1 1 29377 0
10584 10584 1 1 29474 0
10585 10585 1 1 29571 0
10586 10586 1 1 29668 0
10587 10587 1 1 29765 0
10588 10588 1 1 29862 0
10589 10589 1 1 29959 0
10590 10590 1 1 30056 0
10592 10592 1 1 30250 0
10593 10593 1 1 30347 0
10594 10594 1 1 30444 0
10595 10595 1 1 30541 0
10596 10596 1 1 30638 0
10597 10597 1 1 30735 0
10598 10598 1 1 30832 0
10599 10599 1 1 30929 0
10600 10600 1 1 31026 0
10601 10601 1 1 31123 0
10602 10602 1 1 31220 0
10603 10603 1 1 31317 0
10604 10604 1 1 31414 0
10605 10605 1 1 31511 0
10606 10606 1 1 31608 0
10607 10607 1 1 31705 0
10609 10609 1 1 31899 0
10610 10610 1 1 31996 0
10611 10611 1 1 32093 0
10612 10612 1 1 32190 0
10613 10613 1 1 32287 0
10614 10614 1 1 32384 0
10615 10615 1 1 32481 0
10616 10616 1 1 32578 0
10617 10617 1 1 32675 0
10618 10618 1 1 32772 0
10619 10619 1 1 32869 0
10620 10620 1 1 32966 0
10621 10621 1 1 33063 0
10622 10622 1 1 33160 0
10623 10623 1 1 33257 0
10624 10624 1 1 33354 0
10626 10626 1 1 33548 0
10627 10627 1 1 33645 0
10628 10628 1 1 33742 0
10629 10629 1 1 33839 0
10630 10630 1 1 33936 0
10631 10631 1 1 34033 0
10632 10632 1 1 34130 0
10633 10633 1 1 34227 0
10634 10634 1 1 34324 0
10635 10635 1 1 34421 0
10636 10636 1 1 34518 0
10637 10637 1 1 34615 0
10638 10638 1 1 34712 0
10639 10639 1 1 34809 0
10640 10640 1 1 34906 0
10641 10641 1 1 35003 0
10643 10643 1 1 35197 0
10644 10644 1 1 35294 0
10645 10645 1 1 35391 0
10646 10646 1 1 35488 0
10647 10647 1 1 35585 0
10648 10648 1 1 35682 0
10649 10649 1 1 35779 0
10650 10650 1 1 35876 0
10651 10651 1 1 35973 0
10652 10652 1 1 36070 0
10653 10653 1 1 36167 0
10654 10654 1 1 36264 0
10655 10655 1 1 36361 0
10656 10656 1 1 36458 0
10657 10657 1 1 36555 0
10658 10658 1 1 36652 0
10660 10660 1 1 36846 0
10661 10661 1 1 36943 0
10662 10662 1 1 37040 0
10663 10663 1 1 37137 0
10664 10664 1 1 37234 0
10665 10665 1 1 37331 0
10666 10666 1 1 37428 0
10667 10667 1 1 37525 0
10668 10668 1 1 37622 0
10669 10669 1 1 37719 0
10670 10670 1 1 37816 0
10671 10671 1 1 37913 0
10672 10672 1 1 38010 0
10673 10673 1 1 38107 0
10674 10674 1 1 38204 0
10675 10675 1 1 38301 0
10677 10677 1 1 38495 0
10678 10678 1 1 38592 0
10679 10679 1 1 38689 0
10680 10680 1 1 38786 0
10681 10681 1 1 38883 0
10682 10682 1 1 38980 0
10683 10683 1 1 39077 0
10684 10684 1 1 39174 0
10685 10685 1 1 39271 0
10686 10686 1 1 39368 0
10687 10687 1 1 39465 0
10688 10688 1 1 39562 0
10689 10689 1 1 39659 0
10690 10690 1 1 39756 0
10691 10691 1 1 39853 0
10692 10692 1 1 39950 0
10694 10694 1 1 40144 0
10695 10695 1 1 40241 0
10696 10696 1 1 40338 0
10697 10697 1 1 40435 0
10698 10698 1 1 40532 0
10699 10699 1 1 40629 0
10700 10700 1 1 40726 0
10701 10701 1 1 40823 0
10702 10702 1 1 40920 0
10703 10703 1 1 41017 0
10704 10704 1 1 41114 0
10705 10705 1 1 41211 0
10706 10706 1 1 41308 0
10707 10707 1 1 41405 0
10708 10708 1 1 41502 0
10709 10709 1 1 41599 0
10711 10711 1 1 41793 0
10712 10712 1 1 41890 0
10713 10713 1 1 41987 0
10714 10714 1 1 42084 0
10715 10715 1 1 42181 0
10716 10716 1 1 42278 0
10717 10717 1 1 42375 0
10718 10718 1 1 42472 0
10719 10719 1 1 42569 0
10720 10720 1 1 42666 0
10721 10721 1 1 42763 0
10722 10722 1 1 42860 0
10723 10723 1 1 42957 0
10724 10724 1 1 43054 0
10725 10725 1 1 43151 0
10726 10726 1 1 43248 0
10728 10728 1 1 43442 0
10729 10729 1 1 43539 0
10730 10730 1 1 43636 0
10731 10731 1 1 43733 0
10732 10732 1 1 43830 0
10733 10733 1 1 43927 0
10734 10734 1 1 44024 0
10735 10735 1 1 44121 0
10736 10736 1 1 44218 0
10737 10737 1 1 44315 0
10738 10738 1 1 44412 0
10739 10739 1 1 44509 0
10740 10740 1 1 44606 0
10741 10741 1 1 44703 0
10742 10742 1 1 44800 0
10743 10743 1 1 44897 0
10745 10745 1 1 45091 0
10746 10746 1 1 45188 0
10747 10747 1 1 45285 0
10748 10748 1 1 45382 0
10749 10749 1 1 45479 0
10750 10750 1 1 45576 0
10751 10751 1 1 45673 0
10752 10752 1 1 45770 0
10753 10753 1 1 45867 0
10754 10754 1 1 45964 0
10755 10755 1 1 46061 0
10756 10756 1 1 46158 0
10757 10757 1 1 46255 0
10758 10758 1 1 46352 0
10759 10759 1 1 46449 0
10760 10760 1 1 46546 0
10762 10762 1 1 46740 0
10763 10763 1 1 46837 0
10764 10764 1 1 46934 0
10765 10765 1 1 47031 0
10766 10766 1 1 47128 0
10767 10767 1 1 47225 0
10768 10768 1 1 47322 0
10769 10769 1 1 47419 0
10770 10770 1 1 47516 0
10771 10771 1 1 47613 0
10772 10772 1 1 47710 0
10773 10773 1 1 47807 0
10774 10774 1 1 47904 0
10775 10775 1 1 48001 0
10776 10776 1 1 48098 0
10777 10777 1 1 48195 0
10779 10779 1 1 48389 0
10780 10780 1 1 48486 0
10781 10781 1 1 48583 0
10782 10782 1 1 48680 0
10783 10783 1 1 48777 0
10784 10784 1 1 48874 0
10785 10785 1 1 48971 0
10786 10786 1 1 49068 0
10787 10787 1 1 49165 0
10788 10788 1 1 49262 0
10789 10789 1 1 49359 0
10790 10790 1 1 49456 0
10791 10791 1 1 49553 0
10792 10792 1 1 49650 0
10793 10793 1 1 49747 0
10794 10794 1 1 49844 0
10796 10796 1 1 50038 0
10797 10797 1 1 50135 0
10798 10798 1 1 50232 0
10799 10799 1 1 50329 0
10800 10800 1 1 50426 0
10801 10801 1 1 50523 0
10802 10802 1 1 50620 0
10803 10803 1 1 50717 0
10804 10804 1 1 50814 0
10805 10805 1 1 50911 0
10806 10806 1 1 51008 0
10807 10807 1 1 51105 0
10808 10808 1 1 51202 0
10809 10809 1 1 51299 0
10810 10810 1 1 51396 0
10811 10811 1 1 51493 0
10813 10813 1 1 51687 0
10814 10814 1 1 51784 0
10815 10815 1 1 51881 0
10816 10816 1 1 51978 0
10817 10817 1 1 52075 0
10818 10818 1 1 52172 0
10819 10819 1 1 52269 0
10820 10820 1 1 52366 0
10821 10821 1 1 52463 0
10822 10822 1 1 52560 0
10823 10823 1 1 52657 0
10824 10824 1 1 52754 0
10825 10825 1 1 52851 0
10826 10826 1 1 52948 0
10827 10827 1 1 53045 0
10828 10828 1 1 53142 0
10830 10830 1 1 53336 0
10831 10831 1 1 53433 0
10832 10832 1 1 53530 0
10833 10833 1 1 53627 0
10834 10834 1 1 53724 0
10835 10835 1 1 53821 0
10836 10836 1 1 53918 0
10837 10837 1 1 54015 0
10838 10838 1 1 54112 0
10839 10839 1 1 54209 0
10840 10840 1 1 54306 0
10841 10841 1 1 54403 0
10842 10842 1 1 54500 0
10843 10843 1 1 54597 0
10844 10844 1 1 54694 0
10845 10845 1 1 54791 0
10847 10847 1 1 54985 0
10848 10848 1 1 55082 0
10849 10849 1 1 55179 0
10850 10850 1 1 55276 0
10851 10851 1 1 55373 0
10852 10852 1 1 55470 0
10853 10853 1 1 55567 0
10854 10854 1 1 55664 0
10855 10855 1 1 55761 0
10856 10856 1 1 55858 0
10857 10857 1 1 55955 0
10858 10858 1 1 56052 0
10859 10859 1 1 56149 0
10860 10860 1 1 56246 0
10861 10861 1 1 56343 0
10862 10862 1 1 56440 0
10864 10864 1 1 56634 0
10865 10865 1 1 56731 0
10866 10866 1 1 56828 0
10867 10867 1 1 56925 0
10868 10868 1 1 57022 0
10869 10869 1 1 57119 0
10870 10870 1 1 57216 0
10871 10871 1 1 57313 0
10872 10872 1 1 57410 0
10873 10873 1 1 57507 0
10874 10874 1 1 57604 0
10875 10875 1 1 57701 0
10876 10876 1 1 57798 0
10877 10877 1 1 57895 0
10878 10878 1 1 57992 0
10879 10879 1 1 58089 0
10881 10881 1 1 58283 0
10882 10882 1 1 58380 0
10883 10883 1 1 58477 0
10884 10884 1 1 58574 0
10885 10885 1 1 58671 0
10886 10886 1 1 58768 0
10887 10887 1 1 58865 0
10888 10888 1 1 58962 0
10889 10889 1 1 59059 0
10890 10890 1 1 59156 0
10891 10891 1 1 59253 0
10892 10892 1 1 59350 0
10893 10893 1 1 59447 0
10894 10894 1 1 59544 0
10895 10895 1 1 59641 0
10896 10896 1 1 59738 0
10898 10898 1 1 59932 0
10899 10899 1 1 60029 0
10900 10900 1 1 60126 0
10901 10901 1 1 60223 0
10902 10902 1 1 60320 0
10903 10903 1 1 60417 0
10904 10904 1 1 60514 0
10905 10905 1 1 60611 0
10906 10906 1 1 60708 0
10907 10907 1 1 60805 0
10908 10908 1 1 60902 0
10909 10909 1 1 60999 0
10910 10910 1 1 61096 0
10911 10911 1 1 61193 0
10912 10912 1 1 61290 0
10913 10913 1 1 61387 0
10915 10915 1 1 61581 0
10916 10916 1 1 61678 0
10917 10917 1 1 61775 0
10918 10918 1 1 61872 0
10919 10919 1 1 61969 0
10920 10920 1 1 62066 0
10921 10921 1 1 62163 0
10922 10922 1 1 62260 0
10923 10923 1 1 62357 0
10924 10924 1 1 62454 0
10925 10925 1 1 62551 0
10926 10926 1 1 62648 0
10927 10927 1 1 62745 0
10928 10928 1 1 62842 0
10929 10929 1 1 62939 0
10930 10930 1 1 63036 0
10932 10932 1 1 63230 0
10933 10933 1 1 63327 0
10934 10934 1 1 63424 0
10935 10935 1 1 63521 0
10936 10936 1 1 63618 0
10937 10937 1 1 63715 0
10938 10938 1 1 63812 0
10939 10939 1 1 63909 0
10940 10940 1 1 64006 0
10941 10941 1 1 64103 0
10942 10942 1 1 64200 0
10943 10943 1 1 64297 0
10944 10944 1 1 64394 0
10945 10945 1 1 64491 0
10946 10946 1 1 64588 0
10947 10947 1 1 64685 0
10949 10949 1 1 64879 0
10950 10950 1 1 64976 0
10951 10951 1 1 65073 0
10952 10952 1 1 65170 0
10953 10953 1 1 65267 0
10954 10954 1 1 65364 0
10955 10955 1 1 65461 0
10956 10956 1 1 65558 0
10957 10957 1 1 65655 0
10958 10958 1 1 65752 0
10959 10959 1 1 65849 0
10960 10960 1 1 65946 0
10961 10961 1 1 66043 0
10962 10962 1 1 66140 0
10963 10963 1 1 66237 0
10964 10964 1 1 66334 0
10966 10966 1 1 66528 0
10967 10967 1 1 66625 0
10968 10968 1 1 66722 0
10969 10969 1 1 66819 0
10970 10970 1 1 66916 0
10971 10971 1 1 67013 0
10972 10972 1 1 67110 0
10973 10973 1 1 67207 0
10974 10974 1 1 67304 0
10975 10975 1 1 67401 0
10976 10976 1 1 67498 0
10977 10977 1 1 67595 0
10978 10978 1 1 67692 0
10979 10979 1 1 67789 0
10980 10980 1 1 67886 0
10981 10981 1 1 67983 0
10983 10983 1 1 68177 0
10984 10984 1 1 68274 0
10985 10985 1 1 68371 0
10986 10986 1 1 68468 0
10987 10987 1 1 68565 0
10988 10988 1 1 68662 0
10989 10989 1 1 68759 0
10990 10990 1 1 68856 0
10991 10991 1 1 68953 0
10992 10992 1 1 69050 0
10993 10993 1 1 69147 0
10994 10994 1 1 69244 0
10995 10995 1 1 69341 0
10996 10996 1 1 69438 0
10997 10997 1 1 69535 0
10998 10998 1 1 69632 0
11000 11000 1 1 69826 0
11001 11001 1 1 69923 0
11002 11002 1 1 70020 0
11003 11003 1 1 70117 0
11004 11004 1 1 70214 0
11005 11005 1 1 70311 0
11006 11006 1 1 70408 0
11007 11007 1 1 70505 0
11008 11008 1 1 70602 0
11009 11009 1 1 70699 0
11010 11010 1 1 70796 0
11011 11011 1 1 70893 0
11012 11012 1 1 70990 0
11013 11013 1 1 71087 0
11014 11014 1 1 71184 0
11015 11015 1 1 71281 0
11017 11017 1 1 71475 0
11018 11018 1 1 71572 0
11019 11019 1 1 71669 0
11020 11020 1 1 71766 0
11021 11021 1 1 71863 0
11022 11022 1 1 71960 0
11023 11023 1 1 72057 0
11024 11024 1 1 72154 0
11025 11025 1 1 72251 0
11026 11026 1 1 72348 0
11027 11027 1 1 72445 0
11028 11028 1 1 72542 0
11029 11029 1 1 72639 0
11030 11030 1 1 72736 0
11031 11031 1 1 72833 0
11032 11032 1 1 72930 0
11034 11034 1 1 73124 0
11035 11035 1 1 73221 0
11036 11036 1 1 73318 0
11037 11037 1 1 73415 0
11038 11038 1 1 73512 0
11039 11039 1 1 73609 0
11040 11040 1 1 73706 0
11041 11041 1 1 73803 0
11042 11042 1 1 73900 0
11043 11043 1 1 73997 0
11044 11044 1 1 74094 0
11045 11045 1 1 74191 0
11046 11046 1 1 74288 0
11047 11047 1 1 74385 0
11048 11048 1 1 74482 0
11049 11049 1 1 74579 0
11051 11051 1 1 74773 0
11052 11052 1 1 74870 0
11053 11053 1 1 74967 0
11054 11054 1 1 75064 0
11055 11055 1 1 75161 0
11056 11056 1 1 75258 0
11057 11057 1 1 75355 0
11058 11058 1 1 75452 0
11059 11059 1 1 75549 0
11060 11060 1 1 75646 0
11061 11061 1 1 75743 0
11062 11062 1 1 75840 0
11063 11063 1 1 75937 0
11064 11064 1 1 76034 0
11065 11065 1 1 76131 0
11066 11066 1 1 76228 0
11068 11068 1 1 76422 0
11069 11069 1 1 76519 0
11070 11070 1 1 76616 0
11071 11071 1 1 76713 0
11072 11072 1 1 76810 0
11073 11073 1 1 76907 0
11074 11074 1 1 77004 0
11075 11075 1 1 77101 0
11076 11076 1 1 77198 0
11077 11077 1 1 77295 0
11078 11078 1 1 77392 0
11079 11079 1 1 77489 0
11080 11080 1 1 77586 0
11081 11081 1 1 77683 0
11082 11082 1 1 77780 0
11083 11083 1 1 77877 0
11085 11085 1 1 78071 0
11086 11086 1 1 78168 0
11087 11087 1 1 78265 0
11088 11088 1 1 78362 0
11089 11089 1 1 78459 0
11090 11090 1 1 78556 0
11091 11091 1 1 78653 0
11092 11092 1 1 78750 0
11093 11093 1 1 78847 0
11094 11094 1 1 78944 0
11095 11095 1 1 79041 0
11096 11096 1 1 79138 0
11097 11097 1 1 79235 0
11098 11098 1 1 79332 0
11099 11099 1 1 79429 0
11100 11100 1 1 79526 0
11102 11102 1 1 79720 0
11103 11103 1 1 79817 0
11104 11104 1 1 79914 0
11105 11105 1 1 80011 0
11106 11106 1 1 80108 0
11107 11107 1 1 80205 0
11108 11108 1 1 80302 0
11109 11109 1 1 80399 0
11110 11110 1 1 80496 0
11111 11111 1 1 80593 0
11112 11112 1 1 80690 0
11113 11113 1 1 80787 0
11114 11114 1 1 80884 0
11115 11115 1 1 80981 0
11116 11116 1 1 81078 0
11117 11117 1 1 81175 0
11119 11119 1 1 81369 0
11120 11120 1 1 81466 0
11121 11121 1 1 81563 0
11122 11122 1 1 81660 0
11123 11123 1 1 81757 0
11124 11124 1 1 81854 0
11125 11125 1 1 81951 0
11126 11126 1 1 82048 0
11127 11127 1 1 82145 0
11128 11128 1 1 82242 0
11129 11129 1 1 82339 0
11130 11130 1 1 82436 0
11131 11131 1 1 82533 0
11132 11132 1 1 82630 0
11133 11133 1 1 82727 0
11134 11134 1 1 82824 0
11136 11136 1 1 83018 0
11137 11137 1 1 83115 0
11138 11138 1 1 83212 0
11139 11139 1 1 83309 0
11140 11140 1 1 83406 0
11141 11141 1 1 83503 0
11142 11142 1 1 83600 0
11143 11143 1 1 83697 0
11144 11144 1 1 83794 0
11145 11145 1 1 83891 0
11146 11146 1 1 83988 0
11147 11147 1 1 84085 0
11148 11148 1 1 84182 0
11149 11149 1 1 84279 0
11150 11150 1 1 84376 0
11151 11151 1 1 84473 0
11153 11153 1 1 84667 0
11154 11154 1 1 84764 0
11155 11155 1 1 84861 0
11156 11156 1 1 84958 0
11157 11157 1 1 85055 0
11158 11158 1 1 85152 0
11159 11159 1 1 85249 0
11160 11160 1 1 85346 0
11161 11161 1 1 85443 0
11162 11162 1 1 85540 0
11163 11163 1 1 85637 0
11164 11164 1 1 85734 0
11165 11165 1 1 85831 0
11166 11166 1 1 85928 0
11167 11167 1 1 86025 0
11168 11168 1 1 86122 0
11170 11170 1 1 86316 0
11171 11171 1 1 86413 0
11172 11172 1 1 86510 0
11173 11173 1 1 86607 0
11174 11174 1 1 86704 0
11175 11175 1 1 86801 0
11176 11176 1 1 86898 0
11177 11177 1 1 86995 0
11178 11178 1 1 87092 0
11179 11179 1 1 87189 0
11180 11180 1 1 87286 0
11181 11181 1 1 87383 0
11182 11182 1 1 87480 0
11183 11183 1 1 87577 0
11184 11184 1 1 87674 0
11185 11185 1 1 87771 0
11187 11187 1 1 87965 0
11188 11188 1 1 88062 0
11189 11189 1 1 88159 0
11190 11190 1 1 88256 0
11191 11191 1 1 88353 0
11192 11192 1 1 88450 0
11193 11193 1 1 88547 0
11194 11194 1 1 88644 0
11195 11195 1 1 88741 0
11196 11196 1 1 88838 0
11197 11197 1 1 88935 0
11198 11198 1 1 89032 0
11199 11199 1 1 89129 0
11200 11200 1 1 89226 0
11201 11201 1 1 89323 0
11202 11202 1 1 89420 0
11204 11204 1 1 89614 0
11205 11205 1 1 89711 0
11206 11206 1 1 89808 0
11207 11207 1 1 89905 0
11208 11208 1 1 90002 0
11209 11209 1 1 90099 0
11210 11210 1 1 90196 0
11211 11211 1 1 90293 0
11212 11212 1 1 90390 0
11213 11213 1 1 90487 0
11214 11214 1 1 90584 0
11215 11215 1 1 90681 0
11216 11216 1 1 90778 0
11217 11217 1 1 90875 0
11218 11218 1 1 90972 0
11219 11219 1 1 91069 0
11221 11221 1 1 91263 0
11222 11222 1 1 91360 0
11223 11223 1 1 91457 0
11224 11224 1 1 91554 0
11225 11225 1 1 91651 0
11226 11226 1 1 91748 0
11227 11227 1 1 91845 0
11228 11228 1 1 91942 0
11229 11229 1 1 92039 0
11230 11230 1 1 92136 0
11231 11231 1 1 92233 0
11232 11232 1 1 92330 0
11233 11233 1 1 92427 0
11234 11234 1 1 92524 0
11235 11235 1 1 92621 0
11236 11236 1 1 92718 0
11238 11238 1 1 92912 0
11239 11239 1 1 93009 0
11240 11240 1 1 93106 0
11241 11241 1 1 93203 0
11242 11242 1 1 93300 0
11243 11243 1 1 93397 0
11244 11244 1 1 93494 0
11245 11245 1 1 93591 0
11246 11246 1 1 93688 0
11247 11247 1 1 93785 0
11248 11248 1 1 93882 0
11249 11249 1 1 93979 0
11250 11250 1 1 94076 0
11251 11251 1 1 94173 0
11252 11252 1 1 94270 0
11253 11253 1 1 94367 0
11255 11255 1 1 94561 0
11256 11256 1 1 94658 0
11257 11257 1 1 94755 0
11258 11258 1 1 94852 0
11259 11259 1 1 94949 0
11260 11260 1 1 95046 0
11261 11261 1 1 95143 0
11262 11262 1 1 95240 0
11263 11263 1 1 95337 0
11264 11264 1 1 95434 0
11265 11265 1 1 95531 0
11266 11266 1 1 95628 0
11267 11267 1 1 95725 0
11268 11268 1 1 95822 0
11269 11269 1 1 95919 0
11270 11270 1 1 96016 0
11272 11272 1 1 96210 0
11273 11273 1 1 96307 0
11274 11274 1 1 96404 0
11275 11275 1 1 96501 0
11276 11276 1 1 96598 0
11277 11277 1 1 96695 0
11278 11278 1 1 96792 0
11279 11279 1 1 96889 0
11280 11280 1 1 96986 0
11281 11281 1 1 97083 0
11282 11282 1 1 97180 0
11283 11283 1 1 97277 0
11284 11284 1 1 97374 0
11285 11285 1 1 97471 0
11286 11286 1 1 97568 0
11287 11287 1 1 97665 0
11289 11289 1 1 97859 0
11290 11290 1 1 97956 0
11291 11291 1 1 98053 0
11292 11292 1 1 98150 0
11293 11293 1 1 98247 0
11294 11294 1 1 98344 0
11295 11295 1 1 98441 0
11296 11296 1 1 98538 0
11297 11297 1 1 98635 0
11298 11298 1 1 98732 0
11299 11299 1 1 98829 0
11300 11300 1 1 98926 0
11301 11301 1 1 99023 0
11302 11302 1 1 99120 0
11303 11303 1 1 99217 0
11304 11304 1 1 99314 0
11306 11306 1 1 99508 0
11307 11307 1 1 99605 0
11308 11308 1 1 99702 0
11309 11309 1 1 99799 0
11310 11310 1 1 99896 0
11311 11311 1 1 99993 0
11312 11312 1 1 100090 0
11313 11313 1 1 100187 0
11314 11314 1 1 100284 0
11315 11315 1 1 100381 0
11316 11316 1 1 100478 0
11317 11317 1 1 100575 0
11318 11318 1 1 100672 0
11319 11319 1 1 100769 0
11320 11320 1 1 100866 0
11321 11321 1 1 100963 0
11323 11323 1 1 101157 0
11324 11324 1 1 101254 0
11325 11325 1 1 101351 0
11326 11326 1 1 101448 0
11327 11327 1 1 101545 0
11328 11328 1 1 101642 0
11329 11329 1 1 101739 0
11330 11330 1 1 101836 0
11331 11331 1 1 101933 0
11332 11332 1 1 102030 0
11333 11333 1 1 102127 0
11334 11334 1 1 102224 0
11335 11335 1 1 102321 0
11336 11336 1 1 102418 0
11337 11337 1 1 102515 0
11338 11338 1 1 102612 0
11340 11340 1 1 102806 0
11341 11341 1 1 102903 0
11342 11342 1 1 103000 0
11343 11343 1 1 103097 0
11344 11344 1 1 103194 0
11345 11345 1 1 103291 0
11346 11346 1 1 103388 0
11347 11347 1 1 103485 0
11348 11348 1 1 103582 0
11349 11349 1 1 103679 0
11350 11350 1 1 103776 0
11351 11351 1 1 103873 0
11352 11352 1 1 103970 0
11353 11353 1 1 104067 0
11354 11354 1 1 104164 0
11355 11355 1 1 104261 0
11357 11357 1 1 104455 0
11358 11358 1 1 104552 0
11359 11359 1 1 104649 0
11360 11360 1 1 104746 0
11361 11361 1 1 104843 0
11362 11362 1 1 104940 0
11363 11363 1 1 105037 0
11364 11364 1 1 105134 0
11365 11365 1 1 105231 0
11366 11366 1 1 105328 0
11367 11367 1 1 105425 0
11368 11368 1 1 105522 0
11369 11369 1 1 105619 0
11370 11370 1 1 105716 0
11371 11371 1 1 105813 0
11372 11372 1 1 105910 0
11374 11374 1 1 106104 0
11375 11375 1 1 106201 0
11376 11376 1 1 106298 0
11377 11377 1 1 106395 0
11378 11378 1 1 106492 0
11379 11379 1 1 106589 0
11380 11380 1 1 106686 0
11381 11381 1 1 106783 0
11382 11382 1 1 106880 0
11383 11383 1 1 106977 0
11384 11384 1 1 107074 0
11385 11385 1 1 107171 0
11386 11386 1 1 107268 0
11387 11387 1 1 107365 0
11388 11388 1 1 107462 0
11389 11389 1 1 107559 0
11391 11391 1 1 107753 0
11392 11392 1 1 107850 0
11393 11393 1 1 107947 0
11394 11394 1 1 108044 0
11395 11395 1 1 108141 0
11396 11396 1 1 108238 0
11397 11397 1 1 108335 0
11398 11398 1 1 108432 0
11399 11399 1 1 108529 0
11400 11400 1 1 108626 0
11401 11401 1 1 108723 0
11402 11402 1 1 108820 0
11403 11403 1 1 108917 0
11404 11404 1 1 109014 0
11405 11405 1 1 109111 0
11406 11406 1 1 109208 0
11408 11408 1 1 109402 0
11409 11409 1 1 109499 0
11410 11410 1 1 109596 0
11411 11411 1 1 109693 0
11412 11412 1 1 109790 0
11413 11413 1 1 109887 0
11414 11414 1 1 109984 0
11415 11415 1 1 110081 0
11416 11416 1 1 110178 0
11417 11417 1 1 110275 0
11418 11418 1 1 110372 0
11419 11419 1 1 110469 0
11420 11420 1 1 110566 0
11421 11421 1 1 110663 0
11422 11422 1 1 110760 0
11423 11423 1 1 110857 0
11425 11425 1 1 111051 0
11426 11426 1 1 111148 0
11427 11427 1 1 111245 0
11428 11428 1 1 111342 0
11429 11429 1 1 111439 0
11430 11430 1 1 111536 0
11431 11431 1 1 111633 0
11432 11432 1 1 111730 0
11433 11433 1 1 111827 0
11434 11434 1 1 111924 0
11435 11435 1 1 112021 0
11436 11436 1 1 112118 0
11437 11437 1 1 112215 0
11438 11438 1 1 112312 0
11439 11439 1 1 112409 0
11440 11440 1 1 112506 0
11442 11442 1 1 112700 0
11443 11443 1 1 112797 0
11444 11444 1 1 112894 0
11445 11445 1 1 112991 0
11446 11446 1 1 113088 0
11447 11447 1 1 113185 0
11448 11448 1 1 113282 0
11449 11449 1 1 113379 0
11450 11450 1 1 113476 0
11451 11451 1 1 113573 0
11452 11452 1 1 113670 0
11453 11453 1 1 113767 0
11454 11454 1 1 113864 0
11455 11455 1 1 113961 0
11456 11456 1 1 114058 0
11457 11457 1 1 114155 0
11459 11459 1 1 114349 0
11460 11460 1 1 114446 0
11461 11461 1 1 114543 0
11462 11462 1 1 114640 0
11463 11463 1 1 114737 0
11464 11464 1 1 114834 0
11465 11465 1 1 114931 0
11466 11466 1 1 115028 0
11467 11467 1 1 115125 0
11468 11468 1 1 115222 0
11469 11469 1 1 115319 0
11470 11470 1 1 115416 0
11471 11471 1 1 115513 0
11472 11472 1 1 115610 0
11473 11473 1 1 115707 0
11474 11474 1 1 115804 0
11476 11476 1 1 115998 0
11477 11477 1 1 116095 0
11478 11478 1 1 116192 0
11479 11479 1 1 116289 0
11480 11480 1 1 116386 0
11481 11481 1 1 116483 0
11482 11482 1 1 116580 0
11483 11483 1 1 116677 0
11484 11484 1 1 116774 0
11485 11485 1 1 116871 0
11486 11486 1 1 116968 0
11487 11487 1 1 117065 0
11488 11488 1 1 117162 0
11489 11489 1 1 117259 0
11490 11490 1 1 117356 0
11491 11491 1 1 117453 0
11493 11493 1 1 117647 0
11494 11494 1 1 117744 0
11495 11495 1 1 117841 0
11496 11496 1 1 117938 0
11497 11497 1 1 118035 0
11498 11498 1 1 118132 0
11499 11499 1 1 118229 0
11500 11500 1 1 118326 0
11501 11501 1 1 118423 0
11502 11502 1 1 118520 0
11503 11503 1 1 118617 0
11504 11504 1 1 118714 0
11505 11505 1 1 118811 0
11506 11506 1 1 118908 0
11507 11507 1 1 119005 0
11508 11508 1 1 119102 0
11510 11510 1 1 119296 0
11511 11511 1 1 119393 0
11512 11512 1 1 119490 0
11513 11513 1 1 119587 0
11514 11514 1 1 119684 0
11515 11515 1 1 119781 0
11516 11516 1 1 119878 0
11517 11517 1 1 119975 0
11518 11518 1 1 120072 0
11519 11519 1 1 120169 0
11520 11520 1 1 120266 0
11521 11521 1 1 120363 0
11522 11522 1 1 120460 0
11523 11523 1 1 120557 0
11524 11524 1 1 120654 0
11525 11525 1 1 120751 0
11527 11527 1 1 120945 0
11528 11528 1 1 121042 0
11529 11529 1 1 121139 0
11530 11530 1 1 121236 0
11531 11531 1 1 121333 0
11532 11532 1 1 121430 0
11533 11533 1 1 121527 0
11534 11534 1 1 121624 0
11535 11535 1 1 121721 0
11536 11536 1 1 121818 0
11537 11537 1 1 121915 0
11538 11538 1 1 122012 0
11539 11539 1 1 122109 0
11540 11540 1 1 122206 0
11541 11541 1 1 122303 0
11542 11542 1 1 122400 0
11544 11544 1 1 122594 0
11545 11545 1 1 122691 0
11546 11546 1 1 122788 0
11547 11547 1 1 122885 0
11548 11548 1 1 122982 0
11549 11549 1 1 123079 0
11550 11550 1 1 123176 0
11551 11551 1 1 123273 0
11552 11552 1 1 123370 0
11553 11553 1 1 123467 0
11554 11554 1 1 123564 0
11555 11555 1 1 123661 0
11556 11556 1 1 123758 0
11557 11557 1 1 123855 0
11558 11558 1 1 123952 0
11559 11559 1 1 124049 0
11561 11561 1 1 124243 0
11562 11562 1 1 124340 0
11563 11563 1 1 124437 0
11564 11564 1 1 124534 0
11565 11565 1 1 124631 0
11566 11566 1 1 124728 0
11567 11567 1 1 124825 0
11568 11568 1 1 124922 0
11569 11569 1 1 125019 0
11570 11570 1 1 125116 0
11571 11571 1 1 125213 0
11572 11572 1 1 125310 0
11573 11573 1 1 125407 0
11574 11574 1 1 125504 0
11575 11575 1 1 125601 0
11576 11576 1 1 125698 0
11578 11578 1 1 125892 0
11579 11579 1 1 125989 0
11580 11580 1 1 126086 0
11581 11581 1 1 126183 0
11582 11582 1 1 126280 0
11583 11583 1 1 126377 0
11584 11584 1 1 126474 0
11585 11585 1 1 126571 0
11586 11586 1 1 126668 0
11587 11587 1 1 126765 0
11588 11588 1 1 126862 0
11589 11589 1 1 126959 0
11590 11590 1 1 127056 0
11591 11591 1 1 127153 0
11592 11592 1 1 127250 0
11593 11593 1 1 127347 0
11595 11595 1 1 127541 0
11596 11596 1 1 127638 0
11597 11597 1 1 127735 0
11598 11598 1 1 127832 0
11599 11599 1 1 127929 0
11600 11600 1 1 128026 0
11601 11601 1 1 128123 0
11602 11602 1 1 128220 0
11603 11603 1 1 128317 0
11604 11604 1 1 128414 0
11605 11605 1 1 128511 0
11606 11606 1 1 128608 0
11607 11607 1 1 128705 0
11608 11608 1 1 128802 0
11609 11609 1 1 128899 0
11610 11610 1 1 128996 0
11612 11612 1 1 129190 0
11613 11613 1 1 129287 0
11614 11614 1 1 129384 0
11615 11615 1 1 129481 0
11616 11616 1 1 129578 0
11617 11617 1 1 129675 0
11618 11618 1 1 129772 0
11619 11619 1 1 129869 0
11620 11620 1 1 129966 0
11621 11621 1 1 130063 0
11622 11622 1 1 130160 0
11623 11623 1 1 130257 0
11624 11624 1 1 130354 0
11625 11625 1 1 130451 0
11626 11626 1 1 130548 0
11627 11627 1 1 130645 0
11629 11629 1 1 130839 0
11630 11630 1 1 130936 0
11631 11631 1 1 131033 0
11632 11632 1 1 131130 0
11633 11633 1 1 131227 0
11634 11634 1 1 131324 0
11635 11635 1 1 131421 0
11636 11636 1 1 131518 0
11637 11637 1 1 131615 0
11638 11638 1 1 131712 0
11639 11639 1 1 131809 0
11640 11640 1 1 131906 0
11641 11641 1 1 132003 0
11642 11642 1 1 132100 0
11643 11643 1 1 132197 0
11644 11644 1 1 132294 0
11646 11646 1 1 132488 0
11647 11647 1 1 132585 0
11648 11648 1 1 132682 0
11649 11649 1 1 132779 0
11650 11650 1 1 132876 0
11651 11651 1 1 132973 0
11652 11652 1 1 133070 0
11653 11653 1 1 133167 0
11654 11654 1 1 133264 0
11655 11655 1 1 133361 0
11656 11656 1 1 133458 0
11657 11657 1 1 133555 0
11658 11658 1 1 133652 0
11659 11659 1 1 133749 0
11660 11660 1 1 133846 0
11661 11661 1 1 133943 0
11663 11663 1 1 134137 0
11664 11664 1 1 134234 0
11665 11665 1 1 134331 0
11666 11666 1 1 134428 0
11667 11667 1 1 134525 0
11668 11668 1 1 134622 0
11669 11669 1 1 134719 0
11670 11670 1 1 134816 0
11671 11671 1 1 134913 0
11672 11672 1 1 135010 0
11673 11673 1 1 135107 0
11674 11674 1 1 135204 0
11675 11675 1 1 135301 0
11676 11676 1 1 135398 0
11677 11677 1 1 135495 0
11678 11678 1 1 135592 0
11680 11680 1 1 135786 0
11681 11681 1 1 135883 0
11682 11682 1 1 135980 0
11683 11683 1 1 136077 0
11684 11684 1 1 136174 0
11685 11685 1 1 136271 0
11686 11686 1 1 136368 0
11687 11687 1 1 136465 0
11688 11688 1 1 136562 0
11689 11689 1 1 136659 0
11690 11690 1 1 136756 0
11691 11691 1 1 136853 0
11692 11692 1 1 136950 0
11693 11693 1 1 137047 0
11694 11694 1 1 137144 0
11695 11695 1 1 137241 0
11697 11697 1 1 137435 0
11698 11698 1 1 137532 0
11699 11699 1 1 137629 0
11700 11700 1 1 137726 0
11701 11701 1 1 137823 0
11702 11702 1 1 137920 0
11703 11703 1 1 138017 0
11704 11704 1 1 138114 0
11705 11705 1 1 138211 0
11706 11706 1 1 138308 0
11707 11707 1 1 138405 0
11708 11708 1 1 138502 0
11709 11709 1 1 138599 0
11710 11710 1 1 138696 0
11711 11711 1 1 138793 0
11712 11712 1 1 138890 0
11714 11714 1 1 139084 0
11715 11715 1 1 139181 0
11716 11716 1 1 139278 0
11717 11717 1 1 139375 0
11718 11718 1 1 139472 0
11719 11719 1 1 139569 0
11720 11720 1 1 139666 0
11721 11721 1 1 139763 0
11722 11722 1 1 139860 0
11723 11723 1 1 139957 0
11724 11724 1 1 140054 0
11725 11725 1 1 140151 0
11726 11726 1 1 140248 0
11727 11727 1 1 140345 0
11728 11728 1 1 140442 0
11729 11729 1 1 140539 0
11731 11731 1 1 140733 0
11732 11732 1 1 140830 0
11733 11733 1 1 140927 0
11734 11734 1 1 141024 0
11735 11735 1 1 141121 0
11736 11736 1 1 141218 0
11737 11737 1 1 141315 0
11738 11738 1 1 141412 0
11739 11739 1 1 141509 0
11740 11740 1 1 141606 0
11741 11741 1 1 141703 0
11742 11742 1 1 141800 0
11743 11743 1 1 141897 0
11744 11744 1 1 141994 0
11745 11745 1 1 142091 0
11746 11746 1 1 142188 0
11748 11748 1 1 142382 0
11749 11749 1 1 142479 0
11750 11750 1 1 142576 0
11751 11751 1 1 142673 0
11752 11752 1 1 142770 0
11753 11753 1 1 142867 0
11754 11754 1 1 142964 0
11755 11755 1 1 143061 0
11756 11756 1 1 143158 0
11757 11757 1 1 143255 0
11758 11758 1 1 143352 0
11759 11759 1 1 143449 0
11760 11760 1 1 143546 0
11761 11761 1 1 143643 0
11762 11762 1 1 143740 0
11763 11763 1 1 143837 0
11765 11765 1 1 144031 0
11766 11766 1 1 144128 0
11767 11767 1 1 144225 0
11768 11768 1 1 144322 0
11769 11769 1 1 144419 0
11770 11770 1 1 144516 0
11771 11771 1 1 144613 0
11772 11772 1 1 144710 0
11773 11773 1 1 144807 0
11774 11774 1 1 144904 0
11775 11775 1 1 145001 0
11776 11776 1 1 145098 0
11777 11777 1 1 145195 0
11778 11778 1 1 145292 0
11779 11779 1 1 145389 0
11780 11780 1 1 145486 0
11782 11782 1 1 145680 0
11783 11783 1 1 145777 0
11784 11784 1 1 145874 0
11785 11785 1 1 145971 0
11786 11786 1 1 146068 0
11787 11787 1 1 146165 0
11788 11788 1 1 146262 0
11789 11789 1 1 146359 0
11790 11790 1 1 146456 0
11791 11791 1 1 146553 0
11792 11792 1 1 146650 0
11793 11793 1 1 146747 0
11794 11794 1 1 146844 0
11795 11795 1 1 146941 0
11796 11796 1 1 147038 0
11797 11797 1 1 147135 0
11799 11799 1 1 147329 0
11800 11800 1 1 147426 0
11801 11801 1 1 147523 0
11802 11802 1 1 147620 0
11803 11803 1 1 147717 0
11804 11804 1 1 147814 0
11805 11805 1 1 147911 0
11806 11806 1 1 148008 0
11807 11807 1 1 148105 0
11808 11808 1 1 148202 0
11809 11809 1 1 148299 0
11810 11810 1 1 148396 0
11811 11811 1 1 148493 0
11812 11812 1 1 148590 0
11813 11813 1 1 148687 0
11814 11814 1 1 148784 0
11816 11816 1 1 148978 0
11817 11817 1 1 149075 0
11818 11818 1 1 149172 0
11819 11819 1 1 149269 0
11820 11820 1 1 149366 0
11821 11821 1 1 149463 0
11822 11822 1 1 149560 0
11823 11823 1 1 149657 0
11824 11824 1 1 149754 0
11825 11825 1 1 149851 0
11826 11826 1 1 149948 0
11827 11827 1 1 150045 0
11828 11828 1 1 150142 0
11829 11829 1 1 150239 0
11830 11830 1 1 150336 0
11831 11831 1 1 150433 0
11833 11833 1 1 150627 0
11834 11834 1 1 150724 0
11835 11835 1 1 150821 0
11836 11836 1 1 150918 0
11837 11837 1 1 151015 0
11838 11838 1 1 151112 0
11839 11839 1 1 151209 0
11840 11840 1 1 151306 0
11841 11841 1 1 151403 0
11842 11842 1 1 151500 0
11843 11843 1 1 151597 0
11844 11844 1 1 151694 0
11845 11845 1 1 151791 0
11846 11846 1 1 151888 0
11847 11847 1 1 151985 0
11848 11848 1 1 152082 0
11850 11850 1 1 152276 0
11851 11851 1 1 152373 0
11852 11852 1 1 152470 0
11853 11853 1 1 152567 0
11854 11854 1 1 152664 0
11855 11855 1 1 152761 0
11856 11856 1 1 152858 0
11857 11857 1 1 152955 0
11858 11858 1 1 153052 0
11859 11859 1 1 153149 0
11860 11860 1 1 153246 0
11861 11861 1 1 153343 0
11862 11862 1 1 153440 0
11863 11863 1 1 153537 0
11864 11864 1 1 153634 0
11865 11865 1 1 153731 0
11867 11867 1 1 153925 0
11868 11868 1 1 154022 0
11869 11869 1 1 154119 0
11870 11870 1 1 154216 0
11871 11871 1 1 154313 0
11872 11872 1 1 154410 0
11873 11873 1 1 154507 0
11874 11874 1 1 154604 0
11875 11875 1 1 154701 0
11876 11876 1 1 154798 0
11877 11877 1 1 154895 0
11878 11878 1 1 154992 0
11879 11879 1 1 155089 0
11880 11880 1 1 155186 0
11881 11881 1 1 155283 0
11882 11882 1 1 155380 0
11884 11884 1 1 155574 0
11885 11885 1 1 155671 0
11886 11886 1 1 155768 0
11887 11887 1 1 155865 0
11888 11888 1 1 155962 0
11889 11889 1 1 156059 0
11890 11890 1 1 156156 0
11891 11891 1 1 156253 0
11892 11892 1 1 156350 0
11893 11893 1 1 156447 0
11894 11894 1 1 156544 0
11895 11895 1 1 156641 0
11896 11896 1 1 156738 0
11897 11897 1 1 156835 0
11898 11898 1 1 156932 0
11899 11899 1 1 157029 0
11901 11901 1 1 157223 0
11902 11902 1 1 157320 0
11903 11903 1 1 157417 0
11904 11904 1 1 157514 0
11905 11905 1 1 157611 0
11906 11906 1 1 157708 0
11907 11907 1 1 157805 0
11908 11908 1 1 157902 0
11909 11909 1 1 157999 0
11910 11910 1 1 158096 0
11911 11911 1 1 158193 0
11912 11912 1 1 158290 0
11913 11913 1 1 158387 0
11914 11914 1 1 158484 0
11915 11915 1 1 158581 0
11916 11916 1 1 158678 0
11918 11918 1 1 158872 0
11919 11919 1 1 158969 0
11920 11920 1 1 159066 0
11921 11921 1 1 159163 0
11922 11922 1 1 159260 0
11923 11923 1 1 159357 0
11924 11924 1 1 159454 0
11925 11925 1 1 159551 0
11926 11926 1 1 159648 0
11927 11927 1 1 159745 0
11928 11928 1 1 159842 0
11929 11929 1 1 159939 0
11930 11930 1 1 160036 0
11931 11931 1 1 160133 0
11932 11932 1 1 160230 0
11933 11933 1 1 160327 0
11935 11935 1 1 160521 0
11936 11936 1 1 160618 0
11937 11937 1 1 160715 0
11938 11938 1 1 160812 0
11939 11939 1 1 160909 0
11940 11940 1 1 161006 0
11941 11941 1 1 161103 0
11942 11942 1 1 161200 0
11943 11943 1 1 161297 0
11944 11944 1 1 161394 0
11945 11945 1 1 161491 0
11946 11946 1 1 161588 0
11947 11947 1 1 161685 0
11948 11948 1 1 161782 0
11949 11949 1 1 161879 0
11950 11950 1 1 161976 0
11952 11952 1 1 162170 0
11953 11953 1 1 162267 0
11954 11954 1 1 162364 0
11955 11955 1 1 162461 0
11956 11956 1 1 162558 0
11957 11957 1 1 162655 0
11958 11958 1 1 162752 0
11959 11959 1 1 162849 0
11960 11960 1 1 162946 0
11961 11961 1 1 163043 0
11962 11962 1 1 163140 0
11963 11963 1 1 163237 0
11964 11964 1 1 163334 0
11965 11965 1 1 163431 0
11966 11966 1 1 163528 0
11967 11967 1 1 163625 0
11969 11969 1 1 163819 0
11970 11970 1 1 163916 0
11971 11971 1 1 164013 0
11972 11972 1 1 164110 0
11973 11973 1 1 164207 0
11974 11974 1 1 164304 0
11975 11975 1 1 164401 0
11976 11976 1 1 164498 0
11977 11977 1 1 164595 0
11978 11978 1 1 164692 0
11979 11979 1 1 164789 0
11980 11980 1 1 164886 0
11981 11981 1 1 164983 0
11982 11982 1 1 165080 0
11983 11983 1 1 165177 0
11984 11984 1 1 165274 0
11986 11986 1 1 165468 0
11987 11987 1 1 165565 0
11988 11988 1 1 165662 0
11989 11989 1 1 165759 0
11990 11990 1 1 165856 0
11991 11991 1 1 165953 0
11992 11992 1 1 166050 0
11993 11993 1 1 166147 0
11994 11994 1 1 166244 0
11995 11995 1 1 166341 0
11996 11996 1 1 166438 0
11997 11997 1 1 166535 0
11998 11998 1 1 166632 0
11999 11999 1 1 166729 0
12000 12000 1 1 166826 0
12001 12001 1 1 166923 0
12003 12003 1 1 167117 0
12004 12004 1 1 167214 0
12005 12005 1 1 167311 0
12006 12006 1 1 167408 0
12007 12007 1 1 167505 0
12008 12008 1 1 167602 0
12009 12009 1 1 167699 0
12010 12010 1 1 167796 0
12011 12011 1 1 167893 0
12012 12012 1 1 167990 0
12013 12013 1 1 168087 0
12014 12014 1 1 168184 0
12015 12015 1 1 168281 0
12016 12016 1 1 168378 0
12017 12017 1 1 168475 0
12018 12018 1 1 168572 0
12020 12020 1 1 168766 0
12021 12021 1 1 168863 0
12022 12022 1 1 168960 0
12023 12023 1 1 169057 0
12024 12024 1 1 169154 0
12025 12025 1 1 169251 0
12026 12026 1 1 169348 0
12027 12027 1 1 169445 0
12028 12028 1 1 169542 0
12029 12029 1 1 169639 0
12030 12030 1 1 169736 0
12031 12031 1 1 169833 0
12032 12032 1 1 169930 0
12033 12033 1 1 170027 0
12034 12034 1 1 170124 0
12035 12035 1 1 170221 0
12037 12037 1 1 170415 0
12038 12038 1 1 170512 0
12039 12039 1 1 170609 0
12040 12040 1 1 170706 0
12041 12041 1 1 170803 0
12042 12042 1 1 170900 0
12043 12043 1 1 170997 0
12044 12044 1 1 171094 0
12045 12045 1 1 171191 0
12046 12046 1 1 171288 0
12047 12047 1 1 171385 0
12048 12048 1 1 171482 0
12049 12049 1 1 171579 0
12050 12050 1 1 171676 0
12051 12051 1 1 171773 0
12052 12052 1 1 171870 0
12054 12054 1 1 172064 0
12055 12055 1 1 172161 0
12056 12056 1 1 172258 0
12057 12057 1 1 172355 0
12058 12058 1 1 172452 0
12059 12059 1 1 172549 0
12060 12060 1 1 172646 0
12061 12061 1 1 172743 0
12062 12062 1 1 172840 0
12063 12063 1 1 172937 0
12064 12064 1 1 173034 0
12065 12065 1 1 173131 0
12066 12066 1 1 173228 0
12067 12067 1 1 173325 0
12068 12068 1 1 173422 0
12069 12069 1 1 173519 0
12071 12071 1 1 173713 0
12072 12072 1 1 173810 0
12073 12073 1 1 173907 0
12074 12074 1 1 174004 0
12075 12075 1 1 174101 0
12076 12076 1 1 174198 0
12077 12077 1 1 174295 0
12078 12078 1 1 174392 0
12079 12079 1 1 174489 0
12080 12080 1 1 174586 0
12081 12081 1 1 174683 0
12082 12082 1 1 174780 0
12083 12083 1 1 174877 0
12084 12084 1 1 174974 0
12085 12085 1 1 175071 0
12086 12086 1 1 175168 0
12088 12088 1 1 175362 0
12089 12089 1 1 175459 0
12090 12090 1 1 175556 0
12091 12091 1 1 175653 0
12092 12092 1 1 175750 0
12093 12093 1 1 175847 0
12094 12094 1 1 175944 0
12095 12095 1 1 176041 0
12096 12096 1 1 176138 0
12097 12097 1 1 176235 0
12098 12098 1 1 176332 0
12099 12099 1 1 176429 0
12100 12100 1 1 176526 0
12101 12101 1 1 176623 0
12102 12102 1 1 176720 0
12103 12103 1 1 176817 0
12105 12105 1 1 177011 0
12106 12106 1 1 177108 0
12107 12107 1 1 177205 0
12108 12108 1 1 177302 0
12109 12109 1 1 177399 0
12110 12110 1 1 177496 0
12111 12111 1 1 177593 0
12112 12112 1 1 177690 0
12113 12113 1 1 177787 0
12114 12114 1 1 177884 0
12115 12115 1 1 177981 0
12116 12116 1 1 178078 0
12117 12117 1 1 178175 0
12118 12118 1 1 178272 0
12119 12119 1 1 178369 0
12120 12120 1 1 178466 0
12122 12122 1 1 178660 0
12123 12123 1 1 178757 0
12124 12124 1 1 178854 0
12125 12125 1 1 178951 0
12126 12126 1 1 179048 0
12127 12127 1 1 179145 0
12128 12128 1 1 179242 0
12129 12129 1 1 179339 0
12130 12130 1 1 179436 0
12131 12131 1 1 179533 0
12132 12132 1 1 179630 0
12133 12133 1 1 179727 0
12134 12134 1 1 179824 0
12135 12135 1 1 179921 0
12136 12136 1 1 180018 0
12137 12137 1 1 180115 0
12139 12139 1 1 180309 0
12140 12140 1 1 180406 0
12141 12141 1 1 180503 0
12142 12142 1 1 180600 0
12143 12143 1 1 180697 0
12144 12144 1 1 180794 0
12145 12145 1 1 180891 0
12146 12146 1 1 180988 0
12147 12147 1 1 181085 0
12148 12148 1 1 181182 0
12149 12149 1 1 181279 0
12150 12150 1 1 181376 0
12151 12151 1 1 181473 0
12152 12152 1 1 181570 0
12153 12153 1 1 181667 0
12154 12154 1 1 181764 0
12156 12156 1 1 181958 0
12157 12157 1 1 182055 0
12158 12158 1 1 182152 0
12159 12159 1 1 182249 0
12160 12160 1 1 182346 0
12161 12161 1 1 182443 0
12162 12162 1 1 182540 0
12163 12163 1 1 182637 0
12164 12164 1 1 182734 0
12165 12165 1 1 182831 0
12166 12166 1 1 182928 0
12167 12167 1 1 183025 0
12168 12168 1 1 183122 0
12169 12169 1 1 183219 0
12170 12170 1 1 183316 0
12171 12171 1 1 183413 0
12173 12173 1 1 183607 0
12174 12174 1 1 183704 0
12175 12175 1 1 183801 0
12176 12176 1 1 183898 0
12177 12177 1 1 183995 0
12178 12178 1 1 184092 0
12179 12179 1 1 184189 0
12180 12180 1 1 184286 0
12181 12181 1 1 184383 0
12182 12182 1 1 184480 0
12183 12183 1 1 184577 0
12184 12184 1 1 184674 0
12185 12185 1 1 184771 0
12186 12186 1 1 184868 0
12187 12187 1 1 184965 0
12188 12188 1 1 185062 0
12190 12190 1 1 185256 0
12191 12191 1 1 185353 0
12192 12192 1 1 185450 0
12193 12193 1 1 185547 0
12194 12194 1 1 185644 0
12195 12195 1 1 185741 0
12196 12196 1 1 185838 0
12197 12197 1 1 185935 0
12198 12198 1 1 186032 0
12199 12199 1 1 186129 0
12200 12200 1 1 186226 0
12201 12201 1 1 186323 0
12202 12202 1 1 186420 0
12203 12203 1 1 186517 0
12204 12204 1 1 186614 0
12205 12205 1 1 186711 0
12207 12207 1 1 186905 0
12208 12208 1 1 187002 0
12209 12209 1 1 187099 0
12210 12210 1 1 187196 0
12211 12211 1 1 187293 0
12212 12212 1 1 187390 0
12213 12213 1 1 187487 0
12214 12214 1 1 187584 0
12215 12215 1 1 187681 0
12216 12216 1 1 187778 0
12217 12217 1 1 187875 0
12218 12218 1 1 187972 0
12219 12219 1 1 188069 0
12220 12220 1 1 188166 0
12221 12221 1 1 188263 0
12222 12222 1 1 188360 0
12224 12224 1 1 188554 0
12225 12225 1 1 188651 0
12226 12226 1 1 188748 0
12227 12227 1 1 188845 0
12228 12228 1 1 188942 0
12229 12229 1 1 189039 0
12230 12230 1 1 189136 0
12231 12231 1 1 189233 0
12232 12232 1 1 189330 0
12233 12233 1 1 189427 0
12234 12234 1 1 189524 0
12235 12235 1 1 189621 0
12236 12236 1 1 189718 0
12237 12237 1 1 189815 0
12238 12238 1 1 189912 0
12239 12239 1 1 190009 0
12241 12241 1 1 190203 0
12242 12242 1 1 190300 0
12243 12243 1 1 190397 0
12244 12244 1 1 190494 0
12245 12245 1 1 190591 0
12246 12246 1 1 190688 0
12247 12247 1 1 190785 0
12248 12248 1 1 190882 0
12249 12249 1 1 190979 0
12250 12250 1 1 191076 0
12251 12251 1 1 191173 0
12252 12252 1 1 191270 0
12253 12253 1 1 191367 0
12254 12254 1 1 191464 0
12255 12255 1 1 191561 0
12256 12256 1 1 191658 0
12258 12258 1 1 191852 0
12259 12259 1 1 191949 0
12260 12260 1 1 192046 0
12261 12261 1 1 192143 0
12262 12262 1 1 192240 0
12263 12263 1 1 192337 0
12264 12264 1 1 192434 0
12265 12265 1 1 192531 0
12266 12266 1 1 192628 0
12267 12267 1 1 192725 0
12268 12268 1 1 192822 0
12269 12269 1 1 192919 0
12270 12270 1 1 193016 0
12271 12271 1 1 193113 0
12272 12272 1 1 193210 0
12273 12273 1 1 193307 0
12275 12275 1 1 193501 0
12276 12276 1 1 193598 0
12277 12277 1 1 193695 0
12278 12278 1 1 193792 0
12279 12279 1 1 193889 0
12280 12280 1 1 193986 0
12281 12281 1 1 194083 0
12282 12282 1 1 194180 0
12283 12283 1 1 194277 0
12284 12284 1 1 194374 0
12285 12285 1 1 194471 0
12286 12286 1 1 194568 0
12287 12287 1 1 194665 0
12288 12288 1 1 194762 0
12289 12289 1 1 194859 0
12290 12290 1 1 194956 0
12292 12292 1 1 195150 0
12293 12293 1 1 195247 0
12294 12294 1 1 195344 0
12295 12295 1 1 195441 0
12296 12296 1 1 195538 0
12297 12297 1 1 195635 0
12298 12298 1 1 195732 0
12299 12299 1 1 195829 0
12300 12300 1 1 195926 0
12301 12301 1 1 196023 0
12302 12302 1 1 196120 0
12303 12303 1 1 196217 0
12304 12304 1 1 196314 0
12305 12305 1 1 196411 0
12306 12306 1 1 196508 0
12307 12307 1 1 196605 0
12309 12309 1 1 196799 0
12310 12310 1 1 196896 0
12311 12311 1 1 196993 0
12312 12312 1 1 197090 0
12313 12313 1 1 197187 0
12314 12314 1 1 197284 0
12315 12315 1 1 197381 0
12316 12316 1 1 197478 0
12317 12317 1 1 197575 0
12318 12318 1 1 197672 0
12319 12319 1 1 197769 0
12320 12320 1 1 197866 0
12321 12321 1 1 197963 0
12322 12322 1 1 198060 0
12323 12323 1 1 198157 0
12324 12324 1 1 198254 0
12326 12326 1 1 198448 0
12327 12327 1 1 198545 0
12328 12328 1 1 198642 0
12329 12329 1 1 198739 0
12330 12330 1 1 198836 0
12331 12331 1 1 198933 0
12332 12332 1 1 199030 0
12333 12333 1 1 199127 0
12334 12334 1 1 199224 0
12335 12335 1 1 199321 0
12336 12336 1 1 199418 0
12337 12337 1 1 199515 0
12338 12338 1 1 199612 0
12339 12339 1 1 199709 0
12340 12340 1 1 199806 0
12341 12341 1 1 199903 0
12343 12343 1 1 200097 0
12344 12344 1 1 200194 0
12345 12345 1 1 200291 0
12346 12346 1 1 200388 0
12347 12347 1 1 200485 0
12348 12348 1 1 200582 0
12349 12349 1 1 200679 0
12350 12350 1 1 200776 0
12351 12351 1 1 200873 0
12352 12352 1 1 200970 0
12353 12353 1 1 201067 0
12354 12354 1 1 201164 0
12355 12355 1 1 201261 0
12356 12356 1 1 201358 0
12357 12357 1 1 201455 0
12358 12358 1 1 201552 0
12360 12360 1 1 201746 0
12361 12361 1 1 201843 0
12362 12362 1 1 201940 0
12363 12363 1 1 202037 0
12364 12364 1 1 202134 0
12365 12365 1 1 202231 0
12366 12366 1 1 202328 0
12367 12367 1 1 202425 0
12368 12368 1 1 202522 0
12369 12369 1 1 202619 0
12370 12370 1 1 202716 0
12371 12371 1 1 202813 0
12372 12372 1 1 202910 0
12373 12373 1 1 203007 0
12374 12374 1 1 203104 0
12375 12375 1 1 203201 0
12377 12377 1 1 203395 0
12378 12378 1 1 203492 0
12379 12379 1 1 203589 0
12380 12380 1 1 203686 0
12381 12381 1 1 203783 0
12382 12382 1 1 203880 0
12383 12383 1 1 203977 0
12384 12384 1 1 204074 0
12385 12385 1 1 204171 0
12386 12386 1 1 204268 0
12387 12387 1 1 204365 0
12388 12388 1 1 204462 0
12389 12389 1 1 204559 0
12390 12390 1 1 204656 0
12391 12391 1 1 204753 0
12392 12392 1 1 204850 0
12394 12394 1 1 205044 0
12395 12395 1 1 205141 0
12396 12396 1 1 205238 0
12397 12397 1 1 205335 0
12398 12398 1 1 205432 0
12399 12399 1 1 205529 0
12400 12400 1 1 205626 0
12401 12401 1 1 205723 0
12402 12402 1 1 205820 0
12403 12403 1 1 205917 0
12404 12404 1 1 206014 0
12405 12405 1 1 206111 0
12406 12406 1 1 206208 0
12407 12407 1 1 206305 0
12408 12408 1 1 206402 0
12409 12409 1 1 206499 0
12411 12411 1 1 206693 0
12412 12412 1 1 206790 0
12413 12413 1 1 206887 0
12414 12414 1 1 206984 0
12415 12415 1 1 207081 0
12416 12416 1 1 207178 0
12417 12417 1 1 207275 0
12418 12418 1 1 207372 0
12419 12419 1 1 207469 0
12420 12420 1 1 207566 0
12421 12421 1 1 207663 0
12422 12422 1 1 207760 0
12423 12423 1 1 207857 0
12424 12424 1 1 207954 0
12425 12425 1 1 208051 0
12426 12426 1 1 208148 0
12428 12428 1 1 208342 0
12429 12429 1 1 208439 0
12430 12430 1 1 208536 0
12431 12431 1 1 208633 0
12432 12432 1 1 208730 0
12433 12433 1 1 208827 0
12434 12434 1 1 208924 0
12435 12435 1 1 209021 0
12436 12436 1 1 209118 0
12437 12437 1 1 209215 0
12438 12438 1 1 209312 0
12439 12439 1 1 209409 0
12440 12440 1 1 209506 0
12441 12441 1 1 209603 0
12442 12442 1 1 209700 0
12443 12443 1 1 209797 0
12445 12445 1 1 209991 0
12446 12446 1 1 210088 0
12447 12447 1 1 210185 0
12448 12448 1 1 210282 0
12449 12449 1 1 210379 0
12450 12450 1 1 210476 0
12451 12451 1 1 210573 0
12452 12452 1 1 210670 0
12453 12453 1 1 210767 0
12454 12454 1 1 210864 0
12455 12455 1 1 210961 0
12456 12456 1 1 211058 0
12457 12457 1 1 211155 0
12458 12458 1 1 211252 0
12459 12459 1 1 211349 0
12460 12460 1 1 211446 0
12462 12462 1 1 211640 0
12463 12463 1 1 211737 0
12464 12464 1 1 211834 0
12465 12465 1 1 211931 0
12466 12466 1 1 212028 0
12467 12467 1 1 212125 0
12468 12468 1 1 212222 0
12469 12469 1 1 212319 0
12470 12470 1 1 212416 0
12471 12471 1 1 212513 0
12472 12472 1 1 212610 0
12473 12473 1 1 212707 0
12474 12474 1 1 212804 0
12475 12475 1 1 212901 0
12476 12476 1 1 212998 0
12477 12477 1 1 213095 0
12479 12479 1 1 213289 0
12480 12480 1 1 213386 0
12481 12481 1 1 213483 0
12482 12482 1 1 213580 0
12483 12483 1 1 213677 0
12484 12484 1 1 213774 0
12485 12485 1 1 213871 0
12486 12486 1 1 213968 0
12487 12487 1 1 214065 0
12488 12488 1 1 214162 0
12489 12489 1 1 214259 0
12490 12490 1 1 214356 0
12491 12491 1 1 214453 0
12492 12492 1 1 214550 0
12493 12493 1 1 214647 0
12494 12494 1 1 214744 0
12496 12496 1 1 214938 0
12497 12497 1 1 215035 0
12498 12498 1 1 215132 0
12499 12499 1 1 215229 0
12500 12500 1 1 215326 0
12501 12501 1 1 215423 0
12502 12502 1 1 215520 0
12503 12503 1 1 215617 0
12504 12504 1 1 215714 0
12505 12505 1 1 215811 0
12506 12506 1 1 215908 0
12507 12507 1 1 216005 0
12508 12508 1 1 216102 0
12509 12509 1 1 216199 0
12510 12510 1 1 216296 0
12511 12511 1 1 216393 0
12513 12513 1 1 216587 0
12514 12514 1 1 216684 0
12515 12515 1 1 216781 0
12516 12516 1 1 216878 0
12517 12517 1 1 216975 0
12518 12518 1 1 217072 0
12519 12519 1 1 217169 0
12520 12520 1 1 217266 0
12521 12521 1 1 217363 0
12522 12522 1 1 217460 0
12523 12523 1 1 217557 0
12524 12524 1 1 217654 0
12525 12525 1 1 217751 0
12526 12526 1 1 217848 0
12527 12527 1 1 217945 0
12528 12528 1 1 218042 0
12530 12530 1 1 218236 0
12531 12531 1 1 218333 0
12532 12532 1 1 218430 0
12533 12533 1 1 218527 0
12534 12534 1 1 218624 0
12535 12535 1 1 218721 0
12536 12536 1 1 218818 0
12537 12537 1 1 218915 0
12538 12538 1 1 219012 0
12539 12539 1 1 219109 0
12540 12540 1 1 219206 0
12541 12541 1 1 219303 0
12542 12542 1 1 219400 0
12543 12543 1 1 219497 0
12544 12544 1 1 219594 0
12545 12545 1 1 219691 0
12547 12547 1 1 219885 0
12548 12548 1 1 219982 0
12549 12549 1 1 220079 0
12550 12550 1 1 220176 0
12551 12551 1 1 220273 0
12552 12552 1 1 220370 0
12553 12553 1 1 220467 0
12554 12554 1 1 220564 0
12555 12555 1 1 220661 0
12556 12556 1 1 220758 0
12557 12557 1 1 220855 0
12558 12558 1 1 220952 0
12559 12559 1 1 221049 0
12560 12560 1 1 221146 0
12561 12561 1 1 221243 0
12562 12562 1 1 221340 0
12564 12564 1 1 221534 0
12565 12565 1 1 221631 0
12566 12566 1 1 221728 0
12567 12567 1 1 221825 0
12568 12568 1 1 221922 0
12569 12569 1 1 222019 0
12570 12570 1 1 222116 0
12571 12571 1 1 222213 0
12572 12572 1 1 222310 0
12573 12573 1 1 222407 0
12574 12574 1 1 222504 0
12575 12575 1 1 222601 0
12576 12576 1 1 222698 0
12577 12577 1 1 222795 0
12578 12578 1 1 222892 0
12579 12579 1 1 222989 0
12581 12581 1 1 223183 0
12582 12582 1 1 223280 0
12583 12583 1 1 223377 0
12584 12584 1 1 223474 0
12585 12585 1 1 223571 0
12586 12586 1 1 223668 0
12587 12587 1 1 223765 0
12588 12588 1 1 223862 0
12589 12589 1 1 223959 0
12590 12590 1 1 224056 0
12591 12591 1 1 224153 0
12592 12592 1 1 224250 0
12593 12593 1 1 224347 0
12594 12594 1 1 224444 0
12595 12595 1 1 224541 0
12596 12596 1 1 224638 0
12598 12598 1 1 224832 0
12599 12599 1 1 224929 0
12600 12600 1 1 225026 0
12601 12601 1 1 225123 0
12602 12602 1 1 225220 0
12603 12603 1 1 225317 0
12604 12604 1 1 225414 0
12605 12605 1 1 225511 0
12606 12606 1 1 225608 0
12607 12607 1 1 225705 0
12608 12608 1 1 225802 0
12609 12609 1 1 225899 0
12610 12610 1 1 225996 0
12611 12611 1 1 226093 0
12612 12612 1 1 226190 0
12613 12613 1 1 226287 0
12615 12615 1 1 226481 0
12616 12616 1 1 226578 0
12617 12617 1 1 226675 0
12618 12618 1 1 226772 0
12619 12619 1 1 226869 0
12620 12620 1 1 226966 0
12621 12621 1 1 227063 0
12622 12622 1 1 227160 0
12623 12623 1 1 227257 0
12624 12624 1 1 227354 0
12625 12625 1 1 227451 0
12626 12626 1 1 227548 0
12627 12627 1 1 227645 0
12628 12628 1 1 227742 0
12629 12629 1 1 227839 0
12630 12630 1 1 227936 0
12632 12632 1 1 228130 0
12633 12633 1 1 228227 0
12634 12634 1 1 228324 0
12635 12635 1 1 228421 0
12636 12636 1 1 228518 0
12637 12637 1 1 228615 0
12638 12638 1 1 228712 0
12639 12639 1 1 228809 0
12640 12640 1 1 228906 0
12641 12641 1 1 229003 0
12642 12642 1 1 229100 0
12643 12643 1 1 229197 0
12644 12644 1 1 229294 0
12645 12645 1 1 229391 0
12646 12646 1 1 229488 0
12647 12647 1 1 229585 0
12649 12649 1 1 229779 0
12650 12650 1 1 229876 0
12651 12651 1 1 229973 0
12652 12652 1 1 230070 0
12653 12653 1 1 230167 0
12654 12654 1 1 230264 0
12655 12655 1 1 230361 0
12656 12656 1 1 230458 0
12657 12657 1 1 230555 0
12658 12658 1 1 230652 0
12659 12659 1 1 230749 0
12660 12660 1 1 230846 0
12661 12661 1 1 230943 0
12662 12662 1 1 231040 0
12663 12663 1 1 231137 0
12664 12664 1 1 231234 0
12666 12666 1 1 231428 0
12667 12667 1 1 231525 0
12668 12668 1 1 231622 0
12669 12669 1 1 231719 0
12670 12670 1 1 231816 0
12671 12671 1 1 231913 0
12672 12672 1 1 232010 0
12673 12673 1 1 232107 0
12674 12674 1 1 232204 0
12675 12675 1 1 232301 0
12676 12676 1 1 232398 0
12677 12677 1 1 232495 0
12678 12678 1 1 232592 0
12679 12679 1 1 232689 0
12680 12680 1 1 232786 0
12681 12681 1 1 232883 0
12683 12683 1 1 233077 0
12684 12684 1 1 233174 0
12685 12685 1 1 233271 0
12686 12686 1 1 233368 0
12687 12687 1 1 233465 0
12688 12688 1 1 233562 0
12689 12689 1 1 233659 0
12690 12690 1 1 233756 0
12691 12691 1 1 233853 0
12692 12692 1 1 233950 0
12693 12693 1 1 234047 0
12694 12694 1 1 234144 0
12695 12695 1 1 234241 0
12696 12696 1 1 234338 0
12697 12697 1 1 234435 0
12698 12698 1 1 234532 0
12700 12700 1 1 234726 0
12701 12701 1 1 234823 0
12702 12702 1 1 234920 0
12703 12703 1 1 235017 0
12704 12704 1 1 235114 0
12705 12705 1 1 235211 0
12706 12706 1 1 235308 0
12707 12707 1 1 235405 0
12708 12708 1 1 235502 0
12709 12709 1 1 235599 0
12710 12710 1 1 235696 0
12711 12711 1 1 235793 0
12712 12712 1 1 235890 0
12713 12713 1 1 235987 0
12714 12714 1 1 236084 0
12715 12715 1 1 236181 0
12717 12717 1 1 236375 0
12718 12718 1 1 236472 0
12719 12719 1 1 236569 0
12720 12720 1 1 236666 0
12721 12721 1 1 236763 0
12722 12722 1 1 236860 0
12723 12723 1 1 236957 0
12724 12724 1 1 237054 0
12725 12725 1 1 237151 0
12726 12726 1 1 237248 0
12727 12727 1 1 237345 0
12728 12728 1 1 237442 0
12729 12729 1 1 237539 0
12730 12730 1 1 237636 0
12731 12731 1 1 237733 0
12732 12732 1 1 237830 0
12734 12734 1 1 238024 0
12735 12735 1 1 238121 0
12736 12736 1 1 238218 0
12737 12737 1 1 238315 0
12738 12738 1 1 238412 0
12739 12739 1 1 238509 0
12740 12740 1 1 238606 0
12741 12741 1 1 238703 0
12742 12742 1 1 238800 0
12743 12743 1 1 238897 0
12744 12744 1 1 238994 0
12745 12745 1 1 239091 0
12746 12746 1 1 239188 0
12747 12747 1 1 239285 0
12748 12748 1 1 239382 0
12749 12749 1 1 239479 0
12751 12751 1 1 239673 0
12752 12752 1 1 239770 0
12753 12753 1 1 239867 0
12754 12754 1 1 239964 0
12755 12755 1 1 240061 0
12756 12756 1 1 240158 0
12757 12757 1 1 240255 0
12758 12758 1 1 240352 0
12759 12759 1 1 240449 0
12760 12760 1 1 240546 0
12761 12761 1 1 240643 0
12762 12762 1 1 240740 0
12763 12763 1 1 240837 0
12764 12764 1 1 240934 0
12765 12765 1 1 241031 0
12766 12766 1 1 241128 0
12768 12768 1 1 241322 0
12769 12769 1 1 241419 0
12770 12770 1 1 241516 0
12771 12771 1 1 241613 0
12772 12772 1 1 241710 0
12773 12773 1 1 241807 0
12774 12774 1 1 241904 0
12775 12775 1 1 242001 0
12776 12776 1 1 242098 0
12777 12777 1 1 242195 0
12778 12778 1 1 242292 0
12779 12779 1 1 242389 0
12780 12780 1 1 242486 0
12781 12781 1 1 242583 0
12782 12782 1 1 242680 0
12783 12783 1 1 242777 0
12785 12785 1 1 242971 0
12786 12786 1 1 243068 0
12787 12787 1 1 243165 0
12788 12788 1 1 243262 0
12789 12789 1 1 243359 0
12790 12790 1 1 243456 0
12791 12791 1 1 243553 0
12792 12792 1 1 243650 0
12793 12793 1 1 243747 0
12794 12794 1 1 243844 0
12795 12795 1 1 243941 0
12796 12796 1 1 244038 0
12797 12797 1 1 244135 0
12798 12798 1 1 244232 0
12799 12799 1 1 244329 0
12800 12800 1 1 244426 0
12802 12802 1 1 244620 0
12803 12803 1 1 244717 0
12804 12804 1 1 244814 0
12805 12805 1 1 244911 0
12806 12806 1 1 245008 0
12807 12807 1 1 245105 0
12808 12808 1 1 245202 0
12809 12809 1 1 245299 0
12810 12810 1 1 245396 0
12811 12811 1 1 245493 0
12812 12812 1 1 245590 0
12813 12813 1 1 245687 0
12814 12814 1 1 245784 0
12815 12815 1 1 245881 0
12816 12816 1 1 245978 0
12817 12817 1 1 246075 0
12819 12819 1 1 246269 0
12820 12820 1 1 246366 0
12821 12821 1 1 246463 0
12822 12822 1 1 246560 0
12823 12823 1 1 246657 0
12824 12824 1 1 246754 0
12825 12825 1 1 246851 0
12826 12826 1 1 246948 0
12827 12827 1 1 247045 0
12828 12828 1 1 247142 0
12829 12829 1 1 247239 0
12830 12830 1 1 247336 0
12831 12831 1 1 247433 0
12832 12832 1 1 247530 0
12833 12833 1 1 247627 0
12834 12834 1 1 247724 0
12836 12836 1 1 247918 0
12837 12837 1 1 248015 0
12838 12838 1 1 248112 0
12839 12839 1 1 248209 0
12840 12840 1 1 248306 0
12841 12841 1 1 248403 0
12842 12842 1 1 248500 0
12843 12843 1 1 248597 0
12844 12844 1 1 248694 0
12845 12845 1 1 248791 0
12846 12846 1 1 248888 0
12847 12847 1 1 248985 0
12848 12848 1 1 249082 0
12849 12849 1 1 249179 0
12850 12850 1 1 249276 0
12851 12851 1 1 249373 0
12853 12853 1 1 249567 0
12854 12854 1 1 249664 0
12855 12855 1 1 249761 0
12856 12856 1 1 249858 0
12857 12857 1 1 249955 0
12858 12858 1 1 250052 0
12859 12859 1 1 250149 0
12860 12860 1 1 250246 0
12861 12861 1 1 250343 0
12862 12862 1 1 250440 0
12863 12863 1 1 250537 0
12864 12864 1 1 250634 0
12865 12865 1 1 250731 0
12866 12866 1 1 250828 0
12867 12867 1 1 250925 0
12868 12868 1 1 251022 0
12870 12870 1 1 251216 0
12871 12871 1 1 251313 0
12872 12872 1 1 251410 0
12873 12873 1 1 251507 0
12874 12874 1 1 251604 0
12875 12875 1 1 251701 0
12876 12876 1 1 251798 0
12877 12877 1 1 251895 0
12878 12878 1 1 251992 0
12879 12879 1 1 252089 0
12880 12880 1 1 252186 0
12881 12881 1 1 252283 0
12882 12882 1 1 252380 0
12883 12883 1 1 252477 0
12884 12884 1 1 252574 0
12885 12885 1 1 252671 0
12887 12887 1 1 252865 0
12888 12888 1 1 252962 0
12889 12889 1 1 253059 0
12890 12890 1 1 253156 0
12891 12891 1 1 253253 0
12892 12892 1 1 253350 0
12893 12893 1 1 253447 0
12894 12894 1 1 253544 0
12895 12895 1 1 253641 0
12896 12896 1 1 253738 0
12897 12897 1 1 253835 0
12898 12898 1 1 253932 0
12899 12899 1 1 254029 0
12900 12900 1 1 254126 0
12901 12901 1 1 254223 0
12902 12902 1 1 254320 0
12904 12904 1 1 254514 0
12905 12905 1 1 254611 0
12906 12906 1 1 254708 0
12907 12907 1 1 254805 0
12908 12908 1 1 254902 0
12909 12909 1 1 254999 0
12910 12910 1 1 255096 0
12911 12911 1 1 255193 0
12912 12912 1 1 255290 0
12913 12913 1 1 255387 0
12914 12914 1 1 255484 0
12915 12915 1 1 255581 0
12916 12916 1 1 255678 0
12917 12917 1 1 255775 0
12918 12918 1 1 255872 0
12919 12919 1 1 255969 0
12921 12921 1 1 256163 0
12922 12922 1 1 256260 0
12923 12923 1 1 256357 0
12924 12924 1 1 256454 0
12925 12925 1 1 256551 0
12926 12926 1 1 256648 0
12927 12927 1 1 256745 0
12928 12928 1 1 256842 0
12929 12929 1 1 256939 0
12930 12930 1 1 257036 0
12931 12931 1 1 257133 0
12932 12932 1 1 257230 0
12933 12933 1 1 257327 0
12934 12934 1 1 257424 0
12935 12935 1 1 257521 0
12936 12936 1 1 257618 0
12938 12938 1 1 257812 0
12939 12939 1 1 257909 0
12940 12940 1 1 258006 0
12941 12941 1 1 258103 0
12942 12942 1 1 258200 0
12943 12943 1 1 258297 0
12944 12944 1 1 258394 0
12945 12945 1 1 258491 0
12946 12946 1 1 258588 0
12947 12947 1 1 258685 0
12948 12948 1 1 258782 0
12949 12949 1 1 258879 0
12950 12950 1 1 258976 0
12951 12951 1 1 259073 0
12952 12952 1 1 259170 0
12953 12953 1 1 259267 0
12955 12955 1 1 259461 0
12956 12956 1 1 259558 0
12957 12957 1 1 259655 0
12958 12958 1 1 259752 0
12959 12959 1 1 259849 0
12960 12960 1 1 259946 0
12961 12961 1 1 260043 0
12962 12962 1 1 260140 0
12963 12963 1 1 260237 0
12964 12964 1 1 260334 0
12965 12965 1 1 260431 0
12966 12966 1 1 260528 0
12967 12967 1 1 260625 0
12968 12968 1 1 260722 0
12969 12969 1 1 260819 0
12970 12970 1 1 260916 0
12972 12972 1 1 261110 0
12973 12973 1 1 261207 0
12974 12974 1 1 261304 0
12975 12975 1 1 261401 0
12976 12976 1 1 261498 0
12977 12977 1 1 261595 0
12978 12978 1 1 261692 0
12979 12979 1 1 261789 0
12980 12980 1 1 261886 0
12981 12981 1 1 261983 0
12982 12982 1 1 262080 0
12983 12983 1 1 262177 0
12984 12984 1 1 262274 0
12985 12985 1 1 262371 0
12986 12986 1 1 262468 0
12987 12987 1 1 262565 0
12989 12989 1 1 262759 0
12990 12990 1 1 262856 0
12991 12991 1 1 262953 0
12992 12992 1 1 263050 0
12993 12993 1 1 263147 0
12994 12994 1 1 263244 0
12995 12995 1 1 263341 0
12996 12996 1 1 263438 0
12997 12997 1 1 263535 0
12998 12998 1 1 263632 0
12999 12999 1 1 263729 0
13000 13000 1 1 263826 0
13001 13001 1 1 263923 0
13002 13002 1 1 264020 0
13003 13003 1 1 264117 0
13004 13004 1 1 264214 0
13006 13006 1 1 264408 0
13007 13007 1 1 264505 0
13008 13008 1 1 264602 0
13009 13009 1 1 264699 0
13010 13010 1 1 264796 0
13011 13011 1 1 264893 0
13012 13012 1 1 264990 0
13013 13013 1 1 265087 0
13014 13014 1 1 265184 0
13015 13015 1 1 265281 0
13016 13016 1 1 265378 0
13017 13017 1 1 265475 0
13018 13018 1 1 265572 0
13019 13019 1 1 265669 0
13020 13020 1 1 265766 0
13021 13021 1 1 265863 0
13023 13023 1 1 266057 0
13024 13024 1 1 266154 0
13025 13025 1 1 266251 0
13026 13026 1 1 266348 0
13027 13027 1 1 266445 0
13028 13028 1 1 266542 0
13029 13029 1 1 266639 0
13030 13030 1 1 266736 0
13031 13031 1 1 266833 0
13032 13032 1 1 266930 0
13033 13033 1 1 267027 0
13034 13034 1 1 267124 0
13035 13035 1 1 267221 0
13036 13036 1 1 267318 0
13037 13037 1 1 267415 0
13038 13038 1 1 267512 0
13040 13040 1 1 267706 0
13041 13041 1 1 267803 0
13042 13042 1 1 267900 0
13043 13043 1 1 267997 0
13044 13044 1 1 268094 0
13045 13045 1 1 268191 0
13046 13046 1 1 268288 0
13047 13047 1 1 268385 0
13048 13048 1 1 268482 0
13049 13049 1 1 268579 0
13050 13050 1 1 268676 0
13051 13051 1 1 268773 0
13052 13052 1 1 268870 0
13053 13053 1 1 268967 0
13054 13054 1 1 269064 0
13055 13055 1 1 269161 0
13057 13057 1 1 269355 0
13058 13058 1 1 269452 0
13059 13059 1 1 269549 0
13060 13060 1 1 269646 0
13061 13061 1 1 269743 0
13062 13062 1 1 269840 0
13063 13063 1 1 269937 0
13064 13064 1 1 270034 0
13065 13065 1 1 270131 0
13066 13066 1 1 270228 0
13067 13067 1 1 270325 0
13068 13068 1 1 270422 0
13069 13069 1 1 270519 0
13070 13070 1 1 270616 0
13071 13071 1 1 270713 0
13072 13072 1 1 270810 0
13074 13074 1 1 271004 0
13075 13075 1 1 271101 0
13076 13076 1 1 271198 0
13077 13077 1 1 271295 0
13078 13078 1 1 271392 0
13079 13079 1 1 271489 0
13080 13080 1 1 271586 0
13081 13081 1 1 271683 0
13082 13082 1 1 271780 0
13083 13083 1 1 271877 0
13084 13084 1 1 271974 0
13085 13085 1 1 272071 0
13086 13086 1 1 272168 0
13087 13087 1 1 272265 0
13088 13088 1 1 272362 0
13089 13089 1 1 272459 0
13091 13091 1 1 272653 0
13092 13092 1 1 272750 0
13093 13093 1 1 272847 0
13094 13094 1 1 272944 0
13095 13095 1 1 273041 0
13096 13096 1 1 273138 0
13097 13097 1 1 273235 0
13098 13098 1 1 273332 0
13099 13099 1 1 273429 0
13100 13100 1 1 273526 0
13101 13101 1 1 273623 0
13102 13102 1 1 273720 0
13103 13103 1 1 273817 0
13104 13104 1 1 273914 0
13105 13105 1 1 274011 0
13106 13106 1 1 274108 0
13108 13108 1 1 274302 0
13109 13109 1 1 274399 0
13110 13110 1 1 274496 0
13111 13111 1 1 274593 0
13112 13112 1 1 274690 0
13113 13113 1 1 274787 0
13114 13114 1 1 274884 0
13115 13115 1 1 274981 0
13116 13116 1 1 275078 0
13117 13117 1 1 275175 0
13118 13118 1 1 275272 0
13119 13119 1 1 275369 0
13120 13120 1 1 275466 0
13121 13121 1 1 275563 0
13122 13122 1 1 275660 0
13123 13123 1 1 275757 0
13125 13125 1 1 275951 0
13126 13126 1 1 276048 0
13127 13127 1 1 276145 0
13128 13128 1 1 276242 0
13129 13129 1 1 276339 0
13130 13130 1 1 276436 0
13131 13131 1 1 276533 0
13132 13132 1 1 276630 0
13133 13133 1 1 276727 0
13134 13134 1 1 276824 0
13135 13135 1 1 276921 0
13136 13136 1 1 277018 0
13137 13137 1 1 277115 0
13138 13138 1 1 277212 0
13139 13139 1 1 277309 0
13140 13140 1 1 277406 0
13142 13142 1 1 277600 0
13143 13143 1 1 277697 0
13144 13144 1 1 277794 0
13145 13145 1 1 277891 0
13146 13146 1 1 277988 0
13147 13147 1 1 278085 0
13148 13148 1 1 278182 0
13149 13149 1 1 278279 0
13150 13150 1 1 278376 0
13151 13151 1 1 278473 0
13152 13152 1 1 278570 0
13153 13153 1 1 278667 0
13154 13154 1 1 278764 0
13155 13155 1 1 278861 0
13156 13156 1 1 278958 0
13157 13157 1 1 279055 0
13159 13159 1 1 279249 0
13160 13160 1 1 279346 0
13161 13161 1 1 279443 0
13162 13162 1 1 279540 0
13163 13163 1 1 279637 0
13164 13164 1 1 279734 0
13165 13165 1 1 279831 0
13166 13166 1 1 279928 0
13167 13167 1 1 280025 0
13168 13168 1 1 280122 0
13169 13169 1 1 280219 0
13170 13170 1 1 280316 0
13171 13171 1 1 280413 0
13172 13172 1 1 280510 0
13173 13173 1 1 280607 0
13174 13174 1 1 280704 0
13176 13176 1 1 280898 0
13177 13177 1 1 280995 0
13178 13178 1 1 281092 0
13179 13179 1 1 281189 0
13180 13180 1 1 281286 0
13181 13181 1 1 281383 0
13182 13182 1 1 281480 0
13183 13183 1 1 281577 0
13184 13184 1 1 281674 0
13185 13185 1 1 281771 0
13186 13186 1 1 281868 0
13187 13187 1 1 281965 0
13188 13188 1 1 282062 0
13189 13189 1 1 282159 0
13190 13190 1 1 282256 0
13191 13191 1 1 282353 0
13193 13193 1 1 282547 0
13194 13194 1 1 282644 0
13195 13195 1 1 282741 0
13196 13196 1 1 282838 0
13197 13197 1 1 282935 0
13198 13198 1 1 283032 0
13199 13199 1 1 283129 0
13200 13200 1 1 283226 0
13201 13201 1 1 283323 0
13202 13202 1 1 283420 0
13203 13203 1 1 283517 0
13204 13204 1 1 283614 0
13205 13205 1 1 283711 0
13206 13206 1 1 283808 0
13207 13207 1 1 283905 0
13208 13208 1 1 284002 0
13210 13210 1 1 284196 0
13211 13211 1 1 284293 0
13212 13212 1 1 284390 0
13213 13213 1 1 284487 0
13214 13214 1 1 284584 0
13215 13215 1 1 284681 0
13216 13216 1 1 284778 0
13217 13217 1 1 284875 0
13218 13218 1 1 284972 0
13219 13219 1 1 285069 0
13220 13220 1 1 285166 0
13221 13221 1 1 285263 0
13222 13222 1 1 285360 0
13223 13223 1 1 285457 0
13224 13224 1 1 285554 0
13225 13225 1 1 285651 0
13227 13227 1 1 285845 0
13228 13228 1 1 285942 0
13229 13229 1 1 286039 0
13230 13230 1 1 286136 0
13231 13231 1 1 286233 0
13232 13232 1 1 286330 0
13233 13233 1 1 286427 0
13234 13234 1 1 286524 0
13235 13235 1 1 286621 0
13236 13236 1 1 286718 0
13237 13237 1 1 286815 0
13238 13238 1 1 286912 0
13239 13239 1 1 287009 0
13240 13240 1 1 287106 0
13241 13241 1 1 287203 0
13242 13242 1 1 287300 0
13244 13244 1 1 287494 0
13245 13245 1 1 287591 0
13246 13246 1 1 287688 0
13247 13247 1 1 287785 0
13248 13248 1 1 287882 0
13249 13249 1 1 287979 0
13250 13250 1 1 288076 0
13251 13251 1 1 288173 0
13252 13252 1 1 288270 0
13253 13253 1 1 288367 0
13254 13254 1 1 288464 0
13255 13255 1 1 288561 0
13256 13256 1 1 288658 0
13257 13257 1 1 288755 0
13258 13258 1 1 288852 0
13259 13259 1 1 288949 0
13261 13261 1 1 289143 0
13262 13262 1 1 289240 0
13263 13263 1 1 289337 0
13264 13264 1 1 289434 0
13265 13265 1 1 289531 0
13266 13266 1 1 289628 0
13267 13267 1 1 289725 0
13268 13268 1 1 289822 0
13269 13269 1 1 289919 0
13270 13270 1 1 290016 0
13271 13271 1 1 290113 0
13272 13272 1 1 290210 0
13273 13273 1 1 290307 0
13274 13274 1 1 290404 0
13275 13275 1 1 290501 0
13276 13276 1 1 290598 0
13278 13278 1 1 290792 0
13279 13279 1 1 290889 0
13280 13280 1 1 290986 0
13281 13281 1 1 291083 0
13282 13282 1 1 291180 0
13283 13283 1 1 291277 0
13284 13284 1 1 291374 0
13285 13285 1 1 291471 0
13286 13286 1 1 291568 0
13287 13287 1 1 291665 0
13288 13288 1 1 291762 0
13289 13289 1 1 291859 0
13290 13290 1 1 291956 0
13291 13291 1 1 292053 0
13292 13292 1 1 292150 0
13293 13293 1 1 292247 0
13295 13295 1 1 292441 0
13296 13296 1 1 292538 0
13297 13297 1 1 292635 0
13298 13298 1 1 292732 0
13299 13299 1 1 292829 0
13300 13300 1 1 292926 0
13301 13301 1 1 293023 0
13302 13302 1 1 293120 0
13303 13303 1 1 293217 0
13304 13304 1 1 293314 0
13305 13305 1 1 293411 0
13306 13306 1 1 293508 0
13307 13307 1 1 293605 0
13308 13308 1 1 293702 0
13309 13309 1 1 293799 0
13310 13310 1 1 293896 0
13312 13312 1 1 294090 0
13313 13313 1 1 294187 0
13314 13314 1 1 294284 0
13315 13315 1 1 294381 0
13316 13316 1 1 294478 0
13317 13317 1 1 294575 0
13318 13318 1 1 294672 0
13319 13319 1 1 294769 0
13320 13320 1 1 294866 0
13321 13321 1 1 294963 0
13322 13322 1 1 295060 0
13323 13323 1 1 295157 0
13324 13324 1 1 295254 0
13325 13325 1 1 295351 0
13326 13326 1 1 295448 0
13327 13327 1 1 295545 0
13329 13329 1 1 295739 0
13330 13330 1 1 295836 0
13331 13331 1 1 295933 0
13332 13332 1 1 296030 0
13333 13333 1 1 296127 0
13334 13334 1 1 296224 0
13335 13335 1 1 296321 0
13336 13336 1 1 296418 0
13337 13337 1 1 296515 0
13338 13338 1 1 296612 0
13339 13339 1 1 296709 0
13340 13340 1 1 296806 0
13341 13341 1 1 296903 0
13342 13342 1 1 297000 0
13343 13343 1 1 297097 0
13344 13344 1 1 297194 0
13346 13346 1 1 297388 0
13347 13347 1 1 297485 0
13348 13348 1 1 297582 0
13349 13349 1 1 297679 0
13350 13350 1 1 297776 0
13351 13351 1 1 297873 0
13352 13352 1 1 297970 0
13353 13353 1 1 298067 0
13354 13354 1 1 298164 0
13355 13355 1 1 298261 0
13356 13356 1 1 298358 0
13357 13357 1 1 298455 0
13358 13358 1 1 298552 0
13359 13359 1 1 298649 0
13360 13360 1 1 298746 0
13361 13361 1 1 298843 0
13363 13363 1 1 299037 0
13364 13364 1 1 299134 0
13365 13365 1 1 299231 0
13366 13366 1 1 299328 0
13367 13367 1 1 299425 0
13368 13368 1 1 299522 0
13369 13369 1 1 299619 0
13370 13370 1 1 299716 0
13371 13371 1 1 299813 0
13372 13372 1 1 299910 0
13373 13373 1 1 300007 0
13374 13374 1 1 300104 0
13375 13375 1 1 300201 0
13376 13376 1 1 300298 0
13377 13377 1 1 300395 0
13378 13378 1 1 300492 0
13380 13380 1 1 300686 0
13381 13381 1 1 300783 0
13382 13382 1 1 300880 0
13383 13383 1 1 300977 0
13384 13384 1 1 301074 0
13385 13385 1 1 301171 0
13386 13386 1 1 301268 0
13387 13387 1 1 301365 0
13388 13388 1 1 301462 0
13389 13389 1 1 301559 0
13390 13390 1 1 301656 0
13391 13391 1 1 301753 0
13392 13392 1 1 301850 0
13393 13393 1 1 301947 0
13394 13394 1 1 302044 0
13395 13395 1 1 302141 0
13397 13397 1 1 302335 0
13398 13398 1 1 302432 0
13399 13399 1 1 302529 0
13400 13400 1 1 302626 0
13401 13401 1 1 302723 0
13402 13402 1 1 302820 0
13403 13403 1 1 302917 0
13404 13404 1 1 303014 0
13405 13405 1 1 303111 0
13406 13406 1 1 303208 0
13407 13407 1 1 303305 0
13408 13408 1 1 303402 0
13409 13409 1 1 303499 0
13410 13410 1 1 303596 0
13411 13411 1 1 303693 0
13412 13412 1 1 303790 0
13414 13414 1 1 303984 0
13415 13415 1 1 304081 0
13416 13416 1 1 304178 0
13417 13417 1 1 304275 0
13418 13418 1 1 304372 0
13419 13419 1 1 304469 0
13420 13420 1 1 304566 0
13421 13421 1 1 304663 0
13422 13422 1 1 304760 0
13423 13423 1 1 304857 0
13424 13424 1 1 304954 0
13425 13425 1 1 305051 0
13426 13426 1 1 305148 0
13427 13427 1 1 305245 0
13428 13428 1 1 305342 0
13429 13429 1 1 305439 0
13431 13431 1 1 305633 0
13432 13432 1 1 305730 0
13433 13433 1 1 305827 0
13434 13434 1 1 305924 0
13435 13435 1 1 306021 0
13436 13436 1 1 306118 0
13437 13437 1 1 306215 0
13438 13438 1 1 306312 0
13439 13439 1 1 306409 0
13440 13440 1 1 306506 0
13441 13441 1 1 306603 0
13442 13442 1 1 306700 0
13443 13443 1 1 306797 0
13444 13444 1 1 306894 0
13445 13445 1 1 306991 0
13446 13446 1 1 307088 0
13448 13448 1 1 307282 0
13449 13449 1 1 307379 0
13450 13450 1 1 307476 0
13451 13451 1 1 307573 0
13452 13452 1 1 307670 0
13453 13453 1 1 307767 0
13454 13454 1 1 307864 0
13455 13455 1 1 307961 0
13456 13456 1 1 308058 0
13457 13457 1 1 308155 0
13458 13458 1 1 308252 0
13459 13459 1 1 308349 0
13460 13460 1 1 308446 0
13461 13461 1 1 308543 0
13462 13462 1 1 308640 0
13463 13463 1 1 308737 0
13465 13465 1 1 308931 0
13466 13466 1 1 309028 0
13467 13467 1 1 309125 0
13468 13468 1 1 309222 0
13469 13469 1 1 309319 0
13470 13470 1 1 309416 0
13471 13471 1 1 309513 0
13472 13472 1 1 309610 0
13473 13473 1 1 309707 0
13474 13474 1 1 309804 0
13475 13475 1 1 309901 0
13476 13476 1 1 309998 0
13477 13477 1 1 310095 0
13478 13478 1 1 310192 0
13479 13479 1 1 310289 0
13480 13480 1 1 310386 0
13482 13482 1 1 310580 0
13483 13483 1 1 310677 0
13484 13484 1 1 310774 0
13485 13485 1 1 310871 0
13486 13486 1 1 310968 0
13487 13487 1 1 311065 0
13488 13488 1 1 311162 0
13489 13489 1 1 311259 0
13490 13490 1 1 311356 0
13491 13491 1 1 311453 0
13492 13492 1 1 311550 0
13493 13493 1 1 311647 0
13494 13494 1 1 311744 0
13495 13495 1 1 311841 0
13496 13496 1 1 311938 0
13497 13497 1 1 312035 0
13499 13499 1 1 312229 0
13500 13500 1 1 312326 0
13501 13501 1 1 312423 0
13502 13502 1 1 312520 0
13503 13503 1 1 312617 0
13504 13504 1 1 312714 0
13505 13505 1 1 312811 0
13506 13506 1 1 312908 0
13507 13507 1 1 313005 0
13508 13508 1 1 313102 0
13509 13509 1 1 313199 0
13510 13510 1 1 313296 0
13511 13511 1 1 313393 0
13512 13512 1 1 313490 0
13513 13513 1 1 313587 0
13514 13514 1 1 313684 0
13516 13516 1 1 313878 0
13517 13517 1 1 313975 0
13518 13518 1 1 314072 0
13519 13519 1 1 314169 0
13520 13520 1 1 314266 0
13521 13521 1 1 314363 0
13522 13522 1 1 314460 0
13523 13523 1 1 314557 0
13524 13524 1 1 314654 0
13525 13525 1 1 314751 0
13526 13526 1 1 314848 0
13527 13527 1 1 314945 0
13528 13528 1 1 315042 0
13529 13529 1 1 315139 0
13530 13530 1 1 315236 0
13531 13531 1 1 315333 0
13533 13533 1 1 315527 0
13534 13534 1 1 315624 0
13535 13535 1 1 315721 0
13536 13536 1 1 315818 0
13537 13537 1 1 315915 0
13538 13538 1 1 316012 0
13539 13539 1 1 316109 0
13540 13540 1 1 316206 0
13541 13541 1 1 316303 0
13542 13542 1 1 316400 0
13543 13543 1 1 316497 0
13544 13544 1 1 316594 0
13545 13545 1 1 316691 0
13546 13546 1 1 316788 0
13547 13547 1 1 316885 0
13548 13548 1 1 316982 0
13550 13550 1 1 317176 0
13551 13551 1 1 317273 0
13552 13552 1 1 317370 0
13553 13553 1 1 317467 0
13554 13554 1 1 317564 0
13555 13555 1 1 317661 0
13556 13556 1 1 317758 0
13557 13557 1 1 317855 0
13558 13558 1 1 317952 0
13559 13559 1 1 318049 0
13560 13560 1 1 318146 0
13561 13561 1 1 318243 0
13562 13562 1 1 318340 0
13563 13563 1 1 318437 0
13564 13564 1 1 318534 0
13565 13565 1 1 318631 0
13567 13567 1 1 318825 0
13568 13568 1 1 318922 0
13569 13569 1 1 319019 0
13570 13570 1 1 319116 0
13571 13571 1 1 319213 0
13572 13572 1 1 319310 0
13573 13573 1 1 319407 0
13574 13574 1 1 319504 0
13575 13575 1 1 319601 0
13576 13576 1 1 319698 0
13577 13577 1 1 319795 0
13578 13578 1 1 319892 0
13579 13579 1 1 319989 0
13580 13580 1 1 320086 0
13581 13581 1 1 320183 0
13582 13582 1 1 320280 0
13584 13584 1 1 320474 0
13585 13585 1 1 320571 0
13586 13586 1 1 320668 0
13587 13587 1 1 320765 0
13588 13588 1 1 320862 0
13589 13589 1 1 320959 0
13590 13590 1 1 321056 0
13591 13591 1 1 321153 0
13592 13592 1 1 321250 0
13593 13593 1 1 321347 0
13594 13594 1 1 321444 0
13595 13595 1 1 321541 0
13596 13596 1 1 321638 0
13597 13597 1 1 321735 0
13598 13598 1 1 321832 0
13599 13599 1 1 321929 0
13601 13601 1 1 322123 0
13602 13602 1 1 322220 0
13603 13603 1 1 322317 0
13604 13604 1 1 322414 0
13605 13605 1 1 322511 0
13606 13606 1 1 322608 0
13607 13607 1 1 322705 0
13608 13608 1 1 322802 0
13609 13609 1 1 322899 0
13610 13610 1 1 322996 0
13611 13611 1 1 323093 0
13612 13612 1 1 323190 0
13613 13613 1 1 323287 0
13614 13614 1 1 323384 0
13615 13615 1 1 323481 0
13616 13616 1 1 323578 0
13618 13618 1 1 323772 0
13619 13619 1 1 323869 0
13620 13620 1 1 323966 0
13621 13621 1 1 324063 0
13622 13622 1 1 324160 0
13623 13623 1 1 324257 0
13624 13624 1 1 324354 0
13625 13625 1 1 324451 0
13626 13626 1 1 324548 0
13627 13627 1 1 324645 0
13628 13628 1 1 324742 0
13629 13629 1 1 324839 0
13630 13630 1 1 324936 0
13631 13631 1 1 325033 0
13632 13632 1 1 325130 0
13633 13633 1 1 325227 0
13635 13635 1 1 325421 0
13636 13636 1 1 325518 0
13637 13637 1 1 325615 0
13638 13638 1 1 325712 0
13639 13639 1 1 325809 0
13640 13640 1 1 325906 0
13641 13641 1 1 326003 0
13642 13642 1 1 326100 0
13643 13643 1 1 326197 0
13644 13644 1 1 326294 0
13645 13645 1 1 326391 0
13646 13646 1 1 326488 0
13647 13647 1 1 326585 0
13648 13648 1 1 326682 0
13649 13649 1 1 326779 0
13650 13650 1 1 326876 0
13652 13652 1 1 327070 0
13653 13653 1 1 327167 0
13654 13654 1 1 327264 0
13655 13655 1 1 327361 0
13656 13656 1 1 327458 0
13657 13657 1 1 327555 0
13658 13658 1 1 327652 0
13659 13659 1 1 327749 0
13660 13660 1 1 327846 0
13661 13661 1 1 327943 0
13662 13662 1 1 328040 0
13663 13663 1 1 328137 0
13664 13664 1 1 328234 0
13665 13665 1 1 328331 0
13666 13666 1 1 328428 0
13667 13667 1 1 328525 0
13669 13669 1 1 328719 0
13670 13670 1 1 328816 0
13671 13671 1 1 328913 0
13672 13672 1 1 329010 0
13673 13673 1 1 329107 0
13674 13674 1 1 329204 0
13675 13675 1 1 329301 0
13676 13676 1 1 329398 0
13677 13677 1 1 329495 0
13678 13678 1 1 329592 0
13679 13679 1 1 329689 0
13680 13680 1 1 329786 0
13681 13681 1 1 329883 0
13682 13682 1 1 329980 0
13683 13683 1 1 330077 0
13684 13684 1 1 330174 0
13686 13686 1 1 330368 0
13687 13687 1 1 330465 0
13688 13688 1 1 330562 0
13689 13689 1 1 330659 0
13690 13690 1 1 330756 0
13691 13691 1 1 330853 0
13692 13692 1 1 330950 0
13693 13693 1 1 331047 0
13694 13694 1 1 331144 0
13695 13695 1 1 331241 0
13696 13696 1 1 331338 0
13697 13697 1 1 331435 0
13698 13698 1 1 331532 0
13699 13699 1 1 331629 0
13700 13700 1 1 331726 0
13701 13701 1 1 331823 0
13703 13703 1 1 332017 0
13704 13704 1 1 332114 0
13705 13705 1 1 332211 0
13706 13706 1 1 332308 0
13707 13707 1 1 332405 0
13708 13708 1 1 332502 0
13709 13709 1 1 332599 0
13710 13710 1 1 332696 0
13711 13711 1 1 332793 0
13712 13712 1 1 332890 0
13713 13713 1 1 332987 0
13714 13714 1 1 333084 0
13715 13715 1 1 333181 0
13716 13716 1 1 333278 0
13717 13717 1 1 333375 0
13718 13718 1 1 333472 0
13720 13720 1 1 333666 0
13721 13721 1 1 333763 0
13722 13722 1 1 333860 0
13723 13723 1 1 333957 0
13724 13724 1 1 334054 0
13725 13725 1 1 334151 0
13726 13726 1 1 334248 0
13727 13727 1 1 334345 0
13728 13728 1 1 334442 0
13729 13729 1 1 334539 0
13730 13730 1 1 334636 0
13731 13731 1 1 334733 0
13732 13732 1 1 334830 0
13733 13733 1 1 334927 0
13734 13734 1 1 335024 0
13735 13735 1 1 335121 0
13737 13737 1 1 335315 0
13738 13738 1 1 335412 0
13739 13739 1 1 335509 0
13740 13740 1 1 335606 0
13741 13741 1 1 335703 0
13742 13742 1 1 335800 0
13743 13743 1 1 335897 0
13744 13744 1 1 335994 0
13745 13745 1 1 336091 0
13746 13746 1 1 336188 0
13747 13747 1 1 336285 0
13748 13748 1 1 336382 0
13749 13749 1 1 336479 0
13750 13750 1 1 336576 0
13751 13751 1 1 336673 0
13752 13752 1 1 336770 0
13754 13754 1 1 336964 0
13755 13755 1 1 337061 0
13756 13756 1 1 337158 0
13757 13757 1 1 337255 0
13758 13758 1 1 337352 0
13759 13759 1 1 337449 0
13760 13760 1 1 337546 0
13761 13761 1 1 337643 0
13762 13762 1 1 337740 0
13763 13763 1 1 337837 0
13764 13764 1 1 337934 0
13765 13765 1 1 338031 0
13766 13766 1 1 338128 0
13767 13767 1 1 338225 0
13768 13768 1 1 338322 0
13769 13769 1 1 338419 0
13771 13771 1 1 338613 0
13772 13772 1 1 338710 0
13773 13773 1 1 338807 0
13774 13774 1 1 338904 0
13775 13775 1 1 339001 0
13776 13776 1 1 339098 0
13777 13777 1 1 339195 0
13778 13778 1 1 339292 0
13779 13779 1 1 339389 0
13780 13780 1 1 339486 0
13781 13781 1 1 339583 0
13782 13782 1 1 339680 0
13783 13783 1 1 339777 0
13784 13784 1 1 339874 0
13785 13785 1 1 339971 0
13786 13786 1 1 340068 0
13788 13788 1 1 340262 0
13789 13789 1 1 340359 0
13790 13790 1 1 340456 0
13791 13791 1 1 340553 0
13792 13792 1 1 340650 0
13793 13793 1 1 340747 0
13794 13794 1 1 340844 0
13795 13795 1 1 340941 0
13796 13796 1 1 341038 0
13797 13797 1 1 341135 0
13798 13798 1 1 341232 0
13799 13799 1 1 341329 0
13800 13800 1 1 341426 0
13801 13801 1 1 341523 0
13802 13802 1 1 341620 0
13803 13803 1 1 341717 0
13805 13805 1 1 341911 0
13806 13806 1 1 342008 0
13807 13807 1 1 342105 0
13808 13808 1 1 342202 0
13809 13809 1 1 342299 0
13810 13810 1 1 342396 0
13811 13811 1 1 342493 0
13812 13812 1 1 342590 0
13813 13813 1 1 342687 0
13814 13814 1 1 342784 0
13815 13815 1 1 342881 0
13816 13816 1 1 342978 0
13817 13817 1 1 343075 0
13818 13818 1 1 343172 0
13819 13819 1 1 343269 0
13820 13820 1 1 343366 0
13822 13822 1 1 343560 0
13823 13823 1 1 343657 0
13824 13824 1 1 343754 0
13825 13825 1 1 343851 0
13826 13826 1 1 343948 0
13827 13827 1 1 344045 0
13828 13828 1 1 344142 0
13829 13829 1 1 344239 0
13830 13830 1 1 344336 0
13831 13831 1 1 344433 0
13832 13832 1 1 344530 0
13833 13833 1 1 344627 0
13834 13834 1 1 344724 0
13835 13835 1 1 344821 0
13836 13836 1 1 344918 0
13837 13837 1 1 345015 0
13839 13839 1 1 345209 0
13840 13840 1 1 345306 0
13841 13841 1 1 345403 0
13842 13842 1 1 345500 0
13843 13843 1 1 345597 0
13844 13844 1 1 345694 0
13845 13845 1 1 345791 0
13846 13846 1 1 345888 0
13847 13847 1 1 345985 0
13848 13848 1 1 346082 0
13849 13849 1 1 346179 0
13850 13850 1 1 346276 0
13851 13851 1 1 346373 0
13852 13852 1 1 346470 0
13853 13853 1 1 346567 0
13854 13854 1 1 346664 0
13856 13856 1 1 346858 0
13857 13857 1 1 346955 0
13858 13858 1 1 347052 0
13859 13859 1 1 347149 0
13860 13860 1 1 347246 0
13861 13861 1 1 347343 0
13862 13862 1 1 347440 0
13863 13863 1 1 347537 0
13864 13864 1 1 347634 0
13865 13865 1 1 347731 0
13866 13866 1 1 347828 0
13867 13867 1 1 347925 0
13868 13868 1 1 348022 0
13869 13869 1 1 348119 0
13870 13870 1 1 348216 0
13871 13871 1 1 348313 0
13873 13873 1 1 348507 0
13874 13874 1 1 348604 0
13875 13875 1 1 348701 0
13876 13876 1 1 348798 0
13877 13877 1 1 348895 0
13878 13878 1 1 348992 0
13879 13879 1 1 349089 0
13880 13880 1 1 349186 0
13881 13881 1 1 349283 0
13882 13882 1 1 349380 0
13883 13883 1 1 349477 0
13884 13884 1 1 349574 0
13885 13885 1 1 349671 0
13886 13886 1 1 349768 0
13887 13887 1 1 349865 0
13888 13888 1 1 349962 0
13890 13890 1 1 350156 0
13891 13891 1 1 350253 0
13892 13892 1 1 350350 0
13893 13893 1 1 350447 0
13894 13894 1 1 350544 0
13895 13895 1 1 350641 0
13896 13896 1 1 350738 0
13897 13897 1 1 350835 0
13898 13898 1 1 350932 0
13899 13899 1 1 351029 0
13900 13900 1 1 351126 0
13901 13901 1 1 351223 0
13902 13902 1 1 351320 0
13903 13903 1 1 351417 0
13904 13904 1 1 351514 0
13905 13905 1 1 351611 0
13907 13907 1 1 351805 0
13908 13908 1 1 351902 0
13909 13909 1 1 351999 0
13910 13910 1 1 352096 0
13911 13911 1 1 352193 0
13912 13912 1 1 352290 0
13913 13913 1 1 352387 0
13914 13914 1 1 352484 0
13915 13915 1 1 352581 0
13916 13916 1 1 352678 0
13917 13917 1 1 352775 0
13918 13918 1 1 352872 0
13919 13919 1 1 352969 0
13920 13920 1 1 353066 0
13921 13921 1 1 353163 0
13922 13922 1 1 353260 0
13924 13924 1 1 353454 0
13925 13925 1 1 353551 0
13926 13926 1 1 353648 0
13927 13927 1 1 353745 0
13928 13928 1 1 353842 0
13929 13929 1 1 353939 0
13930 13930 1 1 354036 0
13931 13931 1 1 354133 0
13932 13932 1 1 354230 0
13933 13933 1 1 354327 0
13934 13934 1 1 354424 0
13935 13935 1 1 354521 0
13936 13936 1 1 354618 0
13937 13937 1 1 354715 0
13938 13938 1 1 354812 0
13939 13939 1 1 354909 0
13941 13941 1 1 355103 0
13942 13942 1 1 355200 0
13943 13943 1 1 355297 0
13944 13944 1 1 355394 0
13945 13945 1 1 355491 0
13946 13946 1 1 355588 0
13947 13947 1 1 355685 0
13948 13948 1 1 355782 0
13949 13949 1 1 355879 0
13950 13950 1 1 355976 0
13951 13951 1 1 356073 0
13952 13952 1 1 356170 0
13953 13953 1 1 356267 0
13954 13954 1 1 356364 0
13955 13955 1 1 356461 0
13956 13956 1 1 356558 0
13958 13958 1 1 356752 0
13959 13959 1 1 356849 0
13960 13960 1 1 356946 0
13961 13961 1 1 357043 0
13962 13962 1 1 357140 0
13963 13963 1 1 357237 0
13964 13964 1 1 357334 0
13965 13965 1 1 357431 0
13966 13966 1 1 357528 0
13967 13967 1 1 357625 0
13968 13968 1 1 357722 0
13969 13969 1 1 357819 0
13970 13970 1 1 357916 0
13971 13971 1 1 358013 0
13972 13972 1 1 358110 0
13973 13973 1 1 358207 0
13975 13975 1 1 358401 0
13976 13976 1 1 358498 0
13977 13977 1 1 358595 0
13978 13978 1 1 358692 0
13979 13979 1 1 358789 0
13980 13980 1 1 358886 0
13981 13981 1 1 358983 0
13982 13982 1 1 359080 0
13983 13983 1 1 359177 0
13984 13984 1 1 359274 0
13985 13985 1 1 359371 0
13986 13986 1 1 359468 0
13987 13987 1 1 359565 0
13988 13988 1 1 359662 0
13989 13989 1 1 359759 0
13990 13990 1 1 359856 0
13992 13992 1 1 360050 0
13993 13993 1 1 360147 0
13994 13994 1 1 360244 0
13995 13995 1 1 360341 0
13996 13996 1 1 360438 0
13997 13997 1 1 360535 0
13998 13998 1 1 360632 0
13999 13999 1 1 360729 0
14000 14000 1 1 360826 0
14001 14001 1 1 360923 0
14002 14002 1 1 361020 0
14003 14003 1 1 361117 0
14004 14004 1 1 361214 0
14005 14005 1 1 361311 0
14006 14006 1 1 361408 0
14007 14007 1 1 361505 0
14009 14009 1 1 361699 0
14010 14010 1 1 361796 0
14011 14011 1 1 361893 0
14012 14012 1 1 361990 0
14013 14013 1 1 362087 0
14014 14014 1 1 362184 0
14015 14015 1 1 362281 0
14016 14016 1 1 362378 0
14017 14017 1 1 362475 0
14018 14018 1 1 362572 0
14019 14019 1 1 362669 0
14020 14020 1 1 362766 0
14021 14021 1 1 362863 0
14022 14022 1 1 362960 0
14023 14023 1 1 363057 0
14024 14024 1 1 363154 0
14026 14026 1 1 363348 0
14027 14027 1 1 363445 0
14028 14028 1 1 363542 0
14029 14029 1 1 363639 0
14030 14030 1 1 363736 0
14031 14031 1 1 363833 0
14032 14032 1 1 363930 0
14033 14033 1 1 364027 0
14034 14034 1 1 364124 0
14035 14035 1 1 364221 0
14036 14036 1 1 364318 0
14037 14037 1 1 364415 0
14038 14038 1 1 364512 0
14039 14039 1 1 364609 0
14040 14040 1 1 364706 0
14041 14041 1 1 364803 0
14043 14043 1 1 364997 0
14044 14044 1 1 365094 0
14045 14045 1 1 365191 0
14046 14046 1 1 365288 0
14047 14047 1 1 365385 0
14048 14048 1 1 365482 0
14049 14049 1 1 365579 0
14050 14050 1 1 365676 0
14051 14051 1 1 365773 0
14052 14052 1 1 365870 0
14053 14053 1 1 365967 0
14054 14054 1 1 366064 0
14055 14055 1 1 366161 0
14056 14056 1 1 366258 0
14057 14057 1 1 366355 0
14058 14058 1 1 366452 0
14060 14060 1 1 366646 0
14061 14061 1 1 366743 0
14062 14062 1 1 366840 0
14063 14063 1 1 366937 0
14064 14064 1 1 367034 0
14065 14065 1 1 367131 0
14066 14066 1 1 367228 0
14067 14067 1 1 367325 0
14068 14068 1 1 367422 0
14069 14069 1 1 367519 0
14070 14070 1 1 367616 0
14071 14071 1 1 367713 0
14072 14072 1 1 367810 0
14073 14073 1 1 367907 0
14074 14074 1 1 368004 0
14075 14075 1 1 368101 0
14077 14077 1 1 368295 0
14078 14078 1 1 368392 0
14079 14079 1 1 368489 0
14080 14080 1 1 368586 0
14081 14081 1 1 368683 0
14082 14082 1 1 368780 0
14083 14083 1 1 368877 0
14084 14084 1 1 368974 0
14085 14085 1 1 369071 0
14086 14086 1 1 369168 0
14087 14087 1 1 369265 0
14088 14088 1 1 369362 0
14089 14089 1 1 369459 0
14090 14090 1 1 369556 0
14091 14091 1 1 369653 0
14092 14092 1 1 369750 0
14094 14094 1 1 369944 0
14095 14095 1 1 370041 0
14096 14096 1 1 370138 0
14097 14097 1 1 370235 0
14098 14098 1 1 370332 0
14099 14099 1 1 370429 0
14100 14100 1 1 370526 0
14101 14101 1 1 370623 0
14102 14102 1 1 370720 0
14103 14103 1 1 370817 0
14104 14104 1 1 370914 0
14105 14105 1 1 371011 0
14106 14106 1 1 371108 0
14107 14107 1 1 371205 0
14108 14108 1 1 371302 0
14109 14109 1 1 371399 0
14111 14111 1 1 371593 0
14112 14112 1 1 371690 0
14113 14113 1 1 371787 0
14114 14114 1 1 371884 0
14115 14115 1 1 371981 0
14116 14116 1 1 372078 0
14117 14117 1 1 372175 0
14118 14118 1 1 372272 0
14119 14119 1 1 372369 0
14120 14120 1 1 372466 0
14121 14121 1 1 372563 0
14122 14122 1 1 372660 0
14123 14123 1 1 372757 0
14124 14124 1 1 372854 0
14125 14125 1 1 372951 0
14126 14126 1 1 373048 0
14128 14128 1 1 373242 0
14129 14129 1 1 373339 0
14130 14130 1 1 373436 0
14131 14131 1 1 373533 0
14132 14132 1 1 373630 0
14133 14133 1 1 373727 0
14134 14134 1 1 373824 0
14135 14135 1 1 373921 0
14136 14136 1 1 374018 0
14137 14137 1 1 374115 0
14138 14138 1 1 374212 0
14139 14139 1 1 374309 0
14140 14140 1 1 374406 0
14141 14141 1 1 374503 0
14142 14142 1 1 374600 0
14143 14143 1 1 374697 0
14145 14145 1 1 374891 0
14146 14146 1 1 374988 0
14147 14147 1 1 375085 0
14148 14148 1 1 375182 0
14149 14149 1 1 375279 0
14150 14150 1 1 375376 0
14151 14151 1 1 375473 0
14152 14152 1 1 375570 0
14153 14153 1 1 375667 0
14154 14154 1 1 375764 0
14155 14155 1 1 375861 0
14156 14156 1 1 375958 0
14157 14157 1 1 376055 0
14158 14158 1 1 376152 0
14159 14159 1 1 376249 0
14160 14160 1 1 376346 0
14162 14162 1 1 376540 0
14163 14163 1 1 376637 0
14164 14164 1 1 376734 0
14165 14165 1 1 376831 0
14166 14166 1 1 376928 0
14167 14167 1 1 377025 0
14168 14168 1 1 377122 0
14169 14169 1 1 377219 0
14170 14170 1 1 377316 0
14171 14171 1 1 377413 0
14172 14172 1 1 377510 0
14173 14173 1 1 377607 0
14174 14174 1 1 377704 0
14175 14175 1 1 377801 0
14176 14176 1 1 377898 0
14177 14177 1 1 377995 0
14179 14179 1 1 378189 0
14180 14180 1 1 378286 0
14181 14181 1 1 378383 0
14182 14182 1 1 378480 0
14183 14183 1 1 378577 0
14184 14184 1 1 378674 0
14185 14185 1 1 378771 0
14186 14186 1 1 378868 0
14187 14187 1 1 378965 0
14188 14188 1 1 379062 0
14189 14189 1 1 379159 0
14190 14190 1 1 379256 0
14191 14191 1 1 379353 0
14192 14192 1 1 379450 0
14193 14193 1 1 379547 0
14194 14194 1 1 379644 0
14196 14196 1 1 379838 0
14197 14197 1 1 379935 0
14198 14198 1 1 380032 0
14199 14199 1 1 380129 0
14200 14200 1 1 380226 0
14201 14201 1 1 380323 0
14202 14202 1 1 380420 0
14203 14203 1 1 380517 0
14204 14204 1 1 380614 0
14205 14205 1 1 380711 0
14206 14206 1 1 380808 0
14207 14207 1 1 380905 0
14208 14208 1 1 381002 0
14209 14209 1 1 381099 0
14210 14210 1 1 381196 0
14211 14211 1 1 381293 0
14213 14213 1 1 381487 0
14214 14214 1 1 381584 0
14215 14215 1 1 381681 0
14216 14216 1 1 381778 0
14217 14217 1 1 381875 0
14218 14218 1 1 381972 0
14219 14219 1 1 382069 0
14220 14220 1 1 382166 0
14221 14221 1 1 382263 0
14222 14222 1 1 382360 0
14223 14223 1 1 382457 0
14224 14224 1 1 382554 0
14225 14225 1 1 382651 0
14226 14226 1 1 382748 0
14227 14227 1 1 382845 0
14228 14228 1 1 382942 0
14230 14230 1 1 383136 0
14231 14231 1 1 383233 0
14232 14232 1 1 383330 0
14233 14233 1 1 383427 0
14234 14234 1 1 383524 0
14235 14235 1 1 383621 0
14236 14236 1 1 383718 0
14237 14237 1 1 383815 0
14238 14238 1 1 383912 0
14239 14239 1 1 384009 0
14240 14240 1 1 384106 0
14241 14241 1 1 384203 0
14242 14242 1 1 384300 0
14243 14243 1 1 384397 0
14244 14244 1 1 384494 0
14245 14245 1 1 384591 0
14247 14247 1 1 384785 0
14248 14248 1 1 384882 0
14249 14249 1 1 384979 0
14250 14250 1 1 385076 0
14251 14251 1 1 385173 0
14252 14252 1 1 385270 0
14253 14253 1 1 385367 0
14254 14254 1 1 385464 0
14255 14255 1 1 385561 0
14256 14256 1 1 385658 0
14257 14257 1 1 385755 0
14258 14258 1 1 385852 0
14259 14259 1 1 385949 0
14260 14260 1 1 386046 0
14261 14261 1 1 386143 0
14262 14262 1 1 386240 0
14264 14264 1 1 386434 0
14265 14265 1 1 386531 0
14266 14266 1 1 386628 0
14267 14267 1 1 386725 0
14268 14268 1 1 386822 0
14269 14269 1 1 386919 0
14270 14270 1 1 387016 0
14271 14271 1 1 387113 0
14272 14272 1 1 387210 0
14273 14273 1 1 387307 0
14274 14274 1 1 387404 0
14275 14275 1 1 387501 0
14276 14276 1 1 387598 0
14277 14277 1 1 387695 0
14278 14278 1 1 387792 0
14279 14279 1 1 387889 0
14281 14281 1 1 388083 0
14282 14282 1 1 388180 0
14283 14283 1 1 388277 0
14284 14284 1 1 388374 0
14285 14285 1 1 388471 0
14286 14286 1 1 388568 0
14287 14287 1 1 388665 0
14288 14288 1 1 388762 0
14289 14289 1 1 388859 0
14290 14290 1 1 388956 0
14291 14291 1 1 389053 0
14292 14292 1 1 389150 0
14293 14293 1 1 389247 0
14294 14294 1 1 389344 0
14295 14295 1 1 389441 0
14296 14296 1 1 389538 0
14298 14298 1 1 389732 0
14299 14299 1 1 389829 0
14300 14300 1 1 389926 0
14301 14301 1 1 390023 0
14302 14302 1 1 390120 0
14303 14303 1 1 390217 0
14304 14304 1 1 390314 0
14305 14305 1 1 390411 0
14306 14306 1 1 390508 0
14307 14307 1 1 390605 0
14308 14308 1 1 390702 0
14309 14309 1 1 390799 0
14310 14310 1 1 390896 0
14311 14311 1 1 390993 0
14312 14312 1 1 391090 0
14313 14313 1 1 391187 0
14315 14315 1 1 391381 0
14316 14316 1 1 391478 0
14317 14317 1 1 391575 0
14318 14318 1 1 391672 0
14319 14319 1 1 391769 0
14320 14320 1 1 391866 0
14321 14321 1 1 391963 0
14322 14322 1 1 392060 0
14323 14323 1 1 392157 0
14324 14324 1 1 392254 0
14325 14325 1 1 392351 0
14326 14326 1 1 392448 0
14327 14327 1 1 392545 0
14328 14328 1 1 392642 0
14329 14329 1 1 392739 0
14330 14330 1 1 392836 0
14332 14332 1 1 393030 0
14333 14333 1 1 393127 0
14334 14334 1 1 393224 0
14335 14335 1 1 393321 0
14336 14336 1 1 393418 0
14337 14337 1 1 393515 0
14338 14338 1 1 393612 0
14339 14339 1 1 393709 0
14340 14340 1 1 393806 0
14341 14341 1 1 393903 0
14342 14342 1 1 394000 0
14343 14343 1 1 394097 0
14344 14344 1 1 394194 0
14345 14345 1 1 394291 0
14346 14346 1 1 394388 0
14347 14347 1 1 394485 0
14349 14349 1 1 394679 0
14350 14350 1 1 394776 0
14351 14351 1 1 394873 0
14352 14352 1 1 394970 0
14353 14353 1 1 395067 0
14354 14354 1 1 395164 0
14355 14355 1 1 395261 0
14356 14356 1 1 395358 0
14357 14357 1 1 395455 0
14358 14358 1 1 395552 0
14359 14359 1 1 395649 0
14360 14360 1 1 395746 0
14361 14361 1 1 395843 0
14362 14362 1 1 395940 0
14363 14363 1 1 396037 0
14364 14364 1 1 396134 0
14366 14366 1 1 396328 0
14367 14367 1 1 396425 0
14368 14368 1 1 396522 0
14369 14369 1 1 396619 0
14370 14370 1 1 396716 0
14371 14371 1 1 396813 0
14372 14372 1 1 396910 0
14373 14373 1 1 397007 0
14374 14374 1 1 397104 0
14375 14375 1 1 397201 0
14376 14376 1 1 397298 0
14377 14377 1 1 397395 0
14378 14378 1 1 397492 0
14379 14379 1 1 397589 0
14380 14380 1 1 397686 0
14381 14381 1 1 397783 0
14383 14383 1 1 397977 0
14384 14384 1 1 398074 0
14385 14385 1 1 398171 0
14386 14386 1 1 398268 0
14387 14387 1 1 398365 0
14388 14388 1 1 398462 0
14389 14389 1 1 398559 0
14390 14390 1 1 398656 0
14391 14391 1 1 398753 0
14392 14392 1 1 398850 0
14393 14393 1 1 398947 0
14394 14394 1 1 399044 0
14395 14395 1 1 399141 0
14396 14396 1 1 399238 0
14397 14397 1 1 399335 0
14398 14398 1 1 399432 0
14400 14400 1 1 399626 0
14401 14401 1 1 399723 0
14402 14402 1 1 399820 0
14403 14403 1 1 399917 0
14404 14404 1 1 400014 0
14405 14405 1 1 400111 0
14406 14406 1 1 400208 0
14407 14407 1 1 400305 0
14408 14408 1 1 400402 0
14409 14409 1 1 400499 0
14410 14410 1 1 400596 0
14411 14411 1 1 400693 0
14412 14412 1 1 400790 0
14413 14413 1 1 400887 0
14414 14414 1 1 400984 0
14415 14415 1 1 401081 0
14417 14417 1 1 401275 0
14418 14418 1 1 401372 0
14419 14419 1 1 401469 0
14420 14420 1 1 401566 0
14421 14421 1 1 401663 0
14422 14422 1 1 401760 0
14423 14423 1 1 401857 0
14424 14424 1 1 401954 0
14425 14425 1 1 402051 0
14426 14426 1 1 402148 0
14427 14427 1 1 402245 0
14428 14428 1 1 402342 0
14429 14429 1 1 402439 0
14430 14430 1 1 402536 0
14431 14431 1 1 402633 0
14432 14432 1 1 402730 0
14434 14434 1 1 402924 0
14435 14435 1 1 403021 0
14436 14436 1 1 403118 0
14437 14437 1 1 403215 0
14438 14438 1 1 403312 0
14439 14439 1 1 403409 0
14440 14440 1 1 403506 0
14441 14441 1 1 403603 0
14442 14442 1 1 403700 0
14443 14443 1 1 403797 0
14444 14444 1 1 403894 0
14445 14445 1 1 403991 0
14446 14446 1 1 404088 0
14447 14447 1 1 404185 0
14448 14448 1 1 404282 0
14449 14449 1 1 404379 0
14451 14451 1 1 404573 0
14452 14452 1 1 404670 0
14453 14453 1 1 404767 0
14454 14454 1 1 404864 0
14455 14455 1 1 404961 0
14456 14456 1 1 405058 0
14457 14457 1 1 405155 0
14458 14458 1 1 405252 0
14459 14459 1 1 405349 0
14460 14460 1 1 405446 0
14461 14461 1 1 405543 0
14462 14462 1 1 405640 0
14463 14463 1 1 405737 0
14464 14464 1 1 405834 0
14465 14465 1 1 405931 0
14466 14466 1 1 406028 0
14468 14468 1 1 406222 0
14469 14469 1 1 406319 0
14470 14470 1 1 406416 0
14471 14471 1 1 406513 0
14472 14472 1 1 406610 0
14473 14473 1 1 406707 0
14474 14474 1 1 406804 0
14475 14475 1 1 406901 0
14476 14476 1 1 406998 0
14477 14477 1 1 407095 0
14478 14478 1 1 407192 0
14479 14479 1 1 407289 0
14480 14480 1 1 407386 0
14481 14481 1 1 407483 0
14482 14482 1 1 407580 0
14483 14483 1 1 407677 0
14485 14485 1 1 407871 0
14486 14486 1 1 407968 0
14487 14487 1 1 408065 0
14488 14488 1 1 408162 0
14489 14489 1 1 408259 0
14490 14490 1 1 408356 0
14491 14491 1 1 408453 0
14492 14492 1 1 408550 0
14493 14493 1 1 408647 0
14494 14494 1 1 408744 0
14495 14495 1 1 408841 0
14496 14496 1 1 408938 0
14497 14497 1 1 409035 0
14498 14498 1 1 409132 0
14499 14499 1 1 409229 0
14500 14500 1 1 409326 0
14502 14502 1 1 409520 0
14503 14503 1 1 409617 0
14504 14504 1 1 409714 0
14505 14505 1 1 409811 0
14506 14506 1 1 409908 0
14507 14507 1 1 410005 0
14508 14508 1 1 410102 0
14509 14509 1 1 410199 0
14510 14510 1 1 410296 0
14511 14511 1 1 410393 0
14512 14512 1 1 410490 0
14513 14513 1 1 410587 0
14514 14514 1 1 410684 0
14515 14515 1 1 410781 0
14516 14516 1 1 410878 0
14517 14517 1 1 410975 0
14519 14519 1 1 411169 0
14520 14520 1 1 411266 0
14521 14521 1 1 411363 0
14522 14522 1 1 411460 0
14523 14523 1 1 411557 0
14524 14524 1 1 411654 0
14525 14525 1 1 411751 0
14526 14526 1 1 411848 0
14527 14527 1 1 411945 0
14528 14528 1 1 412042 0
14529 14529 1 1 412139 0
14530 14530 1 1 412236 0
14531 14531 1 1 412333 0
14532 14532 1 1 412430 0
14533 14533 1 1 412527 0
14534 14534 1 1 412624 0
14536 14536 1 1 412818 0
14537 14537 1 1 412915 0
14538 14538 1 1 413012 0
14539 14539 1 1 413109 0
14540 14540 1 1 413206 0
14541 14541 1 1 413303 0
14542 14542 1 1 413400 0
14543 14543 1 1 413497 0
14544 14544 1 1 413594 0
14545 14545 1 1 413691 0
14546 14546 1 1 413788 0
14547 14547 1 1 413885 0
14548 14548 1 1 413982 0
14549 14549 1 1 414079 0
14550 14550 1 1 414176 0
14551 14551 1 1 414273 0
14553 14553 1 1 414467 0
14554 14554 1 1 414564 0
14555 14555 1 1 414661 0
14556 14556 1 1 414758 0
14557 14557 1 1 414855 0
14558 14558 1 1 414952 0
14559 14559 1 1 415049 0
14560 14560 1 1 415146 0
14561 14561 1 1 415243 0
14562 14562 1 1 415340 0
14563 14563 1 1 415437 0
14564 14564 1 1 415534 0
14565 14565 1 1 415631 0
14566 14566 1 1 415728 0
14567 14567 1 1 415825 0
14568 14568 1 1 415922 0
14570 14570 1 1 416116 0
14571 14571 1 1 416213 0
14572 14572 1 1 416310 0
14573 14573 1 1 416407 0
14574 14574 1 1 416504 0
14575 14575 1 1 416601 0
14576 14576 1 1 416698 0
14577 14577 1 1 416795 0
14578 14578 1 1 416892 0
14579 14579 1 1 416989 0
14580 14580 1 1 417086 0
14581 14581 1 1 417183 0
14582 14582 1 1 417280 0
14583 14583 1 1 417377 0
14584 14584 1 1 417474 0
14585 14585 1 1 417571 0
14587 14587 1 1 417765 0
14588 14588 1 1 417862 0
14589 14589 1 1 417959 0
14590 14590 1 1 418056 0
14591 14591 1 1 418153 0
14592 14592 1 1 418250 0
14593 14593 1 1 418347 0
14594 14594 1 1 418444 0
14595 14595 1 1 418541 0
14596 14596 1 1 418638 0
14597 14597 1 1 418735 0
14598 14598 1 1 418832 0
14599 14599 1 1 418929 0
14600 14600 1 1 419026 0
14601 14601 1 1 419123 0
14602 14602 1 1 419220 0
14604 14604 1 1 419414 0
14605 14605 1 1 419511 0
14606 14606 1 1 419608 0
14607 14607 1 1 419705 0
14608 14608 1 1 419802 0
14609 14609 1 1 419899 0
14610 14610 1 1 419996 0
14611 14611 1 1 420093 0
14612 14612 1 1 420190 0
14613 14613 1 1 420287 0
14614 14614 1 1 420384 0
14615 14615 1 1 420481 0
14616 14616 1 1 420578 0
14617 14617 1 1 420675 0
14618 14618 1 1 420772 0
14619 14619 1 1 420869 0
14621 14621 1 1 421063 0
14622 14622 1 1 421160 0
14623 14623 1 1 421257 0
14624 14624 1 1 421354 0
14625 14625 1 1 421451 0
14626 14626 1 1 421548 0
14627 14627 1 1 421645 0
14628 14628 1 1 421742 0
14629 14629 1 1 421839 0
14630 14630 1 1 421936 0
14631 14631 1 1 422033 0
14632 14632 1 1 422130 0
14633 14633 1 1 422227 0
14634 14634 1 1 422324 0
14635 14635 1 1 422421 0
14636 14636 1 1 422518 0
14638 14638 1 1 422712 0
14639 14639 1 1 422809 0
14640 14640 1 1 422906 0
14641 14641 1 1 423003 0
14642 14642 1 1 423100 0
14643 14643 1 1 423197 0
14644 14644 1 1 423294 0
14645 14645 1 1 423391 0
14646 14646 1 1 423488 0
14647 14647 1 1 423585 0
14648 14648 1 1 423682 0
14649 14649 1 1 423779 0
14650 14650 1 1 423876 0
14651 14651 1 1 423973 0
14652 14652 1 1 424070 0
14653 14653 1 1 424167 0
14655 14655 1 1 424361 0
14656 14656 1 1 424458 0
14657 14657 1 1 424555 0
14658 14658 1 1 424652 0
14659 14659 1 1 424749 0
14660 14660 1 1 424846 0
14661 14661 1 1 424943 0
14662 14662 1 1 425040 0
14663 14663 1 1 425137 0
14664 14664 1 1 425234 0
14665 14665 1 1 425331 0
14666 14666 1 1 425428 0
14667 14667 1 1 425525 0
14668 14668 1 1 425622 0
14669 14669 1 1 425719 0
14670 14670 1 1 425816 0
14672 14672 1 1 426010 0
14673 14673 1 1 426107 0
14674 14674 1 1 426204 0
14675 14675 1 1 426301 0
14676 14676 1 1 426398 0
14677 14677 1 1 426495 0
14678 14678 1 1 426592 0
14679 14679 1 1 426689 0
14680 14680 1 1 426786 0
14681 14681 1 1 426883 0
14682 14682 1 1 426980 0
14683 14683 1 1 427077 0
14684 14684 1 1 427174 0
14685 14685 1 1 427271 0
14686 14686 1 1 427368 0
14687 14687 1 1 427465 0
14689 14689 1 1 427659 0
14690 14690 1 1 427756 0
14691 14691 1 1 427853 0
14692 14692 1 1 427950 0
14693 14693 1 1 428047 0
14694 14694 1 1 428144 0
14695 14695 1 1 428241 0
14696 14696 1 1 428338 0
14697 14697 1 1 428435 0
14698 14698 1 1 428532 0
14699 14699 1 1 428629 0
14700 14700 1 1 428726 0
14701 14701 1 1 428823 0
14702 14702 1 1 428920 0
14703 14703 1 1 429017 0
14704 14704 1 1 429114 0
14706 14706 1 1 429308 0
14707 14707 1 1 429405 0
14708 14708 1 1 429502 0
14709 14709 1 1 429599 0
14710 14710 1 1 429696 0
14711 14711 1 1 429793 0
14712 14712 1 1 429890 0
14713 14713 1 1 429987 0
14714 14714 1 1 430084 0
14715 14715 1 1 430181 0
14716 14716 1 1 430278 0
14717 14717 1 1 430375 0
14718 14718 1 1 430472 0
14719 14719 1 1 430569 0
14720 14720 1 1 430666 0
14721 14721 1 1 430763 0
14723 14723 1 1 430957 0
14724 14724 1 1 431054 0
14725 14725 1 1 431151 0
14726 14726 1 1 431248 0
14727 14727 1 1 431345 0
14728 14728 1 1 431442 0
14729 14729 1 1 431539 0
14730 14730 1 1 431636 0
14731 14731 1 1 431733 0
14732 14732 1 1 431830 0
14733 14733 1 1 431927 0
14734 14734 1 1 432024 0
14735 14735 1 1 432121 0
14736 14736 1 1 432218 0
14737 14737 1 1 432315 0
14738 14738 1 1 432412 0
14740 14740 1 1 432606 0
14741 14741 1 1 432703 0
14742 14742 1 1 432800 0
14743 14743 1 1 432897 0
14744 14744 1 1 432994 0
14745 14745 1 1 433091 0
14746 14746 1 1 433188 0
14747 14747 1 1 433285 0
14748 14748 1 1 433382 0
14749 14749 1 1 433479 0
14750 14750 1 1 433576 0
14751 14751 1 1 433673 0
14752 14752 1 1 433770 0
14753 14753 1 1 433867 0
14754 14754 1 1 433964 0
14755 14755 1 1 434061 0
14757 14757 1 1 434255 0
14758 14758 1 1 434352 0
14759 14759 1 1 434449 0
14760 14760 1 1 434546 0
14761 14761 1 1 434643 0
14762 14762 1 1 434740 0
14763 14763 1 1 434837 0
14764 14764 1 1 434934 0
14765 14765 1 1 435031 0
14766 14766 1 1 435128 0
14767 14767 1 1 435225 0
14768 14768 1 1 435322 0
14769 14769 1 1 435419 0
14770 14770 1 1 435516 0
14771 14771 1 1 435613 0
14772 14772 1 1 435710 0
14774 14774 1 1 435904 0
14775 14775 1 1 436001 0
14776 14776 1 1 436098 0
14777 14777 1 1 436195 0
14778 14778 1 1 436292 0
14779 14779 1 1 436389 0
14780 14780 1 1 436486 0
14781 14781 1 1 436583 0
14782 14782 1 1 436680 0
14783 14783 1 1 436777 0
14784 14784 1 1 436874 0
14785 14785 1 1 436971 0
14786 14786 1 1 437068 0
14787 14787 1 1 437165 0
14788 14788 1 1 437262 0
14789 14789 1 1 437359 0
14791 14791 1 1 437553 0
14792 14792 1 1 437650 0
14793 14793 1 1 437747 0
14794 14794 1 1 437844 0
14795 14795 1 1 437941 0
14796 14796 1 1 438038 0
14797 14797 1 1 438135 0
14798 14798 1 1 438232 0
14799 14799 1 1 438329 0
14800 14800 1 1 438426 0
14801 14801 1 1 438523 0
14802 14802 1 1 438620 0
14803 14803 1 1 438717 0
14804 14804 1 1 438814 0
14805 14805 1 1 438911 0
14806 14806 1 1 439008 0
14808 14808 1 1 439202 0
14809 14809 1 1 439299 0
14810 14810 1 1 439396 0
14811 14811 1 1 439493 0
14812 14812 1 1 439590 0
14813 14813 1 1 439687 0
14814 14814 1 1 439784 0
14815 14815 1 1 439881 0
14816 14816 1 1 439978 0
14817 14817 1 1 440075 0
14818 14818 1 1 440172 0
14819 14819 1 1 440269 0
14820 14820 1 1 440366 0
14821 14821 1 1 440463 0
14822 14822 1 1 440560 0
14823 14823 1 1 440657 0
14825 14825 1 1 440851 0
14826 14826 1 1 440948 0
14827 14827 1 1 441045 0
14828 14828 1 1 441142 0
14829 14829 1 1 441239 0
14830 14830 1 1 441336 0
14831 14831 1 1 441433 0
14832 14832 1 1 441530 0
14833 14833 1 1 441627 0
14834 14834 1 1 441724 0
14835 14835 1 1 441821 0
14836 14836 1 1 441918 0
14837 14837 1 1 442015 0
14838 14838 1 1 442112 0
14839 14839 1 1 442209 0
14840 14840 1 1 442306 0
14842 14842 1 1 442500 0
14843 14843 1 1 442597 0
14844 14844 1 1 442694 0
14845 14845 1 1 442791 0
14846 14846 1 1 442888 0
14847 14847 1 1 442985 0
14848 14848 1 1 443082 0
14849 14849 1 1 443179 0
14850 14850 1 1 443276 0
14851 14851 1 1 443373 0
14852 14852 1 1 443470 0
14853 14853 1 1 443567 0
14854 14854 1 1 443664 0
14855 14855 1 1 443761 0
14856 14856 1 1 443858 0
14857 14857 1 1 443955 0
14859 14859 1 1 444149 0
14860 14860 1 1 444246 0
14861 14861 1 1 444343 0
14862 14862 1 1 444440 0
14863 14863 1 1 444537 0
14864 14864 1 1 444634 0
14865 14865 1 1 444731 0
14866 14866 1 1 444828 0
14867 14867 1 1 444925 0
14868 14868 1 1 445022 0
14869 14869 1 1 445119 0
14870 14870 1 1 445216 0
14871 14871 1 1 445313 0
14872 14872 1 1 445410 0
14873 14873 1 1 445507 0
14874 14874 1 1 445604 0
14876 14876 1 1 445798 0
14877 14877 1 1 445895 0
14878 14878 1 1 445992 0
14879 14879 1 1 446089 0
14880 14880 1 1 446186 0
14881 14881 1 1 446283 0
14882 14882 1 1 446380 0
14883 14883 1 1 446477 0
14884 14884 1 1 446574 0
14885 14885 1 1 446671 0
14886 14886 1 1 446768 0
14887 14887 1 1 446865 0
14888 14888 1 1 446962 0
14889 14889 1 1 447059 0
14890 14890 1 1 447156 0
14891 14891 1 1 447253 0
14893 14893 1 1 447447 0
14894 14894 1 1 447544 0
14895 14895 1 1 447641 0
14896 14896 1 1 447738 0
14897 14897 1 1 447835 0
14898 14898 1 1 447932 0
14899 14899 1 1 448029 0
14900 14900 1 1 448126 0
14901 14901 1 1 448223 0
14902 14902 1 1 448320 0
14903 14903 1 1 448417 0
14904 14904 1 1 448514 0
14905 14905 1 1 448611 0
14906 14906 1 1 448708 0
14907 14907 1 1 448805 0
14908 14908 1 1 448902 0
14910 14910 1 1 449096 0
14911 14911 1 1 449193 0
14912 14912 1 1 449290 0
14913 14913 1 1 449387 0
14914 14914 1 1 449484 0
14915 14915 1 1 449581 0
14916 14916 1 1 449678 0
14917 14917 1 1 449775 0
14918 14918 1 1 449872 0
14919 14919 1 1 449969 0
14920 14920 1 1 450066 0
14921 14921 1 1 450163 0
14922 14922 1 1 450260 0
14923 14923 1 1 450357 0
14924 14924 1 1 450454 0
14925 14925 1 1 450551 0
14927 14927 1 1 450745 0
14928 14928 1 1 450842 0
14929 14929 1 1 450939 0
14930 14930 1 1 451036 0
14931 14931 1 1 451133 0
14932 14932 1 1 451230 0
14933 14933 1 1 451327 0
14934 14934 1 1 451424 0
14935 14935 1 1 451521 0
14936 14936 1 1 451618 0
14937 14937 1 1 451715 0
14938 14938 1 1 451812 0
14939 14939 1 1 451909 0
14940 14940 1 1 452006 0
14941 14941 1 1 452103 0
14942 14942 1 1 452200 0
14944 14944 1 1 452394 0
14945 14945 1 1 452491 0
14946 14946 1 1 452588 0
14947 14947 1 1 452685 0
14948 14948 1 1 452782 0
14949 14949 1 1 452879 0
14950 14950 1 1 452976 0
14951 14951 1 1 453073 0
14952 14952 1 1 453170 0
14953 14953 1 1 453267 0
14954 14954 1 1 453364 0
14955 14955 1 1 453461 0
14956 14956 1 1 453558 0
14957 14957 1 1 453655 0
14958 14958 1 1 453752 0
14959 14959 1 1 453849 0
14961 14961 1 1 454043 0
14962 14962 1 1 454140 0
14963 14963 1 1 454237 0
14964 14964 1 1 454334 0
14965 14965 1 1 454431 0
14966 14966 1 1 454528 0
14967 14967 1 1 454625 0
14968 14968 1 1 454722 0
14969 14969 1 1 454819 0
14970 14970 1 1 454916 0
14971 14971 1 1 455013 0
14972 14972 1 1 455110 0
14973 14973 1 1 455207 0
14974 14974 1 1 455304 0
14975 14975 1 1 455401 0
14976 14976 1 1 455498 0
14978 14978 1 1 455692 0
14979 14979 1 1 455789 0
14980 14980 1 1 455886 0
14981 14981 1 1 455983 0
14982 14982 1 1 456080 0
14983 14983 1 1 456177 0
14984 14984 1 1 456274 0
14985 14985 1 1 456371 0
14986 14986 1 1 456468 0
14987 14987 1 1 456565 0
14988 14988 1 1 456662 0
14989 14989 1 1 456759 0
14990 14990 1 1 456856 0
14991 14991 1 1 456953 0
14992 14992 1 1 457050 0
14993 14993 1 1 457147 0
14995 14995 1 1 457341 0
14996 14996 1 1 457438 0
14997 14997 1 1 457535 0
14998 14998 1 1 457632 0
14999 14999 1 1 457729 0
15000 15000 1 1 457826 0
15001 15001 1 1 457923 0
15002 15002 1 1 458020 0
15003 15003 1 1 458117 0
15004 15004 1 1 458214 0
15005 15005 1 1 458311 0
15006 15006 1 1 458408 0
15007 15007 1 1 458505 0
15008 15008 1 1 458602 0
15009 15009 1 1 458699 0
15010 15010 1 1 458796 0
15012 15012 1 1 458990 0
15013 15013 1 1 459087 0
15014 15014 1 1 459184 0
15015 15015 1 1 459281 0
15016 15016 1 1 459378 0
15017 15017 1 1 459475 0
15018 15018 1 1 459572 0
15019 15019 1 1 459669 0
15020 15020 1 1 459766 0
15021 15021 1 1 459863 0
15022 15022 1 1 459960 0
15023 15023 1 1 460057 0
15024 15024 1 1 460154 0
15025 15025 1 1 460251 0
15026 15026 1 1 460348 0
15027 15027 1 1 460445 0
15029 15029 1 1 460639 0
15030 15030 1 1 460736 0
15031 15031 1 1 460833 0
15032 15032 1 1 460930 0
15033 15033 1 1 461027 0
15034 15034 1 1 461124 0
15035 15035 1 1 461221 0
15036 15036 1 1 461318 0
15037 15037 1 1 461415 0
15038 15038 1 1 461512 0
15039 15039 1 1 461609 0
15040 15040 1 1 461706 0
15041 15041 1 1 461803 0
15042 15042 1 1 461900 0
15043 15043 1 1 461997 0
15044 15044 1 1 462094 0
15046 15046 1 1 462288 0
15047 15047 1 1 462385 0
15048 15048 1 1 462482 0
15049 15049 1 1 462579 0
15050 15050 1 1 462676 0
15051 15051 1 1 462773 0
15052 15052 1 1 462870 0
15053 15053 1 1 462967 0
15054 15054 1 1 463064 0
15055 15055 1 1 463161 0
15056 15056 1 1 463258 0
15057 15057 1 1 463355 0
15058 15058 1 1 463452 0
15059 15059 1 1 463549 0
15060 15060 1 1 463646 0
15061 15061 1 1 463743 0
15063 15063 1 1 463937 0
15064 15064 1 1 464034 0
15065 15065 1 1 464131 0
15066 15066 1 1 464228 0
15067 15067 1 1 464325 0
15068 15068 1 1 464422 0
15069 15069 1 1 464519 0
15070 15070 1 1 464616 0
15071 15071 1 1 464713 0
15072 15072 1 1 464810 0
15073 15073 1 1 464907 0
15074 15074 1 1 465004 0
15075 15075 1 1 465101 0
15076 15076 1 1 465198 0
15077 15077 1 1 465295 0
15078 15078 1 1 465392 0
15080 15080 1 1 465586 0
15081 15081 1 1 465683 0
15082 15082 1 1 465780 0
15083 15083 1 1 465877 0
15084 15084 1 1 465974 0
15085 15085 1 1 466071 0
15086 15086 1 1 466168 0
15087 15087 1 1 466265 0
15088 15088 1 1 466362 0
15089 15089 1 1 466459 0
15090 15090 1 1 466556 0
15091 15091 1 1 466653 0
15092 15092 1 1 466750 0
15093 15093 1 1 466847 0
15094 15094 1 1 466944 0
15095 15095 1 1 467041 0
15097 15097 1 1 467235 0
15098 15098 1 1 467332 0
15099 15099 1 1 467429 0
15100 15100 1 1 467526 0
15101 15101 1 1 467623 0
15102 15102 1 1 467720 0
15103 15103 1 1 467817 0
15104 15104 1 1 467914 0
15105 15105 1 1 468011 0
15106 15106 1 1 468108 0
15107 15107 1 1 468205 0
15108 15108 1 1 468302 0
15109 15109 1 1 468399 0
15110 15110 1 1 468496 0
15111 15111 1 1 468593 0
15112 15112 1 1 468690 0
15114 15114 1 1 468884 0
15115 15115 1 1 468981 0
15116 15116 1 1 469078 0
15117 15117 1 1 469175 0
15118 15118 1 1 469272 0
15119 15119 1 1 469369 0
15120 15120 1 1 469466 0
15121 15121 1 1 469563 0
15122 15122 1 1 469660 0
15123 15123 1 1 469757 0
15124 15124 1 1 469854 0
15125 15125 1 1 469951 0
15126 15126 1 1 470048 0
15127 15127 1 1 470145 0
15128 15128 1 1 470242 0
15129 15129 1 1 470339 0
15131 15131 1 1 470533 0
15132 15132 1 1 470630 0
15133 15133 1 1 470727 0
15134 15134 1 1 470824 0
15135 15135 1 1 470921 0
15136 15136 1 1 471018 0
15137 15137 1 1 471115 0
15138 15138 1 1 471212 0
15139 15139 1 1 471309 0
15140 15140 1 1 471406 0
15141 15141 1 1 471503 0
15142 15142 1 1 471600 0
15143 15143 1 1 471697 0
15144 15144 1 1 471794 0
15145 15145 1 1 471891 0
15146 15146 1 1 471988 0
15148 15148 1 1 472182 0
15149 15149 1 1 472279 0
15150 15150 1 1 472376 0
15151 15151 1 1 472473 0
15152 15152 1 1 472570 0
15153 15153 1 1 472667 0
15154 15154 1 1 472764 0
15155 15155 1 1 472861 0
15156 15156 1 1 472958 0
15157 15157 1 1 473055 0
15158 15158 1 1 473152 0
15159 15159 1 1 473249 0
15160 15160 1 1 473346 0
15161 15161 1 1 473443 0
15162 15162 1 1 473540 0
15163 15163 1 1 473637 0
15165 15165 1 1 473831 0
15166 15166 1 1 473928 0
15167 15167 1 1 474025 0
15168 15168 1 1 474122 0
15169 15169 1 1 474219 0
15170 15170 1 1 474316 0
15171 15171 1 1 474413 0
15172 15172 1 1 474510 0
15173 15173 1 1 474607 0
15174 15174 1 1 474704 0
15175 15175 1 1 474801 0
15176 15176 1 1 474898 0
15177 15177 1 1 474995 0
15178 15178 1 1 475092 0
15179 15179 1 1 475189 0
15180 15180 1 1 475286 0
15182 15182 1 1 475480 0
15183 15183 1 1 475577 0
15184 15184 1 1 475674 0
15185 15185 1 1 475771 0
15186 15186 1 1 475868 0
15187 15187 1 1 475965 0
15188 15188 1 1 476062 0
15189 15189 1 1 476159 0
15190 15190 1 1 476256 0
15191 15191 1 1 476353 0
15192 15192 1 1 476450 0
15193 15193 1 1 476547 0
15194 15194 1 1 476644 0
15195 15195 1 1 476741 0
15196 15196 1 1 476838 0
15197 15197 1 1 476935 0
15199 15199 1 1 477129 0
15200 15200 1 1 477226 0
15201 15201 1 1 477323 0
15202 15202 1 1 477420 0
15203 15203 1 1 477517 0
15204 15204 1 1 477614 0
15205 15205 1 1 477711 0
15206 15206 1 1 477808 0
15207 15207 1 1 477905 0
15208 15208 1 1 478002 0
15209 15209 1 1 478099 0
15210 15210 1 1 478196 0
15211 15211 1 1 478293 0
15212 15212 1 1 478390 0
15213 15213 1 1 478487 0
15214 15214 1 1 478584 0
15216 15216 1 1 478778 0
15217 15217 1 1 478875 0
15218 15218 1 1 478972 0
15219 15219 1 1 479069 0
15220 15220 1 1 479166 0
15221 15221 1 1 479263 0
15222 15222 1 1 479360 0
15223 15223 1 1 479457 0
15224 15224 1 1 479554 0
15225 15225 1 1 479651 0
15226 15226 1 1 479748 0
15227 15227 1 1 479845 0
15228 15228 1 1 479942 0
15229 15229 1 1 480039 0
15230 15230 1 1 480136 0
15231 15231 1 1 480233 0
15233 15233 1 1 480427 0
15234 15234 1 1 480524 0
15235 15235 1 1 480621 0
15236 15236 1 1 480718 0
15237 15237 1 1 480815 0
15238 15238 1 1 480912 0
15239 15239 1 1 481009 0
15240 15240 1 1 481106 0
15241 15241 1 1 481203 0
15242 15242 1 1 481300 0
15243 15243 1 1 481397 0
15244 15244 1 1 481494 0
15245 15245 1 1 481591 0
15246 15246 1 1 481688 0
15247 15247 1 1 481785 0
15248 15248 1 1 481882 0
15250 15250 1 1 482076 0
15251 15251 1 1 482173 0
15252 15252 1 1 482270 0
15253 15253 1 1 482367 0
15254 15254 1 1 482464 0
15255 15255 1 1 482561 0
15256 15256 1 1 482658 0
15257 15257 1 1 482755 0
15258 15258 1 1 482852 0
15259 15259 1 1 482949 0
15260 15260 1 1 483046 0
15261 15261 1 1 483143 0
15262 15262 1 1 483240 0
15263 15263 1 1 483337 0
15264 15264 1 1 483434 0
15265 15265 1 1 483531 0
15267 15267 1 1 483725 0
15268 15268 1 1 483822 0
15269 15269 1 1 483919 0
15270 15270 1 1 484016 0
15271 15271 1 1 484113 0
15272 15272 1 1 484210 0
15273 15273 1 1 484307 0
15274 15274 1 1 484404 0
15275 15275 1 1 484501 0
15276 15276 1 1 484598 0
15277 15277 1 1 484695 0
15278 15278 1 1 484792 0
15279 15279 1 1 484889 0
15280 15280 1 1 484986 0
15281 15281 1 1 485083 0
15282 15282 1 1 485180 0
15284 15284 1 1 485374 0
15285 15285 1 1 485471 0
15286 15286 1 1 485568 0
15287 15287 1 1 485665 0
15288 15288 1 1 485762 0
15289 15289 1 1 485859 0
15290 15290 1 1 485956 0
15291 15291 1 1 486053 0
15292 15292 1 1 486150 0
15293 15293 1 1 486247 0
15294 15294 1 1 486344 0
15295 15295 1 1 486441 0
15296 15296 1 1 486538 0
15297 15297 1 1 486635 0
15298 15298 1 1 486732 0
15299 15299 1 1 486829 0
15301 15301 1 1 487023 0
15302 15302 1 1 487120 0
15303 15303 1 1 487217 0
15304 15304 1 1 487314 0
15305 15305 1 1 487411 0
15306 15306 1 1 487508 0
15307 15307 1 1 487605 0
15308 15308 1 1 487702 0
15309 15309 1 1 487799 0
15310 15310 1 1 487896 0
15311 15311 1 1 487993 0
15312 15312 1 1 488090 0
15313 15313 1 1 488187 0
15314 15314 1 1 488284 0
15315 15315 1 1 488381 0
15316 15316 1 1 488478 0
15318 15318 1 1 488672 0
15319 15319 1 1 488769 0
15320 15320 1 1 488866 0
15321 15321 1 1 488963 0
15322 15322 1 1 489060 0
15323 15323 1 1 489157 0
15324 15324 1 1 489254 0
15325 15325 1 1 489351 0
15326 15326 1 1 489448 0
15327 15327 1 1 489545 0
15328 15328 1 1 489642 0
15329 15329 1 1 489739 0
15330 15330 1 1 489836 0
15331 15331 1 1 489933 0
15332 15332 1 1 490030 0
15333 15333 1 1 490127 0
15335 15335 1 1 490321 0
15336 15336 1 1 490418 0
15337 15337 1 1 490515 0
15338 15338 1 1 490612 0
15339 15339 1 1 490709 0
15340 15340 1 1 490806 0
15341 15341 1 1 490903 0
15342 15342 1 1 491000 0
15343 15343 1 1 491097 0
15344 15344 1 1 491194 0
15345 15345 1 1 491291 0
15346 15346 1 1 491388 0
15347 15347 1 1 491485 0
15348 15348 1 1 491582 0
15349 15349 1 1 491679 0
15350 15350 1 1 491776 0
15352 15352 1 1 491970 0
15353 15353 1 1 492067 0
15354 15354 1 1 492164 0
15355 15355 1 1 492261 0
15356 15356 1 1 492358 0
15357 15357 1 1 492455 0
15358 15358 1 1 492552 0
15359 15359 1 1 492649 0
15360 15360 1 1 492746 0
15361 15361 1 1 492843 0
15362 15362 1 1 492940 0
15363 15363 1 1 493037 0
15364 15364 1 1 493134 0
15365 15365 1 1 493231 0
15366 15366 1 1 493328 0
15367 15367 1 1 493425 0
15369 15369 1 1 493619 0
15370 15370 1 1 493716 0
15371 15371 1 1 493813 0
15372 15372 1 1 493910 0
15373 15373 1 1 494007 0
15374 15374 1 1 494104 0
15375 15375 1 1 494201 0
15376 15376 1 1 494298 0
15377 15377 1 1 494395 0
15378 15378 1 1 494492 0
15379 15379 1 1 494589 0
15380 15380 1 1 494686 0
15381 15381 1 1 494783 0
15382 15382 1 1 494880 0
15383 15383 1 1 494977 0
15384 15384 1 1 495074 0
15386 15386 1 1 495268 0
15387 15387 1 1 495365 0
15388 15388 1 1 495462 0
15389 15389 1 1 495559 0
15390 15390 1 1 495656 0
15391 15391 1 1 495753 0
15392 15392 1 1 495850 0
15393 15393 1 1 495947 0
15394 15394 1 1 496044 0
15395 15395 1 1 496141 0
15396 15396 1 1 496238 0
15397 15397 1 1 496335 0
15398 15398 1 1 496432 0
15399 15399 1 1 496529 0
15400 15400 1 1 496626 0
15401 15401 1 1 496723 0
15403 15403 1 1 496917 0
15404 15404 1 1 497014 0
15405 15405 1 1 497111 0
15406 15406 1 1 497208 0
15407 15407 1 1 497305 0
15408 15408 1 1 497402 0
15409 15409 1 1 497499 0
15410 15410 1 1 497596 0
15411 15411 1 1 497693 0
15412 15412 1 1 497790 0
15413 15413 1 1 497887 0
15414 15414 1 1 497984 0
15415 15415 1 1 498081 0
15416 15416 1 1 498178 0
15417 15417 1 1 498275 0
15418 15418 1 1 498372 0
15420 15420 1 1 498566 0
15421 15421 1 1 498663 0
15422 15422 1 1 498760 0
15423 15423 1 1 498857 0
15424 15424 1 1 498954 0
15425 15425 1 1 499051 0
15426 15426 1 1 499148 0
15427 15427 1 1 499245 0
15428 15428 1 1 499342 0
15429 15429 1 1 499439 0
15430 15430 1 1 499536 0
15431 15431 1 1 499633 0
15432 15432 1 1 499730 0
15433 15433 1 1 499827 0
15434 15434 1 1 499924 0
15435 15435 1 1 500021 0
15437 15437 1 1 500215 0
15438 15438 1 1 500312 0
15439 15439 1 1 500409 0
15440 15440 1 1 500506 0
15441 15441 1 1 500603 0
15442 15442 1 1 500700 0
15443 15443 1 1 500797 0
15444 15444 1 1 500894 0
15445 15445 1 1 500991 0
15446 15446 1 1 501088 0
15447 15447 1 1 501185 0
15448 15448 1 1 501282 0
15449 15449 1 1 501379 0
15450 15450 1 1 501476 0
15451 15451 1 1 501573 0
15452 15452 1 1 501670 0
15454 15454 1 1 501864 0
15455 15455 1 1 501961 0
15456 15456 1 1 502058 0
15457 15457 1 1 502155 0
15458 15458 1 1 502252 0
15459 15459 1 1 502349 0
15460 15460 1 1 502446 0
15461 15461 1 1 502543 0
15462 15462 1 1 502640 0
15463 15463 1 1 502737 0
15464 15464 1 1 502834 0
15465 15465 1 1 502931 0
15466 15466 1 1 503028 0
15467 15467 1 1 503125 0
15468 15468 1 1 503222 0
15469 15469 1 1 503319 0
15471 15471 1 1 503513 0
15472 15472 1 1 503610 0
15473 15473 1 1 503707 0
15474 15474 1 1 503804 0
15475 15475 1 1 503901 0
15476 15476 1 1 503998 0
15477 15477 1 1 504095 0
15478 15478 1 1 504192 0
15479 15479 1 1 504289 0
15480 15480 1 1 504386 0
15481 15481 1 1 504483 0
15482 15482 1 1 504580 0
15483 15483 1 1 504677 0
15484 15484 1 1 504774 0
15485 15485 1 1 504871 0
15486 15486 1 1 504968 0
15488 15488 1 1 505162 0
15489 15489 1 1 505259 0
15490 15490 1 1 505356 0
15491 15491 1 1 505453 0
15492 15492 1 1 505550 0
15493 15493 1 1 505647 0
15494 15494 1 1 505744 0
15495 15495 1 1 505841 0
15496 15496 1 1 505938 0
15497 15497 1 1 506035 0
15498 15498 1 1 506132 0
15499 15499 1 1 506229 0
15500 15500 1 1 506326 0
15501 15501 1 1 506423 0
15502 15502 1 1 506520 0
15503 15503 1 1 506617 0
15505 15505 1 1 506811 0
15506 15506 1 1 506908 0
15507 15507 1 1 507005 0
15508 15508 1 1 507102 0
15509 15509 1 1 507199 0
15510 15510 1 1 507296 0
15511 15511 1 1 507393 0
15512 15512 1 1 507490 0
15513 15513 1 1 507587 0
15514 15514 1 1 507684 0
15515 15515 1 1 507781 0
15516 15516 1 1 507878 0
15517 15517 1 1 507975 0
15518 15518 1 1 508072 0
15519 15519 1 1 508169 0
15520 15520 1 1 508266 0
15522 15522 1 1 508460 0
15523 15523 1 1 508557 0
15524 15524 1 1 508654 0
15525 15525 1 1 508751 0
15526 15526 1 1 508848 0
15527 15527 1 1 508945 0
15528 15528 1 1 509042 0
15529 15529 1 1 509139 0
15530 15530 1 1 509236 0
15531 15531 1 1 509333 0
15532 15532 1 1 509430 0
15533 15533 1 1 509527 0
15534 15534 1 1 509624 0
15535 15535 1 1 509721 0
15536 15536 1 1 509818 0
15537 15537 1 1 509915 0
15539 15539 1 1 510109 0
15540 15540 1 1 510206 0
15541 15541 1 1 510303 0
15542 15542 1 1 510400 0
15543 15543 1 1 510497 0
15544 15544 1 1 510594 0
15545 15545 1 1 510691 0
15546 15546 1 1 510788 0
15547 15547 1 1 510885 0
15548 15548 1 1 510982 0
15549 15549 1 1 511079 0
15550 15550 1 1 511176 0
15551 15551 1 1 511273 0
15552 15552 1 1 511370 0
15553 15553 1 1 511467 0
15554 15554 1 1 511564 0
15556 15556 1 1 511758 0
15557 15557 1 1 511855 0
15558 15558 1 1 511952 0
15559 15559 1 1 512049 0
15560 15560 1 1 512146 0
15561 15561 1 1 512243 0
15562 15562 1 1 512340 0
15563 15563 1 1 512437 0
15564 15564 1 1 512534 0
15565 15565 1 1 512631 0
15566 15566 1 1 512728 0
15567 15567 1 1 512825 0
15568 15568 1 1 512922 0
15569 15569 1 1 513019 0
15570 15570 1 1 513116 0
15571 15571 1 1 513213 0
15573 15573 1 1 513407 0
15574 15574 1 1 513504 0
15575 15575 1 1 513601 0
15576 15576 1 1 513698 0
15577 15577 1 1 513795 0
15578 15578 1 1 513892 0
15579 15579 1 1 513989 0
15580 15580 1 1 514086 0
15581 15581 1 1 514183 0
15582 15582 1 1 514280 0
15583 15583 1 1 514377 0
15584 15584 1 1 514474 0
15585 15585 1 1 514571 0
15586 15586 1 1 514668 0
15587 15587 1 1 514765 0
15588 15588 1 1 514862 0
15590 15590 1 1 515056 0
15591 15591 1 1 515153 0
15592 15592 1 1 515250 0
15593 15593 1 1 515347 0
15594 15594 1 1 515444 0
15595 15595 1 1 515541 0
15596 15596 1 1 515638 0
15597 15597 1 1 515735 0
15598 15598 1 1 515832 0
15599 15599 1 1 515929 0
15600 15600 1 1 516026 0
15601 15601 1 1 516123 0
15602 15602 1 1 516220 0
15603 15603 1 1 516317 0
15604 15604 1 1 516414 0
15605 15605 1 1 516511 0
15607 15607 1 1 516705 0
15608 15608 1 1 516802 0
15609 15609 1 1 516899 0
15610 15610 1 1 516996 0
15611 15611 1 1 517093 0
15612 15612 1 1 517190 0
15613 15613 1 1 517287 0
15614 15614 1 1 517384 0
15615 15615 1 1 517481 0
15616 15616 1 1 517578 0
15617 15617 1 1 517675 0
15618 15618 1 1 517772 0
15619 15619 1 1 517869 0
15620 15620 1 1 517966 0
15621 15621 1 1 518063 0
15622 15622 1 1 518160 0
15624 15624 1 1 518354 0
15625 15625 1 1 518451 0
15626 15626 1 1 518548 0
15627 15627 1 1 518645 0
15628 15628 1 1 518742 0
15629 15629 1 1 518839 0
15630 15630 1 1 518936 0
15631 15631 1 1 519033 0
15632 15632 1 1 519130 0
15633 15633 1 1 519227 0
15634 15634 1 1 519324 0
15635 15635 1 1 519421 0
15636 15636 1 1 519518 0
15637 15637 1 1 519615 0
15638 15638 1 1 519712 0
15639 15639 1 1 519809 0
15641 15641 1 1 520003 0
15642 15642 1 1 520100 0
15643 15643 1 1 520197 0
15644 15644 1 1 520294 0
15645 15645 1 1 520391 0
15646 15646 1 1 520488 0
15647 15647 1 1 520585 0
15648 15648 1 1 520682 0
15649 15649 1 1 520779 0
15650 15650 1 1 520876 0
15651 15651 1 1 520973 0
15652 15652 1 1 521070 0
15653 15653 1 1 521167 0
15654 15654 1 1 521264 0
15655 15655 1 1 521361 0
15656 15656 1 1 521458 0
15658 15658 1 1 521652 0
15659 15659 1 1 521749 0
15660 15660 1 1 521846 0
15661 15661 1 1 521943 0
15662 15662 1 1 522040 0
15663 15663 1 1 522137 0
15664 15664 1 1 522234 0
15665 15665 1 1 522331 0
15666 15666 1 1 522428 0
15667 15667 1 1 522525 0
15668 15668 1 1 522622 0
15669 15669 1 1 522719 0
15670 15670 1 1 522816 0
15671 15671 1 1 522913 0
15672 15672 1 1 523010 0
15673 15673 1 1 523107 0
15675 15675 1 1 523301 0
15676 15676 1 1 523398 0
15677 15677 1 1 523495 0
15678 15678 1 1 523592 0
15679 15679 1 1 523689 0
15680 15680 1 1 523786 0
15681 15681 1 1 523883 0
15682 15682 1 1 523980 0
15683 15683 1 1 524077 0
15684 15684 1 1 524174 0
15685 15685 1 1 524271 0
15686 15686 1 1 524368 0
15687 15687 1 1 524465 0
15688 15688 1 1 524562 0
15689 15689 1 1 524659 0
15690 15690 1 1 524756 0
15692 15692 1 1 524950 0
15693 15693 1 1 525047 0
15694 15694 1 1 525144 0
15695 15695 1 1 525241 0
15696 15696 1 1 525338 0
15697 15697 1 1 525435 0
15698 15698 1 1 525532 0
15699 15699 1 1 525629 0
15700 15700 1 1 525726 0
15701 15701 1 1 525823 0
15702 15702 1 1 525920 0
15703 15703 1 1 526017 0
15704 15704 1 1 526114 0
15705 15705 1 1 526211 0
15706 15706 1 1 526308 0
15707 15707 1 1 526405 0
15709 15709 1 1 526599 0
15710 15710 1 1 526696 0
15711 15711 1 1 526793 0
15712 15712 1 1 526890 0
15713 15713 1 1 526987 0
15714 15714 1 1 527084 0
15715 15715 1 1 527181 0
15716 15716 1 1 527278 0
15717 15717 1 1 527375 0
15718 15718 1 1 527472 0
15719 15719 1 1 527569 0
15720 15720 1 1 527666 0
15721 15721 1 1 527763 0
15722 15722 1 1 527860 0
15723 15723 1 1 527957 0
15724 15724 1 1 528054 0
15726 15726 1 1 528248 0
15727 15727 1 1 528345 0
15728 15728 1 1 528442 0
15729 15729 1 1 528539 0
15730 15730 1 1 528636 0
15731 15731 1 1 528733 0
15732 15732 1 1 528830 0
15733 15733 1 1 528927 0
15734 15734 1 1 529024 0
15735 15735 1 1 529121 0
15736 15736 1 1 529218 0
15737 15737 1 1 529315 0
15738 15738 1 1 529412 0
15739 15739 1 1 529509 0
15740 15740 1 1 529606 0
15741 15741 1 1 529703 0
15743 15743 1 1 529897 0
15744 15744 1 1 529994 0
15745 15745 1 1 530091 0
15746 15746 1 1 530188 0
15747 15747 1 1 530285 0
15748 15748 1 1 530382 0
15749 15749 1 1 530479 0
15750 15750 1 1 530576 0
15751 15751 1 1 530673 0
15752 15752 1 1 530770 0
15753 15753 1 1 530867 0
15754 15754 1 1 530964 0
15755 15755 1 1 531061 0
15756 15756 1 1 531158 0
15757 15757 1 1 531255 0
15758 15758 1 1 531352 0
15760 15760 1 1 531546 0
15761 15761 1 1 531643 0
15762 15762 1 1 531740 0
15763 15763 1 1 531837 0
15764 15764 1 1 531934 0
15765 15765 1 1 532031 0
15766 15766 1 1 532128 0
15767 15767 1 1 532225 0
15768 15768 1 1 532322 0
15769 15769 1 1 532419 0
15770 15770 1 1 532516 0
15771 15771 1 1 532613 0
15772 15772 1 1 532710 0
15773 15773 1 1 532807 0
15774 15774 1 1 532904 0
15775 15775 1 1 533001 0
15777 15777 1 1 533195 0
15778 15778 1 1 533292 0
15779 15779 1 1 533389 0
15780 15780 1 1 533486 0
15781 15781 1 1 533583 0
15782 15782 1 1 533680 0
15783 15783 1 1 533777 0
15784 15784 1 1 533874 0
15785 15785 1 1 533971 0
15786 15786 1 1 534068 0
15787 15787 1 1 534165 0
15788 15788 1 1 534262 0
15789 15789 1 1 534359 0
15790 15790 1 1 534456 0
15791 15791 1 1 534553 0
15792 15792 1 1 534650 0
15794 15794 1 1 534844 0
15795 15795 1 1 534941 0
15796 15796 1 1 535038 0
15797 15797 1 1 535135 0
15798 15798 1 1 535232 0
15799 15799 1 1 535329 0
15800 15800 1 1 535426 0
15801 15801 1 1 535523 0
15802 15802 1 1 535620 0
15803 15803 1 1 535717 0
15804 15804 1 1 535814 0
15805 15805 1 1 535911 0
15806 15806 1 1 536008 0
15807 15807 1 1 536105 0
15808 15808 1 1 536202 0
15809 15809 1 1 536299 0
15811 15811 1 1 536493 0
15812 15812 1 1 536590 0
15813 15813 1 1 536687 0
15814 15814 1 1 536784 0
15815 15815 1 1 536881 0
15816 15816 1 1 536978 0
15817 15817 1 1 537075 0
15818 15818 1 1 537172 0
15819 15819 1 1 537269 0
15820 15820 1 1 537366 0
15821 15821 1 1 537463 0
15822 15822 1 1 537560 0
15823 15823 1 1 537657 0
15824 15824 1 1 537754 0
15825 15825 1 1 537851 0
15826 15826 1 1 537948 0
15828 15828 1 1 538142 0
15829 15829 1 1 538239 0
15830 15830 1 1 538336 0
15831 15831 1 1 538433 0
15832 15832 1 1 538530 0
15833 15833 1 1 538627 0
15834 15834 1 1 538724 0
15835 15835 1 1 538821 0
15836 15836 1 1 538918 0
15837 15837 1 1 539015 0
15838 15838 1 1 539112 0
15839 15839 1 1 539209 0
15840 15840 1 1 539306 0
15841 15841 1 1 539403 0
15842 15842 1 1 539500 0
15843 15843 1 1 539597 0
15845 15845 1 1 539791 0
15846 15846 1 1 539888 0
15847 15847 1 1 539985 0
15848 15848 1 1 540082 0
15849 15849 1 1 540179 0
15850 15850 1 1 540276 0
15851 15851 1 1 540373 0
15852 15852 1 1 540470 0
15853 15853 1 1 540567 0
15854 15854 1 1 540664 0
15855 15855 1 1 540761 0
15856 15856 1 1 540858 0
15857 15857 1 1 540955 0
15858 15858 1 1 541052 0
15859 15859 1 1 541149 0
15860 15860 1 1 541246 0
15862 15862 1 1 541440 0
15863 15863 1 1 541537 0
15864 15864 1 1 541634 0
15865 15865 1 1 541731 0
15866 15866 1 1 541828 0
15867 15867 1 1 541925 0
15868 15868 1 1 542022 0
15869 15869 1 1 542119 0
15870 15870 1 1 542216 0
15871 15871 1 1 542313 0
15872 15872 1 1 542410 0
15873 15873 1 1 542507 0
15874 15874 1 1 542604 0
15875 15875 1 1 542701 0
15876 15876 1 1 542798 0
15877 15877 1 1 542895 0
15879 15879 1 1 543089 0
15880 15880 1 1 543186 0
15881 15881 1 1 543283 0
15882 15882 1 1 543380 0
15883 15883 1 1 543477 0
15884 15884 1 1 543574 0
15885 15885 1 1 543671 0
15886 15886 1 1 543768 0
15887 15887 1 1 543865 0
15888 15888 1 1 543962 0
15889 15889 1 1 544059 0
15890 15890 1 1 544156 0
15891 15891 1 1 544253 0
15892 15892 1 1 544350 0
15893 15893 1 1 544447 0
15894 15894 1 1 544544 0
15896 15896 1 1 544738 0
15897 15897 1 1 544835 0
15898 15898 1 1 544932 0
15899 15899 1 1 545029 0
15900 15900 1 1 545126 0
15901 15901 1 1 545223 0
15902 15902 1 1 545320 0
15903 15903 1 1 545417 0
15904 15904 1 1 545514 0
15905 15905 1 1 545611 0
15906 15906 1 1 545708 0
15907 15907 1 1 545805 0
15908 15908 1 1 545902 0
15909 15909 1 1 545999 0
15910 15910 1 1 546096 0
15911 15911 1 1 546193 0
15913 15913 1 1 546387 0
15914 15914 1 1 546484 0
15915 15915 1 1 546581 0
15916 15916 1 1 546678 0
15917 15917 1 1 546775 0
15918 15918 1 1 546872 0
15919 15919 1 1 546969 0
15920 15920 1 1 547066 0
15921 15921 1 1 547163 0
15922 15922 1 1 547260 0
15923 15923 1 1 547357 0
15924 15924 1 1 547454 0
15925 15925 1 1 547551 0
15926 15926 1 1 547648 0
15927 15927 1 1 547745 0
15928 15928 1 1 547842 0
15930 15930 1 1 548036 0
15931 15931 1 1 548133 0
15932 15932 1 1 548230 0
15933 15933 1 1 548327 0
15934 15934 1 1 548424 0
15935 15935 1 1 548521 0
15936 15936 1 1 548618 0
15937 15937 1 1 548715 0
15938 15938 1 1 548812 0
15939 15939 1 1 548909 0
15940 15940 1 1 549006 0
15941 15941 1 1 549103 0
15942 15942 1 1 549200 0
15943 15943 1 1 549297 0
15944 15944 1 1 549394 0
15945 15945 1 1 549491 0
15947 15947 1 1 549685 0
15948 15948 1 1 549782 0
15949 15949 1 1 549879 0
15950 15950 1 1 549976 0
15951 15951 1 1 550073 0
15952 15952 1 1 550170 0
15953 15953 1 1 550267 0
15954 15954 1 1 550364 0
15955 15955 1 1 550461 0
15956 15956 1 1 550558 0
15957 15957 1 1 550655 0
15958 15958 1 1 550752 0
15959 15959 1 1 550849 0
15960 15960 1 1 550946 0
15961 15961 1 1 551043 0
15962 15962 1 1 551140 0
15964 15964 1 1 551334 0
15965 15965 1 1 551431 0
15966 15966 1 1 551528 0
15967 15967 1 1 551625 0
15968 15968 1 1 551722 0
15969 15969 1 1 551819 0
15970 15970 1 1 551916 0
15971 15971 1 1 552013 0
15972 15972 1 1 552110 0
15973 15973 1 1 552207 0
15974 15974 1 1 552304 0
15975 15975 1 1 552401 0
15976 15976 1 1 552498 0
15977 15977 1 1 552595 0
15978 15978 1 1 552692 0
15979 15979 1 1 552789 0
15981 15981 1 1 552983 0
15982 15982 1 1 553080 0
15983 15983 1 1 553177 0
15984 15984 1 1 553274 0
15985 15985 1 1 553371 0
15986 15986 1 1 553468 0
15987 15987 1 1 553565 0
15988 15988 1 1 553662 0
15989 15989 1 1 553759 0
15990 15990 1 1 553856 0
15991 15991 1 1 553953 0
15992 15992 1 1 554050 0
15993 15993 1 1 554147 0
15994 15994 1 1 554244 0
15995 15995 1 1 554341 0
15996 15996 1 1 554438 0
15998 15998 1 1 554632 0
15999 15999 1 1 554729 0
16000 16000 1 1 554826 0
16001 16001 1 1 554923 0
16002 16002 1 1 555020 0
16003 16003 1 1 555117 0
16004 16004 1 1 555214 0
16005 16005 1 1 555311 0
16006 16006 1 1 555408 0
16007 16007 1 1 555505 0
16008 16008 1 1 555602 0
16009 16009 1 1 555699 0
16010 16010 1 1 555796 0
16011 16011 1 1 555893 0
16012 16012 1 1 555990 0
16013 16013 1 1 556087 0
16015 16015 1 1 556281 0
16016 16016 1 1 556378 0
16017 16017 1 1 556475 0
16018 16018 1 1 556572 0
16019 16019 1 1 556669 0
16020 16020 1 1 556766 0
16021 16021 1 1 556863 0
16022 16022 1 1 556960 0
16023 16023 1 1 557057 0
16024 16024 1 1 557154 0
16025 16025 1 1 557251 0
16026 16026 1 1 557348 0
16027 16027 1 1 557445 0
16028 16028 1 1 557542 0
16029 16029 1 1 557639 0
16030 16030 1 1 557736 0
16032 16032 1 1 557930 0
16033 16033 1 1 558027 0
16034 16034 1 1 558124 0
16035 16035 1 1 558221 0
16036 16036 1 1 558318 0
16037 16037 1 1 558415 0
16038 16038 1 1 558512 0
16039 16039 1 1 558609 0
16040 16040 1 1 558706 0
16041 16041 1 1 558803 0
16042 16042 1 1 558900 0
16043 16043 1 1 558997 0
16044 16044 1 1 559094 0
16045 16045 1 1 559191 0
16046 16046 1 1 559288 0
16047 16047 1 1 559385 0
16049 16049 1 1 559579 0
16050 16050 1 1 559676 0
16051 16051 1 1 559773 0
16052 16052 1 1 559870 0
16053 16053 1 1 559967 0
16054 16054 1 1 560064 0
16055 16055 1 1 560161 0
16056 16056 1 1 560258 0
16057 16057 1 1 560355 0
16058 16058 1 1 560452 0
16059 16059 1 1 560549 0
16060 16060 1 1 560646 0
16061 16061 1 1 560743 0
16062 16062 1 1 560840 0
16063 16063 1 1 560937 0
16064 16064 1 1 561034 0
16066 16066 1 1 561228 0
16067 16067 1 1 561325 0
16068 16068 1 1 561422 0
16069 16069 1 1 561519 0
16070 16070 1 1 561616 0
16071 16071 1 1 561713 0
16072 16072 1 1 561810 0
16073 16073 1 1 561907 0
16074 16074 1 1 562004 0
16075 16075 1 1 562101 0
16076 16076 1 1 562198 0
16077 16077 1 1 562295 0
16078 16078 1 1 562392 0
16079 16079 1 1 562489 0
16080 16080 1 1 562586 0
16081 16081 1 1 562683 0
16083 16083 1 1 562877 0
16084 16084 1 1 562974 0
16085 16085 1 1 563071 0
16086 16086 1 1 563168 0
16087 16087 1 1 563265 0
16088 16088 1 1 563362 0
16089 16089 1 1 563459 0
16090 16090 1 1 563556 0
16091 16091 1 1 563653 0
16092 16092 1 1 563750 0
16093 16093 1 1 563847 0
16094 16094 1 1 563944 0
16095 16095 1 1 564041 0
16096 16096 1 1 564138 0
16097 16097 1 1 564235 0
16098 16098 1 1 564332 0
16100 16100 1 1 564526 0
16101 16101 1 1 564623 0
16102 16102 1 1 564720 0
16103 16103 1 1 564817 0
16104 16104 1 1 564914 0
16105 16105 1 1 565011 0
16106 16106 1 1 565108 0
16107 16107 1 1 565205 0
16108 16108 1 1 565302 0
16109 16109 1 1 565399 0
16110 16110 1 1 565496 0
16111 16111 1 1 565593 0
16112 16112 1 1 565690 0
16113 16113 1 1 565787 0
16114 16114 1 1 565884 0
16115 16115 1 1 565981 0
16117 16117 1 1 566175 0
16118 16118 1 1 566272 0
16119 16119 1 1 566369 0
16120 16120 1 1 566466 0
16121 16121 1 1 566563 0
16122 16122 1 1 566660 0
16123 16123 1 1 566757 0
16124 16124 1 1 566854 0
16125 16125 1 1 566951 0
16126 16126 1 1 567048 0
16127 16127 1 1 567145 0
16128 16128 1 1 567242 0
16129 16129 1 1 567339 0
16130 16130 1 1 567436 0
16131 16131 1 1 567533 0
16132 16132 1 1 567630 0
16134 16134 1 1 567824 0
16135 16135 1 1 567921 0
16136 16136 1 1 568018 0
16137 16137 1 1 568115 0
16138 16138 1 1 568212 0
16139 16139 1 1 568309 0
16140 16140 1 1 568406 0
16141 16141 1 1 568503 0
16142 16142 1 1 568600 0
16143 16143 1 1 568697 0
16144 16144 1 1 568794 0
16145 16145 1 1 568891 0
16146 16146 1 1 568988 0
16147 16147 1 1 569085 0
16148 16148 1 1 569182 0
16149 16149 1 1 569279 0
16151 16151 1 1 569473 0
16152 16152 1 1 569570 0
16153 16153 1 1 569667 0
16154 16154 1 1 569764 0
16155 16155 1 1 569861 0
16156 16156 1 1 569958 0
16157 16157 1 1 570055 0
16158 16158 1 1 570152 0
16159 16159 1 1 570249 0
16160 16160 1 1 570346 0
16161 16161 1 1 570443 0
16162 16162 1 1 570540 0
16163 16163 1 1 570637 0
16164 16164 1 1 570734 0
16165 16165 1 1 570831 0
16166 16166 1 1 570928 0
16168 16168 1 1 571122 0
16169 16169 1 1 571219 0
16170 16170 1 1 571316 0
16171 16171 1 1 571413 0
16172 16172 1 1 571510 0
16173 16173 1 1 571607 0
16174 16174 1 1 571704 0
16175 16175 1 1 571801 0
16176 16176 1 1 571898 0
16177 16177 1 1 571995 0
16178 16178 1 1 572092 0
16179 16179 1 1 572189 0
16180 16180 1 1 572286 0
16181 16181 1 1 572383 0
16182 16182 1 1 572480 0
16183 16183 1 1 572577 0
16185 16185 1 1 572771 0
16186 16186 1 1 572868 0
16187 16187 1 1 572965 0
16188 16188 1 1 573062 0
16189 16189 1 1 573159 0
16190 16190 1 1 573256 0
16191 16191 1 1 573353 0
16192 16192 1 1 573450 0
16193 16193 1 1 573547 0
16194 16194 1 1 573644 0
16195 16195 1 1 573741 0
16196 16196 1 1 573838 0
16197 16197 1 1 573935 0
16198 16198 1 1 574032 0
16199 16199 1 1 574129 0
16200 16200 1 1 574226 0
16202 16202 1 1 574420 0
16203 16203 1 1 574517 0
16204 16204 1 1 574614 0
16205 16205 1 1 574711 0
16206 16206 1 1 574808 0
16207 16207 1 1 574905 0
16208 16208 1 1 575002 0
16209 16209 1 1 575099 0
16210 16210 1 1 575196 0
16211 16211 1 1 575293 0
16212 16212 1 1 575390 0
16213 16213 1 1 575487 0
16214 16214 1 1 575584 0
16215 16215 1 1 575681 0
16216 16216 1 1 575778 0
16217 16217 1 1 575875 0
16219 16219 1 1 576069 0
16220 16220 1 1 576166 0
16221 16221 1 1 576263 0
16222 16222 1 1 576360 0
16223 16223 1 1 576457 0
16224 16224 1 1 576554 0
16225 16225 1 1 576651 0
16226 16226 1 1 576748 0
16227 16227 1 1 576845 0
16228 16228 1 1 576942 0
16229 16229 1 1 577039 0
16230 16230 1 1 577136 0
16231 16231 1 1 577233 0
16232 16232 1 1 577330 0
16233 16233 1 1 577427 0
16234 16234 1 1 577524 0
16236 16236 1 1 577718 0
16237 16237 1 1 577815 0
16238 16238 1 1 577912 0
16239 16239 1 1 578009 0
16240 16240 1 1 578106 0
16241 16241 1 1 578203 0
16242 16242 1 1 578300 0
16243 16243 1 1 578397 0
16244 16244 1 1 578494 0
16245 16245 1 1 578591 0
16246 16246 1 1 578688 0
16247 16247 1 1 578785 0
16248 16248 1 1 578882 0
16249 16249 1 1 578979 0
16250 16250 1 1 579076 0
16251 16251 1 1 579173 0
16253 16253 1 1 579367 0
16254 16254 1 1 579464 0
16255 16255 1 1 579561 0
16256 16256 1 1 579658 0
16257 16257 1 1 579755 0
16258 16258 1 1 579852 0
16259 16259 1 1 579949 0
16260 16260 1 1 580046 0
16261 16261 1 1 580143 0
16262 16262 1 1 580240 0
16263 16263 1 1 580337 0
16264 16264 1 1 580434 0
16265 16265 1 1 580531 0
16266 16266 1 1 580628 0
16267 16267 1 1 580725 0
16268 16268 1 1 580822 0
16270 16270 1 1 581016 0
16271 16271 1 1 581113 0
16272 16272 1 1 581210 0
16273 16273 1 1 581307 0
16274 16274 1 1 581404 0
16275 16275 1 1 581501 0
16276 16276 1 1 581598 0
16277 16277 1 1 581695 0
16278 16278 1 1 581792 0
16279 16279 1 1 581889 0
16280 16280 1 1 581986 0
16281 16281 1 1 582083 0
16282 16282 1 1 582180 0
16283 16283 1 1 582277 0
16284 16284 1 1 582374 0
16285 16285 1 1 582471 0
16287 16287 1 1 582665 0
16288 16288 1 1 582762 0
16289 16289 1 1 582859 0
16290 16290 1 1 582956 0
16291 16291 1 1 583053 0
16292 16292 1 1 583150 0
16293 16293 1 1 583247 0
16294 16294 1 1 583344 0
16295 16295 1 1 583441 0
16296 16296 1 1 583538 0
16297 16297 1 1 583635 0
16298 16298 1 1 583732 0
16299 16299 1 1 583829 0
16300 16300 1 1 583926 0
16301 16301 1 1 584023 0
16302 16302 1 1 584120 0
16304 16304 1 1 584314 0
16305 16305 1 1 584411 0
16306 16306 1 1 584508 0
16307 16307 1 1 584605 0
16308 16308 1 1 584702 0
16309 16309 1 1 584799 0
16310 16310 1 1 584896 0
16311 16311 1 1 584993 0
16312 16312 1 1 585090 0
16313 16313 1 1 585187 0
16314 16314 1 1 585284 0
16315 16315 1 1 585381 0
16316 16316 1 1 585478 0
16317 16317 1 1 585575 0
16318 16318 1 1 585672 0
16319 16319 1 1 585769 0
16321 16321 1 1 585963 0
16322 16322 1 1 586060 0
16323 16323 1 1 586157 0
16324 16324 1 1 586254 0
16325 16325 1 1 586351 0
16326 16326 1 1 586448 0
16327 16327 1 1 586545 0
16328 16328 1 1 586642 0
16329 16329 1 1 586739 0
16330 16330 1 1 586836 0
16331 16331 1 1 586933 0
16332 16332 1 1 587030 0
16333 16333 1 1 587127 0
16334 16334 1 1 587224 0
16335 16335 1 1 587321 0
16336 16336 1 1 587418 0
16338 16338 1 1 587612 0
16339 16339 1 1 587709 0
16340 16340 1 1 587806 0
16341 16341 1 1 587903 0
16342 16342 1 1 588000 0
16343 16343 1 1 588097 0
16344 16344 1 1 588194 0
16345 16345 1 1 588291 0
16346 16346 1 1 588388 0
16347 16347 1 1 588485 0
16348 16348 1 1 588582 0
16349 16349 1 1 588679 0
16350 16350 1 1 588776 0
16351 16351 1 1 588873 0
16352 16352 1 1 588970 0
16353 16353 1 1 589067 0
16355 16355 1 1 589261 0
16356 16356 1 1 589358 0
16357 16357 1 1 589455 0
16358 16358 1 1 589552 0
16359 16359 1 1 589649 0
16360 16360 1 1 589746 0
16361 16361 1 1 589843 0
16362 16362 1 1 589940 0
16363 16363 1 1 590037 0
16364 16364 1 1 590134 0
16365 16365 1 1 590231 0
16366 16366 1 1 590328 0
16367 16367 1 1 590425 0
16368 16368 1 1 590522 0
16369 16369 1 1 590619 0
16370 16370 1 1 590716 0
16372 16372 1 1 590910 0
16373 16373 1 1 591007 0
16374 16374 1 1 591104 0
16375 16375 1 1 591201 0
16376 16376 1 1 591298 0
16377 16377 1 1 591395 0
16378 16378 1 1 591492 0
16379 16379 1 1 591589 0
16380 16380 1 1 591686 0
16381 16381 1 1 591783 0
16382 16382 1 1 591880 0
16383 16383 1 1 591977 0
16384 16384 1 1 592074 0
16385 16385 1 1 592171 0
16386 16386 1 1 592268 0
16387 16387 1 1 592365 0
16389 16389 1 1 592559 0
16390 16390 1 1 592656 0
16391 16391 1 1 592753 0
16392 16392 1 1 592850 0
16393 16393 1 1 592947 0
16394 16394 1 1 593044 0
16395 16395 1 1 593141 0
16396 16396 1 1 593238 0
16397 16397 1 1 593335 0
16398 16398 1 1 593432 0
16399 16399 1 1 593529 0
16400 16400 1 1 593626 0
16401 16401 1 1 593723 0
16402 16402 1 1 593820 0
16403 16403 1 1 593917 0
16404 16404 1 1 594014 0
16406 16406 1 1 594208 0
16407 16407 1 1 594305 0
16408 16408 1 1 594402 0
16409 16409 1 1 594499 0
16410 16410 1 1 594596 0
16411 16411 1 1 594693 0
16412 16412 1 1 594790 0
16413 16413 1 1 594887 0
16414 16414 1 1 594984 0
16415 16415 1 1 595081 0
16416 16416 1 1 595178 0
16417 16417 1 1 595275 0
16418 16418 1 1 595372 0
16419 16419 1 1 595469 0
16420 16420 1 1 595566 0
16421 16421 1 1 595663 0
16423 16423 1 1 595857 0
16424 16424 1 1 595954 0
16425 16425 1 1 596051 0
16426 16426 1 1 596148 0
16427 16427 1 1 596245 0
16428 16428 1 1 596342 0
16429 16429 1 1 596439 0
16430 16430 1 1 596536 0
16431 16431 1 1 596633 0
16432 16432 1 1 596730 0
16433 16433 1 1 596827 0
16434 16434 1 1 596924 0
16435 16435 1 1 597021 0
16436 16436 1 1 597118 0
16437 16437 1 1 597215 0
16438 16438 1 1 597312 0
16440 16440 1 1 597506 0
16441 16441 1 1 597603 0
16442 16442 1 1 597700 0
16443 16443 1 1 597797 0
16444 16444 1 1 597894 0
16445 16445 1 1 597991 0
16446 16446 1 1 598088 0
16447 16447 1 1 598185 0
16448 16448 1 1 598282 0
16449 16449 1 1 598379 0
16450 16450 1 1 598476 0
16451 16451 1 1 598573 0
16452 16452 1 1 598670 0
16453 16453 1 1 598767 0
16454 16454 1 1 598864 0
16455 16455 1 1 598961 0
16457 16457 1 1 599155 0
16458 16458 1 1 599252 0
16459 16459 1 1 599349 0
16460 16460 1 1 599446 0
16461 16461 1 1 599543 0
16462 16462 1 1 599640 0
16463 16463 1 1 599737 0
16464 16464 1 1 599834 0
16465 16465 1 1 599931 0
16466 16466 1 1 600028 0
16467 16467 1 1 600125 0
16468 16468 1 1 600222 0
16469 16469 1 1 600319 0
16470 16470 1 1 600416 0
16471 16471 1 1 600513 0
16472 16472 1 1 600610 0
16474 16474 1 1 600804 0
16475 16475 1 1 600901 0
16476 16476 1 1 600998 0
16477 16477 1 1 601095 0
16478 16478 1 1 601192 0
16479 16479 1 1 601289 0
16480 16480 1 1 601386 0
16481 16481 1 1 601483 0
16482 16482 1 1 601580 0
16483 16483 1 1 601677 0
16484 16484 1 1 601774 0
16485 16485 1 1 601871 0
16486 16486 1 1 601968 0
16487 16487 1 1 602065 0
16488 16488 1 1 602162 0
16489 16489 1 1 602259 0
16491 16491 1 1 602453 0
16492 16492 1 1 602550 0
16493 16493 1 1 602647 0
16494 16494 1 1 602744 0
16495 16495 1 1 602841 0
16496 16496 1 1 602938 0
16497 16497 1 1 603035 0
16498 16498 1 1 603132 0
16499 16499 1 1 603229 0
16500 16500 1 1 603326 0
16501 16501 1 1 603423 0
16502 16502 1 1 603520 0
16503 16503 1 1 603617 0
16504 16504 1 1 603714 0
16505 16505 1 1 603811 0
16506 16506 1 1 603908 0
16508 16508 1 1 604102 0
16509 16509 1 1 604199 0
16510 16510 1 1 604296 0
16511 16511 1 1 604393 0
16512 16512 1 1 604490 0
16513 16513 1 1 604587 0
16514 16514 1 1 604684 0
16515 16515 1 1 604781 0
16516 16516 1 1 604878 0
16517 16517 1 1 604975 0
16518 16518 1 1 605072 0
16519 16519 1 1 605169 0
16520 16520 1 1 605266 0
16521 16521 1 1 605363 0
16522 16522 1 1 605460 0
16523 16523 1 1 605557 0
16525 16525 1 1 605751 0
16526 16526 1 1 605848 0
16527 16527 1 1 605945 0
16528 16528 1 1 606042 0
16529 16529 1 1 606139 0
16530 16530 1 1 606236 0
16531 16531 1 1 606333 0
16532 16532 1 1 606430 0
16533 16533 1 1 606527 0
16534 16534 1 1 606624 0
16535 16535 1 1 606721 0
16536 16536 1 1 606818 0
16537 16537 1 1 606915 0
16538 16538 1 1 607012 0
16539 16539 1 1 607109 0
16540 16540 1 1 607206 0
16542 16542 1 1 607400 0
16543 16543 1 1 607497 0
16544 16544 1 1 607594 0
16545 16545 1 1 607691 0
16546 16546 1 1 607788 0
16547 16547 1 1 607885 0
16548 16548 1 1 607982 0
16549 16549 1 1 608079 0
16550 16550 1 1 608176 0
16551 16551 1 1 608273 0
16552 16552 1 1 608370 0
16553 16553 1 1 608467 0
16554 16554 1 1 608564 0
16555 16555 1 1 608661 0
16556 16556 1 1 608758 0
16557 16557 1 1 608855 0
16559 16559 1 1 609049 0
16560 16560 1 1 609146 0
16561 16561 1 1 609243 0
16562 16562 1 1 609340 0
16563 16563 1 1 609437 0
16564 16564 1 1 609534 0
16565 16565 1 1 609631 0
16566 16566 1 1 609728 0
16567 16567 1 1 609825 0
16568 16568 1 1 609922 0
16569 16569 1 1 610019 0
16570 16570 1 1 610116 0
16571 16571 1 1 610213 0
16572 16572 1 1 610310 0
16573 16573 1 1 610407 0
16574 16574 1 1 610504 0
16576 16576 1 1 610698 0
16577 16577 1 1 610795 0
16578 16578 1 1 610892 0
16579 16579 1 1 610989 0
16580 16580 1 1 611086 0
16581 16581 1 1 611183 0
16582 16582 1 1 611280 0
16583 16583 1 1 611377 0
16584 16584 1 1 611474 0
16585 16585 1 1 611571 0
16586 16586 1 1 611668 0
16587 16587 1 1 611765 0
16588 16588 1 1 611862 0
16589 16589 1 1 611959 0
16590 16590 1 1 612056 0
16591 16591 1 1 612153 0
16593 16593 1 1 612347 0
16594 16594 1 1 612444 0
16595 16595 1 1 612541 0
16596 16596 1 1 612638 0
16597 16597 1 1 612735 0
16598 16598 1 1 612832 0
16599 16599 1 1 612929 0
16600 16600 1 1 613026 0
16601 16601 1 1 613123 0
16602 16602 1 1 613220 0
16603 16603 1 1 613317 0
16604 16604 1 1 613414 0
16605 16605 1 1 613511 0
16606 16606 1 1 613608 0
16607 16607 1 1 613705 0
16608 16608 1 1 613802 0
16610 16610 1 1 613996 0
16611 16611 1 1 614093 0
16612 16612 1 1 614190 0
16613 16613 1 1 614287 0
16614 16614 1 1 614384 0
16615 16615 1 1 614481 0
16616 16616 1 1 614578 0
16617 16617 1 1 614675 0
16618 16618 1 1 614772 0
16619 16619 1 1 614869 0
16620 16620 1 1 614966 0
16621 16621 1 1 615063 0
16622 16622 1 1 615160 0
16623 16623 1 1 615257 0
16624 16624 1 1 615354 0
16625 16625 1 1 615451 0
16627 16627 1 1 615645 0
16628 16628 1 1 615742 0
16629 16629 1 1 615839 0
16630 16630 1 1 615936 0
16631 16631 1 1 616033 0
16632 16632 1 1 616130 0
16633 16633 1 1 616227 0
16634 16634 1 1 616324 0
16635 16635 1 1 616421 0
16636 16636 1 1 616518 0
16637 16637 1 1 616615 0
16638 16638 1 1 616712 0
16639 16639 1 1 616809 0
16640 16640 1 1 616906 0
16641 16641 1 1 617003 0
16642 16642 1 1 617100 0
16644 16644 1 1 617294 0
16645 16645 1 1 617391 0
16646 16646 1 1 617488 0
16647 16647 1 1 617585 0
16648 16648 1 1 617682 0
16649 16649 1 1 617779 0
16650 16650 1 1 617876 0
16651 16651 1 1 617973 0
16652 16652 1 1 618070 0
16653 16653 1 1 618167 0
16654 16654 1 1 618264 0
16655 16655 1 1 618361 0
16656 16656 1 1 618458 0
16657 16657 1 1 618555 0
16658 16658 1 1 618652 0
16659 16659 1 1 618749 0
16661 16661 1 1 618943 0
16662 16662 1 1 619040 0
16663 16663 1 1 619137 0
16664 16664 1 1 619234 0
16665 16665 1 1 619331 0
16666 16666 1 1 619428 0
16667 16667 1 1 619525 0
16668 16668 1 1 619622 0
16669 16669 1 1 619719 0
16670 16670 1 1 619816 0
16671 16671 1 1 619913 0
16672 16672 1 1 620010 0
16673 16673 1 1 620107 0
16674 16674 1 1 620204 0
16675 16675 1 1 620301 0
16676 16676 1 1 620398 0
16678 16678 1 1 620592 0
16679 16679 1 1 620689 0
16680 16680 1 1 620786 0
16681 16681 1 1 620883 0
16682 16682 1 1 620980 0
16683 16683 1 1 621077 0
16684 16684 1 1 621174 0
16685 16685 1 1 621271 0
16686 16686 1 1 621368 0
16687 16687 1 1 621465 0
16688 16688 1 1 621562 0
16689 16689 1 1 621659 0
16690 16690 1 1 621756 0
16691 16691 1 1 621853 0
16692 16692 1 1 621950 0
16693 16693 1 1 622047 0
16695 16695 1 1 622241 0
16696 16696 1 1 622338 0
16697 16697 1 1 622435 0
16698 16698 1 1 622532 0
16699 16699 1 1 622629 0
16700 16700 1 1 622726 0
16701 16701 1 1 622823 0
16702 16702 1 1 622920 0
16703 16703 1 1 623017 0
16704 16704 1 1 623114 0
16705 16705 1 1 623211 0
16706 16706 1 1 623308 0
16707 16707 1 1 623405 0
16708 16708 1 1 623502 0
16709 16709 1 1 623599 0
16710 16710 1 1 623696 0
16712 16712 1 1 623890 0
16713 16713 1 1 623987 0
16714 16714 1 1 624084 0
16715 16715 1 1 624181 0
16716 16716 1 1 624278 0
16717 16717 1 1 624375 0
16718 16718 1 1 624472 0
16719 16719 1 1 624569 0
16720 16720 1 1 624666 0
16721 16721 1 1 624763 0
16722 16722 1 1 624860 0
16723 16723 1 1 624957 0
16724 16724 1 1 625054 0
16725 16725 1 1 625151 0
16726 16726 1 1 625248 0
16727 16727 1 1 625345 0
16729 16729 1 1 625539 0
16730 16730 1 1 625636 0
16731 16731 1 1 625733 0
16732 16732 1 1 625830 0
16733 16733 1 1 625927 0
16734 16734 1 1 626024 0
16735 16735 1 1 626121 0
16736 16736 1 1 626218 0
16737 16737 1 1 626315 0
16738 16738 1 1 626412 0
16739 16739 1 1 626509 0
16740 16740 1 1 626606 0
16741 16741 1 1 626703 0
16742 16742 1 1 626800 0
16743 16743 1 1 626897 0
16744 16744 1 1 626994 0
16746 16746 1 1 627188 0
16747 16747 1 1 627285 0
16748 16748 1 1 627382 0
16749 16749 1 1 627479 0
16750 16750 1 1 627576 0
16751 16751 1 1 627673 0
16752 16752 1 1 627770 0
16753 16753 1 1 627867 0
16754 16754 1 1 627964 0
16755 16755 1 1 628061 0
16756 16756 1 1 628158 0
16757 16757 1 1 628255 0
16758 16758 1 1 628352 0
16759 16759 1 1 628449 0
16760 16760 1 1 628546 0
16761 16761 1 1 628643 0
16763 16763 1 1 628837 0
16764 16764 1 1 628934 0
16765 16765 1 1 629031 0
16766 16766 1 1 629128 0
16767 16767 1 1 629225 0
16768 16768 1 1 629322 0
16769 16769 1 1 629419 0
16770 16770 1 1 629516 0
16771 16771 1 1 629613 0
16772 16772 1 1 629710 0
16773 16773 1 1 629807 0
16774 16774 1 1 629904 0
16775 16775 1 1 630001 0
16776 16776 1 1 630098 0
16777 16777 1 1 630195 0
16778 16778 1 1 630292 0
16780 16780 1 1 630486 0
16781 16781 1 1 630583 0
16782 16782 1 1 630680 0
16783 16783 1 1 630777 0
16784 16784 1 1 630874 0
16785 16785 1 1 630971 0
16786 16786 1 1 631068 0
16787 16787 1 1 631165 0
16788 16788 1 1 631262 0
16789 16789 1 1 631359 0
16790 16790 1 1 631456 0
16791 16791 1 1 631553 0
16792 16792 1 1 631650 0
16793 16793 1 1 631747 0
16794 16794 1 1 631844 0
16795 16795 1 1 631941 0
16797 16797 1 1 632135 0
16798 16798 1 1 632232 0
16799 16799 1 1 632329 0
16800 16800 1 1 632426 0
16801 16801 1 1 632523 0
16802 16802 1 1 632620 0
16803 16803 1 1 632717 0
16804 16804 1 1 632814 0
16805 16805 1 1 632911 0
16806 16806 1 1 633008 0
16807 16807 1 1 633105 0
16808 16808 1 1 633202 0
16809 16809 1 1 633299 0
16810 16810 1 1 633396 0
16811 16811 1 1 633493 0
16812 16812 1 1 633590 0
16814 16814 1 1 633784 0
16815 16815 1 1 633881 0
16816 16816 1 1 633978 0
16817 16817 1 1 634075 0
16818 16818 1 1 634172 0
16819 16819 1 1 634269 0
16820 16820 1 1 634366 0
16821 16821 1 1 634463 0
16822 16822 1 1 634560 0
16823 16823 1 1 634657 0
16824 16824 1 1 634754 0
16825 16825 1 1 634851 0
16826 16826 1 1 634948 0
16827 16827 1 1 635045 0
16828 16828 1 1 635142 0
16829 16829 1 1 635239 0
16831 16831 1 1 635433 0
16832 16832 1 1 635530 0
16833 16833 1 1 635627 0
16834 16834 1 1 635724 0
16835 16835 1 1 635821 0
16836 16836 1 1 635918 0
16837 16837 1 1 636015 0
16838 16838 1 1 636112 0
16839 16839 1 1 636209 0
16840 16840 1 1 636306 0
16841 16841 1 1 636403 0
16842 16842 1 1 636500 0
16843 16843 1 1 636597 0
16844 16844 1 1 636694 0
16845 16845 1 1 636791 0
16846 16846 1 1 636888 0
16848 16848 1 1 637082 0
16849 16849 1 1 637179 0
16850 16850 1 1 637276 0
16851 16851 1 1 637373 0
16852 16852 1 1 637470 0
16853 16853 1 1 637567 0
16854 16854 1 1 637664 0
16855 16855 1 1 637761 0
16856 16856 1 1 637858 0
16857 16857 1 1 637955 0
16858 16858 1 1 638052 0
16859 16859 1 1 638149 0
16860 16860 1 1 638246 0
16861 16861 1 1 638343 0
16862 16862 1 1 638440 0
16863 16863 1 1 638537 0
16865 16865 1 1 638731 0
16866 16866 1 1 638828 0
16867 16867 1 1 638925 0
16868 16868 1 1 639022 0
16869 16869 1 1 639119 0
16870 16870 1 1 639216 0
16871 16871 1 1 639313 0
16872 16872 1 1 639410 0
16873 16873 1 1 639507 0
16874 16874 1 1 639604 0
16875 16875 1 1 639701 0
16876 16876 1 1 639798 0
16877 16877 1 1 639895 0
16878 16878 1 1 639992 0
16879 16879 1 1 640089 0
16880 16880 1 1 640186 0
16882 16882 1 1 640380 0
16883 16883 1 1 640477 0
16884 16884 1 1 640574 0
16885 16885 1 1 640671 0
16886 16886 1 1 640768 0
16887 16887 1 1 640865 0
16888 16888 1 1 640962 0
16889 16889 1 1 641059 0
16890 16890 1 1 641156 0
16891 16891 1 1 641253 0
16892 16892 1 1 641350 0
16893 16893 1 1 641447 0
16894 16894 1 1 641544 0
16895 16895 1 1 641641 0
16896 16896 1 1 641738 0
16897 16897 1 1 641835 0
16899 16899 1 1 642029 0
16900 16900 1 1 642126 0
16901 16901 1 1 642223 0
16902 16902 1 1 642320 0
16903 16903 1 1 642417 0
16904 16904 1 1 642514 0
16905 16905 1 1 642611 0
16906 16906 1 1 642708 0
16907 16907 1 1 642805 0
16908 16908 1 1 642902 0
16909 16909 1 1 642999 0
16910 16910 1 1 643096 0
16911 16911 1 1 643193 0
16912 16912 1 1 643290 0
16913 16913 1 1 643387 0
16914 16914 1 1 643484 0
16916 16916 1 1 643678 0
16917 16917 1 1 643775 0
16918 16918 1 1 643872 0
16919 16919 1 1 643969 0
16920 16920 1 1 644066 0
16921 16921 1 1 644163 0
16922 16922 1 1 644260 0
16923 16923 1 1 644357 0
16924 16924 1 1 644454 0
16925 16925 1 1 644551 0
16926 16926 1 1 644648 0
16927 16927 1 1 644745 0
16928 16928 1 1 644842 0
16929 16929 1 1 644939 0
16930 16930 1 1 645036 0
16931 16931 1 1 645133 0
16933 16933 1 1 645327 0
16934 16934 1 1 645424 0
16935 16935 1 1 645521 0
16936 16936 1 1 645618 0
16937 16937 1 1 645715 0
16938 16938 1 1 645812 0
16939 16939 1 1 645909 0
16940 16940 1 1 646006 0
16941 16941 1 1 646103 0
16942 16942 1 1 646200 0
16943 16943 1 1 646297 0
16944 16944 1 1 646394 0
16945 16945 1 1 646491 0
16946 16946 1 1 646588 0
16947 16947 1 1 646685 0
16948 16948 1 1 646782 0
16950 16950 1 1 646976 0
16951 16951 1 1 647073 0
16952 16952 1 1 647170 0
16953 16953 1 1 647267 0
16954 16954 1 1 647364 0
16955 16955 1 1 647461 0
16956 16956 1 1 647558 0
16957 16957 1 1 647655 0
16958 16958 1 1 647752 0
16959 16959 1 1 647849 0
16960 16960 1 1 647946 0
16961 16961 1 1 648043 0
16962 16962 1 1 648140 0
16963 16963 1 1 648237 0
16964 16964 1 1 648334 0
16965 16965 1 1 648431 0
16967 16967 1 1 648625 0
16968 16968 1 1 648722 0
16969 16969 1 1 648819 0
16970 16970 1 1 648916 0
16971 16971 1 1 649013 0
16972 16972 1 1 649110 0
16973 16973 1 1 649207 0
16974 16974 1 1 649304 0
16975 16975 1 1 649401 0
16976 16976 1 1 649498 0
16977 16977 1 1 649595 0
16978 16978 1 1 649692 0
16979 16979 1 1 649789 0
16980 16980 1 1 649886 0
16981 16981 1 1 649983 0
16982 16982 1 1 650080 0
16984 16984 1 1 650274 0
16985 16985 1 1 650371 0
16986 16986 1 1 650468 0
16987 16987 1 1 650565 0
16988 16988 1 1 650662 0
16989 16989 1 1 650759 0
16990 16990 1 1 650856 0
16991 16991 1 1 650953 0
16992 16992 1 1 651050 0
16993 16993 1 1 651147 0
16994 16994 1 1 651244 0
16995 16995 1 1 651341 0
16996 16996 1 1 651438 0
16997 16997 1 1 651535 0
16998 16998 1 1 651632 0
16999 16999 1 1 651729 0
17001 17001 1 1 651923 0
17002 17002 1 1 652020 0
17003 17003 1 1 652117 0
17004 17004 1 1 652214 0
17005 17005 1 1 652311 0
17006 17006 1 1 652408 0
17007 17007 1 1 652505 0
17008 17008 1 1 652602 0
17009 17009 1 1 652699 0
17010 17010 1 1 652796 0
17011 17011 1 1 652893 0
17012 17012 1 1 652990 0
17013 17013 1 1 653087 0
17014 17014 1 1 653184 0
17015 17015 1 1 653281 0
17016 17016 1 1 653378 0
17018 17018 1 1 653572 0
17019 17019 1 1 653669 0
17020 17020 1 1 653766 0
17021 17021 1 1 653863 0
17022 17022 1 1 653960 0
17023 17023 1 1 654057 0
17024 17024 1 1 654154 0
17025 17025 1 1 654251 0
17026 17026 1 1 654348 0
17027 17027 1 1 654445 0
17028 17028 1 1 654542 0
17029 17029 1 1 654639 0
17030 17030 1 1 654736 0
17031 17031 1 1 654833 0
17032 17032 1 1 654930 0
17033 17033 1 1 655027 0
17035 17035 1 1 655221 0
17036 17036 1 1 655318 0
17037 17037 1 1 655415 0
17038 17038 1 1 655512 0
17039 17039 1 1 655609 0
17040 17040 1 1 655706 0
17041 17041 1 1 655803 0
17042 17042 1 1 655900 0
17043 17043 1 1 655997 0
17044 17044 1 1 656094 0
17045 17045 1 1 656191 0
17046 17046 1 1 656288 0
17047 17047 1 1 656385 0
17048 17048 1 1 656482 0
17049 17049 1 1 656579 0
17050 17050 1 1 656676 0
17052 17052 1 1 656870 0
17053 17053 1 1 656967 0
17054 17054 1 1 657064 0
17055 17055 1 1 657161 0
17056 17056 1 1 657258 0
17057 17057 1 1 657355 0
17058 17058 1 1 657452 0
17059 17059 1 1 657549 0
17060 17060 1 1 657646 0
17061 17061 1 1 657743 0
17062 17062 1 1 657840 0
17063 17063 1 1 657937 0
17064 17064 1 1 658034 0
17065 17065 1 1 658131 0
17066 17066 1 1 658228 0
17067 17067 1 1 658325 0
17069 17069 1 1 658519 0
17070 17070 1 1 658616 0
17071 17071 1 1 658713 0
17072 17072 1 1 658810 0
17073 17073 1 1 658907 0
17074 17074 1 1 659004 0
17075 17075 1 1 659101 0
17076 17076 1 1 659198 0
17077 17077 1 1 659295 0
17078 17078 1 1 659392 0
17079 17079 1 1 659489 0
17080 17080 1 1 659586 0
17081 17081 1 1 659683 0
17082 17082 1 1 659780 0
17083 17083 1 1 659877 0
17084 17084 1 1 659974 0
17086 17086 1 1 660168 0
17087 17087 1 1 660265 0
17088 17088 1 1 660362 0
17089 17089 1 1 660459 0
17090 17090 1 1 660556 0
17091 17091 1 1 660653 0
17092 17092 1 1 660750 0
17093 17093 1 1 660847 0
17094 17094 1 1 660944 0
17095 17095 1 1 661041 0
17096 17096 1 1 661138 0
17097 17097 1 1 661235 0
17098 17098 1 1 661332 0
17099 17099 1 1 661429 0
17100 17100 1 1 661526 0
17101 17101 1 1 661623 0
17103 17103 1 1 661817 0
17104 17104 1 1 661914 0
17105 17105 1 1 662011 0
17106 17106 1 1 662108 0
17107 17107 1 1 662205 0
17108 17108 1 1 662302 0
17109 17109 1 1 662399 0
17110 17110 1 1 662496 0
17111 17111 1 1 662593 0
17112 17112 1 1 662690 0
17113 17113 1 1 662787 0
17114 17114 1 1 662884 0
17115 17115 1 1 662981 0
17116 17116 1 1 663078 0
17117 17117 1 1 663175 0
17118 17118 1 1 663272 0
17120 17120 1 1 663466 0
17121 17121 1 1 663563 0
17122 17122 1 1 663660 0
17123 17123 1 1 663757 0
17124 17124 1 1 663854 0
17125 17125 1 1 663951 0
17126 17126 1 1 664048 0
17127 17127 1 1 664145 0
17128 17128 1 1 664242 0
17129 17129 1 1 664339 0
17130 17130 1 1 664436 0
17131 17131 1 1 664533 0
17132 17132 1 1 664630 0
17133 17133 1 1 664727 0
17134 17134 1 1 664824 0
17135 17135 1 1 664921 0
17137 17137 1 1 665115 0
17138 17138 1 1 665212 0
17139 17139 1 1 665309 0
17140 17140 1 1 665406 0
17141 17141 1 1 665503 0
17142 17142 1 1 665600 0
17143 17143 1 1 665697 0
17144 17144 1 1 665794 0
17145 17145 1 1 665891 0
17146 17146 1 1 665988 0
17147 17147 1 1 666085 0
17148 17148 1 1 666182 0
17149 17149 1 1 666279 0
17150 17150 1 1 666376 0
17151 17151 1 1 666473 0
17152 17152 1 1 666570 0
17154 17154 1 1 666764 0
17155 17155 1 1 666861 0
17156 17156 1 1 666958 0
17157 17157 1 1 667055 0
17158 17158 1 1 667152 0
17159 17159 1 1 667249 0
17160 17160 1 1 667346 0
17161 17161 1 1 667443 0
17162 17162 1 1 667540 0
17163 17163 1 1 667637 0
17164 17164 1 1 667734 0
17165 17165 1 1 667831 0
17166 17166 1 1 667928 0
17167 17167 1 1 668025 0
17168 17168 1 1 668122 0
17169 17169 1 1 668219 0
17171 17171 1 1 668413 0
17172 17172 1 1 668510 0
17173 17173 1 1 668607 0
17174 17174 1 1 668704 0
17175 17175 1 1 668801 0
17176 17176 1 1 668898 0
17177 17177 1 1 668995 0
17178 17178 1 1 669092 0
17179 17179 1 1 669189 0
17180 17180 1 1 669286 0
17181 17181 1 1 669383 0
17182 17182 1 1 669480 0
17183 17183 1 1 669577 0
17184 17184 1 1 669674 0
17185 17185 1 1 669771 0
17186 17186 1 1 669868 0
17188 17188 1 1 670062 0
17189 17189 1 1 670159 0
17190 17190 1 1 670256 0
17191 17191 1 1 670353 0
17192 17192 1 1 670450 0
17193 17193 1 1 670547 0
17194 17194 1 1 670644 0
17195 17195 1 1 670741 0
17196 17196 1 1 670838 0
17197 17197 1 1 670935 0
17198 17198 1 1 671032 0
17199 17199 1 1 671129 0
17200 17200 1 1 671226 0
17201 17201 1 1 671323 0
17202 17202 1 1 671420 0
17203 17203 1 1 671517 0
17205 17205 1 1 671711 0
17206 17206 1 1 671808 0
17207 17207 1 1 671905 0
17208 17208 1 1 672002 0
17209 17209 1 1 672099 0
17210 17210 1 1 672196 0
17211 17211 1 1 672293 0
17212 17212 1 1 672390 0
17213 17213 1 1 672487 0
17214 17214 1 1 672584 0
17215 17215 1 1 672681 0
17216 17216 1 1 672778 0
17217 17217 1 1 672875 0
17218 17218 1 1 672972 0
17219 17219 1 1 673069 0
17220 17220 1 1 673166 0
17222 17222 1 1 673360 0
17223 17223 1 1 673457 0
17224 17224 1 1 673554 0
17225 17225 1 1 673651 0
17226 17226 1 1 673748 0
17227 17227 1 1 673845 0
17228 17228 1 1 673942 0
17229 17229 1 1 674039 0
17230 17230 1 1 674136 0
17231 17231 1 1 674233 0
17232 17232 1 1 674330 0
17233 17233 1 1 674427 0
17234 17234 1 1 674524 0
17235 17235 1 1 674621 0
17236 17236 1 1 674718 0
17237 17237 1 1 674815 0
17239 17239 1 1 675009 0
17240 17240 1 1 675106 0
17241 17241 1 1 675203 0
17242 17242 1 1 675300 0
17243 17243 1 1 675397 0
17244 17244 1 1 675494 0
17245 17245 1 1 675591 0
17246 17246 1 1 675688 0
17247 17247 1 1 675785 0
17248 17248 1 1 675882 0
17249 17249 1 1 675979 0
17250 17250 1 1 676076 0
17251 17251 1 1 676173 0
17252 17252 1 1 676270 0
17253 17253 1 1 676367 0
17254 17254 1 1 676464 0
17256 17256 1 1 676658 0
17257 17257 1 1 676755 0
17258 17258 1 1 676852 0
17259 17259 1 1 676949 0
17260 17260 1 1 677046 0
17261 17261 1 1 677143 0
17262 17262 1 1 677240 0
17263 17263 1 1 677337 0
17264 17264 1 1 677434 0
17265 17265 1 1 677531 0
17266 17266 1 1 677628 0
17267 17267 1 1 677725 0
17268 17268 1 1 677822 0
17269 17269 1 1 677919 0
17270 17270 1 1 678016 0
17271 17271 1 1 678113 0
17273 17273 1 1 678307 0
17274 17274 1 1 678404 0
17275 17275 1 1 678501 0
17276 17276 1 1 678598 0
17277 17277 1 1 678695 0
17278 17278 1 1 678792 0
17279 17279 1 1 678889 0
17280 17280 1 1 678986 0
17281 17281 1 1 679083 0
17282 17282 1 1 679180 0
17283 17283 1 1 679277 0
17284 17284 1 1 679374 0
17285 17285 1 1 679471 0
17286 17286 1 1 679568 0
17287 17287 1 1 679665 0
17288 17288 1 1 679762 0
17290 17290 1 1 679956 0
17291 17291 1 1 680053 0
17292 17292 1 1 680150 0
17293 17293 1 1 680247 0
17294 17294 1 1 680344 0
17295 17295 1 1 680441 0
17296 17296 1 1 680538 0
17297 17297 1 1 680635 0
17298 17298 1 1 680732 0
17299 17299 1 1 680829 0
17300 17300 1 1 680926 0
17301 17301 1 1 681023 0
17302 17302 1 1 681120 0
17303 17303 1 1 681217 0
17304 17304 1 1 681314 0
17305 17305 1 1 681411 0
17307 17307 1 1 681605 0
17308 17308 1 1 681702 0
17309 17309 1 1 681799 0
17310 17310 1 1 681896 0
17311 17311 1 1 681993 0
17312 17312 1 1 682090 0
17313 17313 1 1 682187 0
17314 17314 1 1 682284 0
17315 17315 1 1 682381 0
17316 17316 1 1 682478 0
17317 17317 1 1 682575 0
17318 17318 1 1 682672 0
17319 17319 1 1 682769 0
17320 17320 1 1 682866 0
17321 17321 1 1 682963 0
17322 17322 1 1 683060 0
17324 17324 1 1 683254 0
17325 17325 1 1 683351 0
17326 17326 1 1 683448 0
17327 17327 1 1 683545 0
17328 17328 1 1 683642 0
17329 17329 1 1 683739 0
17330 17330 1 1 683836 0
17331 17331 1 1 683933 0
17332 17332 1 1 684030 0
17333 17333 1 1 684127 0
17334 17334 1 1 684224 0
17335 17335 1 1 684321 0
17336 17336 1 1 684418 0
17337 17337 1 1 684515 0
17338 17338 1 1 684612 0
17339 17339 1 1 684709 0
17341 17341 1 1 684903 0
17342 17342 1 1 685000 0
17343 17343 1 1 685097 0
17344 17344 1 1 685194 0
17345 17345 1 1 685291 0
17346 17346 1 1 685388 0
17347 17347 1 1 685485 0
17348 17348 1 1 685582 0
17349 17349 1 1 685679 0
17350 17350 1 1 685776 0
17351 17351 1 1 685873 0
17352 17352 1 1 685970 0
17353 17353 1 1 686067 0
17354 17354 1 1 686164 0
17355 17355 1 1 686261 0
17356 17356 1 1 686358 0
17358 17358 1 1 686552 0
17359 17359 1 1 686649 0
17360 17360 1 1 686746 0
17361 17361 1 1 686843 0
17362 17362 1 1 686940 0
17363 17363 1 1 687037 0
17364 17364 1 1 687134 0
17365 17365 1 1 687231 0
17366 17366 1 1 687328 0
17367 17367 1 1 687425 0
17368 17368 1 1 687522 0
17369 17369 1 1 687619 0
17370 17370 1 1 687716 0
17371 17371 1 1 687813 0
17372 17372 1 1 687910 0
17373 17373 1 1 688007 0
17375 17375 1 1 688201 0
17376 17376 1 1 688298 0
17377 17377 1 1 688395 0
17378 17378 1 1 688492 0
17379 17379 1 1 688589 0
17380 17380 1 1 688686 0
17381 17381 1 1 688783 0
17382 17382 1 1 688880 0
17383 17383 1 1 688977 0
17384 17384 1 1 689074 0
17385 17385 1 1 689171 0
17386 17386 1 1 689268 0
17387 17387 1 1 689365 0
17388 17388 1 1 689462 0
17389 17389 1 1 689559 0
17390 17390 1 1 689656 0
17392 17392 1 1 689850 0
17393 17393 1 1 689947 0
17394 17394 1 1 690044 0
17395 17395 1 1 690141 0
17396 17396 1 1 690238 0
17397 17397 1 1 690335 0
17398 17398 1 1 690432 0
17399 17399 1 1 690529 0
17400 17400 1 1 690626 0
17401 17401 1 1 690723 0
17402 17402 1 1 690820 0
17403 17403 1 1 690917 0
17404 17404 1 1 691014 0
17405 17405 1 1 691111 0
17406 17406 1 1 691208 0
17407 17407 1 1 691305 0
17409 17409 1 1 691499 0
17410 17410 1 1 691596 0
17411 17411 1 1 691693 0
17412 17412 1 1 691790 0
17413 17413 1 1 691887 0
17414 17414 1 1 691984 0
17415 17415 1 1 692081 0
17416 17416 1 1 692178 0
17417 17417 1 1 692275 0
17418 17418 1 1 692372 0
17419 17419 1 1 692469 0
17420 17420 1 1 692566 0
17421 17421 1 1 692663 0
17422 17422 1 1 692760 0
17423 17423 1 1 692857 0
17424 17424 1 1 692954 0
17426 17426 1 1 693148 0
17427 17427 1 1 693245 0
17428 17428 1 1 693342 0
17429 17429 1 1 693439 0
17430 17430 1 1 693536 0
17431 17431 1 1 693633 0
17432 17432 1 1 693730 0
17433 17433 1 1 693827 0
17434 17434 1 1 693924 0
17435 17435 1 1 694021 0
17436 17436 1 1 694118 0
17437 17437 1 1 694215 0
17438 17438 1 1 694312 0
17439 17439 1 1 694409 0
17440 17440 1 1 694506 0
17441 17441 1 1 694603 0
17443 17443 1 1 694797 0
17444 17444 1 1 694894 0
17445 17445 1 1 694991 0
17446 17446 1 1 695088 0
17447 17447 1 1 695185 0
17448 17448 1 1 695282 0
17449 17449 1 1 695379 0
17450 17450 1 1 695476 0
17451 17451 1 1 695573 0
17452 17452 1 1 695670 0
17453 17453 1 1 695767 0
17454 17454 1 1 695864 0
17455 17455 1 1 695961 0
17456 17456 1 1 696058 0
17457 17457 1 1 696155 0
17458 17458 1 1 696252 0
17460 17460 1 1 696446 0
17461 17461 1 1 696543 0
17462 17462 1 1 696640 0
17463 17463 1 1 696737 0
17464 17464 1 1 696834 0
17465 17465 1 1 696931 0
17466 17466 1 1 697028 0
17467 17467 1 1 697125 0
17468 17468 1 1 697222 0
17469 17469 1 1 697319 0
17470 17470 1 1 697416 0
17471 17471 1 1 697513 0
17472 17472 1 1 697610 0
17473 17473 1 1 697707 0
17474 17474 1 1 697804 0
17475 17475 1 1 697901 0
17477 17477 1 1 698095 0
17478 17478 1 1 698192 0
17479 17479 1 1 698289 0
17480 17480 1 1 698386 0
17481 17481 1 1 698483 0
17482 17482 1 1 698580 0
17483 17483 1 1 698677 0
17484 17484 1 1 698774 0
17485 17485 1 1 698871 0
17486 17486 1 1 698968 0
17487 17487 1 1 699065 0
17488 17488 1 1 699162 0
17489 17489 1 1 699259 0
17490 17490 1 1 699356 0
17491 17491 1 1 699453 0
17492 17492 1 1 699550 0
17494 17494 1 1 699744 0
17495 17495 1 1 699841 0
17496 17496 1 1 699938 0
17497 17497 1 1 700035 0
17498 17498 1 1 700132 0
17499 17499 1 1 700229 0
17500 17500 1 1 700326 0
17501 17501 1 1 700423 0
17502 17502 1 1 700520 0
17503 17503 1 1 700617 0
17504 17504 1 1 700714 0
17505 17505 1 1 700811 0
17506 17506 1 1 700908 0
17507 17507 1 1 701005 0
17508 17508 1 1 701102 0
17509 17509 1 1 701199 0
17511 17511 1 1 701393 0
17512 17512 1 1 701490 0
17513 17513 1 1 701587 0
17514 17514 1 1 701684 0
17515 17515 1 1 701781 0
17516 17516 1 1 701878 0
17517 17517 1 1 701975 0
17518 17518 1 1 702072 0
17519 17519 1 1 702169 0
17520 17520 1 1 702266 0
17521 17521 1 1 702363 0
17522 17522 1 1 702460 0
17523 17523 1 1 702557 0
17524 17524 1 1 702654 0
17525 17525 1 1 702751 0
17526 17526 1 1 702848 0
17528 17528 1 1 703042 0
17529 17529 1 1 703139 0
17530 17530 1 1 703236 0
17531 17531 1 1 703333 0
17532 17532 1 1 703430 0
17533 17533 1 1 703527 0
17534 17534 1 1 703624 0
17535 17535 1 1 703721 0
17536 17536 1 1 703818 0
17537 17537 1 1 703915 0
17538 17538 1 1 704012 0
17539 17539 1 1 704109 0
17540 17540 1 1 704206 0
17541 17541 1 1 704303 0
17542 17542 1 1 704400 0
17543 17543 1 1 704497 0
17545 17545 1 1 704691 0
17546 17546 1 1 704788 0
17547 17547 1 1 704885 0
17548 17548 1 1 704982 0
17549 17549 1 1 705079 0
17550 17550 1 1 705176 0
17551 17551 1 1 705273 0
17552 17552 1 1 705370 0
17553 17553 1 1 705467 0
17554 17554 1 1 705564 0
17555 17555 1 1 705661 0
17556 17556 1 1 705758 0
17557 17557 1 1 705855 0
17558 17558 1 1 705952 0
17559 17559 1 1 706049 0
17560 17560 1 1 706146 0
17562 17562 1 1 706340 0
17563 17563 1 1 706437 0
17564 17564 1 1 706534 0
17565 17565 1 1 706631 0
17566 17566 1 1 706728 0
17567 17567 1 1 706825 0
17568 17568 1 1 706922 0
17569 17569 1 1 707019 0
17570 17570 1 1 707116 0
17571 17571 1 1 707213 0
17572 17572 1 1 707310 0
17573 17573 1 1 707407 0
17574 17574 1 1 707504 0
17575 17575 1 1 707601 0
17576 17576 1 1 707698 0
17577 17577 1 1 707795 0
17579 17579 1 1 707989 0
17580 17580 1 1 708086 0
17581 17581 1 1 708183 0
17582 17582 1 1 708280 0
17583 17583 1 1 708377 0
17584 17584 1 1 708474 0
17585 17585 1 1 708571 0
17586 17586 1 1 708668 0
17587 17587 1 1 708765 0
17588 17588 1 1 708862 0
17589 17589 1 1 708959 0
17590 17590 1 1 709056 0
17591 17591 1 1 709153 0
17592 17592 1 1 709250 0
17593 17593 1 1 709347 0
17594 17594 1 1 709444 0
17596 17596 1 1 709638 0
17597 17597 1 1 709735 0
17598 17598 1 1 709832 0
17599 17599 1 1 709929 0
17600 17600 1 1 710026 0
17601 17601 1 1 710123 0
17602 17602 1 1 710220 0
17603 17603 1 1 710317 0
17604 17604 1 1 710414 0
17605 17605 1 1 710511 0
17606 17606 1 1 710608 0
17607 17607 1 1 710705 0
17608 17608 1 1 710802 0
17609 17609 1 1 710899 0
17610 17610 1 1 710996 0
17611 17611 1 1 711093 0
17613 17613 1 1 711287 0
17614 17614 1 1 711384 0
17615 17615 1 1 711481 0
17616 17616 1 1 711578 0
17617 17617 1 1 711675 0
17618 17618 1 1 711772 0
17619 17619 1 1 711869 0
17620 17620 1 1 711966 0
17621 17621 1 1 712063 0
17622 17622 1 1 712160 0
17623 17623 1 1 712257 0
17624 17624 1 1 712354 0
17625 17625 1 1 712451 0
17626 17626 1 1 712548 0
17627 17627 1 1 712645 0
17628 17628 1 1 712742 0
17630 17630 1 1 712936 0
17631 17631 1 1 713033 0
17632 17632 1 1 713130 0
17633 17633 1 1 713227 0
17634 17634 1 1 713324 0
17635 17635 1 1 713421 0
17636 17636 1 1 713518 0
17637 17637 1 1 713615 0
17638 17638 1 1 713712 0
17639 17639 1 1 713809 0
17640 17640 1 1 713906 0
17641 17641 1 1 714003 0
17642 17642 1 1 714100 0
17643 17643 1 1 714197 0
17644 17644 1 1 714294 0
17645 17645 1 1 714391 0
17647 17647 1 1 714585 0
17648 17648 1 1 714682 0
17649 17649 1 1 714779 0
17650 17650 1 1 714876 0
17651 17651 1 1 714973 0
17652 17652 1 1 715070 0
17653 17653 1 1 715167 0
17654 17654 1 1 715264 0
17655 17655 1 1 715361 0
17656 17656 1 1 715458 0
17657 17657 1 1 715555 0
17658 17658 1 1 715652 0
17659 17659 1 1 715749 0
17660 17660 1 1 715846 0
17661 17661 1 1 715943 0
17662 17662 1 1 716040 0
17664 17664 1 1 716234 0
17665 17665 1 1 716331 0
17666 17666 1 1 716428 0
17667 17667 1 1 716525 0
17668 17668 1 1 716622 0
17669 17669 1 1 716719 0
17670 17670 1 1 716816 0
17671 17671 1 1 716913 0
17672 17672 1 1 717010 0
17673 17673 1 1 717107 0
17674 17674 1 1 717204 0
17675 17675 1 1 717301 0
17676 17676 1 1 717398 0
17677 17677 1 1 717495 0
17678 17678 1 1 717592 0
17679 17679 1 1 717689 0
17681 17681 1 1 717883 0
17682 17682 1 1 717980 0
17683 17683 1 1 718077 0
17684 17684 1 1 718174 0
17685 17685 1 1 718271 0
17686 17686 1 1 718368 0
17687 17687 1 1 718465 0
17688 17688 1 1 718562 0
17689 17689 1 1 718659 0
17690 17690 1 1 718756 0
17691 17691 1 1 718853 0
17692 17692 1 1 718950 0
17693 17693 1 1 719047 0
17694 17694 1 1 719144 0
17695 17695 1 1 719241 0
17696 17696 1 1 719338 0
17698 17698 1 1 719532 0
17699 17699 1 1 719629 0
17700 17700 1 1 719726 0
17701 17701 1 1 719823 0
17702 17702 1 1 719920 0
17703 17703 1 1 720017 0
17704 17704 1 1 720114 0
17705 17705 1 1 720211 0
17706 17706 1 1 720308 0
17707 17707 1 1 720405 0
17708 17708 1 1 720502 0
17709 17709 1 1 720599 0
17710 17710 1 1 720696 0
17711 17711 1 1 720793 0
17712 17712 1 1 720890 0
17713 17713 1 1 720987 0
17715 17715 1 1 721181 0
17716 17716 1 1 721278 0
17717 17717 1 1 721375 0
17718 17718 1 1 721472 0
17719 17719 1 1 721569 0
17720 17720 1 1 721666 0
17721 17721 1 1 721763 0
17722 17722 1 1 721860 0
17723 17723 1 1 721957 0
17724 17724 1 1 722054 0
17725 17725 1 1 722151 0
17726 17726 1 1 722248 0
17727 17727 1 1 722345 0
17728 17728 1 1 722442 0
17729 17729 1 1 722539 0
17730 17730 1 1 722636 0
17732 17732 1 1 722830 0
17733 17733 1 1 722927 0
17734 17734 1 1 723024 0
17735 17735 1 1 723121 0
17736 17736 1 1 723218 0
17737 17737 1 1 723315 0
17738 17738 1 1 723412 0
17739 17739 1 1 723509 0
17740 17740 1 1 723606 0
17741 17741 1 1 723703 0
17742 17742 1 1 723800 0
17743 17743 1 1 723897 0
17744 17744 1 1 723994 0
17745 17745 1 1 724091 0
17746 17746 1 1 724188 0
17747 17747 1 1 724285 0
17749 17749 1 1 724479 0
17750 17750 1 1 724576 0
17751 17751 1 1 724673 0
17752 17752 1 1 724770 0
17753 17753 1 1 724867 0
17754 17754 1 1 724964 0
17755 17755 1 1 725061 0
17756 17756 1 1 725158 0
17757 17757 1 1 725255 0
17758 17758 1 1 725352 0
17759 17759 1 1 725449 0
17760 17760 1 1 725546 0
17761 17761 1 1 725643 0
17762 17762 1 1 725740 0
17763 17763 1 1 725837 0
17764 17764 1 1 725934 0
17766 17766 1 1 726128 0
17767 17767 1 1 726225 0
17768 17768 1 1 726322 0
17769 17769 1 1 726419 0
17770 17770 1 1 726516 0
17771 17771 1 1 726613 0
17772 17772 1 1 726710 0
17773 17773 1 1 726807 0
17774 17774 1 1 726904 0
17775 17775 1 1 727001 0
17776 17776 1 1 727098 0
17777 17777 1 1 727195 0
17778 17778 1 1 727292 0
17779 17779 1 1 727389 0
17780 17780 1 1 727486 0
17781 17781 1 1 727583 0
17783 17783 1 1 727777 0
17784 17784 1 1 727874 0
17785 17785 1 1 727971 0
17786 17786 1 1 728068 0
17787 17787 1 1 728165 0
17788 17788 1 1 728262 0
17789 17789 1 1 728359 0
17790 17790 1 1 728456 0
17791 17791 1 1 728553 0
17792 17792 1 1 728650 0
17793 17793 1 1 728747 0
17794 17794 1 1 728844 0
17795 17795 1 1 728941 0
17796 17796 1 1 729038 0
17797 17797 1 1 729135 0
17798 17798 1 1 729232 0
17800 17800 1 1 729426 0
17801 17801 1 1 729523 0
17802 17802 1 1 729620 0
17803 17803 1 1 729717 0
17804 17804 1 1 729814 0
17805 17805 1 1 729911 0
17806 17806 1 1 730008 0
17807 17807 1 1 730105 0
17808 17808 1 1 730202 0
17809 17809 1 1 730299 0
17810 17810 1 1 730396 0
17811 17811 1 1 730493 0
17812 17812 1 1 730590 0
17813 17813 1 1 730687 0
17814 17814 1 1 730784 0
17815 17815 1 1 730881 0
17817 17817 1 1 731075 0
17818 17818 1 1 731172 0
17819 17819 1 1 731269 0
17820 17820 1 1 731366 0
17821 17821 1 1 731463 0
17822 17822 1 1 731560 0
17823 17823 1 1 731657 0
17824 17824 1 1 731754 0
17825 17825 1 1 731851 0
17826 17826 1 1 731948 0
17827 17827 1 1 732045 0
17828 17828 1 1 732142 0
17829 17829 1 1 732239 0
17830 17830 1 1 732336 0
17831 17831 1 1 732433 0
17832 17832 1 1 732530 0
17834 17834 1 1 732724 0
17835 17835 1 1 732821 0
17836 17836 1 1 732918 0
17837 17837 1 1 733015 0
17838 17838 1 1 733112 0
17839 17839 1 1 733209 0
17840 17840 1 1 733306 0
17841 17841 1 1 733403 0
17842 17842 1 1 733500 0
17843 17843 1 1 733597 0
17844 17844 1 1 733694 0
17845 17845 1 1 733791 0
17846 17846 1 1 733888 0
17847 17847 1 1 733985 0
17848 17848 1 1 734082 0
17849 17849 1 1 734179 0
17851 17851 1 1 734373 0
17852 17852 1 1 734470 0
17853 17853 1 1 734567 0
17854 17854 1 1 734664 0
17855 17855 1 1 734761 0
17856 17856 1 1 734858 0
17857 17857 1 1 734955 0
17858 17858 1 1 735052 0
17859 17859 1 1 735149 0
17860 17860 1 1 735246 0
17861 17861 1 1 735343 0
17862 17862 1 1 735440 0
17863 17863 1 1 735537 0
17864 17864 1 1 735634 0
17865 17865 1 1 735731 0
17866 17866 1 1 735828 0
17868 17868 1 1 736022 0
17869 17869 1 1 736119 0
17870 17870 1 1 736216 0
17871 17871 1 1 736313 0
17872 17872 1 1 736410 0
17873 17873 1 1 736507 0
17874 17874 1 1 736604 0
17875 17875 1 1 736701 0
17876 17876 1 1 736798 0
17877 17877 1 1 736895 0
17878 17878 1 1 736992 0
17879 17879 1 1 737089 0
17880 17880 1 1 737186 0
17881 17881 1 1 737283 0
17882 17882 1 1 737380 0
17883 17883 1 1 737477 0
17885 17885 1 1 737671 0
17886 17886 1 1 737768 0
17887 17887 1 1 737865 0
17888 17888 1 1 737962 0
17889 17889 1 1 738059 0
17890 17890 1 1 738156 0
17891 17891 1 1 738253 0
17892 17892 1 1 738350 0
17893 17893 1 1 738447 0
17894 17894 1 1 738544 0
17895 17895 1 1 738641 0
17896 17896 1 1 738738 0
17897 17897 1 1 738835 0
17898 17898 1 1 738932 0
17899 17899 1 1 739029 0
17900 17900 1 1 739126 0
17902 17902 1 1 739320 0
17903 17903 1 1 739417 0
17904 17904 1 1 739514 0
17905 17905 1 1 739611 0
17906 17906 1 1 739708 0
17907 17907 1 1 739805 0
17908 17908 1 1 739902 0
17909 17909 1 1 739999 0
17910 17910 1 1 740096 0
17911 17911 1 1 740193 0
17912 17912 1 1 740290 0
17913 17913 1 1 740387 0
17914 17914 1 1 740484 0
17915 17915 1 1 740581 0
17916 17916 1 1 740678 0
17917 17917 1 1 740775 0
17919 17919 1 1 740969 0
17920 17920 1 1 741066 0
17921 17921 1 1 741163 0
17922 17922 1 1 741260 0
17923 17923 1 1 741357 0
17924 17924 1 1 741454 0
17925 17925 1 1 741551 0
17926 17926 1 1 741648 0
17927 17927 1 1 741745 0
17928 17928 1 1 741842 0
17929 17929 1 1 741939 0
17930 17930 1 1 742036 0
17931 17931 1 1 742133 0
17932 17932 1 1 742230 0
17933 17933 1 1 742327 0
17934 17934 1 1 742424 0
17936 17936 1 1 742618 0
17937 17937 1 1 742715 0
17938 17938 1 1 742812 0
17939 17939 1 1 742909 0
17940 17940 1 1 743006 0
17941 17941 1 1 743103 0
17942 17942 1 1 743200 0
17943 17943 1 1 743297 0
17944 17944 1 1 743394 0
17945 17945 1 1 743491 0
17946 17946 1 1 743588 0
17947 17947 1 1 743685 0
17948 17948 1 1 743782 0
17949 17949 1 1 743879 0
17950 17950 1 1 743976 0
17951 17951 1 1 744073 0
17953 17953 1 1 744267 0
17954 17954 1 1 744364 0
17955 17955 1 1 744461 0
17956 17956 1 1 744558 0
17957 17957 1 1 744655 0
17958 17958 1 1 744752 0
17959 17959 1 1 744849 0
17960 17960 1 1 744946 0
17961 17961 1 1 745043 0
17962 17962 1 1 745140 0
17963 17963 1 1 745237 0
17964 17964 1 1 745334 0
17965 17965 1 1 745431 0
17966 17966 1 1 745528 0
17967 17967 1 1 745625 0
17968 17968 1 1 745722 0
17970 17970 1 1 745916 0
17971 17971 1 1 746013 0
17972 17972 1 1 746110 0
17973 17973 1 1 746207 0
17974 17974 1 1 746304 0
17975 17975 1 1 746401 0
17976 17976 1 1 746498 0
17977 17977 1 1 746595 0
17978 17978 1 1 746692 0
17979 17979 1 1 746789 0
17980 17980 1 1 746886 0
17981 17981 1 1 746983 0
17982 17982 1 1 747080 0
17983 17983 1 1 747177 0
17984 17984 1 1 747274 0
17985 17985 1 1 747371 0
17987 17987 1 1 747565 0
17988 17988 1 1 747662 0
17989 17989 1 1 747759 0
17990 17990 1 1 747856 0
17991 17991 1 1 747953 0
17992 17992 1 1 748050 0
17993 17993 1 1 748147 0
17994 17994 1 1 748244 0
17995 17995 1 1 748341 0
17996 17996 1 1 748438 0
17997 17997 1 1 748535 0
17998 17998 1 1 748632 0
17999 17999 1 1 748729 0
18000 18000 1 1 748826 0
18001 18001 1 1 748923 0
18002 18002 1 1 749020 0
18004 18004 1 1 749214 0
18005 18005 1 1 749311 0
18006 18006 1 1 749408 0
18007 18007 1 1 749505 0
18008 18008 1 1 749602 0
18009 18009 1 1 749699 0
18010 18010 1 1 749796 0
18011 18011 1 1 749893 0
18012 18012 1 1 749990 0
18013 18013 1 1 750087 0
18014 18014 1 1 750184 0
18015 18015 1 1 750281 0
18016 18016 1 1 750378 0
18017 18017 1 1 750475 0
18018 18018 1 1 750572 0
18019 18019 1 1 750669 0
18021 18021 1 1 750863 0
18022 18022 1 1 750960 0
18023 18023 1 1 751057 0
18024 18024 1 1 751154 0
18025 18025 1 1 751251 0
18026 18026 1 1 751348 0
18027 18027 1 1 751445 0
18028 18028 1 1 751542 0
18029 18029 1 1 751639 0
18030 18030 1 1 751736 0
18031 18031 1 1 751833 0
18032 18032 1 1 751930 0
18033 18033 1 1 752027 0
18034 18034 1 1 752124 0
18035 18035 1 1 752221 0
18036 18036 1 1 752318 0
18038 18038 1 1 752512 0
18039 18039 1 1 752609 0
18040 18040 1 1 752706 0
18041 18041 1 1 752803 0
18042 18042 1 1 752900 0
18043 18043 1 1 752997 0
18044 18044 1 1 753094 0
18045 18045 1 1 753191 0
18046 18046 1 1 753288 0
18047 18047 1 1 753385 0
18048 18048 1 1 753482 0
18049 18049 1 1 753579 0
18050 18050 1 1 753676 0
18051 18051 1 1 753773 0
18052 18052 1 1 753870 0
18053 18053 1 1 753967 0
18055 18055 1 1 754161 0
18056 18056 1 1 754258 0
18057 18057 1 1 754355 0
18058 18058 1 1 754452 0
18059 18059 1 1 754549 0
18060 18060 1 1 754646 0
18061 18061 1 1 754743 0
18062 18062 1 1 754840 0
18063 18063 1 1 754937 0
18064 18064 1 1 755034 0
18065 18065 1 1 755131 0
18066 18066 1 1 755228 0
18067 18067 1 1 755325 0
18068 18068 1 1 755422 0
18069 18069 1 1 755519 0
18070 18070 1 1 755616 0
18072 18072 1 1 755810 0
18073 18073 1 1 755907 0
18074 18074 1 1 756004 0
18075 18075 1 1 756101 0
18076 18076 1 1 756198 0
18077 18077 1 1 756295 0
18078 18078 1 1 756392 0
18079 18079 1 1 756489 0
18080 18080 1 1 756586 0
18081 18081 1 1 756683 0
18082 18082 1 1 756780 0
18083 18083 1 1 756877 0
18084 18084 1 1 756974 0
18085 18085 1 1 757071 0
18086 18086 1 1 757168 0
18087 18087 1 1 757265 0
18089 18089 1 1 757459 0
18090 18090 1 1 757556 0
18091 18091 1 1 757653 0
18092 18092 1 1 757750 0
18093 18093 1 1 757847 0
18094 18094 1 1 757944 0
18095 18095 1 1 758041 0
18096 18096 1 1 758138 0
18097 18097 1 1 758235 0
18098 18098 1 1 758332 0
18099 18099 1 1 758429 0
18100 18100 1 1 758526 0
18101 18101 1 1 758623 0
18102 18102 1 1 758720 0
18103 18103 1 1 758817 0
18104 18104 1 1 758914 0
18106 18106 1 1 759108 0
18107 18107 1 1 759205 0
18108 18108 1 1 759302 0
18109 18109 1 1 759399 0
18110 18110 1 1 759496 0
18111 18111 1 1 759593 0
18112 18112 1 1 759690 0
18113 18113 1 1 759787 0
18114 18114 1 1 759884 0
18115 18115 1 1 759981 0
18116 18116 1 1 760078 0
18117 18117 1 1 760175 0
18118 18118 1 1 760272 0
18119 18119 1 1 760369 0
18120 18120 1 1 760466 0
18121 18121 1 1 760563 0
18123 18123 1 1 760757 0
18124 18124 1 1 760854 0
18125 18125 1 1 760951 0
18126 18126 1 1 761048 0
18127 18127 1 1 761145 0
18128 18128 1 1 761242 0
18129 18129 1 1 761339 0
18130 18130 1 1 761436 0
18131 18131 1 1 761533 0
18132 18132 1 1 761630 0
18133 18133 1 1 761727 0
18134 18134 1 1 761824 0
18135 18135 1 1 761921 0
18136 18136 1 1 762018 0
18137 18137 1 1 762115 0
18138 18138 1 1 762212 0
18140 18140 1 1 762406 0
18141 18141 1 1 762503 0
18142 18142 1 1 762600 0
18143 18143 1 1 762697 0
18144 18144 1 1 762794 0
18145 18145 1 1 762891 0
18146 18146 1 1 762988 0
18147 18147 1 1 763085 0
18148 18148 1 1 763182 0
18149 18149 1 1 763279 0
18150 18150 1 1 763376 0
18151 18151 1 1 763473 0
18152 18152 1 1 763570 0
18153 18153 1 1 763667 0
18154 18154 1 1 763764 0
18155 18155 1 1 763861 0
18157 18157 1 1 764055 0
18158 18158 1 1 764152 0
18159 18159 1 1 764249 0
18160 18160 1 1 764346 0
18161 18161 1 1 764443 0
18162 18162 1 1 764540 0
18163 18163 1 1 764637 0
18164 18164 1 1 764734 0
18165 18165 1 1 764831 0
18166 18166 1 1 764928 0
18167 18167 1 1 765025 0
18168 18168 1 1 765122 0
18169 18169 1 1 765219 0
18170 18170 1 1 765316 0
18171 18171 1 1 765413 0
18172 18172 1 1 765510 0
18174 18174 1 1 765704 0
18175 18175 1 1 765801 0
18176 18176 1 1 765898 0
18177 18177 1 1 765995 0
18178 18178 1 1 766092 0
18179 18179 1 1 766189 0
18180 18180 1 1 766286 0
18181 18181 1 1 766383 0
18182 18182 1 1 766480 0
18183 18183 1 1 766577 0
18184 18184 1 1 766674 0
18185 18185 1 1 766771 0
18186 18186 1 1 766868 0
18187 18187 1 1 766965 0
18188 18188 1 1 767062 0
18189 18189 1 1 767159 0
18191 18191 1 1 767353 0
18192 18192 1 1 767450 0
18193 18193 1 1 767547 0
18194 18194 1 1 767644 0
18195 18195 1 1 767741 0
18196 18196 1 1 767838 0
18197 18197 1 1 767935 0
18198 18198 1 1 768032 0
18199 18199 1 1 768129 0
18200 18200 1 1 768226 0
18201 18201 1 1 768323 0
18202 18202 1 1 768420 0
18203 18203 1 1 768517 0
18204 18204 1 1 768614 0
18205 18205 1 1 768711 0
18206 18206 1 1 768808 0
18208 18208 1 1 769002 0
18209 18209 1 1 769099 0
18210 18210 1 1 769196 0
18211 18211 1 1 769293 0
18212 18212 1 1 769390 0
18213 18213 1 1 769487 0
18214 18214 1 1 769584 0
18215 18215 1 1 769681 0
18216 18216 1 1 769778 0
18217 18217 1 1 769875 0
18218 18218 1 1 769972 0
18219 18219 1 1 770069 0
18220 18220 1 1 770166 0
18221 18221 1 1 770263 0
18222 18222 1 1 770360 0
18223 18223 1 1 770457 0
18225 18225 1 1 770651 0
18226 18226 1 1 770748 0
18227 18227 1 1 770845 0
18228 18228 1 1 770942 0
18229 18229 1 1 771039 0
18230 18230 1 1 771136 0
18231 18231 1 1 771233 0
18232 18232 1 1 771330 0
18233 18233 1 1 771427 0
18234 18234 1 1 771524 0
18235 18235 1 1 771621 0
18236 18236 1 1 771718 0
18237 18237 1 1 771815 0
18238 18238 1 1 771912 0
18239 18239 1 1 772009 0
18240 18240 1 1 772106 0
18242 18242 1 1 772300 0
18243 18243 1 1 772397 0
18244 18244 1 1 772494 0
18245 18245 1 1 772591 0
18246 18246 1 1 772688 0
18247 18247 1 1 772785 0
18248 18248 1 1 772882 0
18249 18249 1 1 772979 0
18250 18250 1 1 773076 0
18251 18251 1 1 773173 0
18252 18252 1 1 773270 0
18253 18253 1 1 773367 0
18254 18254 1 1 773464 0
18255 18255 1 1 773561 0
18256 18256 1 1 773658 0
18257 18257 1 1 773755 0
18259 18259 1 1 773949 0
18260 18260 1 1 774046 0
18261 18261 1 1 774143 0
18262 18262 1 1 774240 0
18263 18263 1 1 774337 0
18264 18264 1 1 774434 0
18265 18265 1 1 774531 0
18266 18266 1 1 774628 0
18267 18267 1 1 774725 0
18268 18268 1 1 774822 0
18269 18269 1 1 774919 0
18270 18270 1 1 775016 0
18271 18271 1 1 775113 0
18272 18272 1 1 775210 0
18273 18273 1 1 775307 0
18274 18274 1 1 775404 0
18276 18276 1 1 775598 0
18277 18277 1 1 775695 0
18278 18278 1 1 775792 0
18279 18279 1 1 775889 0
18280 18280 1 1 775986 0
18281 18281 1 1 776083 0
18282 18282 1 1 776180 0
18283 18283 1 1 776277 0
18284 18284 1 1 776374 0
18285 18285 1 1 776471 0
18286 18286 1 1 776568 0
18287 18287 1 1 776665 0
18288 18288 1 1 776762 0
18289 18289 1 1 776859 0
18290 18290 1 1 776956 0
18291 18291 1 1 777053 0
18293 18293 1 1 777247 0
18294 18294 1 1 777344 0
18295 18295 1 1 777441 0
18296 18296 1 1 777538 0
18297 18297 1 1 777635 0
18298 18298 1 1 777732 0
18299 18299 1 1 777829 0
18300 18300 1 1 777926 0
18301 18301 1 1 778023 0
18302 18302 1 1 778120 0
18303 18303 1 1 778217 0
18304 18304 1 1 778314 0
18305 18305 1 1 778411 0
18306 18306 1 1 778508 0
18307 18307 1 1 778605 0
18308 18308 1 1 778702 0
18310 18310 1 1 778896 0
18311 18311 1 1 778993 0
18312 18312 1 1 779090 0
18313 18313 1 1 779187 0
18314 18314 1 1 779284 0
18315 18315 1 1 779381 0
18316 18316 1 1 779478 0
18317 18317 1 1 779575 0
18318 18318 1 1 779672 0
18319 18319 1 1 779769 0
18320 18320 1 1 779866 0
18321 18321 1 1 779963 0
18322 18322 1 1 780060 0
18323 18323 1 1 780157 0
18324 18324 1 1 780254 0
18325 18325 1 1 780351 0
18327 18327 1 1 780545 0
18328 18328 1 1 780642 0
18329 18329 1 1 780739 0
18330 18330 1 1 780836 0
18331 18331 1 1 780933 0
18332 18332 1 1 781030 0
18333 18333 1 1 781127 0
18334 18334 1 1 781224 0
18335 18335 1 1 781321 0
18336 18336 1 1 781418 0
18337 18337 1 1 781515 0
18338 18338 1 1 781612 0
18339 18339 1 1 781709 0
18340 18340 1 1 781806 0
18341 18341 1 1 781903 0
18342 18342 1 1 782000 0
18344 18344 1 1 782194 0
18345 18345 1 1 782291 0
18346 18346 1 1 782388 0
18347 18347 1 1 782485 0
18348 18348 1 1 782582 0
18349 18349 1 1 782679 0
18350 18350 1 1 782776 0
18351 18351 1 1 782873 0
18352 18352 1 1 782970 0
18353 18353 1 1 783067 0
18354 18354 1 1 783164 0
18355 18355 1 1 783261 0
18356 18356 1 1 783358 0
18357 18357 1 1 783455 0
18358 18358 1 1 783552 0
18359 18359 1 1 783649 0
18361 18361 1 1 783843 0
18362 18362 1 1 783940 0
18363 18363 1 1 784037 0
18364 18364 1 1 784134 0
18365 18365 1 1 784231 0
18366 18366 1 1 784328 0
18367 18367 1 1 784425 0
18368 18368 1 1 784522 0
18369 18369 1 1 784619 0
18370 18370 1 1 784716 0
18371 18371 1 1 784813 0
18372 18372 1 1 784910 0
18373 18373 1 1 785007 0
18374 18374 1 1 785104 0
18375 18375 1 1 785201 0
18376 18376 1 1 785298 0
18378 18378 1 1 785492 0
18379 18379 1 1 785589 0
18380 18380 1 1 785686 0
18381 18381 1 1 785783 0
18382 18382 1 1 785880 0
18383 18383 1 1 785977 0
18384 18384 1 1 786074 0
18385 18385 1 1 786171 0
18386 18386 1 1 786268 0
18387 18387 1 1 786365 0
18388 18388 1 1 786462 0
18389 18389 1 1 786559 0
18390 18390 1 1 786656 0
18391 18391 1 1 786753 0
18392 18392 1 1 786850 0
18393 18393 1 1 786947 0
18395 18395 1 1 787141 0
18396 18396 1 1 787238 0
18397 18397 1 1 787335 0
18398 18398 1 1 787432 0
18399 18399 1 1 787529 0
18400 18400 1 1 787626 0
18401 18401 1 1 787723 0
18402 18402 1 1 787820 0
18403 18403 1 1 787917 0
18404 18404 1 1 788014 0
18405 18405 1 1 788111 0
18406 18406 1 1 788208 0
18407 18407 1 1 788305 0
18408 18408 1 1 788402 0
18409 18409 1 1 788499 0
18410 18410 1 1 788596 0
18412 18412 1 1 788790 0
18413 18413 1 1 788887 0
18414 18414 1 1 788984 0
18415 18415 1 1 789081 0
18416 18416 1 1 789178 0
18417 18417 1 1 789275 0
18418 18418 1 1 789372 0
18419 18419 1 1 789469 0
18420 18420 1 1 789566 0
18421 18421 1 1 789663 0
18422 18422 1 1 789760 0
18423 18423 1 1 789857 0
18424 18424 1 1 789954 0
18425 18425 1 1 790051 0
18426 18426 1 1 790148 0
18427 18427 1 1 790245 0
18429 18429 1 1 790439 0
18430 18430 1 1 790536 0
18431 18431 1 1 790633 0
18432 18432 1 1 790730 0
18433 18433 1 1 790827 0
18434 18434 1 1 790924 0
18435 18435 1 1 791021 0
18436 18436 1 1 791118 0
18437 18437 1 1 791215 0
18438 18438 1 1 791312 0
18439 18439 1 1 791409 0
18440 18440 1 1 791506 0
18441 18441 1 1 791603 0
18442 18442 1 1 791700 0
18443 18443 1 1 791797 0
18444 18444 1 1 791894 0
18446 18446 1 1 792088 0
18447 18447 1 1 792185 0
18448 18448 1 1 792282 0
18449 18449 1 1 792379 0
18450 18450 1 1 792476 0
18451 18451 1 1 792573 0
18452 18452 1 1 792670 0
18453 18453 1 1 792767 0
18454 18454 1 1 792864 0
18455 18455 1 1 792961 0
18456 18456 1 1 793058 0
18457 18457 1 1 793155 0
18458 18458 1 1 793252 0
18459 18459 1 1 793349 0
18460 18460 1 1 793446 0
18461 18461 1 1 793543 0
18463 18463 1 1 793737 0
18464 18464 1 1 793834 0
18465 18465 1 1 793931 0
18466 18466 1 1 794028 0
18467 18467 1 1 794125 0
18468 18468 1 1 794222 0
18469 18469 1 1 794319 0
18470 18470 1 1 794416 0
18471 18471 1 1 794513 0
18472 18472 1 1 794610 0
18473 18473 1 1 794707 0
18474 18474 1 1 794804 0
18475 18475 1 1 794901 0
18476 18476 1 1 794998 0
18477 18477 1 1 795095 0
18478 18478 1 1 795192 0
18480 18480 1 1 795386 0
18481 18481 1 1 795483 0
18482 18482 1 1 795580 0
18483 18483 1 1 795677 0
18484 18484 1 1 795774 0
18485 18485 1 1 795871 0
18486 18486 1 1 795968 0
18487 18487 1 1 796065 0
18488 18488 1 1 796162 0
18489 18489 1 1 796259 0
18490 18490 1 1 796356 0
18491 18491 1 1 796453 0
18492 18492 1 1 796550 0
18493 18493 1 1 796647 0
18494 18494 1 1 796744 0
18495 18495 1 1 796841 0
18497 18497 1 1 797035 0
18498 18498 1 1 797132 0
18499 18499 1 1 797229 0
18500 18500 1 1 797326 0
18501 18501 1 1 797423 0
18502 18502 1 1 797520 0
18503 18503 1 1 797617 0
18504 18504 1 1 797714 0
18505 18505 1 1 797811 0
18506 18506 1 1 797908 0
18507 18507 1 1 798005 0
18508 18508 1 1 798102 0
18509 18509 1 1 798199 0
18510 18510 1 1 798296 0
18511 18511 1 1 798393 0
18512 18512 1 1 798490 0
18514 18514 1 1 798684 0
18515 18515 1 1 798781 0
18516 18516 1 1 798878 0
18517 18517 1 1 798975 0
18518 18518 1 1 799072 0
18519 18519 1 1 799169 0
18520 18520 1 1 799266 0
18521 18521 1 1 799363 0
18522 18522 1 1 799460 0
18523 18523 1 1 799557 0
18524 18524 1 1 799654 0
18525 18525 1 1 799751 0
18526 18526 1 1 799848 0
18527 18527 1 1 799945 0
18528 18528 1 1 800042 0
18529 18529 1 1 800139 0
18531 18531 1 1 800333 0
18532 18532 1 1 800430 0
18533 18533 1 1 800527 0
18534 18534 1 1 800624 0
18535 18535 1 1 800721 0
18536 18536 1 1 800818 0
18537 18537 1 1 800915 0
18538 18538 1 1 801012 0
18539 18539 1 1 801109 0
18540 18540 1 1 801206 0
18541 18541 1 1 801303 0
18542 18542 1 1 801400 0
18543 18543 1 1 801497 0
18544 18544 1 1 801594 0
18545 18545 1 1 801691 0
18546 18546 1 1 801788 0
18548 18548 1 1 801982 0
18549 18549 1 1 802079 0
18550 18550 1 1 802176 0
18551 18551 1 1 802273 0
18552 18552 1 1 802370 0
18553 18553 1 1 802467 0
18554 18554 1 1 802564 0
18555 18555 1 1 802661 0
18556 18556 1 1 802758 0
18557 18557 1 1 802855 0
18558 18558 1 1 802952 0
18559 18559 1 1 803049 0
18560 18560 1 1 803146 0
18561 18561 1 1 803243 0
18562 18562 1 1 803340 0
18563 18563 1 1 803437 0
18565 18565 1 1 803631 0
18566 18566 1 1 803728 0
18567 18567 1 1 803825 0
18568 18568 1 1 803922 0
18569 18569 1 1 804019 0
18570 18570 1 1 804116 0
18571 18571 1 1 804213 0
18572 18572 1 1 804310 0
18573 18573 1 1 804407 0
18574 18574 1 1 804504 0
18575 18575 1 1 804601 0
18576 18576 1 1 804698 0
18577 18577 1 1 804795 0
18578 18578 1 1 804892 0
18579 18579 1 1 804989 0
18580 18580 1 1 805086 0
18582 18582 1 1 805280 0
18583 18583 1 1 805377 0
18584 18584 1 1 805474 0
18585 18585 1 1 805571 0
18586 18586 1 1 805668 0
18587 18587 1 1 805765 0
18588 18588 1 1 805862 0
18589 18589 1 1 805959 0
18590 18590 1 1 806056 0
18591 18591 1 1 806153 0
18592 18592 1 1 806250 0
18593 18593 1 1 806347 0
18594 18594 1 1 806444 0
18595 18595 1 1 806541 0
18596 18596 1 1 806638 0
18597 18597 1 1 806735 0
18599 18599 1 1 806929 0
18600 18600 1 1 807026 0
18601 18601 1 1 807123 0
18602 18602 1 1 807220 0
18603 18603 1 1 807317 0
18604 18604 1 1 807414 0
18605 18605 1 1 807511 0
18606 18606 1 1 807608 0
18607 18607 1 1 807705 0
18608 18608 1 1 807802 0
18609 18609 1 1 807899 0
18610 18610 1 1 807996 0
18611 18611 1 1 808093 0
18612 18612 1 1 808190 0
18613 18613 1 1 808287 0
18614 18614 1 1 808384 0
18616 18616 1 1 808578 0
18617 18617 1 1 808675 0
18618 18618 1 1 808772 0
18619 18619 1 1 808869 0
18620 18620 1 1 808966 0
18621 18621 1 1 809063 0
18622 18622 1 1 809160 0
18623 18623 1 1 809257 0
18624 18624 1 1 809354 0
18625 18625 1 1 809451 0
18626 18626 1 1 809548 0
18627 18627 1 1 809645 0
18628 18628 1 1 809742 0
18629 18629 1 1 809839 0
18630 18630 1 1 809936 0
18631 18631 1 1 810033 0
18633 18633 1 1 810227 0
18634 18634 1 1 810324 0
18635 18635 1 1 810421 0
18636 18636 1 1 810518 0
18637 18637 1 1 810615 0
18638 18638 1 1 810712 0
18639 18639 1 1 810809 0
18640 18640 1 1 810906 0
18641 18641 1 1 811003 0
18642 18642 1 1 811100 0
18643 18643 1 1 811197 0
18644 18644 1 1 811294 0
18645 18645 1 1 811391 0
18646 18646 1 1 811488 0
18647 18647 1 1 811585 0
18648 18648 1 1 811682 0
18650 18650 1 1 811876 0
18651 18651 1 1 811973 0
18652 18652 1 1 812070 0
18653 18653 1 1 812167 0
18654 18654 1 1 812264 0
18655 18655 1 1 812361 0
18656 18656 1 1 812458 0
18657 18657 1 1 812555 0
18658 18658 1 1 812652 0
18659 18659 1 1 812749 0
18660 18660 1 1 812846 0
18661 18661 1 1 812943 0
18662 18662 1 1 813040 0
18663 18663 1 1 813137 0
18664 18664 1 1 813234 0
18665 18665 1 1 813331 0
18667 18667 1 1 813525 0
18668 18668 1 1 813622 0
18669 18669 1 1 813719 0
18670 18670 1 1 813816 0
18671 18671 1 1 813913 0
18672 18672 1 1 814010 0
18673 18673 1 1 814107 0
18674 18674 1 1 814204 0
18675 18675 1 1 814301 0
18676 18676 1 1 814398 0
18677 18677 1 1 814495 0
18678 18678 1 1 814592 0
18679 18679 1 1 814689 0
18680 18680 1 1 814786 0
18681 18681 1 1 814883 0
18682 18682 1 1 814980 0
18684 18684 1 1 815174 0
18685 18685 1 1 815271 0
18686 18686 1 1 815368 0
18687 18687 1 1 815465 0
18688 18688 1 1 815562 0
18689 18689 1 1 815659 0
18690 18690 1 1 815756 0
18691 18691 1 1 815853 0
18692 18692 1 1 815950 0
18693 18693 1 1 816047 0
18694 18694 1 1 816144 0
18695 18695 1 1 816241 0
18696 18696 1 1 816338 0
18697 18697 1 1 816435 0
18698 18698 1 1 816532 0
18699 18699 1 1 816629 0
18701 18701 1 1 816823 0
18702 18702 1 1 816920 0
18703 18703 1 1 817017 0
18704 18704 1 1 817114 0
18705 18705 1 1 817211 0
18706 18706 1 1 817308 0
18707 18707 1 1 817405 0
18708 18708 1 1 817502 0
18709 18709 1 1 817599 0
18710 18710 1 1 817696 0
18711 18711 1 1 817793 0
18712 18712 1 1 817890 0
18713 18713 1 1 817987 0
18714 18714 1 1 818084 0
18715 18715 1 1 818181 0
18716 18716 1 1 818278 0
18718 18718 1 1 818472 0
18719 18719 1 1 818569 0
18720 18720 1 1 818666 0
18721 18721 1 1 818763 0
18722 18722 1 1 818860 0
18723 18723 1 1 818957 0
18724 18724 1 1 819054 0
18725 18725 1 1 819151 0
18726 18726 1 1 819248 0
18727 18727 1 1 819345 0
18728 18728 1 1 819442 0
18729 18729 1 1 819539 0
18730 18730 1 1 819636 0
18731 18731 1 1 819733 0
18732 18732 1 1 819830 0
18733 18733 1 1 819927 0
18735 18735 1 1 820121 0
18736 18736 1 1 820218 0
18737 18737 1 1 820315 0
18738 18738 1 1 820412 0
18739 18739 1 1 820509 0
18740 18740 1 1 820606 0
18741 18741 1 1 820703 0
18742 18742 1 1 820800 0
18743 18743 1 1 820897 0
18744 18744 1 1 820994 0
18745 18745 1 1 821091 0
18746 18746 1 1 821188 0
18747 18747 1 1 821285 0
18748 18748 1 1 821382 0
18749 18749 1 1 821479 0
18750 18750 1 1 821576 0
18752 18752 1 1 821770 0
18753 18753 1 1 821867 0
18754 18754 1 1 821964 0
18755 18755 1 1 822061 0
18756 18756 1 1 822158 0
18757 18757 1 1 822255 0
18758 18758 1 1 822352 0
18759 18759 1 1 822449 0
18760 18760 1 1 822546 0
18761 18761 1 1 822643 0
18762 18762 1 1 822740 0
18763 18763 1 1 822837 0
18764 18764 1 1 822934 0
18765 18765 1 1 823031 0
18766 18766 1 1 823128 0
18767 18767 1 1 823225 0
18769 18769 1 1 823419 0
18770 18770 1 1 823516 0
18771 18771 1 1 823613 0
18772 18772 1 1 823710 0
18773 18773 1 1 823807 0
18774 18774 1 1 823904 0
18775 18775 1 1 824001 0
18776 18776 1 1 824098 0
18777 18777 1 1 824195 0
18778 18778 1 1 824292 0
18779 18779 1 1 824389 0
18780 18780 1 1 824486 0
18781 18781 1 1 824583 0
18782 18782 1 1 824680 0
18783 18783 1 1 824777 0
18784 18784 1 1 824874 0
18786 18786 1 1 825068 0
18787 18787 1 1 825165 0
18788 18788 1 1 825262 0
18789 18789 1 1 825359 0
18790 18790 1 1 825456 0
18791 18791 1 1 825553 0
18792 18792 1 1 825650 0
18793 18793 1 1 825747 0
18794 18794 1 1 825844 0
18795 18795 1 1 825941 0
18796 18796 1 1 826038 0
18797 18797 1 1 826135 0
18798 18798 1 1 826232 0
18799 18799 1 1 826329 0
18800 18800 1 1 826426 0
18801 18801 1 1 826523 0
18803 18803 1 1 826717 0
18804 18804 1 1 826814 0
18805 18805 1 1 826911 0
18806 18806 1 1 827008 0
18807 18807 1 1 827105 0
18808 18808 1 1 827202 0
18809 18809 1 1 827299 0
18810 18810 1 1 827396 0
18811 18811 1 1 827493 0
18812 18812 1 1 827590 0
18813 18813 1 1 827687 0
18814 18814 1 1 827784 0
18815 18815 1 1 827881 0
18816 18816 1 1 827978 0
18817 18817 1 1 828075 0
18818 18818 1 1 828172 0
18820 18820 1 1 828366 0
18821 18821 1 1 828463 0
18822 18822 1 1 828560 0
18823 18823 1 1 828657 0
18824 18824 1 1 828754 0
18825 18825 1 1 828851 0
18826 18826 1 1 828948 0
18827 18827 1 1 829045 0
18828 18828 1 1 829142 0
18829 18829 1 1 829239 0
18830 18830 1 1 829336 0
18831 18831 1 1 829433 0
18832 18832 1 1 829530 0
18833 18833 1 1 829627 0
18834 18834 1 1 829724 0
18835 18835 1 1 829821 0
18837 18837 1 1 830015 0
18838 18838 1 1 830112 0
18839 18839 1 1 830209 0
18840 18840 1 1 830306 0
18841 18841 1 1 830403 0
18842 18842 1 1 830500 0
18843 18843 1 1 830597 0
18844 18844 1 1 830694 0
18845 18845 1 1 830791 0
18846 18846 1 1 830888 0
18847 18847 1 1 830985 0
18848 18848 1 1 831082 0
18849 18849 1 1 831179 0
18850 18850 1 1 831276 0
18851 18851 1 1 831373 0
18852 18852 1 1 831470 0
18854 18854 1 1 831664 0
18855 18855 1 1 831761 0
18856 18856 1 1 831858 0
18857 18857 1 1 831955 0
18858 18858 1 1 832052 0
18859 18859 1 1 832149 0
18860 18860 1 1 832246 0
18861 18861 1 1 832343 0
18862 18862 1 1 832440 0
18863 18863 1 1 832537 0
18864 18864 1 1 832634 0
18865 18865 1 1 832731 0
18866 18866 1 1 832828 0
18867 18867 1 1 832925 0
18868 18868 1 1 833022 0
18869 18869 1 1 833119 0
18871 18871 1 1 833313 0
18872 18872 1 1 833410 0
18873 18873 1 1 833507 0
18874 18874 1 1 833604 0
18875 18875 1 1 833701 0
18876 18876 1 1 833798 0
18877 18877 1 1 833895 0
18878 18878 1 1 833992 0
18879 18879 1 1 834089 0
18880 18880 1 1 834186 0
18881 18881 1 1 834283 0
18882 18882 1 1 834380 0
18883 18883 1 1 834477 0
18884 18884 1 1 834574 0
18885 18885 1 1 834671 0
18886 18886 1 1 834768 0
18888 18888 1 1 834962 0
18889 18889 1 1 835059 0
18890 18890 1 1 835156 0
18891 18891 1 1 835253 0
18892 18892 1 1 835350 0
18893 18893 1 1 835447 0
18894 18894 1 1 835544 0
18895 18895 1 1 835641 0
18896 18896 1 1 835738 0
18897 18897 1 1 835835 0
18898 18898 1 1 835932 0
18899 18899 1 1 836029 0
18900 18900 1 1 836126 0
18901 18901 1 1 836223 0
18902 18902 1 1 836320 0
18903 18903 1 1 836417 0
18905 18905 1 1 836611 0
18906 18906 1 1 836708 0
18907 18907 1 1 836805 0
18908 18908 1 1 836902 0
18909 18909 1 1 836999 0
18910 18910 1 1 837096 0
18911 18911 1 1 837193 0
18912 18912 1 1 837290 0
18913 18913 1 1 837387 0
18914 18914 1 1 837484 0
18915 18915 1 1 837581 0
18916 18916 1 1 837678 0
18917 18917 1 1 837775 0
18918 18918 1 1 837872 0
18919 18919 1 1 837969 0
18920 18920 1 1 838066 0
18922 18922 1 1 838260 0
18923 18923 1 1 838357 0
18924 18924 1 1 838454 0
18925 18925 1 1 838551 0
18926 18926 1 1 838648 0
18927 18927 1 1 838745 0
18928 18928 1 1 838842 0
18929 18929 1 1 838939 0
18930 18930 1 1 839036 0
18931 18931 1 1 839133 0
18932 18932 1 1 839230 0
18933 18933 1 1 839327 0
18934 18934 1 1 839424 0
18935 18935 1 1 839521 0
18936 18936 1 1 839618 0
18937 18937 1 1 839715 0
18939 18939 1 1 839909 0
18940 18940 1 1 840006 0
18941 18941 1 1 840103 0
18942 18942 1 1 840200 0
18943 18943 1 1 840297 0
18944 18944 1 1 840394 0
18945 18945 1 1 840491 0
18946 18946 1 1 840588 0
18947 18947 1 1 840685 0
18948 18948 1 1 840782 0
18949 18949 1 1 840879 0
18950 18950 1 1 840976 0
18951 18951 1 1 841073 0
18952 18952 1 1 841170 0
18953 18953 1 1 841267 0
18954 18954 1 1 841364 0
18956 18956 1 1 841558 0
18957 18957 1 1 841655 0
18958 18958 1 1 841752 0
18959 18959 1 1 841849 0
18960 18960 1 1 841946 0
18961 18961 1 1 842043 0
18962 18962 1 1 842140 0
18963 18963 1 1 842237 0
18964 18964 1 1 842334 0
18965 18965 1 1 842431 0
18966 18966 1 1 842528 0
18967 18967 1 1 842625 0
18968 18968 1 1 842722 0
18969 18969 1 1 842819 0
18970 18970 1 1 842916 0
18971 18971 1 1 843013 0
18973 18973 1 1 843207 0
18974 18974 1 1 843304 0
18975 18975 1 1 843401 0
18976 18976 1 1 843498 0
18977 18977 1 1 843595 0
18978 18978 1 1 843692 0
18979 18979 1 1 843789 0
18980 18980 1 1 843886 0
18981 18981 1 1 843983 0
18982 18982 1 1 844080 0
18983 18983 1 1 844177 0
18984 18984 1 1 844274 0
18985 18985 1 1 844371 0
18986 18986 1 1 844468 0
18987 18987 1 1 844565 0
18988 18988 1 1 844662 0
18990 18990 1 1 844856 0
18991 18991 1 1 844953 0
18992 18992 1 1 845050 0
18993 18993 1 1 845147 0
18994 18994 1 1 845244 0
18995 18995 1 1 845341 0
18996 18996 1 1 845438 0
18997 18997 1 1 845535 0
18998 18998 1 1 845632 0
18999 18999 1 1 845729 0
19000 19000 1 1 845826 0
19001 19001 1 1 845923 0
19002 19002 1 1 846020 0
19003 19003 1 1 846117 0
19004 19004 1 1 846214 0
19005 19005 1 1 846311 0
19007 19007 1 1 846505 0
19008 19008 1 1 846602 0
19009 19009 1 1 846699 0
19010 19010 1 1 846796 0
19011 19011 1 1 846893 0
19012 19012 1 1 846990 0
19013 19013 1 1 847087 0
19014 19014 1 1 847184 0
19015 19015 1 1 847281 0
19016 19016 1 1 847378 0
19017 19017 1 1 847475 0
19018 19018 1 1 847572 0
19019 19019 1 1 847669 0
19020 19020 1 1 847766 0
19021 19021 1 1 847863 0
19022 19022 1 1 847960 0
19024 19024 1 1 848154 0
19025 19025 1 1 848251 0
19026 19026 1 1 848348 0
19027 19027 1 1 848445 0
19028 19028 1 1 848542 0
19029 19029 1 1 848639 0
19030 19030 1 1 848736 0
19031 19031 1 1 848833 0
19032 19032 1 1 848930 0
19033 19033 1 1 849027 0
19034 19034 1 1 849124 0
19035 19035 1 1 849221 0
19036 19036 1 1 849318 0
19037 19037 1 1 849415 0
19038 19038 1 1 849512 0
19039 19039 1 1 849609 0
19041 19041 1 1 849803 0
19042 19042 1 1 849900 0
19043 19043 1 1 849997 0
19044 19044 1 1 850094 0
19045 19045 1 1 850191 0
19046 19046 1 1 850288 0
19047 19047 1 1 850385 0
19048 19048 1 1 850482 0
19049 19049 1 1 850579 0
19050 19050 1 1 850676 0
19051 19051 1 1 850773 0
19052 19052 1 1 850870 0
19053 19053 1 1 850967 0
19054 19054 1 1 851064 0
19055 19055 1 1 851161 0
19056 19056 1 1 851258 0
19058 19058 1 1 851452 0
19059 19059 1 1 851549 0
19060 19060 1 1 851646 0
19061 19061 1 1 851743 0
19062 19062 1 1 851840 0
19063 19063 1 1 851937 0
19064 19064 1 1 852034 0
19065 19065 1 1 852131 0
19066 19066 1 1 852228 0
19067 19067 1 1 852325 0
19068 19068 1 1 852422 0
19069 19069 1 1 852519 0
19070 19070 1 1 852616 0
19071 19071 1 1 852713 0
19072 19072 1 1 852810 0
19073 19073 1 1 852907 0
19075 19075 1 1 853101 0
19076 19076 1 1 853198 0
19077 19077 1 1 853295 0
19078 19078 1 1 853392 0
19079 19079 1 1 853489 0
19080 19080 1 1 853586 0
19081 19081 1 1 853683 0
19082 19082 1 1 853780 0
19083 19083 1 1 853877 0
19084 19084 1 1 853974 0
19085 19085 1 1 854071 0
19086 19086 1 1 854168 0
19087 19087 1 1 854265 0
19088 19088 1 1 854362 0
19089 19089 1 1 854459 0
19090 19090 1 1 854556 0
19092 19092 1 1 854750 0
19093 19093 1 1 854847 0
19094 19094 1 1 854944 0
19095 19095 1 1 855041 0
19096 19096 1 1 855138 0
19097 19097 1 1 855235 0
19098 19098 1 1 855332 0
19099 19099 1 1 855429 0
19100 19100 1 1 855526 0
19101 19101 1 1 855623 0
19102 19102 1 1 855720 0
19103 19103 1 1 855817 0
19104 19104 1 1 855914 0
19105 19105 1 1 856011 0
19106 19106 1 1 856108 0
19107 19107 1 1 856205 0
19109 19109 1 1 856399 0
19110 19110 1 1 856496 0
19111 19111 1 1 856593 0
19112 19112 1 1 856690 0
19113 19113 1 1 856787 0
19114 19114 1 1 856884 0
19115 19115 1 1 856981 0
19116 19116 1 1 857078 0
19117 19117 1 1 857175 0
19118 19118 1 1 857272 0
19119 19119 1 1 857369 0
19120 19120 1 1 857466 0
19121 19121 1 1 857563 0
19122 19122 1 1 857660 0
19123 19123 1 1 857757 0
19124 19124 1 1 857854 0
19126 19126 1 1 858048 0
19127 19127 1 1 858145 0
19128 19128 1 1 858242 0
19129 19129 1 1 858339 0
19130 19130 1 1 858436 0
19131 19131 1 1 858533 0
19132 19132 1 1 858630 0
19133 19133 1 1 858727 0
19134 19134 1 1 858824 0
19135 19135 1 1 858921 0
19136 19136 1 1 859018 0
19137 19137 1 1 859115 0
19138 19138 1 1 859212 0
19139 19139 1 1 859309 0
19140 19140 1 1 859406 0
19141 19141 1 1 859503 0
19143 19143 1 1 859697 0
19144 19144 1 1 859794 0
19145 19145 1 1 859891 0
19146 19146 1 1 859988 0
19147 19147 1 1 860085 0
19148 19148 1 1 860182 0
19149 19149 1 1 860279 0
19150 19150 1 1 860376 0
19151 19151 1 1 860473 0
19152 19152 1 1 860570 0
19153 19153 1 1 860667 0
19154 19154 1 1 860764 0
19155 19155 1 1 860861 0
19156 19156 1 1 860958 0
19157 19157 1 1 861055 0
19158 19158 1 1 861152 0
19160 19160 1 1 861346 0
19161 19161 1 1 861443 0
19162 19162 1 1 861540 0
19163 19163 1 1 861637 0
19164 19164 1 1 861734 0
19165 19165 1 1 861831 0
19166 19166 1 1 861928 0
19167 19167 1 1 862025 0
19168 19168 1 1 862122 0
19169 19169 1 1 862219 0
19170 19170 1 1 862316 0
19171 19171 1 1 862413 0
19172 19172 1 1 862510 0
19173 19173 1 1 862607 0
19174 19174 1 1 862704 0
19175 19175 1 1 862801 0
19177 19177 1 1 862995 0
19178 19178 1 1 863092 0
19179 19179 1 1 863189 0
19180 19180 1 1 863286 0
19181 19181 1 1 863383 0
19182 19182 1 1 863480 0
19183 19183 1 1 863577 0
19184 19184 1 1 863674 0
19185 19185 1 1 863771 0
19186 19186 1 1 863868 0
19187 19187 1 1 863965 0
19188 19188 1 1 864062 0
19189 19189 1 1 864159 0
19190 19190 1 1 864256 0
19191 19191 1 1 864353 0
19192 19192 1 1 864450 0
19194 19194 1 1 864644 0
19195 19195 1 1 864741 0
19196 19196 1 1 864838 0
19197 19197 1 1 864935 0
19198 19198 1 1 865032 0
19199 19199 1 1 865129 0
19200 19200 1 1 865226 0
19201 19201 1 1 865323 0
19202 19202 1 1 865420 0
19203 19203 1 1 865517 0
19204 19204 1 1 865614 0
19205 19205 1 1 865711 0
19206 19206 1 1 865808 0
19207 19207 1 1 865905 0
19208 19208 1 1 866002 0
19209 19209 1 1 866099 0
19211 19211 1 1 866293 0
19212 19212 1 1 866390 0
19213 19213 1 1 866487 0
19214 19214 1 1 866584 0
19215 19215 1 1 866681 0
19216 19216 1 1 866778 0
19217 19217 1 1 866875 0
19218 19218 1 1 866972 0
19219 19219 1 1 867069 0
19220 19220 1 1 867166 0
19221 19221 1 1 867263 0
19222 19222 1 1 867360 0
19223 19223 1 1 867457 0
19224 19224 1 1 867554 0
19225 19225 1 1 867651 0
19226 19226 1 1 867748 0
19228 19228 1 1 867942 0
19229 19229 1 1 868039 0
19230 19230 1 1 868136 0
19231 19231 1 1 868233 0
19232 19232 1 1 868330 0
19233 19233 1 1 868427 0
19234 19234 1 1 868524 0
19235 19235 1 1 868621 0
19236 19236 1 1 868718 0
19237 19237 1 1 868815 0
19238 19238 1 1 868912 0
19239 19239 1 1 869009 0
19240 19240 1 1 869106 0
19241 19241 1 1 869203 0
19242 19242 1 1 869300 0
19243 19243 1 1 869397 0
19245 19245 1 1 869591 0
19246 19246 1 1 869688 0
19247 19247 1 1 869785 0
19248 19248 1 1 869882 0
19249 19249 1 1 869979 0
19250 19250 1 1 870076 0
19251 19251 1 1 870173 0
19252 19252 1 1 870270 0
19253 19253 1 1 870367 0
19254 19254 1 1 870464 0
19255 19255 1 1 870561 0
19256 19256 1 1 870658 0
19257 19257 1 1 870755 0
19258 19258 1 1 870852 0
19259 19259 1 1 870949 0
19260 19260 1 1 871046 0
19262 19262 1 1 871240 0
19263 19263 1 1 871337 0
19264 19264 1 1 871434 0
19265 19265 1 1 871531 0
19266 19266 1 1 871628 0
19267 19267 1 1 871725 0
19268 19268 1 1 871822 0
19269 19269 1 1 871919 0
19270 19270 1 1 872016 0
19271 19271 1 1 872113 0
19272 19272 1 1 872210 0
19273 19273 1 1 872307 0
19274 19274 1 1 872404 0
19275 19275 1 1 872501 0
19276 19276 1 1 872598 0
19277 19277 1 1 872695 0
19279 19279 1 1 872889 0
19280 19280 1 1 872986 0
19281 19281 1 1 873083 0
19282 19282 1 1 873180 0
19283 19283 1 1 873277 0
19284 19284 1 1 873374 0
19285 19285 1 1 873471 0
19286 19286 1 1 873568 0
19287 19287 1 1 873665 0
19288 19288 1 1 873762 0
19289 19289 1 1 873859 0
19290 19290 1 1 873956 0
19291 19291 1 1 874053 0
19292 19292 1 1 874150 0
19293 19293 1 1 874247 0
19294 19294 1 1 874344 0
19296 19296 1 1 874538 0
19297 19297 1 1 874635 0
19298 19298 1 1 874732 0
19299 19299 1 1 874829 0
19300 19300 1 1 874926 0
19301 19301 1 1 875023 0
19302 19302 1 1 875120 0
19303 19303 1 1 875217 0
19304 19304 1 1 875314 0
19305 19305 1 1 875411 0
19306 19306 1 1 875508 0
19307 19307 1 1 875605 0
19308 19308 1 1 875702 0
19309 19309 1 1 875799 0
19310 19310 1 1 875896 0
19311 19311 1 1 875993 0
19313 19313 1 1 876187 0
19314 19314 1 1 876284 0
19315 19315 1 1 876381 0
19316 19316 1 1 876478 0
19317 19317 1 1 876575 0
19318 19318 1 1 876672 0
19319 19319 1 1 876769 0
19320 19320 1 1 876866 0
19321 19321 1 1 876963 0
19322 19322 1 1 877060 0
19323 19323 1 1 877157 0
19324 19324 1 1 877254 0
19325 19325 1 1 877351 0
19326 19326 1 1 877448 0
19327 19327 1 1 877545 0
19328 19328 1 1 877642 0
19330 19330 1 1 877836 0
19331 19331 1 1 877933 0
19332 19332 1 1 878030 0
19333 19333 1 1 878127 0
19334 19334 1 1 878224 0
19335 19335 1 1 878321 0
19336 19336 1 1 878418 0
19337 19337 1 1 878515 0
19338 19338 1 1 878612 0
19339 19339 1 1 878709 0
19340 19340 1 1 878806 0
19341 19341 1 1 878903 0
19342 19342 1 1 879000 0
19343 19343 1 1 879097 0
19344 19344 1 1 879194 0
19345 19345 1 1 879291 0
19347 19347 1 1 879485 0
19348 19348 1 1 879582 0
19349 19349 1 1 879679 0
19350 19350 1 1 879776 0
19351 19351 1 1 879873 0
19352 19352 1 1 879970 0
19353 19353 1 1 880067 0
19354 19354 1 1 880164 0
19355 19355 1 1 880261 0
19356 19356 1 1 880358 0
19357 19357 1 1 880455 0
19358 19358 1 1 880552 0
19359 19359 1 1 880649 0
19360 19360 1 1 880746 0
19361 19361 1 1 880843 0
19362 19362 1 1 880940 0
19364 19364 1 1 881134 0
19365 19365 1 1 881231 0
19366 19366 1 1 881328 0
19367 19367 1 1 881425 0
19368 19368 1 1 881522 0
19369 19369 1 1 881619 0
19370 19370 1 1 881716 0
19371 19371 1 1 881813 0
19372 19372 1 1 881910 0
19373 19373 1 1 882007 0
19374 19374 1 1 882104 0
19375 19375 1 1 882201 0
19376 19376 1 1 882298 0
19377 19377 1 1 882395 0
19378 19378 1 1 882492 0
19379 19379 1 1 882589 0
19381 19381 1 1 882783 0
19382 19382 1 1 882880 0
19383 19383 1 1 882977 0
19384 19384 1 1 883074 0
19385 19385 1 1 883171 0
19386 19386 1 1 883268 0
19387 19387 1 1 883365 0
19388 19388 1 1 883462 0
19389 19389 1 1 883559 0
19390 19390 1 1 883656 0
19391 19391 1 1 883753 0
19392 19392 1 1 883850 0
19393 19393 1 1 883947 0
19394 19394 1 1 884044 0
19395 19395 1 1 884141 0
19396 19396 1 1 884238 0
19398 19398 1 1 884432 0
19399 19399 1 1 884529 0
19400 19400 1 1 884626 0
19401 19401 1 1 884723 0
19402 19402 1 1 884820 0
19403 19403 1 1 884917 0
19404 19404 1 1 885014 0
19405 19405 1 1 885111 0
19406 19406 1 1 885208 0
19407 19407 1 1 885305 0
19408 19408 1 1 885402 0
19409 19409 1 1 885499 0
19410 19410 1 1 885596 0
19411 19411 1 1 885693 0
19412 19412 1 1 885790 0
19413 19413 1 1 885887 0
19415 19415 1 1 886081 0
19416 19416 1 1 886178 0
19417 19417 1 1 886275 0
19418 19418 1 1 886372 0
19419 19419 1 1 886469 0
19420 19420 1 1 886566 0
19421 19421 1 1 886663 0
19422 19422 1 1 886760 0
19423 19423 1 1 886857 0
19424 19424 1 1 886954 0
19425 19425 1 1 887051 0
19426 19426 1 1 887148 0
19427 19427 1 1 887245 0
19428 19428 1 1 887342 0
19429 19429 1 1 887439 0
19430 19430 1 1 887536 0
19432 19432 1 1 887730 0
19433 19433 1 1 887827 0
19434 19434 1 1 887924 0
19435 19435 1 1 888021 0
19436 19436 1 1 888118 0
19437 19437 1 1 888215 0
19438 19438 1 1 888312 0
19439 19439 1 1 888409 0
19440 19440 1 1 888506 0
19441 19441 1 1 888603 0
19442 19442 1 1 888700 0
19443 19443 1 1 888797 0
19444 19444 1 1 888894 0
19445 19445 1 1 888991 0
19446 19446 1 1 889088 0
19447 19447 1 1 889185 0
19449 19449 1 1 889379 0
19450 19450 1 1 889476 0
19451 19451 1 1 889573 0
19452 19452 1 1 889670 0
19453 19453 1 1 889767 0
19454 19454 1 1 889864 0
19455 19455 1 1 889961 0
19456 19456 1 1 890058 0
19457 19457 1 1 890155 0
19458 19458 1 1 890252 0
19459 19459 1 1 890349 0
19460 19460 1 1 890446 0
19461 19461 1 1 890543 0
19462 19462 1 1 890640 0
19463 19463 1 1 890737 0
19464 19464 1 1 890834 0
19466 19466 1 1 891028 0
19467 19467 1 1 891125 0
19468 19468 1 1 891222 0
19469 19469 1 1 891319 0
19470 19470 1 1 891416 0
19471 19471 1 1 891513 0
19472 19472 1 1 891610 0
19473 19473 1 1 891707 0
19474 19474 1 1 891804 0
19475 19475 1 1 891901 0
19476 19476 1 1 891998 0
19477 19477 1 1 892095 0
19478 19478 1 1 892192 0
19479 19479 1 1 892289 0
19480 19480 1 1 892386 0
19481 19481 1 1 892483 0
19483 19483 1 1 892677 0
19484 19484 1 1 892774 0
19485 19485 1 1 892871 0
19486 19486 1 1 892968 0
19487 19487 1 1 893065 0
19488 19488 1 1 893162 0
19489 19489 1 1 893259 0
19490 19490 1 1 893356 0
19491 19491 1 1 893453 0
19492 19492 1 1 893550 0
19493 19493 1 1 893647 0
19494 19494 1 1 893744 0
19495 19495 1 1 893841 0
19496 19496 1 1 893938 0
19497 19497 1 1 894035 0
19498 19498 1 1 894132 0
19500 19500 1 1 894326 0
19501 19501 1 1 894423 0
19502 19502 1 1 894520 0
19503 19503 1 1 894617 0
19504 19504 1 1 894714 0
19505 19505 1 1 894811 0
19506 19506 1 1 894908 0
19507 19507 1 1 895005 0
19508 19508 1 1 895102 0
19509 19509 1 1 895199 0
19510 19510 1 1 895296 0
19511 19511 1 1 895393 0
19512 19512 1 1 895490 0
19513 19513 1 1 895587 0
19514 19514 1 1 895684 0
19515 19515 1 1 895781 0
19517 19517 1 1 895975 0
19518 19518 1 1 896072 0
19519 19519 1 1 896169 0
19520 19520 1 1 896266 0
19521 19521 1 1 896363 0
19522 19522 1 1 896460 0
19523 19523 1 1 896557 0
19524 19524 1 1 896654 0
19525 19525 1 1 896751 0
19526 19526 1 1 896848 0
19527 19527 1 1 896945 0
19528 19528 1 1 897042 0
19529 19529 1 1 897139 0
19530 19530 1 1 897236 0
19531 19531 1 1 897333 0
19532 19532 1 1 897430 0
19534 19534 1 1 897624 0
19535 19535 1 1 897721 0
19536 19536 1 1 897818 0
19537 19537 1 1 897915 0
19538 19538 1 1 898012 0
19539 19539 1 1 898109 0
19540 19540 1 1 898206 0
19541 19541 1 1 898303 0
19542 19542 1 1 898400 0
19543 19543 1 1 898497 0
19544 19544 1 1 898594 0
19545 19545 1 1 898691 0
19546 19546 1 1 898788 0
19547 19547 1 1 898885 0
19548 19548 1 1 898982 0
19549 19549 1 1 899079 0
19551 19551 1 1 899273 0
19552 19552 1 1 899370 0
19553 19553 1 1 899467 0
19554 19554 1 1 899564 0
19555 19555 1 1 899661 0
19556 19556 1 1 899758 0
19557 19557 1 1 899855 0
19558 19558 1 1 899952 0
19559 19559 1 1 900049 0
19560 19560 1 1 900146 0
19561 19561 1 1 900243 0
19562 19562 1 1 900340 0
19563 19563 1 1 900437 0
19564 19564 1 1 900534 0
19565 19565 1 1 900631 0
19566 19566 1 1 900728 0
19568 19568 1 1 900922 0
19569 19569 1 1 901019 0
19570 19570 1 1 901116 0
19571 19571 1 1 901213 0
19572 19572 1 1 901310 0
19573 19573 1 1 901407 0
19574 19574 1 1 901504 0
19575 19575 1 1 901601 0
19576 19576 1 1 901698 0
19577 19577 1 1 901795 0
19578 19578 1 1 901892 0
19579 19579 1 1 901989 0
19580 19580 1 1 902086 0
19581 19581 1 1 902183 0
19582 19582 1 1 902280 0
19583 19583 1 1 902377 0
19585 19585 1 1 902571 0
19586 19586 1 1 902668 0
19587 19587 1 1 902765 0
19588 19588 1 1 902862 0
19589 19589 1 1 902959 0
19590 19590 1 1 903056 0
19591 19591 1 1 903153 0
19592 19592 1 1 903250 0
19593 19593 1 1 903347 0
19594 19594 1 1 903444 0
19595 19595 1 1 903541 0
19596 19596 1 1 903638 0
19597 19597 1 1 903735 0
19598 19598 1 1 903832 0
19599 19599 1 1 903929 0
19600 19600 1 1 904026 0
19602 19602 1 1 904220 0
19603 19603 1 1 904317 0
19604 19604 1 1 904414 0
19605 19605 1 1 904511 0
19606 19606 1 1 904608 0
19607 19607 1 1 904705 0
19608 19608 1 1 904802 0
19609 19609 1 1 904899 0
19610 19610 1 1 904996 0
19611 19611 1 1 905093 0
19612 19612 1 1 905190 0
19613 19613 1 1 905287 0
19614 19614 1 1 905384 0
19615 19615 1 1 905481 0
19616 19616 1 1 905578 0
19617 19617 1 1 905675 0
19619 19619 1 1 905869 0
19620 19620 1 1 905966 0
19621 19621 1 1 906063 0
19622 19622 1 1 906160 0
19623 19623 1 1 906257 0
19624 19624 1 1 906354 0
19625 19625 1 1 906451 0
19626 19626 1 1 906548 0
19627 19627 1 1 906645 0
19628 19628 1 1 906742 0
19629 19629 1 1 906839 0
19630 19630 1 1 906936 0
19631 19631 1 1 907033 0
19632 19632 1 1 907130 0
19633 19633 1 1 907227 0
19634 19634 1 1 907324 0
19636 19636 1 1 907518 0
19637 19637 1 1 907615 0
19638 19638 1 1 907712 0
19639 19639 1 1 907809 0
19640 19640 1 1 907906 0
19641 19641 1 1 908003 0
19642 19642 1 1 908100 0
19643 19643 1 1 908197 0
19644 19644 1 1 908294 0
19645 19645 1 1 908391 0
19646 19646 1 1 908488 0
19647 19647 1 1 908585 0
19648 19648 1 1 908682 0
19649 19649 1 1 908779 0
19650 19650 1 1 908876 0
19651 19651 1 1 908973 0
19653 19653 1 1 909167 0
19654 19654 1 1 909264 0
19655 19655 1 1 909361 0
19656 19656 1 1 909458 0
19657 19657 1 1 909555 0
19658 19658 1 1 909652 0
19659 19659 1 1 909749 0
19660 19660 1 1 909846 0
19661 19661 1 1 909943 0
19662 19662 1 1 910040 0
19663 19663 1 1 910137 0
19664 19664 1 1 910234 0
19665 19665 1 1 910331 0
19666 19666 1 1 910428 0
19667 19667 1 1 910525 0
19668 19668 1 1 910622 0
19670 19670 1 1 910816 0
19671 19671 1 1 910913 0
19672 19672 1 1 911010 0
19673 19673 1 1 911107 0
19674 19674 1 1 911204 0
19675 19675 1 1 911301 0
19676 19676 1 1 911398 0
19677 19677 1 1 911495 0
19678 19678 1 1 911592 0
19679 19679 1 1 911689 0
19680 19680 1 1 911786 0
19681 19681 1 1 911883 0
19682 19682 1 1 911980 0
19683 19683 1 1 912077 0
19684 19684 1 1 912174 0
19685 19685 1 1 912271 0
19687 19687 1 1 912465 0
19688 19688 1 1 912562 0
19689 19689 1 1 912659 0
19690 19690 1 1 912756 0
19691 19691 1 1 912853 0
19692 19692 1 1 912950 0
19693 19693 1 1 913047 0
19694 19694 1 1 913144 0
19695 19695 1 1 913241 0
19696 19696 1 1 913338 0
19697 19697 1 1 913435 0
19698 19698 1 1 913532 0
19699 19699 1 1 913629 0
19700 19700 1 1 913726 0
19701 19701 1 1 913823 0
19702 19702 1 1 913920 0
19704 19704 1 1 914114 0
19705 19705 1 1 914211 0
19706 19706 1 1 914308 0
19707 19707 1 1 914405 0
19708 19708 1 1 914502 0
19709 19709 1 1 914599 0
19710 19710 1 1 914696 0
19711 19711 1 1 914793 0
19712 19712 1 1 914890 0
19713 19713 1 1 914987 0
19714 19714 1 1 915084 0
19715 19715 1 1 915181 0
19716 19716 1 1 915278 0
19717 19717 1 1 915375 0
19718 19718 1 1 915472 0
19719 19719 1 1 915569 0
19721 19721 1 1 915763 0
19722 19722 1 1 915860 0
19723 19723 1 1 915957 0
19724 19724 1 1 916054 0
19725 19725 1 1 916151 0
19726 19726 1 1 916248 0
19727 19727 1 1 916345 0
19728 19728 1 1 916442 0
19729 19729 1 1 916539 0
19730 19730 1 1 916636 0
19731 19731 1 1 916733 0
19732 19732 1 1 916830 0
19733 19733 1 1 916927 0
19734 19734 1 1 917024 0
19735 19735 1 1 917121 0
19736 19736 1 1 917218 0
19738 19738 1 1 917412 0
19739 19739 1 1 917509 0
19740 19740 1 1 917606 0
19741 19741 1 1 917703 0
19742 19742 1 1 917800 0
19743 19743 1 1 917897 0
19744 19744 1 1 917994 0
19745 19745 1 1 918091 0
19746 19746 1 1 918188 0
19747 19747 1 1 918285 0
19748 19748 1 1 918382 0
19749 19749 1 1 918479 0
19750 19750 1 1 918576 0
19751 19751 1 1 918673 0
19752 19752 1 1 918770 0
19753 19753 1 1 918867 0
19755 19755 1 1 919061 0
19756 19756 1 1 919158 0
19757 19757 1 1 919255 0
19758 19758 1 1 919352 0
19759 19759 1 1 919449 0
19760 19760 1 1 919546 0
19761 19761 1 1 919643 0
19762 19762 1 1 919740 0
19763 19763 1 1 919837 0
19764 19764 1 1 919934 0
19765 19765 1 1 920031 0
19766 19766 1 1 920128 0
19767 19767 1 1 920225 0
19768 19768 1 1 920322 0
19769 19769 1 1 920419 0
19770 19770 1 1 920516 0
19772 19772 1 1 920710 0
19773 19773 1 1 920807 0
19774 19774 1 1 920904 0
19775 19775 1 1 921001 0
19776 19776 1 1 921098 0
19777 19777 1 1 921195 0
19778 19778 1 1 921292 0
19779 19779 1 1 921389 0
19780 19780 1 1 921486 0
19781 19781 1 1 921583 0
19782 19782 1 1 921680 0
19783 19783 1 1 921777 0
19784 19784 1 1 921874 0
19785 19785 1 1 921971 0
19786 19786 1 1 922068 0
19787 19787 1 1 922165 0
19789 19789 1 1 922359 0
19790 19790 1 1 922456 0
19791 19791 1 1 922553 0
19792 19792 1 1 922650 0
19793 19793 1 1 922747 0
19794 19794 1 1 922844 0
19795 19795 1 1 922941 0
19796 19796 1 1 923038 0
19797 19797 1 1 923135 0
19798 19798 1 1 923232 0
19799 19799 1 1 923329 0
19800 19800 1 1 923426 0
19801 19801 1 1 923523 0
19802 19802 1 1 923620 0
19803 19803 1 1 923717 0
19804 19804 1 1 923814 0
19806 19806 1 1 924008 0
19807 19807 1 1 924105 0
19808 19808 1 1 924202 0
19809 19809 1 1 924299 0
19810 19810 1 1 924396 0
19811 19811 1 1 924493 0
19812 19812 1 1 924590 0
19813 19813 1 1 924687 0
19814 19814 1 1 924784 0
19815 19815 1 1 924881 0
19816 19816 1 1 924978 0
19817 19817 1 1 925075 0
19818 19818 1 1 925172 0
19819 19819 1 1 925269 0
19820 19820 1 1 925366 0
19821 19821 1 1 925463 0
19823 19823 1 1 925657 0
19824 19824 1 1 925754 0
19825 19825 1 1 925851 0
19826 19826 1 1 925948 0
19827 19827 1 1 926045 0
19828 19828 1 1 926142 0
19829 19829 1 1 926239 0
19830 19830 1 1 926336 0
19831 19831 1 1 926433 0
19832 19832 1 1 926530 0
19833 19833 1 1 926627 0
19834 19834 1 1 926724 0
19835 19835 1 1 926821 0
19836 19836 1 1 926918 0
19837 19837 1 1 927015 0
19838 19838 1 1 927112 0
19840 19840 1 1 927306 0
19841 19841 1 1 927403 0
19842 19842 1 1 927500 0
19843 19843 1 1 927597 0
19844 19844 1 1 927694 0
19845 19845 1 1 927791 0
19846 19846 1 1 927888 0
19847 19847 1 1 927985 0
19848 19848 1 1 928082 0
19849 19849 1 1 928179 0
19850 19850 1 1 928276 0
19851 19851 1 1 928373 0
19852 19852 1 1 928470 0
19853 19853 1 1 928567 0
19854 19854 1 1 928664 0
19855 19855 1 1 928761 0
19857 19857 1 1 928955 0
19858 19858 1 1 929052 0
19859 19859 1 1 929149 0
19860 19860 1 1 929246 0
19861 19861 1 1 929343 0
19862 19862 1 1 929440 0
19863 19863 1 1 929537 0
19864 19864 1 1 929634 0
19865 19865 1 1 929731 0
19866 19866 1 1 929828 0
19867 19867 1 1 929925 0
19868 19868 1 1 930022 0
19869 19869 1 1 930119 0
19870 19870 1 1 930216 0
19871 19871 1 1 930313 0
19872 19872 1 1 930410 0
19874 19874 1 1 930604 0
19875 19875 1 1 930701 0
19876 19876 1 1 930798 0
19877 19877 1 1 930895 0
19878 19878 1 1 930992 0
19879 19879 1 1 931089 0
19880 19880 1 1 931186 0
19881 19881 1 1 931283 0
19882 19882 1 1 931380 0
19883 19883 1 1 931477 0
19884 19884 1 1 931574 0
19885 19885 1 1 931671 0
19886 19886 1 1 931768 0
19887 19887 1 1 931865 0
19888 19888 1 1 931962 0
19889 19889 1 1 932059 0
19891 19891 1 1 932253 0
19892 19892 1 1 932350 0
19893 19893 1 1 932447 0
19894 19894 1 1 932544 0
19895 19895 1 1 932641 0
19896 19896 1 1 932738 0
19897 19897 1 1 932835 0
19898 19898 1 1 932932 0
19899 19899 1 1 933029 0
19900 19900 1 1 933126 0
19901 19901 1 1 933223 0
19902 19902 1 1 933320 0
19903 19903 1 1 933417 0
19904 19904 1 1 933514 0
19905 19905 1 1 933611 0
19906 19906 1 1 933708 0
19908 19908 1 1 933902 0
19909 19909 1 1 933999 0
19910 19910 1 1 934096 0
19911 19911 1 1 934193 0
19912 19912 1 1 934290 0
19913 19913 1 1 934387 0
19914 19914 1 1 934484 0
19915 19915 1 1 934581 0
19916 19916 1 1 934678 0
19917 19917 1 1 934775 0
19918 19918 1 1 934872 0
19919 19919 1 1 934969 0
19920 19920 1 1 935066 0
19921 19921 1 1 935163 0
19922 19922 1 1 935260 0
19923 19923 1 1 935357 0
19925 19925 1 1 935551 0
19926 19926 1 1 935648 0
19927 19927 1 1 935745 0
19928 19928 1 1 935842 0
19929 19929 1 1 935939 0
19930 19930 1 1 936036 0
19931 19931 1 1 936133 0
19932 19932 1 1 936230 0
19933 19933 1 1 936327 0
19934 19934 1 1 936424 0
19935 19935 1 1 936521 0
19936 19936 1 1 936618 0
19937 19937 1 1 936715 0
19938 19938 1 1 936812 0
19939 19939 1 1 936909 0
19940 19940 1 1 937006 0
19942 19942 1 1 937200 0
19943 19943 1 1 937297 0
19944 19944 1 1 937394 0
19945 19945 1 1 937491 0
19946 19946 1 1 937588 0
19947 19947 1 1 937685 0
19948 19948 1 1 937782 0
19949 19949 1 1 937879 0
19950 19950 1 1 937976 0
19951 19951 1 1 938073 0
19952 19952 1 1 938170 0
19953 19953 1 1 938267 0
19954 19954 1 1 938364 0
19955 19955 1 1 938461 0
19956 19956 1 1 938558 0
19957 19957 1 1 938655 0
19959 19959 1 1 938849 0
19960 19960 1 1 938946 0
19961 19961 1 1 939043 0
19962 19962 1 1 939140 0
19963 19963 1 1 939237 0
19964 19964 1 1 939334 0
19965 19965 1 1 939431 0
19966 19966 1 1 939528 0
19967 19967 1 1 939625 0
19968 19968 1 1 939722 0
19969 19969 1 1 939819 0
19970 19970 1 1 939916 0
19971 19971 1 1 940013 0
19972 19972 1 1 940110 0
19973 19973 1 1 940207 0
19974 19974 1 1 940304 0
19976 19976 1 1 940498 0
19977 19977 1 1 940595 0
19978 19978 1 1 940692 0
19979 19979 1 1 940789 0
19980 19980 1 1 940886 0
19981 19981 1 1 940983 0
19982 19982 1 1 941080 0
19983 19983 1 1 941177 0
19984 19984 1 1 941274 0
19985 19985 1 1 941371 0
19986 19986 1 1 941468 0
19987 19987 1 1 941565 0
19988 19988 1 1 941662 0
19989 19989 1 1 941759 0
19990 19990 1 1 941856 0
19991 19991 1 1 941953 0
19993 19993 1 1 942147 0
19994 19994 1 1 942244 0
19995 19995 1 1 942341 0
19996 19996 1 1 942438 0
19997 19997 1 1 942535 0
19998 19998 1 1 942632 0
19999 19999 1 1 942729 0
20000 20000 1 1 942826 0
20001 20001 1 1 942923 0
20002 20002 1 1 943033 0
20003 20003 1 1 943130 0
20004 20004 1 1 943227 0
20005 20005 1 1 943324 0
20006 20006 1 1 943421 0
20007 20007 1 1 943518 0
20008 20008 1 1 943615 0
20009 20009 1 1 943712 0
20010 20010 1 1 943809 0
20011 20011 1 1 943906 0
20012 20012 1 1 944003 0
20013 20013 1 1 944100 0
20014 20014 1 1 944197 0
20015 20015 1 1 944294 0
20016 20016 1 1 944391 0
20017 20017 1 1 944488 0
20018 20018 1 1 944585 0
20019 20019 1 1 944682 0
20020 20020 1 1 944779 0
20021 20021 1 1 944876 0
20022 20022 1 1 944973 0
20023 20023 1 1 945070 0
20024 20024 1 1 945167 0
20025 20025 1 1 945264 0
20026 20026 1 1 945361 0
20027 20027 1 1 945458 0
20028 20028 1 1 945555 0
20029 20029 1 1 945652 0
20030 20030 1 1 945749 0
20031 20031 1 1 945846 0
20032 20032 1 1 945943 0
20033 20033 1 1 946040 0
20034 20034 1 1 946137 0
20035 20035 1 1 946234 0
20036 20036 1 1 946331 0
20037 20037 1 1 946428 0
20038 20038 1 1 946525 0
20039 20039 1 1 946622 0
20040 20040 1 1 946719 0
20041 20041 1 1 946816 0
20042 20042 1 1 946913 0
20043 20043 1 1 947010 0
20044 20044 1 1 947107 0
20045 20045 1 1 947204 0
20046 20046 1 1 947301 0
20047 20047 1 1 947398 0
20048 20048 1 1 947495 0
20049 20049 1 1 947592 0
20050 20050 1 1 947689 0
20051 20051 1 1 947786 0
20052 20052 1 1 947883 0
20053 20053 1 1 947980 0
20054 20054 1 1 948077 0
20055 20055 1 1 948174 0
20056 20056 1 1 948271 0
20057 20057 1 1 948368 0
20058 20058 1 1 948465 0
20059 20059 1 1 948562 0
20060 20060 1 1 948659 0
20061 20061 1 1 948756 0
20062 20062 1 1 948853 0
20063 20063 1 1 948950 0
20064 20064 1 1 949047 0
20065 20065 1 1 949144 0
20066 20066 1 1 949241 0
20067 20067 1 1 949338 0
20068 20068 1 1 949435 0
20069 20069 1 1 949532 0
20070 20070 1 1 949629 0
20071 20071 1 1 949726 0
20072 20072 1 1 949823 0
20073 20073 1 1 949920 0
20074 20074 1 1 950017 0
20075 20075 1 1 950114 0
20076 20076 1 1 950211 0
20077 20077 1 1 950308 0
20078 20078 1 1 950405 0
20079 20079 1 1 950502 0
20080 20080 1 1 950599 0
20081 20081 1 1 950696 0
20082 20082 1 1 950793 0
20083 20083 1 1 950890 0
20084 20084 1 1 950987 0
20085 20085 1 1 951084 0
20086 20086 1 1 951181 0
20087 20087 1 1 951278 0
20088 20088 1 1 951375 0
20089 20089 1 1 951472 0
20090 20090 1 1 951569 0
20091 20091 1 1 951666 0
20092 20092 1 1 951763 0
20093 20093 1 1 951860 0
20094 20094 1 1 951957 0
20095 20095 1 1 952054 0
20096 20096 1 1 952151 0
20097 20097 1 1 952248 0
20098 20098 1 1 952345 0
20099 20099 1 1 952442 0
20100 20100 1 1 952539 0
20101 20101 1 1 952636 0
20102 20102 1 1 952733 0
20103 20103 1 1 952830 0
20104 20104 1 1 952927 0
20105 20105 1 1 953024 0
20106 20106 1 1 953121 0
20107 20107 1 1 953218 0
20108 20108 1 1 953315 0
20109 20109 1 1 953412 0
20110 20110 1 1 953509 0
20111 20111 1 1 953606 0
20112 20112 1 1 953703 0
20113 20113 1 1 953800 0
20114 20114 1 1 953897 0
20115 20115 1 1 953994 0
20116 20116 1 1 954091 0
20117 20117 1 1 954188 0
20118 20118 1 1 954285 0
20119 20119 1 1 954382 0
20120 20120 1 1 954479 0
20121 20121 1 1 954576 0
20122 20122 1 1 954673 0
20123 20123 1 1 954770 0
20124 20124 1 1 954867 0
20125 20125 1 1 954964 0
20126 20126 1 1 955061 0
20127 20127 1 1 955158 0
20128 20128 1 1 955255 0
20129 20129 1 1 955352 0
20130 20130 1 1 955449 0
20131 20131 1 1 955546 0
20132 20132 1 1 955643 0
20133 20133 1 1 955740 0
20134 20134 1 1 955837 0
20135 20135 1 1 955934 0
20136 20136 1 1 956031 0
20137 20137 1 1 956128 0
20138 20138 1 1 956225 0
20139 20139 1 1 956322 0
20140 20140 1 1 956419 0
20141 20141 1 1 956516 0
20142 20142 1 1 956613 0
20143 20143 1 1 956710 0
20144 20144 1 1 956807 0
20145 20145 1 1 956904 0
20146 20146 1 1 957001 0
20147 20147 1 1 957098 0
20148 20148 1 1 957195 0
20149 20149 1 1 957292 0
20150 20150 1 1 957389 0
20151 20151 1 1 957486 0
20152 20152 1 1 957583 0
20153 20153 1 1 957680 0
20154 20154 1 1 957777 0
20155 20155 1 1 957874 0
20156 20156 1 1 957971 0
20157 20157 1 1 958068 0
20158 20158 1 1 958165 0
20159 20159 1 1 958262 0
20160 20160 1 1 958359 0
20161 20161 1 1 958456 0
20162 20162 1 1 958553 0
20163 20163 1 1 958650 0
20164 20164 1 1 958747 0
20165 20165 1 1 958844 0
20166 20166 1 1 958941 0
20167 20167 1 1 959038 0
20168 20168 1 1 959135 0
20169 20169 1 1 959232 0
20170 20170 1 1 959329 0
20171 20171 1 1 959426 0
20172 20172 1 1 959523 0
20173 20173 1 1 959620 0
20174 20174 1 1 959717 0
20175 20175 1 1 959814 0
20176 20176 1 1 959911 0
20177 20177 1 1 960008 0
20178 20178 1 1 960105 0
20179 20179 1 1 960202 0
20180 20180 1 1 960299 0
20181 20181 1 1 960396 0
20182 20182 1 1 960493 0
20183 20183 1 1 960590 0
20184 20184 1 1 960687 0
20185 20185 1 1 960784 0
20186 20186 1 1 960881 0
20187 20187 1 1 960978 0
20188 20188 1 1 961075 0
20189 20189 1 1 961172 0
20190 20190 1 1 961269 0
20191 20191 1 1 961366 0
20192 20192 1 1 961463 0
20193 20193 1 1 961560 0
20194 20194 1 1 961657 0
20195 20195 1 1 961754 0
20196 20196 1 1 961851 0
20197 20197 1 1 961948 0
20198 20198 1 1 962045 0
20199 20199 1 1 962142 0
20200 20200 1 1 962239 0
20201 20201 1 1 962336 0
20202 20202 1 1 962433 0
20203 20203 1 1 962530 0
20204 20204 1 1 962627 0
20205 20205 1 1 962724 0
20206 20206 1 1 962821 0
20207 20207 1 1 962918 0
20208 20208 1 1 963015 0
20209 20209 1 1 963112 0
20210 20210 1 1 963209 0
20211 20211 1 1 963306 0
20212 20212 1 1 963403 0
20213 20213 1 1 963500 0
20214 20214 1 1 963597 0
20215 20215 1 1 963694 0
20216 20216 1 1 963791 0
20217 20217 1 1 963888 0
20218 20218 1 1 963985 0
20219 20219 1 1 964082 0
20220 20220 1 1 964179 0
20221 20221 1 1 964276 0
20222 20222 1 1 964373 0
20223 20223 1 1 964470 0
20224 20224 1 1 964567 0
20225 20225 1 1 964664 0
20226 20226 1 1 964761 0
20227 20227 1 1 964858 0
20228 20228 1 1 964955 0
20229 20229 1 1 965052 0
20230 20230 1 1 965149 0
20231 20231 1 1 965246 0
20232 20232 1 1 965343 0
20233 20233 1 1 965440 0
20234 20234 1 1 965537 0
20235 20235 1 1 965634 0
20236 20236 1 1 965731 0
20237 20237 1 1 965828 0
20238 20238 1 1 965925 0
20239 20239 1 1 966022 0
20240 20240 1 1 966119 0
20241 20241 1 1 966216 0
20242 20242 1 1 966313 0
20243 20243 1 1 966410 0
20244 20244 1 1 966507 0
20245 20245 1 1 966604 0
20246 20246 1 1 966701 0
20247 20247 1 1 966798 0
20248 20248 1 1 966895 0
20249 20249 1 1 966992 0
20250 20250 1 1 967089 0
20251 20251 1 1 967186 0
20252 20252 1 1 967283 0
20253 20253 1 1 967380 0
20254 20254 1 1 967477 0
20255 20255 1 1 967574 0
20256 20256 1 1 967671 0
20257 20257 1 1 967768 0
20258 20258 1 1 967865 0
20259 20259 1 1 967962 0
20260 20260 1 1 968059 0
20261 20261 1 1 968156 0
20262 20262 1 1 968253 0
20263 20263 1 1 968350 0
20264 20264 1 1 968447 0
20265 20265 1 1 968544 0
20266 20266 1 1 968641 0
20267 20267 1 1 968738 0
20268 20268 1 1 968835 0
20269 20269 1 1 968932 0
20270 20270 1 1 969029 0
20271 20271 1 1 969126 0
20272 20272 1 1 969223 0
20273 20273 1 1 969320 0
20274 20274 1 1 969417 0
20275 20275 1 1 969514 0
20276 20276 1 1 969611 0
20277 20277 1 1 969708 0
20278 20278 1 1 969805 0
20279 20279 1 1 969902 0
20280 20280 1 1 969999 0
20281 20281 1 1 970096 0
20282 20282 1 1 970193 0
20283 20283 1 1 970290 0
20284 20284 1 1 970387 0
20285 20285 1 1 970484 0
20286 20286 1 1 970581 0
20287 20287 1 1 970678 0
20288 20288 1 1 970775 0
20289 20289 1 1 970872 0
20290 20290 1 1 970969 0
20291 20291 1 1 971066 0
20292 20292 1 1 971163 0
20293 20293 1 1 971260 0
20294 20294 1 1 971357 0
20295 20295 1 1 971454 0
20296 20296 1 1 971551 0
20297 20297 1 1 971648 0
20298 20298 1 1 971745 0
20299 20299 1 1 971842 0
20300 20300 1 1 971939 0
20301 20301 1 1 972036 0
20302 20302 1 1 972133 0
20303 20303 1 1 972230 0
20304 20304 1 1 972327 0
20305 20305 1 1 972424 0
20306 20306 1 1 972521 0
20307 20307 1 1 972618 0
20308 20308 1 1 972715 0
20309 20309 1 1 972812 0
20310 20310 1 1 972909 0
20311 20311 1 1 973006 0
20312 20312 1 1 973103 0
20313 20313 1 1 973200 0
20314 20314 1 1 973297 0
20315 20315 1 1 973394 0
20316 20316 1 1 973491 0
20317 20317 1 1 973588 0
20318 20318 1 1 973685 0
20319 20319 1 1 973782 0
20320 20320 1 1 973879 0
20321 20321 1 1 973976 0
20322 20322 1 1 974073 0
20323 20323 1 1 974170 0
20324 20324 1 1 974267 0
20325 20325 1 1 974364 0
20326 20326 1 1 974461 0
20327 20327 1 1 974558 0
20328 20328 1 1 974655 0
20329 20329 1 1 974752 0
20330 20330 1 1 974849 0
20331 20331 1 1 974946 0
20332 20332 1 1 975043 0
20333 20333 1 1 975140 0
20334 20334 1 1 975237 0
20335 20335 1 1 975334 0
20336 20336 1 1 975431 0
20337 20337 1 1 975528 0
20338 20338 1 1 975625 0
20339 20339 1 1 975722 0
20340 20340 1 1 975819 0
20341 20341 1 1 975916 0
20342 20342 1 1 976013 0
20343 20343 1 1 976110 0
20344 20344 1 1 976207 0
20345 20345 1 1 976304 0
20346 20346 1 1 976401 0
20347 20347 1 1 976498 0
20348 20348 1 1 976595 0
20349 20349 1 1 976692 0
20350 20350 1 1 976789 0
20351 20351 1 1 976886 0
20352 20352 1 1 976983 0
20353 20353 1 1 977080 0
20354 20354 1 1 977177 0
20355 20355 1 1 977274 0
20356 20356 1 1 977371 0
20357 20357 1 1 977468 0
20358 20358 1 1 977565 0
20359 20359 1 1 977662 0
20360 20360 1 1 977759 0
20361 20361 1 1 977856 0
20362 20362 1 1 977953 0
20363 20363 1 1 978050 0
20364 20364 1 1 978147 0
20365 20365 1 1 978244 0
20366 20366 1 1 978341 0
20367 20367 1 1 978438 0
20368 20368 1 1 978535 0
20369 20369 1 1 978632 0
20370 20370 1 1 978729 0
20371 20371 1 1 978826 0
20372 20372 1 1 978923 0
20373 20373 1 1 979020 0
20374 20374 1 1 979117 0
20375 20375 1 1 979214 0
20376 20376 1 1 979311 0
20377 20377 1 1 979408 0
20378 20378 1 1 979505 0
20379 20379 1 1 979602 0
20380 20380 1 1 979699 0
20381 20381 1 1 979796 0
20382 20382 1 1 979893 0
20383 20383 1 1 979990 0
20384 20384 1 1 980087 0
20385 20385 1 1 980184 0
20386 20386 1 1 980281 0
20387 20387 1 1 980378 0
20388 20388 1 1 980475 0
20389 20389 1 1 980572 0
20390 20390 1 1 980669 0
20391 20391 1 1 980766 0
20392 20392 1 1 980863 0
20393 20393 1 1 980960 0
20394 20394 1 1 981057 0
20395 20395 1 1 981154 0
20396 20396 1 1 981251 0
20397 20397 1 1 981348 0
20398 20398 1 1 981445 0
20399 20399 1 1 981542 0
20400 20400 1 1 981639 0
20401 20401 1 1 981736 0
20402 20402 1 1 981833 0
20403 20403 1 1 981930 0
20404 20404 1 1 982027 0
20405 20405 1 1 982124 0
20406 20406 1 1 982221 0
20407 20407 1 1 982318 0
20408 20408 1 1 982415 0
20409 20409 1 1 982512 0
20410 20410 1 1 982609 0
20411 20411 1 1 982706 0
20412 20412 1 1 982803 0
20413 20413 1 1 982900 0
20414 20414 1 1 982997 0
20415 20415 1 1 983094 0
20416 20416 1 1 983191 0
20417 20417 1 1 983288 0
20418 20418 1 1 983385 0
20419 20419 1 1 983482 0
20420 20420 1 1 983579 0
20421 20421 1 1 983676 0
20422 20422 1 1 983773 0
20423 20423 1 1 983870 0
20424 20424 1 1 983967 0
20425 20425 1 1 984064 0
20426 20426 1 1 984161 0
20427 20427 1 1 984258 0
20428 20428 1 1 984355 0
20429 20429 1 1 984452 0
20430 20430 1 1 984549 0
20431 20431 1 1 984646 0
20432 20432 1 1 984743 0
20433 20433 1 1 984840 0
20434 20434 1 1 984937 0
20435 20435 1 1 985034 0
20436 20436 1 1 985131 0
20437 20437 1 1 985228 0
20438 20438 1 1 985325 0
20439 20439 1 1 985422 0
20440 20440 1 1 985519 0
20441 20441 1 1 985616 0
20442 20442 1 1 985713 0
20443 20443 1 1 985810 0
20444 20444 1 1 985907 0
20445 20445 1 1 986004 0
20446 20446 1 1 986101 0
20447 20447 1 1 986198 0
20448 20448 1 1 986295 0
20449 20449 1 1 986392 0
20450 20450 1 1 986489 0
20451 20451 1 1 986586 0
20452 20452 1 1 986683 0
20453 20453 1 1 986780 0
20454 20454 1 1 986877 0
20455 20455 1 1 986974 0
20456 20456 1 1 987071 0
20457 20457 1 1 987168 0
20458 20458 1 1 987265 0
20459 20459 1 1 987362 0
20460 20460 1 1 987459 0
20461 20461 1 1 987556 0
20462 20462 1 1 987653 0
20463 20463 1 1 987750 0
20464 20464 1 1 987847 0
20465 20465 1 1 987944 0
20466 20466 1 1 988041 0
20467 20467 1 1 988138 0
20468 20468 1 1 988235 0
20469 20469 1 1 988332 0
20470 20470 1 1 988429 0
20471 20471 1 1 988526 0
20472 20472 1 1 988623 0
20473 20473 1 1 988720 0
20474 20474 1 1 988817 0
20475 20475 1 1 988914 0
20476 20476 1 1 989011 0
20477 20477 1 1 989108 0
20478 20478 1 1 989205 0
20479 20479 1 1 989302 0
20480 20480 1 1 989399 0
20481 20481 1 1 989496 0
20482 20482 1 1 989593 0
20483 20483 1 1 989690 0
20484 20484 1 1 989787 0
20485 20485 1 1 989884 0
20486 20486 1 1 989981 0
20487 20487 1 1 990078 0
20488 20488 1 1 990175 0
20489 20489 1 1 990272 0
20490 20490 1 1 990369 0
20491 20491 1 1 990466 0
20492 20492 1 1 990563 0
20493 20493 1 1 990660 0
20494 20494 1 1 990757 0
20495 20495 1 1 990854 0
20496 20496 1 1 990951 0
20497 20497 1 1 991048 0
20498 20498 1 1 991145 0
20499 20499 1 1 991242 0
20500 20500 1 1 991339 0
20501 20501 1 1 991436 0
20502 20502 1 1 991533 0
20503 20503 1 1 991630 0
20504 20504 1 1 991727 0
20505 20505 1 1 991824 0
20506 20506 1 1 991921 0
20507 20507 1 1 992018 0
20508 20508 1 1 992115 0
20509 20509 1 1 992212 0
20510 20510 1 1 992309 0
20511 20511 1 1 992406 0
20512 20512 1 1 992503 0
20513 20513 1 1 992600 0
20514 20514 1 1 992697 0
20515 20515 1 1 992794 0
20516 20516 1 1 992891 0
20517 20517 1 1 992988 0
20518 20518 1 1 993085 0
20519 20519 1 1 993182 0
20520 20520 1 1 993279 0
20521 20521 1 1 993376 0
20522 20522 1 1 993473 0
20523 20523 1 1 993570 0
20524 20524 1 1 993667 0
20525 20525 1 1 993764 0
20526 20526 1 1 993861 0
20527 20527 1 1 993958 0
20528 20528 1 1 994055 0
20529 20529 1 1 994152 0
20530 20530 1 1 994249 0
20531 20531 1 1 994346 0
20532 20532 1 1 994443 0
20533 20533 1 1 994540 0
20534 20534 1 1 994637 0
20535 20535 1 1 994734 0
20536 20536 1 1 994831 0
20537 20537 1 1 994928 0
20538 20538 1 1 995025 0
20539 20539 1 1 995122 0
20540 20540 1 1 995219 0
20541 20541 1 1 995316 0
20542 20542 1 1 995413 0
20543 20543 1 1 995510 0
20544 20544 1 1 995607 0
20545 20545 1 1 995704 0
20546 20546 1 1 995801 0
20547 20547 1 1 995898 0
20548 20548 1 1 995995 0
20549 20549 1 1 996092 0
20550 20550 1 1 996189 0
20551 20551 1 1 996286 0
20552 20552 1 1 996383 0
20553 20553 1 1 996480 0
20554 20554 1 1 996577 0
20555 20555 1 1 996674 0
20556 20556 1 1 996771 0
20557 20557 1 1 996868 0
20558 20558 1 1 996965 0
20559 20559 1 1 997062 0
20560 20560 1 1 997159 0
20561 20561 1 1 997256 0
20562 20562 1 1 997353 0
20563 20563 1 1 997450 0
20564 20564 1 1 997547 0
20565 20565 1 1 997644 0
20566 20566 1 1 997741 0
20567 20567 1 1 997838 0
20568 20568 1 1 997935 0
20569 20569 1 1 998032 0
20570 20570 1 1 998129 0
20571 20571 1 1 998226 0
20572 20572 1 1 998323 0
20573 20573 1 1 998420 0
20574 20574 1 1 998517 0
20575 20575 1 1 998614 0
20576 20576 1 1 998711 0
20577 20577 1 1 998808 0
20578 20578 1 1 998905 0
20579 20579 1 1 999002 0
20580 20580 1 1 999099 0
20581 20581 1 1 999196 0
20582 20582 1 1 999293 0
20583 20583 1 1 999390 0
20584 20584 1 1 999487 0
20585 20585 1 1 999584 0
20586 20586 1 1 999681 0
20587 20587 1 1 999778 0
20588 20588 1 1 999875 0
20589 20589 1 1 999972 0
20590 20590 1 1 69 0
20591 20591 1 1 166 0
20592 20592 1 1 263 0
20593 20593 1 1 360 0
20594 20594 1 1 457 0
20595 20595 1 1 554 0
20596 20596 1 1 651 0
20597 20597 1 1 748 0
20598 20598 1 1 845 0
20599 20599 1 1 942 0
20600 20600 1 1 1039 0
20601 20601 1 1 1136 0
20602 20602 1 1 1233 0
20603 20603 1 1 1330 0
20604 20604 1 1 1427 0
20605 20605 1 1 1524 0
20606 20606 1 1 1621 0
20607 20607 1 1 1718 0
20608 20608 1 1 1815 0
20609 20609 1 1 1912 0
20610 20610 1 1 2009 0
20611 20611 1 1 2106 0
20612 20612 1 1 2203 0
20613 20613 1 1 2300 0
20614 20614 1 1 2397 0
20615 20615 1 1 2494 0
20616 20616 1 1 2591 0
20617 20617 1 1 2688 0
20618 20618 1 1 2785 0
20619 20619 1 1 2882 0
20620 20620 1 1 2979 0
20621 20621 1 1 3076 0
20622 20622 1 1 3173 0
20623 20623 1 1 3270 0
20624 20624 1 1 3367 0
20625 20625 1 1 3464 0
20626 20626 1 1 3561 0
20627 20627 1 1 3658 0
20628 20628 1 1 3755 0
20629 20629 1 1 3852 0
20630 20630 1 1 3949 0
20631 20631 1 1 4046 0
20632 20632 1 1 4143 0
20633 20633 1 1 4240 0
20634 20634 1 1 4337 0
20635 20635 1 1 4434 0
20636 20636 1 1 4531 0
20637 20637 1 1 4628 0
20638 20638 1 1 4725 0
20639 20639 1 1 4822 0
20640 20640 1 1 4919 0
20641 20641 1 1 5016 0
20642 20642 1 1 5113 0
20643 20643 1 1 5210 0
20644 20644 1 1 5307 0
20645 20645 1 1 5404 0
20646 20646 1 1 5501 0
20647 20647 1 1 5598 0
20648 20648 1 1 5695 0
20649 20649 1 1 5792 0
20650 20650 1 1 5889 0
20651 20651 1 1 5986 0
20652 20652 1 1 6083 0
20653 20653 1 1 6180 0
20654 20654 1 1 6277 0
20655 20655 1 1 6374 0
20656 20656 1 1 6471 0
20657 20657 1 1 6568 0
20658 20658 1 1 6665 0
20659 20659 1 1 6762 0
20660 20660 1 1 6859 0
20661 20661 1 1 6956 0
20662 20662 1 1 7053 0
20663 20663 1 1 7150 0
20664 20664 1 1 7247 0
20665 20665 1 1 7344 0
20666 20666 1 1 7441 0
20667 20667 1 1 7538 0
20668 20668 1 1 7635 0
20669 20669 1 1 7732 0
20670 20670 1 1 7829 0
20671 20671 1 1 7926 0
20672 20672 1 1 8023 0
20673 20673 1 1 8120 0
20674 20674 1 1 8217 0
20675 20675 1 1 8314 0
20676 20676 1 1 8411 0
20677 20677 1 1 8508 0
20678 20678 1 1 8605 0
20679 20679 1 1 8702 0
20680 20680 1 1 8799 0
20681 20681 1 1 8896 0
20682 20682 1 1 8993 0
20683 20683 1 1 9090 0
20684 20684 1 1 9187 0
20685 20685 1 1 9284 0
20686 20686 1 1 9381 0
20687 20687 1 1 9478 0
20688 20688 1 1 9575 0
20689 20689 1 1 9672 0
20690 20690 1 1 9769 0
20691 20691 1 1 9866 0
20692 20692 1 1 9963 0
20693 20693 1 1 10060 0
20694 20694 1 1 10157 0
20695 20695 1 1 10254 0
20696 20696 1 1 10351 0
20697 20697 1 1 10448 0
20698 20698 1 1 10545 0
20699 20699 1 1 10642 0
20700 20700 1 1 10739 0
20701 20701 1 1 10836 0
20702 20702 1 1 10933 0
20703 20703 1 1 11030 0
20704 20704 1 1 11127 0
20705 20705 1 1 11224 0
20706 20706 1 1 11321 0
20707 20707 1 1 11418 0
20708 20708 1 1 11515 0
20709 20709 1 1 11612 0
20710 20710 1 1 11709 0
20711 20711 1 1 11806 0
20712 20712 1 1 11903 0
20713 20713 1 1 12000 0
20714 20714 1 1 12097 0
20715 20715 1 1 12194 0
20716 20716 1 1 12291 0
20717 20717 1 1 12388 0
20718 20718 1 1 12485 0
20719 20719 1 1 12582 0
20720 20720 1 1 12679 0
20721 20721 1 1 12776 0
20722 20722 1 1 12873 0
20723 20723 1 1 12970 0
20724 20724 1 1 13067 0
20725 20725 1 1 13164 0
20726 20726 1 1 13261 0
20727 20727 1 1 13358 0
20728 20728 1 1 13455 0
20729 20729 1 1 13552 0
20730 20730 1 1 13649 0
20731 20731 1 1 13746 0
20732 20732 1 1 13843 0
20733 20733 1 1 13940 0
20734 20734 1 1 14037 0
20735 20735 1 1 14134 0
20736 20736 1 1 14231 0
20737 20737 1 1 14328 0
20738 20738 1 1 14425 0
20739 20739 1 1 14522 0
20740 20740 1 1 14619 0
20741 20741 1 1 14716 0
20742 20742 1 1 14813 0
20743 20743 1 1 14910 0
20744 20744 1 1 15007 0
20745 20745 1 1 15104 0
20746 20746 1 1 15201 0
20747 20747 1 1 15298 0
20748 20748 1 1 15395 0
20749 20749 1 1 15492 0
20750 20750 1 1 15589 0
20751 20751 1 1 15686 0
20752 20752 1 1 15783 0
20753 20753 1 1 15880 0
20754 20754 1 1 15977 0
20755 20755 1 1 16074 0
20756 20756 1 1 16171 0
20757 20757 1 1 16268 0
20758 20758 1 1 16365 0
20759 20759 1 1 16462 0
20760 20760 1 1 16559 0
20761 20761 1 1 16656 0
20762 20762 1 1 16753 0
20763 20763 1 1 16850 0
20764 20764 1 1 16947 0
20765 20765 1 1 17044 0
20766 20766 1 1 17141 0
20767 20767 1 1 17238 0
20768 20768 1 1 17335 0
20769 20769 1 1 17432 0
20770 20770 1 1 17529 0
20771 20771 1 1 17626 0
20772 20772 1 1 17723 0
20773 20773 1 1 17820 0
20774 20774 1 1 17917 0
20775 20775 1 1 18014 0
20776 20776 1 1 18111 0
20777 20777 1 1 18208 0
20778 20778 1 1 18305 0
20779 20779 1 1 18402 0
20780 20780 1 1 18499 0
20781 20781 1 1 18596 0
20782 20782 1 1 18693 0
20783 20783 1 1 18790 0
20784 20784 1 1 18887 0
20785 20785 1 1 18984 0
20786 20786 1 1 19081 0
20787 20787 1 1 19178 0
20788 20788 1 1 19275 0
20789 20789 1 1 19372 0
20790 20790 1 1 19469 0
20791 20791 1 1 19566 0
20792 20792 1 1 19663 0
20793 20793 1 1 19760 0
20794 20794 1 1 19857 0
20795 20795 1 1 19954 0
20796 20796 1 1 20051 0
20797 20797 1 1 20148 0
20798 20798 1 1 20245 0
20799 20799 1 1 20342 0
20800 20800 1 1 20439 0
20801 20801 1 1 20536 0
20802 20802 1 1 20633 0
20803 20803 1 1 20730 0
20804 20804 1 1 20827 0
20805 20805 1 1 20924 0
20806 20806 1 1 21021 0
20807 20807 1 1 21118 0
20808 20808 1 1 21215 0
20809 20809 1 1 21312 0
20810 20810 1 1 21409 0
20811 20811 1 1 21506 0
20812 20812 1 1 21603 0
20813 20813 1 1 21700 0
20814 20814 1 1 21797 0
20815 20815 1 1 21894 0
20816 20816 1 1 21991 0
20817 20817 1 1 22088 0
20818 20818 1 1 22185 0
20819 20819 1 1 22282 0
20820 20820 1 1 22379 0
20821 20821 1 1 22476 0
20822 20822 1 1 22573 0
20823 20823 1 1 22670 0
20824 20824 1 1 22767 0
20825 20825 1 1 22864 0
20826 20826 1 1 22961 0
20827 20827 1 1 23058 0
20828 20828 1 1 23155 0
20829 20829 1 1 23252 0
20830 20830 1 1 23349 0
20831 20831 1 1 23446 0
20832 20832 1 1 23543 0
20833 20833 1 1 23640 0
20834 20834 1 1 23737 0
20835 20835 1 1 23834 0
20836 20836 1 1 23931 0
20837 20837 1 1 24028 0
20838 20838 1 1 24125 0
20839 20839 1 1 24222 0
20840 20840 1 1 24319 0
20841 20841 1 1 24416 0
20842 20842 1 1 24513 0
20843 20843 1 1 24610 0
20844 20844 1 1 24707 0
20845 20845 1 1 24804 0
20846 20846 1 1 24901 0
20847 20847 1 1 24998 0
20848 20848 1 1 25095 0
20849 20849 1 1 25192 0
20850 20850 1 1 25289 0
20851 20851 1 1 25386 0
20852 20852 1 1 25483 0
20853 20853 1 1 25580 0
20854 20854 1 1 25677 0
20855 20855 1 1 25774 0
20856 20856 1 1 25871 0
20857 20857 1 1 25968 0
20858 20858 1 1 26065 0
20859 20859 1 1 26162 0
20860 20860 1 1 26259 0
20861 20861 1 1 26356 0
20862 20862 1 1 26453 0
20863 20863 1 1 26550 0
20864 20864 1 1 26647 0
20865 20865 1 1 26744 0
20866 20866 1 1 26841 0
20867 20867 1 1 26938 0
20868 20868 1 1 27035 0
20869 20869 1 1 27132 0
20870 20870 1 1 27229 0
20871 20871 1 1 27326 0
20872 20872 1 1 27423 0
20873 20873 1 1 27520 0
20874 20874 1 1 27617 0
20875 20875 1 1 27714 0
20876 20876 1 1 27811 0
20877 20877 1 1 27908 0
20878 20878 1 1 28005 0
20879 20879 1 1 28102 0
20880 20880 1 1 28199 0
20881 20881 1 1 28296 0
20882 20882 1 1 28393 0
20883 20883 1 1 28490 0
20884 20884 1 1 28587 0
20885 20885 1 1 28684 0
20886 20886 1 1 28781 0
20887 20887 1 1 28878 0
20888 20888 1 1 28975 0
20889 20889 1 1 29072 0
20890 20890 1 1 29169 0
20891 20891 1 1 29266 0
20892 20892 1 1 29363 0
20893 20893 1 1 29460 0
20894 20894 1 1 29557 0
20895 20895 1 1 29654 0
20896 20896 1 1 29751 0
20897 20897 1 1 29848 0
20898 20898 1 1 29945 0
20899 20899 1 1 30042 0
20900 20900 1 1 30139 0
20901 20901 1 1 30236 0
20902 20902 1 1 30333 0
20903 20903 1 1 30430 0
20904 20904 1 1 30527 0
20905 20905 1 1 30624 0
20906 20906 1 1 30721 0
20907 20907 1 1 30818 0
20908 20908 1 1 30915 0
20909 20909 1 1 31012 0
20910 20910 1 1 31109 0
20911 20911 1 1 31206 0
20912 20912 1 1 31303 0
20913 20913 1 1 31400 0
20914 20914 1 1 31497 0
20915 20915 1 1 31594 0
20916 20916 1 1 31691 0
20917 20917 1 1 31788 0
20918 20918 1 1 31885 0
20919 20919 1 1 31982 0
20920 20920 1 1 32079 0
20921 20921 1 1 32176 0
20922 20922 1 1 32273 0
20923 20923 1 1 32370 0
20924 20924 1 1 32467 0
20925 20925 1 1 32564 0
20926 20926 1 1 32661 0
20927 20927 1 1 32758 0
20928 20928 1 1 32855 0
20929 20929 1 1 32952 0
20930 20930 1 1 33049 0
20931 20931 1 1 33146 0
20932 20932 1 1 33243 0
20933 20933 1 1 33340 0
20934 20934 1 1 33437 0
20935 20935 1 1 33534 0
20936 20936 1 1 33631 0
20937 20937 1 1 33728 0
20938 20938 1 1 33825 0
20939 20939 1 1 33922 0
20940 20940 1 1 34019 0
20941 20941 1 1 34116 0
20942 20942 1 1 34213 0
20943 20943 1 1 34310 0
20944 20944 1 1 34407 0
20945 20945 1 1 34504 0
20946 20946 1 1 34601 0
20947 20947 1 1 34698 0
20948 20948 1 1 34795 0
20949 20949 1 1 34892 0
20950 20950 1 1 34989 0
20951 20951 1 1 35086 0
20952 20952 1 1 35183 0
20953 20953 1 1 35280 0
20954 20954 1 1 35377 0
20955 20955 1 1 35474 0
20956 20956 1 1 35571 0
20957 20957 1 1 35668 0
20958 20958 1 1 35765 0
20959 20959 1 1 35862 0
20960 20960 1 1 35959 0
20961 20961 1 1 36056 0
20962 20962 1 1 36153 0
20963 20963 1 1 36250 0
20964 20964 1 1 36347 0
20965 20965 1 1 36444 0
20966 20966 1 1 36541 0
20967 20967 1 1 36638 0
20968 20968 1 1 36735 0
20969 20969 1 1 36832 0
20970 20970 1 1 36929 0
20971 20971 1 1 37026 0
20972 20972 1 1 37123 0
20973 20973 1 1 37220 0
20974 20974 1 1 37317 0
20975 20975 1 1 37414 0
20976 20976 1 1 37511 0
20977 20977 1 1 37608 0
20978 20978 1 1 37705 0
20979 20979 1 1 37802 0
20980 20980 1 1 37899 0
20981 20981 1 1 37996 0
20982 20982 1 1 38093 0
20983 20983 1 1 38190 0
20984 20984 1 1 38287 0
20985 20985 1 1 38384 0
20986 20986 1 1 38481 0
20987 20987 1 1 38578 0
20988 20988 1 1 38675 0
20989 20989 1 1 38772 0
20990 20990 1 1 38869 0
20991 20991 1 1 38966 0
20992 20992 1 1 39063 0
20993 20993 1 1 39160 0
20994 20994 1 1 39257 0
20995 20995 1 1 39354 0
20996 20996 1 1 39451 0
20997 20997 1 1 39548 0
20998 20998 1 1 39645 0
20999 20999 1 1 39742 0
21000 21000 1 1 39839 0
21001 21001 1 1 39936 0
21002 21002 1 1 40033 0
21003 21003 1 1 40130 0
21004 21004 1 1 40227 0
21005 21005 1 1 40324 0
21006 21006 1 1 40421 0
21007 21007 1 1 40518 0
21008 21008 1 1 40615 0
21009 21009 1 1 40712 0
21010 21010 1 1 40809 0
21011 21011 1 1 40906 0
21012 21012 1 1 41003 0
21013 21013 1 1 41100 0
21014 21014 1 1 41197 0
21015 21015 1 1 41294 0
21016 21016 1 1 41391 0
21017 21017 1 1 41488 0
21018 21018 1 1 41585 0
21019 21019 1 1 41682 0
21020 21020 1 1 41779 0
21021 21021 1 1 41876 0
21022 21022 1 1 41973 0
21023 21023 1 1 42070 0
21024 21024 1 1 42167 0
21025 21025 1 1 42264 0
21026 21026 1 1 42361 0
21027 21027 1 1 42458 0
21028 21028 1 1 42555 0
21029 21029 1 1 42652 0
21030 21030 1 1 42749 0
21031 21031 1 1 42846 0
21032 21032 1 1 42943 0
21033 21033 1 1 43040 0
21034 21034 1 1 43137 0
21035 21035 1 1 43234 0
21036 21036 1 1 43331 0
21037 21037 1 1 43428 0
21038 21038 1 1 43525 0
21039 21039 1 1 43622 0
21040 21040 1 1 43719 0
21041 21041 1 1 43816 0
21042 21042 1 1 43913 0
21043 21043 1 1 44010 0
21044 21044 1 1 44107 0
21045 21045 1 1 44204 0
21046 21046 1 1 44301 0
21047 21047 1 1 44398 0
21048 21048 1 1 44495 0
21049 21049 1 1 44592 0
21050 21050 1 1 44689 0
21051 21051 1 1 44786 0
21052 21052 1 1 44883 0
21053 21053 1 1 44980 0
21054 21054 1 1 45077 0
21055 21055 1 1 45174 0
21056 21056 1 1 45271 0
21057 21057 1 1 45368 0
21058 21058 1 1 45465 0
21059 21059 1 1 45562 0
21060 21060 1 1 45659 0
21061 21061 1 1 45756 0
21062 21062 1 1 45853 0
21063 21063 1 1 45950 0
21064 21064 1 1 46047 0
21065 21065 1 1 46144 0
21066 21066 1 1 46241 0
21067 21067 1 1 46338 0
21068 21068 1 1 46435 0
21069 21069 1 1 46532 0
21070 21070 1 1 46629 0
21071 21071 1 1 46726 0
21072 21072 1 1 46823 0
21073 21073 1 1 46920 0
21074 21074 1 1 47017 0
21075 21075 1 1 47114 0
21076 21076 1 1 47211 0
21077 21077 1 1 47308 0
21078 21078 1 1 47405 0
21079 21079 1 1 47502 0
21080 21080 1 1 47599 0
21081 21081 1 1 47696 0
21082 21082 1 1 47793 0
21083 21083 1 1 47890 0
21084 21084 1 1 47987 0
21085 21085 1 1 48084 0
21086 21086 1 1 48181 0
21087 21087 1 1 48278 0
21088 21088 1 1 48375 0
21089 21089 1 1 48472 0
21090 21090 1 1 48569 0
21091 21091 1 1 48666 0
21092 21092 1 1 48763 0
21093 21093 1 1 48860 0
21094 21094 1 1 48957 0
21095 21095 1 1 49054 0
21096 21096 1 1 49151 0
21097 21097 1 1 49248 0
21098 21098 1 1 49345 0
21099 21099 1 1 49442 0
21100 21100 1 1 49539 0
21101 21101 1 1 49636 0
21102 21102 1 1 49733 0
21103 21103 1 1 49830 0
21104 21104 1 1 49927 0
21105 21105 1 1 50024 0
21106 21106 1 1 50121 0
21107 21107 1 1 50218 0
21108 21108 1 1 50315 0
21109 21109 1 1 50412 0
21110 21110 1 1 50509 0
21111 21111 1 1 50606 0
21112 21112 1 1 50703 0
21113 21113 1 1 50800 0
21114 21114 1 1 50897 0
21115 21115 1 1 50994 0
21116 21116 1 1 51091 0
21117 21117 1 1 51188 0
21118 21118 1 1 51285 0
21119 21119 1 1 51382 0
21120 21120 1 1 51479 0
21121 21121 1 1 51576 0
21122 21122 1 1 51673 0
21123 21123 1 1 51770 0
21124 21124 1 1 51867 0
21125 21125 1 1 51964 0
21126 21126 1 1 52061 0
21127 21127 1 1 52158 0
21128 21128 1 1 52255 0
21129 21129 1 1 52352 0
21130 21130 1 1 52449 0
21131 21131 1 1 52546 0
21132 21132 1 1 52643 0
21133 21133 1 1 52740 0
21134 21134 1 1 52837 0
21135 21135 1 1 52934 0
21136 21136 1 1 53031 0
21137 21137 1 1 53128 0
21138 21138 1 1 53225 0
21139 21139 1 1 53322 0
21140 21140 1 1 53419 0
21141 21141 1 1 53516 0
21142 21142 1 1 53613 0
21143 21143 1 1 53710 0
21144 21144 1 1 53807 0
21145 21145 1 1 53904 0
21146 21146 1 1 54001 0
21147 21147 1 1 54098 0
21148 21148 1 1 54195 0
21149 21149 1 1 54292 0
21150 21150 1 1 54389 0
21151 21151 1 1 54486 0
21152 21152 1 1 54583 0
21153 21153 1 1 54680 0
21154 21154 1 1 54777 0
21155 21155 1 1 54874 0
21156 21156 1 1 54971 0
21157 21157 1 1 55068 0
21158 21158 1 1 55165 0
21159 21159 1 1 55262 0
21160 21160 1 1 55359 0
21161 21161 1 1 55456 0
21162 21162 1 1 55553 0
21163 21163 1 1 55650 0
21164 21164 1 1 55747 0
21165 21165 1 1 55844 0
21166 21166 1 1 55941 0
21167 21167 1 1 56038 0
21168 21168 1 1 56135 0
21169 21169 1 1 56232 0
21170 21170 1 1 56329 0
21171 21171 1 1 56426 0
21172 21172 1 1 56523 0
21173 21173 1 1 56620 0
21174 21174 1 1 56717 0
21175 21175 1 1 56814 0
21176 21176 1 1 56911 0
21177 21177 1 1 57008 0
21178 21178 1 1 57105 0
21179 21179 1 1 57202 0
21180 21180 1 1 57299 0
21181 21181 1 1 57396 0
21182 21182 1 1 57493 0
21183 21183 1 1 57590 0
21184 21184 1 1 57687 0
21185 21185 1 1 57784 0
21186 21186 1 1 57881 0
21187 21187 1 1 57978 0
21188 21188 1 1 58075 0
21189 21189 1 1 58172 0
21190 21190 1 1 58269 0
21191 21191 1 1 58366 0
21192 21192 1 1 58463 0
21193 21193 1 1 58560 0
21194 21194 1 1 58657 0
21195 21195 1 1 58754 0
21196 21196 1 1 58851 0
21197 21197 1 1 58948 0
21198 21198 1 1 59045 0
21199 21199 1 1 59142 0
21200 21200 1 1 59239 0
21201 21201 1 1 59336 0
21202 21202 1 1 59433 0
21203 21203 1 1 59530 0
21204 21204 1 1 59627 0
21205 21205 1 1 59724 0
21206 21206 1 1 59821 0
21207 21207 1 1 59918 0
21208 21208 1 1 60015 0
21209 21209 1 1 60112 0
21210 21210 1 1 60209 0
21211 21211 1 1 60306 0
21212 21212 1 1 60403 0
21213 21213 1 1 60500 0
21214 21214 1 1 60597 0
21215 21215 1 1 60694 0
21216 21216 1 1 60791 0
21217 21217 1 1 60888 0
21218 21218 1 1 60985 0
21219 21219 1 1 61082 0
21220 21220 1 1 61179 0
21221 21221 1 1 61276 0
21222 21222 1 1 61373 0
21223 21223 1 1 61470 0
21224 21224 1 1 61567 0
21225 21225 1 1 61664 0
21226 21226 1 1 61761 0
21227 21227 1 1 61858 0
21228 21228 1 1 61955 0
21229 21229 1 1 62052 0
21230 21230 1 1 62149 0
21231 21231 1 1 62246 0
21232 21232 1 1 62343 0
21233 21233 1 1 62440 0
21234 21234 1 1 62537 0
21235 21235 1 1 62634 0
21236 21236 1 1 62731 0
21237 21237 1 1 62828 0
21238 21238 1 1 62925 0
21239 21239 1 1 63022 0
21240 21240 1 1 63119 0
21241 21241 1 1 63216 0
21242 21242 1 1 63313 0
21243 21243 1 1 63410 0
21244 21244 1 1 63507 0
21245 21245 1 1 63604 0
21246 21246 1 1 63701 0
21247 21247 1 1 63798 0
21248 21248 1 1 63895 0
21249 21249 1 1 63992 0
21250 21250 1 1 64089 0
21251 21251 1 1 64186 0
21252 21252 1 1 64283 0
21253 21253 1 1 64380 0
21254 21254 1 1 64477 0
21255 21255 1 1 64574 0
21256 21256 1 1 64671 0
21257 21257 1 1 64768 0
21258 21258 1 1 64865 0
21259 21259 1 1 64962 0
21260 21260 1 1 65059 0
21261 21261 1 1 65156 0
21262 21262 1 1 65253 0
21263 21263 1 1 65350 0
21264 21264 1 1 65447 0
21265 21265 1 1 65544 0
21266 21266 1 1 65641 0
21267 21267 1 1 65738 0
21268 21268 1 1 65835 0
21269 21269 1 1 65932 0
21270 21270 1 1 66029 0
21271 21271 1 1 66126 0
21272 21272 1 1 66223 0
21273 21273 1 1 66320 0
21274 21274 1 1 66417 0
21275 21275 1 1 66514 0
21276 21276 1 1 66611 0
21277 21277 1 1 66708 0
21278 21278 1 1 66805 0
21279 21279 1 1 66902 0
21280 21280 1 1 66999 0
21281 21281 1 1 67096 0
21282 21282 1 1 67193 0
21283 21283 1 1 67290 0
21284 21284 1 1 67387 0
21285 21285 1 1 67484 0
21286 21286 1 1 67581 0
21287 21287 1 1 67678 0
21288 21288 1 1 67775 0
21289 21289 1 1 67872 0
21290 21290 1 1 67969 0
21291 21291 1 1 68066 0
21292 21292 1 1 68163 0
21293 21293 1 1 68260 0
21294 21294 1 1 68357 0
21295 21295 1 1 68454 0
21296 21296 1 1 68551 0
21297 21297 1 1 68648 0
21298 21298 1 1 68745 0
21299 21299 1 1 68842 0
21300 21300 1 1 68939 0
21301 21301 1 1 69036 0
21302 21302 1 1 69133 0
21303 21303 1 1 69230 0
21304 21304 1 1 69327 0
21305 21305 1 1 69424 0
21306 21306 1 1 69521 0
21307 21307 1 1 69618 0
21308 21308 1 1 69715 0
21309 21309 1 1 69812 0
21310 21310 1 1 69909 0
21311 21311 1 1 70006 0
21312 21312 1 1 70103 0
21313 21313 1 1 70200 0
21314 21314 1 1 70297 0
21315 21315 1 1 70394 0
21316 21316 1 1 70491 0
21317 21317 1 1 70588 0
21318 21318 1 1 70685 0
21319 21319 1 1 70782 0
21320 21320 1 1 70879 0
21321 21321 1 1 70976 0
21322 21322 1 1 71073 0
21323 21323 1 1 71170 0
21324 21324 1 1 71267 0
21325 21325 1 1 71364 0
21326 21326 1 1 71461 0
21327 21327 1 1 71558 0
21328 21328 1 1 71655 0
21329 21329 1 1 71752 0
21330 21330 1 1 71849 0
21331 21331 1 1 71946 0
21332 21332 1 1 72043 0
21333 21333 1 1 72140 0
21334 21334 1 1 72237 0
21335 21335 1 1 72334 0
21336 21336 1 1 72431 0
21337 21337 1 1 72528 0
21338 21338 1 1 72625 0
21339 21339 1 1 72722 0
21340 21340 1 1 72819 0
21341 21341 1 1 72916 0
21342 21342 1 1 73013 0
21343 21343 1 1 73110 0
21344 21344 1 1 73207 0
21345 21345 1 1 73304 0
21346 21346 1 1 73401 0
21347 21347 1 1 73498 0
21348 21348 1 1 73595 0
21349 21349 1 1 73692 0
21350 21350 1 1 73789 0
21351 21351 1 1 73886 0
21352 21352 1 1 73983 0
21353 21353 1 1 74080 0
21354 21354 1 1 74177 0
21355 21355 1 1 74274 0
21356 21356 1 1 74371 0
21357 21357 1 1 74468 0
21358 21358 1 1 74565 0
21359 21359 1 1 74662 0
21360 21360 1 1 74759 0
21361 21361 1 1 74856 0
21362 21362 1 1 74953 0
21363 21363 1 1 75050 0
21364 21364 1 1 75147 0
21365 21365 1 1 75244 0
21366 21366 1 1 75341 0
21367 21367 1 1 75438 0
21368 21368 1 1 75535 0
21369 21369 1 1 75632 0
21370 21370 1 1 75729 0
21371 21371 1 1 75826 0
21372 21372 1 1 75923 0
21373 21373 1 1 76020 0
21374 21374 1 1 76117 0
21375 21375 1 1 76214 0
21376 21376 1 1 76311 0
21377 21377 1 1 76408 0
21378 21378 1 1 76505 0
21379 21379 1 1 76602 0
21380 21380 1 1 76699 0
21381 21381 1 1 76796 0
21382 21382 1 1 76893 0
21383 21383 1 1 76990 0
21384 21384 1 1 77087 0
21385 21385 1 1 77184 0
21386 21386 1 1 77281 0
21387 21387 1 1 77378 0
21388 21388 1 1 77475 0
21389 21389 1 1 77572 0
21390 21390 1 1 77669 0
21391 21391 1 1 77766 0
21392 21392 1 1 77863 0
21393 21393 1 1 77960 0
21394 21394 1 1 78057 0
21395 21395 1 1 78154 0
21396 21396 1 1 78251 0
21397 21397 1 1 78348 0
21398 21398 1 1 78445 0
21399 21399 1 1 78542 0
21400 21400 1 1 78639 0
21401 21401 1 1 78736 0
21402 21402 1 1 78833 0
21403 21403 1 1 78930 0
21404 21404 1 1 79027 0
21405 21405 1 1 79124 0
21406 21406 1 1 79221 0
21407 21407 1 1 79318 0
21408 21408 1 1 79415 0
21409 21409 1 1 79512 0
21410 21410 1 1 79609 0
21411 21411 1 1 79706 0
21412 21412 1 1 79803 0
21413 21413 1 1 79900 0
21414 21414 1 1 79997 0
21415 21415 1 1 80094 0
21416 21416 1 1 80191 0
21417 21417 1 1 80288 0
21418 21418 1 1 80385 0
21419 21419 1 1 80482 0
21420 21420 1 1 80579 0
21421 21421 1 1 80676 0
21422 21422 1 1 80773 0
21423 21423 1 1 80870 0
21424 21424 1 1 80967 0
21425 21425 1 1 81064 0
21426 21426 1 1 81161 0
21427 21427 1 1 81258 0
21428 21428 1 1 81355 0
21429 21429 1 1 81452 0
21430 21430 1 1 81549 0
21431 21431 1 1 81646 0
21432 21432 1 1 81743 0
21433 21433 1 1 81840 0
21434 21434 1 1 81937 0
21435 21435 1 1 82034 0
21436 21436 1 1 82131 0
21437 21437 1 1 82228 0
21438 21438 1 1 82325 0
21439 21439 1 1 82422 0
21440 21440 1 1 82519 0
21441 21441 1 1 82616 0
21442 21442 1 1 82713 0
21443 21443 1 1 82810 0
21444 21444 1 1 82907 0
21445 21445 1 1 83004 0
21446 21446 1 1 83101 0
21447 21447 1 1 83198 0
21448 21448 1 1 83295 0
21449 21449 1 1 83392 0
21450 21450 1 1 83489 0
21451 21451 1 1 83586 0
21452 21452 1 1 83683 0
21453 21453 1 1 83780 0
21454 21454 1 1 83877 0
21455 21455 1 1 83974 0
21456 21456 1 1 84071 0
21457 21457 1 1 84168 0
21458 21458 1 1 84265 0
21459 21459 1 1 84362 0
21460 21460 1 1 84459 0
21461 21461 1 1 84556 0
21462 21462 1 1 84653 0
21463 21463 1 1 84750 0
21464 21464 1 1 84847 0
21465 21465 1 1 84944 0
21466 21466 1 1 85041 0
21467 21467 1 1 85138 0
21468 21468 1 1 85235 0
21469 21469 1 1 85332 0
21470 21470 1 1 85429 0
21471 21471 1 1 85526 0
21472 21472 1 1 85623 0
21473 21473 1 1 85720 0
21474 21474 1 1 85817 0
21475 21475 1 1 85914 0
21476 21476 1 1 86011 0
21477 21477 1 1 86108 0
21478 21478 1 1 86205 0
21479 21479 1 1 86302 0
21480 21480 1 1 86399 0
21481 21481 1 1 86496 0
21482 21482 1 1 86593 0
21483 21483 1 1 86690 0
21484 21484 1 1 86787 0
21485 21485 1 1 86884 0
21486 21486 1 1 86981 0
21487 21487 1 1 87078 0
21488 21488 1 1 87175 0
21489 21489 1 1 87272 0
21490 21490 1 1 87369 0
21491 21491 1 1 87466 0
21492 21492 1 1 87563 0
21493 21493 1 1 87660 0
21494 21494 1 1 87757 0
21495 21495 1 1 87854 0
21496 21496 1 1 87951 0
21497 21497 1 1 88048 0
21498 21498 1 1 88145 0
21499 21499 1 1 88242 0
21500 21500 1 1 88339 0
21501 21501 1 1 88436 0
21502 21502 1 1 88533 0
21503 21503 1 1 88630 0
21504 21504 1 1 88727 0
21505 21505 1 1 88824 0
21506 21506 1 1 88921 0
21507 21507 1 1 89018 0
21508 21508 1 1 89115 0
21509 21509 1 1 89212 0
21510 21510 1 1 89309 0
21511 21511 1 1 89406 0
21512 21512 1 1 89503 0
21513 21513 1 1 89600 0
21514 21514 1 1 89697 0
21515 21515 1 1 89794 0
21516 21516 1 1 89891 0
21517 21517 1 1 89988 0
21518 21518 1 1 90085 0
21519 21519 1 1 90182 0
21520 21520 1 1 90279 0
21521 21521 1 1 90376 0
21522 21522 1 1 90473 0
21523 21523 1 1 90570 0
21524 21524 1 1 90667 0
21525 21525 1 1 90764 0
21526 21526 1 1 90861 0
21527 21527 1 1 90958 0
21528 21528 1 1 91055 0
21529 21529 1 1 91152 0
21530 21530 1 1 91249 0
21531 21531 1 1 91346 0
21532 21532 1 1 91443 0
21533 21533 1 1 91540 0
21534 21534 1 1 91637 0
21535 21535 1 1 91734 0
21536 21536 1 1 91831 0
21537 21537 1 1 91928 0
21538 21538 1 1 92025 0
21539 21539 1 1 92122 0
21540 21540 1 1 92219 0
21541 21541 1 1 92316 0
21542 21542 1 1 92413 0
21543 21543 1 1 92510 0
21544 21544 1 1 92607 0
21545 21545 1 1 92704 0
21546 21546 1 1 92801 0
21547 21547 1 1 92898 0
21548 21548 1 1 92995 0
21549 21549 1 1 93092 0
21550 21550 1 1 93189 0
21551 21551 1 1 93286 0
21552 21552 1 1 93383 0
21553 21553 1 1 93480 0
21554 21554 1 1 93577 0
21555 21555 1 1 93674 0
21556 21556 1 1 93771 0
21557 21557 1 1 93868 0
21558 21558 1 1 93965 0
21559 21559 1 1 94062 0
21560 21560 1 1 94159 0
21561 21561 1 1 94256 0
21562 21562 1 1 94353 0
21563 21563 1 1 94450 0
21564 21564 1 1 94547 0
21565 21565 1 1 94644 0
21566 21566 1 1 94741 0
21567 21567 1 1 94838 0
21568 21568 1 1 94935 0
21569 21569 1 1 95032 0
21570 21570 1 1 95129 0
21571 21571 1 1 95226 0
21572 21572 1 1 95323 0
21573 21573 1 1 95420 0
21574 21574 1 1 95517 0
21575 21575 1 1 95614 0
21576 21576 1 1 95711 0
21577 21577 1 1 95808 0
21578 21578 1 1 95905 0
21579 21579 1 1 96002 0
21580 21580 1 1 96099 0
21581 21581 1 1 96196 0
21582 21582 1 1 96293 0
21583 21583 1 1 96390 0
21584 21584 1 1 96487 0
21585 21585 1 1 96584 0
21586 21586 1 1 96681 0
21587 21587 1 1 96778 0
21588 21588 1 1 96875 0
21589 21589 1 1 96972 0
21590 21590 1 1 97069 0
21591 21591 1 1 97166 0
21592 21592 1 1 97263 0
21593 21593 1 1 97360 0
21594 21594 1 1 97457 0
21595 21595 1 1 97554 0
21596 21596 1 1 97651 0
21597 21597 1 1 97748 0
21598 21598 1 1 97845 0
21599 21599 1 1 97942 0
21600 21600 1 1 98039 0
21601 21601 1 1 98136 0
21602 21602 1 1 98233 0
21603 21603 1 1 98330 0
21604 21604 1 1 98427 0
21605 21605 1 1 98524 0
21606 21606 1 1 98621 0
21607 21607 1 1 98718 0
21608 21608 1 1 98815 0
21609 21609 1 1 98912 0
21610 21610 1 1 99009 0
21611 21611 1 1 99106 0
21612 21612 1 1 99203 0
21613 21613 1 1 99300 0
21614 21614 1 1 99397 0
21615 21615 1 1 99494 0
21616 21616 1 1 99591 0
21617 21617 1 1 99688 0
21618 21618 1 1 99785 0
21619 21619 1 1 99882 0
21620 21620 1 1 99979 0
21621 21621 1 1 100076 0
21622 21622 1 1 100173 0
21623 21623 1 1 100270 0
21624 21624 1 1 100367 0
21625 21625 1 1 100464 0
21626 21626 1 1 100561 0
21627 21627 1 1 100658 0
21628 21628 1 1 100755 0
21629 21629 1 1 100852 0
21630 21630 1 1 100949 0
21631 21631 1 1 101046 0
21632 21632 1 1 101143 0
21633 21633 1 1 101240 0
21634 21634 1 1 101337 0
21635 21635 1 1 101434 0
21636 21636 1 1 101531 0
21637 21637 1 1 101628 0
21638 21638 1 1 101725 0
21639 21639 1 1 101822 0
21640 21640 1 1 101919 0
21641 21641 1 1 102016 0
21642 21642 1 1 102113 0
21643 21643 1 1 102210 0
21644 21644 1 1 102307 0
21645 21645 1 1 102404 0
21646 21646 1 1 102501 0
21647 21647 1 1 102598 0
21648 21648 1 1 102695 0
21649 21649 1 1 102792 0
21650 21650 1 1 102889 0
21651 21651 1 1 102986 0
21652 21652 1 1 103083 0
21653 21653 1 1 103180 0
21654 21654 1 1 103277 0
21655 21655 1 1 103374 0
21656 21656 1 1 103471 0
21657 21657 1 1 103568 0
21658 21658 1 1 103665 0
21659 21659 1 1 103762 0
21660 21660 1 1 103859 0
21661 21661 1 1 103956 0
21662 21662 1 1 104053 0
21663 21663 1 1 104150 0
21664 21664 1 1 104247 0
21665 21665 1 1 104344 0
21666 21666 1 1 104441 0
21667 21667 1 1 104538 0
21668 21668 1 1 104635 0
21669 21669 1 1 104732 0
21670 21670 1 1 104829 0
21671 21671 1 1 104926 0
21672 21672 1 1 105023 0
21673 21673 1 1 105120 0
21674 21674 1 1 105217 0
21675 21675 1 1 105314 0
21676 21676 1 1 105411 0
21677 21677 1 1 105508 0
21678 21678 1 1 105605 0
21679 21679 1 1 105702 0
21680 21680 1 1 105799 0
21681 21681 1 1 105896 0
21682 21682 1 1 105993 0
21683 21683 1 1 106090 0
21684 21684 1 1 106187 0
21685 21685 1 1 106284 0
21686 21686 1 1 106381 0
21687 21687 1 1 106478 0
21688 21688 1 1 106575 0
21689 21689 1 1 106672 0
21690 21690 1 1 106769 0
21691 21691 1 1 106866 0
21692 21692 1 1 106963 0
21693 21693 1 1 107060 0
21694 21694 1 1 107157 0
21695 21695 1 1 107254 0
21696 21696 1 1 107351 0
21697 21697 1 1 107448 0
21698 21698 1 1 107545 0
21699 21699 1 1 107642 0
21700 21700 1 1 107739 0
21701 21701 1 1 107836 0
21702 21702 1 1 107933 0
21703 21703 1 1 108030 0
21704 21704 1 1 108127 0
21705 21705 1 1 108224 0
21706 21706 1 1 108321 0
21707 21707 1 1 108418 0
21708 21708 1 1 108515 0
21709 21709 1 1 108612 0
21710 21710 1 1 108709 0
21711 21711 1 1 108806 0
21712 21712 1 1 108903 0
21713 21713 1 1 109000 0
21714 21714 1 1 109097 0
21715 21715 1 1 109194 0
21716 21716 1 1 109291 0
21717 21717 1 1 109388 0
21718 21718 1 1 109485 0
21719 21719 1 1 109582 0
21720 21720 1 1 109679 0
21721 21721 1 1 109776 0
21722 21722 1 1 109873 0
21723 21723 1 1 109970 0
21724 21724 1 1 110067 0
21725 21725 1 1 110164 0
21726 21726 1 1 110261 0
21727 21727 1 1 110358 0
21728 21728 1 1 110455 0
21729 21729 1 1 110552 0
21730 21730 1 1 110649 0
21731 21731 1 1 110746 0
21732 21732 1 1 110843 0
21733 21733 1 1 110940 0
21734 21734 1 1 111037 0
21735 21735 1 1 111134 0
21736 21736 1 1 111231 0
21737 21737 1 1 111328 0
21738 21738 1 1 111425 0
21739 21739 1 1 111522 0
21740 21740 1 1 111619 0
21741 21741 1 1 111716 0
21742 21742 1 1 111813 0
21743 21743 1 1 111910 0
21744 21744 1 1 112007 0
21745 21745 1 1 112104 0
21746 21746 1 1 112201 0
21747 21747 1 1 112298 0
21748 21748 1 1 112395 0
21749 21749 1 1 112492 0
21750 21750 1 1 112589 0
21751 21751 1 1 112686 0
21752 21752 1 1 112783 0
21753 21753 1 1 112880 0
21754 21754 1 1 112977 0
21755 21755 1 1 113074 0
21756 21756 1 1 113171 0
21757 21757 1 1 113268 0
21758 21758 1 1 113365 0
21759 21759 1 1 113462 0
21760 21760 1 1 113559 0
21761 21761 1 1 113656 0
21762 21762 1 1 113753 0
21763 21763 1 1 113850 0
21764 21764 1 1 113947 0
21765 21765 1 1 114044 0
21766 21766 1 1 114141 0
21767 21767 1 1 114238 0
21768 21768 1 1 114335 0
21769 21769 1 1 114432 0
21770 21770 1 1 114529 0
21771 21771 1 1 114626 0
21772 21772 1 1 114723 0
21773 21773 1 1 114820 0
21774 21774 1 1 114917 0
21775 21775 1 1 115014 0
21776 21776 1 1 115111 0
21777 21777 1 1 115208 0
21778 21778 1 1 115305 0
21779 21779 1 1 115402 0
21780 21780 1 1 115499 0
21781 21781 1 1 115596 0
21782 21782 1 1 115693 0
21783 21783 1 1 115790 0
21784 21784 1 1 115887 0
21785 21785 1 1 115984 0
21786 21786 1 1 116081 0
21787 21787 1 1 116178 0
21788 21788 1 1 116275 0
21789 21789 1 1 116372 0
21790 21790 1 1 116469 0
21791 21791 1 1 116566 0
21792 21792 1 1 116663 0
21793 21793 1 1 116760 0
21794 21794 1 1 116857 0
21795 21795 1 1 116954 0
21796 21796 1 1 117051 0
21797 21797 1 1 117148 0
21798 21798 1 1 117245 0
21799 21799 1 1 117342 0
21800 21800 1 1 117439 0
21801 21801 1 1 117536 0
21802 21802 1 1 117633 0
21803 21803 1 1 117730 0
21804 21804 1 1 117827 0
21805 21805 1 1 117924 0
21806 21806 1 1 118021 0
21807 21807 1 1 118118 0
21808 21808 1 1 118215 0
21809 21809 1 1 118312 0
21810 21810 1 1 118409 0
21811 21811 1 1 118506 0
21812 21812 1 1 118603 0
21813 21813 1 1 118700 0
21814 21814 1 1 118797 0
21815 21815 1 1 118894 0
21816 21816 1 1 118991 0
21817 21817 1 1 119088 0
21818 21818 1 1 119185 0
21819 21819 1 1 119282 0
21820 21820 1 1 119379 0
21821 21821 1 1 119476 0
21822 21822 1 1 119573 0
21823 21823 1 1 119670 0
21824 21824 1 1 119767 0
21825 21825 1 1 119864 0
21826 21826 1 1 119961 0
21827 21827 1 1 120058 0
21828 21828 1 1 120155 0
21829 21829 1 1 120252 0
21830 21830 1 1 120349 0
21831 21831 1 1 120446 0
21832 21832 1 1 120543 0
21833 21833 1 1 120640 0
21834 21834 1 1 120737 0
21835 21835 1 1 120834 0
21836 21836 1 1 120931 0
21837 21837 1 1 121028 0
21838 21838 1 1 121125 0
21839 21839 1 1 121222 0
21840 21840 1 1 121319 0
21841 21841 1 1 121416 0
21842 21842 1 1 121513 0
21843 21843 1 1 121610 0
21844 21844 1 1 121707 0
21845 21845 1 1 121804 0
21846 21846 1 1 121901 0
21847 21847 1 1 121998 0
21848 21848 1 1 122095 0
21849 21849 1 1 122192 0
21850 21850 1 1 122289 0
21851 21851 1 1 122386 0
21852 21852 1 1 122483 0
21853 21853 1 1 122580 0
21854 21854 1 1 122677 0
21855 21855 1 1 122774 0
21856 21856 1 1 122871 0
21857 21857 1 1 122968 0
21858 21858 1 1 123065 0
21859 21859 1 1 123162 0
21860 21860 1 1 123259 0
21861 21861 1 1 123356 0
21862 21862 1 1 123453 0
21863 21863 1 1 123550 0
21864 21864 1 1 123647 0
21865 21865 1 1 123744 0
21866 21866 1 1 123841 0
21867 21867 1 1 123938 0
21868 21868 1 1 124035 0
21869 21869 1 1 124132 0
21870 21870 1 1 124229 0
21871 21871 1 1 124326 0
21872 21872 1 1 124423 0
21873 21873 1 1 124520 0
21874 21874 1 1 124617 0
21875 21875 1 1 124714 0
21876 21876 1 1 124811 0
21877 21877 1 1 124908 0
21878 21878 1 1 125005 0
21879 21879 1 1 125102 0
21880 21880 1 1 125199 0
21881 21881 1 1 125296 0
21882 21882 1 1 125393 0
21883 21883 1 1 125490 0
21884 21884 1 1 125587 0
21885 21885 1 1 125684 0
21886 21886 1 1 125781 0
21887 21887 1 1 125878 0
21888 21888 1 1 125975 0
21889 21889 1 1 126072 0
21890 21890 1 1 126169 0
21891 21891 1 1 126266 0
21892 21892 1 1 126363 0
21893 21893 1 1 126460 0
21894 21894 1 1 126557 0
21895 21895 1 1 126654 0
21896 21896 1 1 126751 0
21897 21897 1 1 126848 0
21898 21898 1 1 126945 0
21899 21899 1 1 127042 0
21900 21900 1 1 127139 0
21901 21901 1 1 127236 0
21902 21902 1 1 127333 0
21903 21903 1 1 127430 0
21904 21904 1 1 127527 0
21905 21905 1 1 127624 0
21906 21906 1 1 127721 0
21907 21907 1 1 127818 0
21908 21908 1 1 127915 0
21909 21909 1 1 128012 0
21910 21910 1 1 128109 0
21911 21911 1 1 128206 0
21912 21912 1 1 128303 0
21913 21913 1 1 128400 0
21914 21914 1 1 128497 0
21915 21915 1 1 128594 0
21916 21916 1 1 128691 0
21917 21917 1 1 128788 0
21918 21918 1 1 128885 0
21919 21919 1 1 128982 0
21920 21920 1 1 129079 0
21921 21921 1 1 129176 0
21922 21922 1 1 129273 0
21923 21923 1 1 129370 0
21924 21924 1 1 129467 0
21925 21925 1 1 129564 0
21926 21926 1 1 129661 0
21927 21927 1 1 129758 0
21928 21928 1 1 129855 0
21929 21929 1 1 129952 0
21930 21930 1 1 130049 0
21931 21931 1 1 130146 0
21932 21932 1 1 130243 0
21933 21933 1 1 130340 0
21934 21934 1 1 130437 0
21935 21935 1 1 130534 0
21936 21936 1 1 130631 0
21937 21937 1 1 130728 0
21938 21938 1 1 130825 0
21939 21939 1 1 130922 0
21940 21940 1 1 131019 0
21941 21941 1 1 131116 0
21942 21942 1 1 131213 0
21943 21943 1 1 131310 0
21944 21944 1 1 131407 0
21945 21945 1 1 131504 0
21946 21946 1 1 131601 0
21947 21947 1 1 131698 0
21948 21948 1 1 131795 0
21949 21949 1 1 131892 0
21950 21950 1 1 131989 0
21951 21951 1 1 132086 0
21952 21952 1 1 132183 0
21953 21953 1 1 132280 0
21954 21954 1 1 132377 0
21955 21955 1 1 132474 0
21956 21956 1 1 132571 0
21957 21957 1 1 132668 0
21958 21958 1 1 132765 0
21959 21959 1 1 132862 0
21960 21960 1 1 132959 0
21961 21961 1 1 133056 0
21962 21962 1 1 133153 0
21963 21963 1 1 133250 0
21964 21964 1 1 133347 0
21965 21965 1 1 133444 0
21966 21966 1 1 133541 0
21967 21967 1 1 133638 0
21968 21968 1 1 133735 0
21969 21969 1 1 133832 0
21970 21970 1 1 133929 0
21971 21971 1 1 134026 0
21972 21972 1 1 134123 0
21973 21973 1 1 134220 0
21974 21974 1 1 134317 0
21975 21975 1 1 134414 0
21976 21976 1 1 134511 0
21977 21977 1 1 134608 0
21978 21978 1 1 134705 0
21979 21979 1 1 134802 0
21980 21980 1 1 134899 0
21981 21981 1 1 134996 0
21982 21982 1 1 135093 0
21983 21983 1 1 135190 0
21984 21984 1 1 135287 0
21985 21985 1 1 135384 0
21986 21986 1 1 135481 0
21987 21987 1 1 135578 0
21988 21988 1 1 135675 0
21989 21989 1 1 135772 0
21990 21990 1 1 135869 0
21991 21991 1 1 135966 0
21992 21992 1 1 136063 0
21993 21993 1 1 136160 0
21994 21994 1 1 136257 0
21995 21995 1 1 136354 0
21996 21996 1 1 136451 0
21997 21997 1 1 136548 0
21998 21998 1 1 136645 0
21999 21999 1 1 136742 0
22000 22000 1 1 136839 0
22001 22001 1 1 136936 0
22002 22002 1 1 137033 0
22003 22003 1 1 137130 0
22004 22004 1 1 137227 0
22005 22005 1 1 137324 0
22006 22006 1 1 137421 0
22007 22007 1 1 137518 0
22008 22008 1 1 137615 0
22009 22009 1 1 137712 0
22010 22010 1 1 137809 0
22011 22011 1 1 137906 0
22012 22012 1 1 138003 0
22013 22013 1 1 138100 0
22014 22014 1 1 138197 0
22015 22015 1 1 138294 0
22016 22016 1 1 138391 0
22017 22017 1 1 138488 0
22018 22018 1 1 138585 0
22019 22019 1 1 138682 0
22020 22020 1 1 138779 0
22021 22021 1 1 138876 0
22022 22022 1 1 138973 0
22023 22023 1 1 139070 0
22024 22024 1 1 139167 0
22025 22025 1 1 139264 0
22026 22026 1 1 139361 0
22027 22027 1 1 139458 0
22028 22028 1 1 139555 0
22029 22029 1 1 139652 0
22030 22030 1 1 139749 0
22031 22031 1 1 139846 0
22032 22032 1 1 139943 0
22033 22033 1 1 140040 0
22034 22034 1 1 140137 0
22035 22035 1 1 140234 0
22036 22036 1 1 140331 0
22037 22037 1 1 140428 0
22038 22038 1 1 140525 0
22039 22039 1 1 140622 0
22040 22040 1 1 140719 0
22041 22041 1 1 140816 0
22042 22042 1 1 140913 0
22043 22043 1 1 141010 0
22044 22044 1 1 141107 0
22045 22045 1 1 141204 0
22046 22046 1 1 141301 0
22047 22047 1 1 141398 0
22048 22048 1 1 141495 0
22049 22049 1 1 141592 0
22050 22050 1 1 141689 0
22051 22051 1 1 141786 0
22052 22052 1 1 141883 0
22053 22053 1 1 141980 0
22054 22054 1 1 142077 0
22055 22055 1 1 142174 0
22056 22056 1 1 142271 0
22057 22057 1 1 142368 0
22058 22058 1 1 142465 0
22059 22059 1 1 142562 0
22060 22060 1 1 142659 0
22061 22061 1 1 142756 0
22062 22062 1 1 142853 0
22063 22063 1 1 142950 0
22064 22064 1 1 143047 0
22065 22065 1 1 143144 0
22066 22066 1 1 143241 0
22067 22067 1 1 143338 0
22068 22068 1 1 143435 0
22069 22069 1 1 143532 0
22070 22070 1 1 143629 0
22071 22071 1 1 143726 0
22072 22072 1 1 143823 0
22073 22073 1 1 143920 0
22074 22074 1 1 144017 0
22075 22075 1 1 144114 0
22076 22076 1 1 144211 0
22077 22077 1 1 144308 0
22078 22078 1 1 144405 0
22079 22079 1 1 144502 0
22080 22080 1 1 144599 0
22081 22081 1 1 144696 0
22082 22082 1 1 144793 0
22083 22083 1 1 144890 0
22084 22084 1 1 144987 0
22085 22085 1 1 145084 0
22086 22086 1 1 145181 0
22087 22087 1 1 145278 0
22088 22088 1 1 145375 0
22089 22089 1 1 145472 0
22090 22090 1 1 145569 0
22091 22091 1 1 145666 0
22092 22092 1 1 145763 0
22093 22093 1 1 145860 0
22094 22094 1 1 145957 0
22095 22095 1 1 146054 0
22096 22096 1 1 146151 0
22097 22097 1 1 146248 0
22098 22098 1 1 146345 0
22099 22099 1 1 146442 0
22100 22100 1 1 146539 0
22101 22101 1 1 146636 0
22102 22102 1 1 146733 0
22103 22103 1 1 146830 0
22104 22104 1 1 146927 0
22105 22105 1 1 147024 0
22106 22106 1 1 147121 0
22107 22107 1 1 147218 0
22108 22108 1 1 147315 0
22109 22109 1 1 147412 0
22110 22110 1 1 147509 0
22111 22111 1 1 147606 0
22112 22112 1 1 147703 0
22113 22113 1 1 147800 0
22114 22114 1 1 147897 0
22115 22115 1 1 147994 0
22116 22116 1 1 148091 0
22117 22117 1 1 148188 0
22118 22118 1 1 148285 0
22119 22119 1 1 148382 0
22120 22120 1 1 148479 0
22121 22121 1 1 148576 0
22122 22122 1 1 148673 0
22123 22123 1 1 148770 0
22124 22124 1 1 148867 0
22125 22125 1 1 148964 0
22126 22126 1 1 149061 0
22127 22127 1 1 149158 0
22128 22128 1 1 149255 0
22129 22129 1 1 149352 0
22130 22130 1 1 149449 0
22131 22131 1 1 149546 0
22132 22132 1 1 149643 0
22133 22133 1 1 149740 0
22134 22134 1 1 149837 0
22135 22135 1 1 149934 0
22136 22136 1 1 150031 0
22137 22137 1 1 150128 0
22138 22138 1 1 150225 0
22139 22139 1 1 150322 0
22140 22140 1 1 150419 0
22141 22141 1 1 150516 0
22142 22142 1 1 150613 0
22143 22143 1 1 150710 0
22144 22144 1 1 150807 0
22145 22145 1 1 150904 0
22146 22146 1 1 151001 0
22147 22147 1 1 151098 0
22148 22148 1 1 151195 0
22149 22149 1 1 151292 0
22150 22150 1 1 151389 0
22151 22151 1 1 151486 0
22152 22152 1 1 151583 0
22153 22153 1 1 151680 0
22154 22154 1 1 151777 0
22155 22155 1 1 151874 0
22156 22156 1 1 151971 0
22157 22157 1 1 152068 0
22158 22158 1 1 152165 0
22159 22159 1 1 152262 0
22160 22160 1 1 152359 0
22161 22161 1 1 152456 0
22162 22162 1 1 152553 0
22163 22163 1 1 152650 0
22164 22164 1 1 152747 0
22165 22165 1 1 152844 0
22166 22166 1 1 152941 0
22167 22167 1 1 153038 0
22168 22168 1 1 153135 0
22169 22169 1 1 153232 0
22170 22170 1 1 153329 0
22171 22171 1 1 153426 0
22172 22172 1 1 153523 0
22173 22173 1 1 153620 0
22174 22174 1 1 153717 0
22175 22175 1 1 153814 0
22176 22176 1 1 153911 0
22177 22177 1 1 154008 0
22178 22178 1 1 154105 0
22179 22179 1 1 154202 0
22180 22180 1 1 154299 0
22181 22181 1 1 154396 0
22182 22182 1 1 154493 0
22183 22183 1 1 154590 0
22184 22184 1 1 154687 0
22185 22185 1 1 154784 0
22186 22186 1 1 154881 0
22187 22187 1 1 154978 0
22188 22188 1 1 155075 0
22189 22189 1 1 155172 0
22190 22190 1 1 155269 0
22191 22191 1 1 155366 0
22192 22192 1 1 155463 0
22193 22193 1 1 155560 0
22194 22194 1 1 155657 0
22195 22195 1 1 155754 0
22196 22196 1 1 155851 0
22197 22197 1 1 155948 0
22198 22198 1 1 156045 0
22199 22199 1 1 156142 0
22200 22200 1 1 156239 0
22201 22201 1 1 156336 0
22202 22202 1 1 156433 0
22203 22203 1 1 156530 0
22204 22204 1 1 156627 0
22205 22205 1 1 156724 0
22206 22206 1 1 156821 0
22207 22207 1 1 156918 0
22208 22208 1 1 157015 0
22209 22209 1 1 157112 0
22210 22210 1 1 157209 0
22211 22211 1 1 157306 0
22212 22212 1 1 157403 0
22213 22213 1 1 157500 0
22214 22214 1 1 157597 0
22215 22215 1 1 157694 0
22216 22216 1 1 157791 0
22217 22217 1 1 157888 0
22218 22218 1 1 157985 0
22219 22219 1 1 158082 0
22220 22220 1 1 158179 0
22221 22221 1 1 158276 0
22222 22222 1 1 158373 0
22223 22223 1 1 158470 0
22224 22224 1 1 158567 0
22225 22225 1 1 158664 0
22226 22226 1 1 158761 0
22227 22227 1 1 158858 0
22228 22228 1 1 158955 0
22229 22229 1 1 159052 0
22230 22230 1 1 159149 0
22231 22231 1 1 159246 0
22232 22232 1 1 159343 0
22233 22233 1 1 159440 0
22234 22234 1 1 159537 0
22235 22235 1 1 159634 0
22236 22236 1 1 159731 0
22237 22237 1 1 159828 0
22238 22238 1 1 159925 0
22239 22239 1 1 160022 0
22240 22240 1 1 160119 0
22241 22241 1 1 160216 0
22242 22242 1 1 160313 0
22243 22243 1 1 160410 0
22244 22244 1 1 160507 0
22245 22245 1 1 160604 0
22246 22246 1 1 160701 0
22247 22247 1 1 160798 0
22248 22248 1 1 160895 0
22249 22249 1 1 160992 0
22250 22250 1 1 161089 0
22251 22251 1 1 161186 0
22252 22252 1 1 161283 0
22253 22253 1 1 161380 0
22254 22254 1 1 161477 0
22255 22255 1 1 161574 0
22256 22256 1 1 161671 0
22257 22257 1 1 161768 0
22258 22258 1 1 161865 0
22259 22259 1 1 161962 0
22260 22260 1 1 162059 0
22261 22261 1 1 162156 0
22262 22262 1 1 162253 0
22263 22263 1 1 162350 0
22264 22264 1 1 162447 0
22265 22265 1 1 162544 0
22266 22266 1 1 162641 0
22267 22267 1 1 162738 0
22268 22268 1 1 162835 0
22269 22269 1 1 162932 0
22270 22270 1 1 163029 0
22271 22271 1 1 163126 0
22272 22272 1 1 163223 0
22273 22273 1 1 163320 0
22274 22274 1 1 163417 0
22275 22275 1 1 163514 0
22276 22276 1 1 163611 0
22277 22277 1 1 163708 0
22278 22278 1 1 163805 0
22279 22279 1 1 163902 0
22280 22280 1 1 163999 0
22281 22281 1 1 164096 0
22282 22282 1 1 164193 0
22283 22283 1 1 164290 0
22284 22284 1 1 164387 0
22285 22285 1 1 164484 0
22286 22286 1 1 164581 0
22287 22287 1 1 164678 0
22288 22288 1 1 164775 0
22289 22289 1 1 164872 0
22290 22290 1 1 164969 0
22291 22291 1 1 165066 0
22292 22292 1 1 165163 0
22293 22293 1 1 165260 0
22294 22294 1 1 165357 0
22295 22295 1 1 165454 0
22296 22296 1 1 165551 0
22297 22297 1 1 165648 0
22298 22298 1 1 165745 0
22299 22299 1 1 165842 0
22300 22300 1 1 165939 0
22301 22301 1 1 166036 0
22302 22302 1 1 166133 0
22303 22303 1 1 166230 0
22304 22304 1 1 166327 0
22305 22305 1 1 166424 0
22306 22306 1 1 166521 0
22307 22307 1 1 166618 0
22308 22308 1 1 166715 0
22309 22309 1 1 166812 0
22310 22310 1 1 166909 0
22311 22311 1 1 167006 0
22312 22312 1 1 167103 0
22313 22313 1 1 167200 0
22314 22314 1 1 167297 0
22315 22315 1 1 167394 0
22316 22316 1 1 167491 0
22317 22317 1 1 167588 0
22318 22318 1 1 167685 0
22319 22319 1 1 167782 0
22320 22320 1 1 167879 0
22321 22321 1 1 167976 0
22322 22322 1 1 168073 0
22323 22323 1 1 168170 0
22324 22324 1 1 168267 0
22325 22325 1 1 168364 0
22326 22326 1 1 168461 0
22327 22327 1 1 168558 0
22328 22328 1 1 168655 0
22329 22329 1 1 168752 0
22330 22330 1 1 168849 0
22331 22331 1 1 168946 0
22332 22332 1 1 169043 0
22333 22333 1 1 169140 0
22334 22334 1 1 169237 0
22335 22335 1 1 169334 0
22336 22336 1 1 169431 0
22337 22337 1 1 169528 0
22338 22338 1 1 169625 0
22339 22339 1 1 169722 0
22340 22340 1 1 169819 0
22341 22341 1 1 169916 0
22342 22342 1 1 170013 0
22343 22343 1 1 170110 0
22344 22344 1 1 170207 0
22345 22345 1 1 170304 0
22346 22346 1 1 170401 0
22347 22347 1 1 170498 0
22348 22348 1 1 170595 0
22349 22349 1 1 170692 0
22350 22350 1 1 170789 0
22351 22351 1 1 170886 0
22352 22352 1 1 170983 0
22353 22353 1 1 171080 0
22354 22354 1 1 171177 0
22355 22355 1 1 171274 0
22356 22356 1 1 171371 0
22357 22357 1 1 171468 0
22358 22358 1 1 171565 0
22359 22359 1 1 171662 0
22360 22360 1 1 171759 0
22361 22361 1 1 171856 0
22362 22362 1 1 171953 0
22363 22363 1 1 172050 0
22364 22364 1 1 172147 0
22365 22365 1 1 172244 0
22366 22366 1 1 172341 0
22367 22367 1 1 172438 0
22368 22368 1 1 172535 0
22369 22369 1 1 172632 0
22370 22370 1 1 172729 0
22371 22371 1 1 172826 0
22372 22372 1 1 172923 0
22373 22373 1 1 173020 0
22374 22374 1 1 173117 0
22375 22375 1 1 173214 0
22376 22376 1 1 173311 0
22377 22377 1 1 173408 0
22378 22378 1 1 173505 0
22379 22379 1 1 173602 0
22380 22380 1 1 173699 0
22381 22381 1 1 173796 0
22382 22382 1 1 173893 0
22383 22383 1 1 173990 0
22384 22384 1 1 174087 0
22385 22385 1 1 174184 0
22386 22386 1 1 174281 0
22387 22387 1 1 174378 0
22388 22388 1 1 174475 0
22389 22389 1 1 174572 0
22390 22390 1 1 174669 0
22391 22391 1 1 174766 0
22392 22392 1 1 174863 0
22393 22393 1 1 174960 0
22394 22394 1 1 175057 0
22395 22395 1 1 175154 0
22396 22396 1 1 175251 0
22397 22397 1 1 175348 0
22398 22398 1 1 175445 0
22399 22399 1 1 175542 0
22400 22400 1 1 175639 0
22401 22401 1 1 175736 0
22402 22402 1 1 175833 0
22403 22403 1 1 175930 0
22404 22404 1 1 176027 0
22405 22405 1 1 176124 0
22406 22406 1 1 176221 0
22407 22407 1 1 176318 0
22408 22408 1 1 176415 0
22409 22409 1 1 176512 0
22410 22410 1 1 176609 0
22411 22411 1 1 176706 0
22412 22412 1 1 176803 0
22413 22413 1 1 176900 0
22414 22414 1 1 176997 0
22415 22415 1 1 177094 0
22416 22416 1 1 177191 0
22417 22417 1 1 177288 0
22418 22418 1 1 177385 0
22419 22419 1 1 177482 0
22420 22420 1 1 177579 0
22421 22421 1 1 177676 0
22422 22422 1 1 177773 0
22423 22423 1 1 177870 0
22424 22424 1 1 177967 0
22425 22425 1 1 178064 0
22426 22426 1 1 178161 0
22427 22427 1 1 178258 0
22428 22428 1 1 178355 0
22429 22429 1 1 178452 0
22430 22430 1 1 178549 0
22431 22431 1 1 178646 0
22432 22432 1 1 178743 0
22433 22433 1 1 178840 0
22434 22434 1 1 178937 0
22435 22435 1 1 179034 0
22436 22436 1 1 179131 0
22437 22437 1 1 179228 0
22438 22438 1 1 179325 0
22439 22439 1 1 179422 0
22440 22440 1 1 179519 0
22441 22441 1 1 179616 0
22442 22442 1 1 179713 0
22443 22443 1 1 179810 0
22444 22444 1 1 179907 0
22445 22445 1 1 180004 0
22446 22446 1 1 180101 0
22447 22447 1 1 180198 0
22448 22448 1 1 180295 0
22449 22449 1 1 180392 0
22450 22450 1 1 180489 0
22451 22451 1 1 180586 0
22452 22452 1 1 180683 0
22453 22453 1 1 180780 0
22454 22454 1 1 180877 0
22455 22455 1 1 180974 0
22456 22456 1 1 181071 0
22457 22457 1 1 181168 0
22458 22458 1 1 181265 0
22459 22459 1 1 181362 0
22460 22460 1 1 181459 0
22461 22461 1 1 181556 0
22462 22462 1 1 181653 0
22463 22463 1 1 181750 0
22464 22464 1 1 181847 0
22465 22465 1 1 181944 0
22466 22466 1 1 182041 0
22467 22467 1 1 182138 0
22468 22468 1 1 182235 0
22469 22469 1 1 182332 0
22470 22470 1 1 182429 0
22471 22471 1 1 182526 0
22472 22472 1 1 182623 0
22473 22473 1 1 182720 0
22474 22474 1 1 182817 0
22475 22475 1 1 182914 0
22476 22476 1 1 183011 0
22477 22477 1 1 183108 0
22478 22478 1 1 183205 0
22479 22479 1 1 183302 0
22480 22480 1 1 183399 0
22481 22481 1 1 183496 0
22482 22482 1 1 183593 0
22483 22483 1 1 183690 0
22484 22484 1 1 183787 0
22485 22485 1 1 183884 0
22486 22486 1 1 183981 0
22487 22487 1 1 184078 0
22488 22488 1 1 184175 0
22489 22489 1 1 184272 0
22490 22490 1 1 184369 0
22491 22491 1 1 184466 0
22492 22492 1 1 184563 0
22493 22493 1 1 184660 0
22494 22494 1 1 184757 0
22495 22495 1 1 184854 0
22496 22496 1 1 184951 0
22497 22497 1 1 185048 0
22498 22498 1 1 185145 0
22499 22499 1 1 185242 0
22500 22500 1 1 185339 0
22501 22501 1 1 185436 0
22502 22502 1 1 185533 0
22503 22503 1 1 185630 0
22504 22504 1 1 185727 0
22505 22505 1 1 185824 0
22506 22506 1 1 185921 0
22507 22507 1 1 186018 0
22508 22508 1 1 186115 0
22509 22509 1 1 186212 0
22510 22510 1 1 186309 0
22511 22511 1 1 186406 0
22512 22512 1 1 186503 0
22513 22513 1 1 186600 0
22514 22514 1 1 186697 0
22515 22515 1 1 186794 0
22516 22516 1 1 186891 0
22517 22517 1 1 186988 0
22518 22518 1 1 187085 0
22519 22519 1 1 187182 0
22520 22520 1 1 187279 0
22521 22521 1 1 187376 0
22522 22522 1 1 187473 0
22523 22523 1 1 187570 0
22524 22524 1 1 187667 0
22525 22525 1 1 187764 0
22526 22526 1 1 187861 0
22527 22527 1 1 187958 0
22528 22528 1 1 188055 0
22529 22529 1 1 188152 0
22530 22530 1 1 188249 0
22531 22531 1 1 188346 0
22532 22532 1 1 188443 0
22533 22533 1 1 188540 0
22534 22534 1 1 188637 0
22535 22535 1 1 188734 0
22536 22536 1 1 188831 0
22537 22537 1 1 188928 0
22538 22538 1 1 189025 0
22539 22539 1 1 189122 0
22540 22540 1 1 189219 0
22541 22541 1 1 189316 0
22542 22542 1 1 189413 0
22543 22543 1 1 189510 0
22544 22544 1 1 189607 0
22545 22545 1 1 189704 0
22546 22546 1 1 189801 0
22547 22547 1 1 189898 0
22548 22548 1 1 189995 0
22549 22549 1 1 190092 0
22550 22550 1 1 190189 0
22551 22551 1 1 190286 0
22552 22552 1 1 190383 0
22553 22553 1 1 190480 0
22554 22554 1 1 190577 0
22555 22555 1 1 190674 0
22556 22556 1 1 190771 0
22557 22557 1 1 190868 0
22558 22558 1 1 190965 0
22559 22559 1 1 191062 0
22560 22560 1 1 191159 0
22561 22561 1 1 191256 0
22562 22562 1 1 191353 0
22563 22563 1 1 191450 0
22564 22564 1 1 191547 0
22565 22565 1 1 191644 0
22566 22566 1 1 191741 0
22567 22567 1 1 191838 0
22568 22568 1 1 191935 0
22569 22569 1 1 192032 0
22570 22570 1 1 192129 0
22571 22571 1 1 192226 0
22572 22572 1 1 192323 0
22573 22573 1 1 192420 0
22574 22574 1 1 192517 0
22575 22575 1 1 192614 0
22576 22576 1 1 192711 0
22577 22577 1 1 192808 0
22578 22578 1 1 192905 0
22579 22579 1 1 193002 0
22580 22580 1 1 193099 0
22581 22581 1 1 193196 0
22582 22582 1 1 193293 0
22583 22583 1 1 193390 0
22584 22584 1 1 193487 0
22585 22585 1 1 193584 0
22586 22586 1 1 193681 0
22587 22587 1 1 193778 0
22588 22588 1 1 193875 0
22589 22589 1 1 193972 0
22590 22590 1 1 194069 0
22591 22591 1 1 194166 0
22592 22592 1 1 194263 0
22593 22593 1 1 194360 0
22594 22594 1 1 194457 0
22595 22595 1 1 194554 0
22596 22596 1 1 194651 0
22597 22597 1 1 194748 0
22598 22598 1 1 194845 0
22599 22599 1 1 194942 0
22600 22600 1 1 195039 0
22601 22601 1 1 195136 0
22602 22602 1 1 195233 0
22603 22603 1 1 195330 0
22604 22604 1 1 195427 0
22605 22605 1 1 195524 0
22606 22606 1 1 195621 0
22607 22607 1 1 195718 0
22608 22608 1 1 195815 0
22609 22609 1 1 195912 0
22610 22610 1 1 196009 0
22611 22611 1 1 196106 0
22612 22612 1 1 196203 0
22613 22613 1 1 196300 0
22614 22614 1 1 196397 0
22615 22615 1 1 196494 0
22616 22616 1 1 196591 0
22617 22617 1 1 196688 0
22618 22618 1 1 196785 0
22619 22619 1 1 196882 0
22620 22620 1 1 196979 0
22621 22621 1 1 197076 0
22622 22622 1 1 197173 0
22623 22623 1 1 197270 0
22624 22624 1 1 197367 0
22625 22625 1 1 197464 0
22626 22626 1 1 197561 0
22627 22627 1 1 197658 0
22628 22628 1 1 197755 0
22629 22629 1 1 197852 0
22630 22630 1 1 197949 0
22631 22631 1 1 198046 0
22632 22632 1 1 198143 0
22633 22633 1 1 198240 0
22634 22634 1 1 198337 0
22635 22635 1 1 198434 0
22636 22636 1 1 198531 0
22637 22637 1 1 198628 0
22638 22638 1 1 198725 0
22639 22639 1 1 198822 0
22640 22640 1 1 198919 0
22641 22641 1 1 199016 0
22642 22642 1 1 199113 0
22643 22643 1 1 199210 0
22644 22644 1 1 199307 0
22645 22645 1 1 199404 0
22646 22646 1 1 199501 0
22647 22647 1 1 199598 0
22648 22648 1 1 199695 0
22649 22649 1 1 199792 0
22650 22650 1 1 199889 0
22651 22651 1 1 199986 0
22652 22652 1 1 200083 0
22653 22653 1 1 200180 0
22654 22654 1 1 200277 0
22655 22655 1 1 200374 0
22656 22656 1 1 200471 0
22657 22657 1 1 200568 0
22658 22658 1 1 200665 0
22659 22659 1 1 200762 0
22660 22660 1 1 200859 0
22661 22661 1 1 200956 0
22662 22662 1 1 201053 0
22663 22663 1 1 201150 0
22664 22664 1 1 201247 0
22665 22665 1 1 201344 0
22666 22666 1 1 201441 0
22667 22667 1 1 201538 0
22668 22668 1 1 201635 0
22669 22669 1 1 201732 0
22670 22670 1 1 201829 0
22671 22671 1 1 201926 0
22672 22672 1 1 202023 0
22673 22673 1 1 202120 0
22674 22674 1 1 202217 0
22675 22675 1 1 202314 0
22676 22676 1 1 202411 0
22677 22677 1 1 202508 0
22678 22678 1 1 202605 0
22679 22679 1 1 202702 0
22680 22680 1 1 202799 0
22681 22681 1 1 202896 0
22682 22682 1 1 202993 0
22683 22683 1 1 203090 0
22684 22684 1 1 203187 0
22685 22685 1 1 203284 0
22686 22686 1 1 203381 0
22687 22687 1 1 203478 0
22688 22688 1 1 203575 0
22689 22689 1 1 203672 0
22690 22690 1 1 203769 0
22691 22691 1 1 203866 0
22692 22692 1 1 203963 0
22693 22693 1 1 204060 0
22694 22694 1 1 204157 0
22695 22695 1 1 204254 0
22696 22696 1 1 204351 0
22697 22697 1 1 204448 0
22698 22698 1 1 204545 0
22699 22699 1 1 204642 0
22700 22700 1 1 204739 0
22701 22701 1 1 204836 0
22702 22702 1 1 204933 0
22703 22703 1 1 205030 0
22704 22704 1 1 205127 0
22705 22705 1 1 205224 0
22706 22706 1 1 205321 0
22707 22707 1 1 205418 0
22708 22708 1 1 205515 0
22709 22709 1 1 205612 0
22710 22710 1 1 205709 0
22711 22711 1 1 205806 0
22712 22712 1 1 205903 0
22713 22713 1 1 206000 0
22714 22714 1 1 206097 0
22715 22715 1 1 206194 0
22716 22716 1 1 206291 0
22717 22717 1 1 206388 0
22718 22718 1 1 206485 0
22719 22719 1 1 206582 0
22720 22720 1 1 206679 0
22721 22721 1 1 206776 0
22722 22722 1 1 206873 0
22723 22723 1 1 206970 0
22724 22724 1 1 207067 0
22725 22725 1 1 207164 0
22726 22726 1 1 207261 0
22727 22727 1 1 207358 0
22728 22728 1 1 207455 0
22729 22729 1 1 207552 0
22730 22730 1 1 207649 0
22731 22731 1 1 207746 0
22732 22732 1 1 207843 0
22733 22733 1 1 207940 0
22734 22734 1 1 208037 0
22735 22735 1 1 208134 0
22736 22736 1 1 208231 0
22737 22737 1 1 208328 0
22738 22738 1 1 208425 0
22739 22739 1 1 208522 0
22740 22740 1 1 208619 0
22741 22741 1 1 208716 0
22742 22742 1 1 208813 0
22743 22743 1 1 208910 0
22744 22744 1 1 209007 0
22745 22745 1 1 209104 0
22746 22746 1 1 209201 0
22747 22747 1 1 209298 0
22748 22748 1 1 209395 0
22749 22749 1 1 209492 0
22750 22750 1 1 209589 0
22751 22751 1 1 209686 0
22752 22752 1 1 209783 0
22753 22753 1 1 209880 0
22754 22754 1 1 209977 0
22755 22755 1 1 210074 0
22756 22756 1 1 210171 0
22757 22757 1 1 210268 0
22758 22758 1 1 210365 0
22759 22759 1 1 210462 0
22760 22760 1 1 210559 0
22761 22761 1 1 210656 0
22762 22762 1 1 210753 0
22763 22763 1 1 210850 0
22764 22764 1 1 210947 0
22765 22765 1 1 211044 0
22766 22766 1 1 211141 0
22767 22767 1 1 211238 0
22768 22768 1 1 211335 0
22769 22769 1 1 211432 0
22770 22770 1 1 211529 0
22771 22771 1 1 211626 0
22772 22772 1 1 211723 0
22773 22773 1 1 211820 0
22774 22774 1 1 211917 0
22775 22775 1 1 212014 0
22776 22776 1 1 212111 0
22777 22777 1 1 212208 0
22778 22778 1 1 212305 0
22779 22779 1 1 212402 0
22780 22780 1 1 212499 0
22781 22781 1 1 212596 0
22782 22782 1 1 212693 0
22783 22783 1 1 212790 0
22784 22784 1 1 212887 0
22785 22785 1 1 212984 0
22786 22786 1 1 213081 0
22787 22787 1 1 213178 0
22788 22788 1 1 213275 0
22789 22789 1 1 213372 0
22790 22790 1 1 213469 0
22791 22791 1 1 213566 0
22792 22792 1 1 213663 0
22793 22793 1 1 213760 0
22794 22794 1 1 213857 0
22795 22795 1 1 213954 0
22796 22796 1 1 214051 0
22797 22797 1 1 214148 0
22798 22798 1 1 214245 0
22799 22799 1 1 214342 0
22800 22800 1 1 214439 0
22801 22801 1 1 214536 0
22802 22802 1 1 214633 0
22803 22803 1 1 214730 0
22804 22804 1 1 214827 0
22805 22805 1 1 214924 0
22806 22806 1 1 215021 0
22807 22807 1 1 215118 0
22808 22808 1 1 215215 0
22809 22809 1 1 215312 0
22810 22810 1 1 215409 0
22811 22811 1 1 215506 0
22812 22812 1 1 215603 0
22813 22813 1 1 215700 0
22814 22814 1 1 215797 0
22815 22815 1 1 215894 0
22816 22816 1 1 215991 0
22817 22817 1 1 216088 0
22818 22818 1 1 216185 0
22819 22819 1 1 216282 0
22820 22820 1 1 216379 0
22821 22821 1 1 216476 0
22822 22822 1 1 216573 0
22823 22823 1 1 216670 0
22824 22824 1 1 216767 0
22825 22825 1 1 216864 0
22826 22826 1 1 216961 0
22827 22827 1 1 217058 0
22828 22828 1 1 217155 0
22829 22829 1 1 217252 0
22830 22830 1 1 217349 0
22831 22831 1 1 217446 0
22832 22832 1 1 217543 0
22833 22833 1 1 217640 0
22834 22834 1 1 217737 0
22835 22835 1 1 217834 0
22836 22836 1 1 217931 0
22837 22837 1 1 218028 0
22838 22838 1 1 218125 0
22839 22839 1 1 218222 0
22840 22840 1 1 218319 0
22841 22841 1 1 218416 0
22842 22842 1 1 218513 0
22843 22843 1 1 218610 0
22844 22844 1 1 218707 0
22845 22845 1 1 218804 0
22846 22846 1 1 218901 0
22847 22847 1 1 218998 0
22848 22848 1 1 219095 0
22849 22849 1 1 219192 0
22850 22850 1 1 219289 0
22851 22851 1 1 219386 0
22852 22852 1 1 219483 0
22853 22853 1 1 219580 0
22854 22854 1 1 219677 0
22855 22855 1 1 219774 0
22856 22856 1 1 219871 0
22857 22857 1 1 219968 0
22858 22858 1 1 220065 0
22859 22859 1 1 220162 0
22860 22860 1 1 220259 0
22861 22861 1 1 220356 0
22862 22862 1 1 220453 0
22863 22863 1 1 220550 0
22864 22864 1 1 220647 0
22865 22865 1 1 220744 0
22866 22866 1 1 220841 0
22867 22867 1 1 220938 0
22868 22868 1 1 221035 0
22869 22869 1 1 221132 0
22870 22870 1 1 221229 0
22871 22871 1 1 221326 0
22872 22872 1 1 221423 0
22873 22873 1 1 221520 0
22874 22874 1 1 221617 0
22875 22875 1 1 221714 0
22876 22876 1 1 221811 0
22877 22877 1 1 221908 0
22878 22878 1 1 222005 0
22879 22879 1 1 222102 0
22880 22880 1 1 222199 0
22881 22881 1 1 222296 0
22882 22882 1 1 222393 0
22883 22883 1 1 222490 0
22884 22884 1 1 222587 0
22885 22885 1 1 222684 0
22886 22886 1 1 222781 0
22887 22887 1 1 222878 0
22888 22888 1 1 222975 0
22889 22889 1 1 223072 0
22890 22890 1 1 223169 0
22891 22891 1 1 223266 0
22892 22892 1 1 223363 0
22893 22893 1 1 223460 0
22894 22894 1 1 223557 0
22895 22895 1 1 223654 0
22896 22896 1 1 223751 0
22897 22897 1 1 223848 0
22898 22898 1 1 223945 0
22899 22899 1 1 224042 0
22900 22900 1 1 224139 0
22901 22901 1 1 224236 0
22902 22902 1 1 224333 0
22903 22903 1 1 224430 0
22904 22904 1 1 224527 0
22905 22905 1 1 224624 0
22906 22906 1 1 224721 0
22907 22907 1 1 224818 0
22908 22908 1 1 224915 0
22909 22909 1 1 225012 0
22910 22910 1 1 225109 0
22911 22911 1 1 225206 0
22912 22912 1 1 225303 0
22913 22913 1 1 225400 0
22914 22914 1 1 225497 0
22915 22915 1 1 225594 0
22916 22916 1 1 225691 0
22917 22917 1 1 225788 0
22918 22918 1 1 225885 0
22919 22919 1 1 225982 0
22920 22920 1 1 226079 0
22921 22921 1 1 226176 0
22922 22922 1 1 226273 0
22923 22923 1 1 226370 0
22924 22924 1 1 226467 0
22925 22925 1 1 226564 0
22926 22926 1 1 226661 0
22927 22927 1 1 226758 0
22928 22928 1 1 226855 0
22929 22929 1 1 226952 0
22930 22930 1 1 227049 0
22931 22931 1 1 227146 0
22932 22932 1 1 227243 0
22933 22933 1 1 227340 0
22934 22934 1 1 227437 0
22935 22935 1 1 227534 0
22936 22936 1 1 227631 0
22937 22937 1 1 227728 0
22938 22938 1 1 227825 0
22939 22939 1 1 227922 0
22940 22940 1 1 228019 0
22941 22941 1 1 228116 0
22942 22942 1 1 228213 0
22943 22943 1 1 228310 0
22944 22944 1 1 228407 0
22945 22945 1 1 228504 0
22946 22946 1 1 228601 0
22947 22947 1 1 228698 0
22948 22948 1 1 228795 0
22949 22949 1 1 228892 0
22950 22950 1 1 228989 0
22951 22951 1 1 229086 0
22952 22952 1 1 229183 0
22953 22953 1 1 229280 0
22954 22954 1 1 229377 0
22955 22955 1 1 229474 0
22956 22956 1 1 229571 0
22957 22957 1 1 229668 0
22958 22958 1 1 229765 0
22959 22959 1 1 229862 0
22960 22960 1 1 229959 0
22961 22961 1 1 230056 0
22962 22962 1 1 230153 0
22963 22963 1 1 230250 0
22964 22964 1 1 230347 0
22965 22965 1 1 230444 0
22966 22966 1 1 230541 0
22967 22967 1 1 230638 0
22968 22968 1 1 230735 0
22969 22969 1 1 230832 0
22970 22970 1 1 230929 0
22971 22971 1 1 231026 0
22972 22972 1 1 231123 0
22973 22973 1 1 231220 0
22974 22974 1 1 231317 0
22975 22975 1 1 231414 0
22976 22976 1 1 231511 0
22977 22977 1 1 231608 0
22978 22978 1 1 231705 0
22979 22979 1 1 231802 0
22980 22980 1 1 231899 0
22981 22981 1 1 231996 0
22982 22982 1 1 232093 0
22983 22983 1 1 232190 0
22984 22984 1 1 232287 0
22985 22985 1 1 232384 0
22986 22986 1 1 232481 0
22987 22987 1 1 232578 0
22988 22988 1 1 232675 0
22989 22989 1 1 232772 0
22990 22990 1 1 232869 0
22991 22991 1 1 232966 0
22992 22992 1 1 233063 0
22993 22993 1 1 233160 0
22994 22994 1 1 233257 0
22995 22995 1 1 233354 0
22996 22996 1 1 233451 0
22997 22997 1 1 233548 0
22998 22998 1 1 233645 0
22999 22999 1 1 233742 0
23000 23000 1 1 233839 0
23001 23001 1 1 233936 0
23002 23002 1 1 234033 0
23003 23003 1 1 234130 0
23004 23004 1 1 234227 0
23005 23005 1 1 234324 0
23006 23006 1 1 234421 0
23007 23007 1 1 234518 0
23008 23008 1 1 234615 0
23009 23009 1 1 234712 0
23010 23010 1 1 234809 0
23011 23011 1 1 234906 0
23012 23012 1 1 235003 0
23013 23013 1 1 235100 0
23014 23014 1 1 235197 0
23015 23015 1 1 235294 0
23016 23016 1 1 235391 0
23017 23017 1 1 235488 0
23018 23018 1 1 235585 0
23019 23019 1 1 235682 0
23020 23020 1 1 235779 0
23021 23021 1 1 235876 0
23022 23022 1 1 235973 0
23023 23023 1 1 236070 0
23024 23024 1 1 236167 0
23025 23025 1 1 236264 0
23026 23026 1 1 236361 0
23027 23027 1 1 236458 0
23028 23028 1 1 236555 0
23029 23029 1 1 236652 0
23030 23030 1 1 236749 0
23031 23031 1 1 236846 0
23032 23032 1 1 236943 0
23033 23033 1 1 237040 0
23034 23034 1 1 237137 0
23035 23035 1 1 237234 0
23036 23036 1 1 237331 0
23037 23037 1 1 237428 0
23038 23038 1 1 237525 0
23039 23039 1 1 237622 0
23040 23040 1 1 237719 0
23041 23041 1 1 237816 0
23042 23042 1 1 237913 0
23043 23043 1 1 238010 0
23044 23044 1 1 238107 0
23045 23045 1 1 238204 0
23046 23046 1 1 238301 0
23047 23047 1 1 238398 0
23048 23048 1 1 238495 0
23049 23049 1 1 238592 0
23050 23050 1 1 238689 0
23051 23051 1 1 238786 0
23052 23052 1 1 238883 0
23053 23053 1 1 238980 0
23054 23054 1 1 239077 0
23055 23055 1 1 239174 0
23056 23056 1 1 239271 0
23057 23057 1 1 239368 0
23058 23058 1 1 239465 0
23059 23059 1 1 239562 0
23060 23060 1 1 239659 0
23061 23061 1 1 239756 0
23062 23062 1 1 239853 0
23063 23063 1 1 239950 0
23064 23064 1 1 240047 0
23065 23065 1 1 240144 0
23066 23066 1 1 240241 0
23067 23067 1 1 240338 0
23068 23068 1 1 240435 0
23069 23069 1 1 240532 0
23070 23070 1 1 240629 0
23071 23071 1 1 240726 0
23072 23072 1 1 240823 0
23073 23073 1 1 240920 0
23074 23074 1 1 241017 0
23075 23075 1 1 241114 0
23076 23076 1 1 241211 0
23077 23077 1 1 241308 0
23078 23078 1 1 241405 0
23079 23079 1 1 241502 0
23080 23080 1 1 241599 0
23081 23081 1 1 241696 0
23082 23082 1 1 241793 0
23083 23083 1 1 241890 0
23084 23084 1 1 241987 0
23085 23085 1 1 242084 0
23086 23086 1 1 242181 0
23087 23087 1 1 242278 0
23088 23088 1 1 242375 0
23089 23089 1 1 242472 0
23090 23090 1 1 242569 0
23091 23091 1 1 242666 0
23092 23092 1 1 242763 0
23093 23093 1 1 242860 0
23094 23094 1 1 242957 0
23095 23095 1 1 243054 0
23096 23096 1 1 243151 0
23097 23097 1 1 243248 0
23098 23098 1 1 243345 0
23099 23099 1 1 243442 0
23100 23100 1 1 243539 0
23101 23101 1 1 243636 0
23102 23102 1 1 243733 0
23103 23103 1 1 243830 0
23104 23104 1 1 243927 0
23105 23105 1 1 244024 0
23106 23106 1 1 244121 0
23107 23107 1 1 244218 0
23108 23108 1 1 244315 0
23109 23109 1 1 244412 0
23110 23110 1 1 244509 0
23111 23111 1 1 244606 0
23112 23112 1 1 244703 0
23113 23113 1 1 244800 0
23114 23114 1 1 244897 0
23115 23115 1 1 244994 0
23116 23116 1 1 245091 0
23117 23117 1 1 245188 0
23118 23118 1 1 245285 0
23119 23119 1 1 245382 0
23120 23120 1 1 245479 0
23121 23121 1 1 245576 0
23122 23122 1 1 245673 0
23123 23123 1 1 245770 0
23124 23124 1 1 245867 0
23125 23125 1 1 245964 0
23126 23126 1 1 246061 0
23127 23127 1 1 246158 0
23128 23128 1 1 246255 0
23129 23129 1 1 246352 0
23130 23130 1 1 246449 0
23131 23131 1 1 246546 0
23132 23132 1 1 246643 0
23133 23133 1 1 246740 0
23134 23134 1 1 246837 0
23135 23135 1 1 246934 0
23136 23136 1 1 247031 0
23137 23137 1 1 247128 0
23138 23138 1 1 247225 0
23139 23139 1 1 247322 0
23140 23140 1 1 247419 0
23141 23141 1 1 247516 0
23142 23142 1 1 247613 0
23143 23143 1 1 247710 0
23144 23144 1 1 247807 0
23145 23145 1 1 247904 0
23146 23146 1 1 248001 0
23147 23147 1 1 248098 0
23148 23148 1 1 248195 0
23149 23149 1 1 248292 0
23150 23150 1 1 248389 0
23151 23151 1 1 248486 0
23152 23152 1 1 248583 0
23153 23153 1 1 248680 0
23154 23154 1 1 248777 0
23155 23155 1 1 248874 0
23156 23156 1 1 248971 0
23157 23157 1 1 249068 0
23158 23158 1 1 249165 0
23159 23159 1 1 249262 0
23160 23160 1 1 249359 0
23161 23161 1 1 249456 0
23162 23162 1 1 249553 0
23163 23163 1 1 249650 0
23164 23164 1 1 249747 0
23165 23165 1 1 249844 0
23166 23166 1 1 249941 0
23167 23167 1 1 250038 0
23168 23168 1 1 250135 0
23169 23169 1 1 250232 0
23170 23170 1 1 250329 0
23171 23171 1 1 250426 0
23172 23172 1 1 250523 0
23173 23173 1 1 250620 0
23174 23174 1 1 250717 0
23175 23175 1 1 250814 0
23176 23176 1 1 250911 0
23177 23177 1 1 251008 0
23178 23178 1 1 251105 0
23179 23179 1 1 251202 0
23180 23180 1 1 251299 0
23181 23181 1 1 251396 0
23182 23182 1 1 251493 0
23183 23183 1 1 251590 0
23184 23184 1 1 251687 0
23185 23185 1 1 251784 0
23186 23186 1 1 251881 0
23187 23187 1 1 251978 0
23188 23188 1 1 252075 0
23189 23189 1 1 252172 0
23190 23190 1 1 252269 0
23191 23191 1 1 252366 0
23192 23192 1 1 252463 0
23193 23193 1 1 252560 0
23194 23194 1 1 252657 0
23195 23195 1 1 252754 0
23196 23196 1 1 252851 0
23197 23197 1 1 252948 0
23198 23198 1 1 253045 0
23199 23199 1 1 253142 0
23200 23200 1 1 253239 0
23201 23201 1 1 253336 0
23202 23202 1 1 253433 0
23203 23203 1 1 253530 0
23204 23204 1 1 253627 0
23205 23205 1 1 253724 0
23206 23206 1 1 253821 0
23207 23207 1 1 253918 0
23208 23208 1 1 254015 0
23209 23209 1 1 254112 0
23210 23210 1 1 254209 0
23211 23211 1 1 254306 0
23212 23212 1 1 254403 0
23213 23213 1 1 254500 0
23214 23214 1 1 254597 0
23215 23215 1 1 254694 0
23216 23216 1 1 254791 0
23217 23217 1 1 254888 0
23218 23218 1 1 254985 0
23219 23219 1 1 255082 0
23220 23220 1 1 255179 0
23221 23221 1 1 255276 0
23222 23222 1 1 255373 0
23223 23223 1 1 255470 0
23224 23224 1 1 255567 0
23225 23225 1 1 255664 0
23226 23226 1 1 255761 0
23227 23227 1 1 255858 0
23228 23228 1 1 255955 0
23229 23229 1 1 256052 0
23230 23230 1 1 256149 0
23231 23231 1 1 256246 0
23232 23232 1 1 256343 0
23233 23233 1 1 256440 0
23234 23234 1 1 256537 0
23235 23235 1 1 256634 0
23236 23236 1 1 256731 0
23237 23237 1 1 256828 0
23238 23238 1 1 256925 0
23239 23239 1 1 257022 0
23240 23240 1 1 257119 0
23241 23241 1 1 257216 0
23242 23242 1 1 257313 0
23243 23243 1 1 257410 0
23244 23244 1 1 257507 0
23245 23245 1 1 257604 0
23246 23246 1 1 257701 0
23247 23247 1 1 257798 0
23248 23248 1 1 257895 0
23249 23249 1 1 257992 0
23250 23250 1 1 258089 0
23251 23251 1 1 258186 0
23252 23252 1 1 258283 0
23253 23253 1 1 258380 0
23254 23254 1 1 258477 0
23255 23255 1 1 258574 0
23256 23256 1 1 258671 0
23257 23257 1 1 258768 0
23258 23258 1 1 258865 0
23259 23259 1 1 258962 0
23260 23260 1 1 259059 0
23261 23261 1 1 259156 0
23262 23262 1 1 259253 0
23263 23263 1 1 259350 0
23264 23264 1 1 259447 0
23265 23265 1 1 259544 0
23266 23266 1 1 259641 0
23267 23267 1 1 259738 0
23268 23268 1 1 259835 0
23269 23269 1 1 259932 0
23270 23270 1 1 260029 0
23271 23271 1 1 260126 0
23272 23272 1 1 260223 0
23273 23273 1 1 260320 0
23274 23274 1 1 260417 0
23275 23275 1 1 260514 0
23276 23276 1 1 260611 0
23277 23277 1 1 260708 0
23278 23278 1 1 260805 0
23279 23279 1 1 260902 0
23280 23280 1 1 260999 0
23281 23281 1 1 261096 0
23282 23282 1 1 261193 0
23283 23283 1 1 261290 0
23284 23284 1 1 261387 0
23285 23285 1 1 261484 0
23286 23286 1 1 261581 0
23287 23287 1 1 261678 0
23288 23288 1 1 261775 0
23289 23289 1 1 261872 0
23290 23290 1 1 261969 0
23291 23291 1 1 262066 0
23292 23292 1 1 262163 0
23293 23293 1 1 262260 0
23294 23294 1 1 262357 0
23295 23295 1 1 262454 0
23296 23296 1 1 262551 0
23297 23297 1 1 262648 0
23298 23298 1 1 262745 0
23299 23299 1 1 262842 0
23300 23300 1 1 262939 0
23301 23301 1 1 263036 0
23302 23302 1 1 263133 0
23303 23303 1 1 263230 0
23304 23304 1 1 263327 0
23305 23305 1 1 263424 0
23306 23306 1 1 263521 0
23307 23307 1 1 263618 0
23308 23308 1 1 263715 0
23309 23309 1 1 263812 0
23310 23310 1 1 263909 0
23311 23311 1 1 264006 0
23312 23312 1 1 264103 0
23313 23313 1 1 264200 0
23314 23314 1 1 264297 0
23315 23315 1 1 264394 0
23316 23316 1 1 264491 0
23317 23317 1 1 264588 0
23318 23318 1 1 264685 0
23319 23319 1 1 264782 0
23320 23320 1 1 264879 0
23321 23321 1 1 264976 0
23322 23322 1 1 265073 0
23323 23323 1 1 265170 0
23324 23324 1 1 265267 0
23325 23325 1 1 265364 0
23326 23326 1 1 265461 0
23327 23327 1 1 265558 0
23328 23328 1 1 265655 0
23329 23329 1 1 265752 0
23330 23330 1 1 265849 0
23331 23331 1 1 265946 0
23332 23332 1 1 266043 0
23333 23333 1 1 266140 0
23334 23334 1 1 266237 0
23335 23335 1 1 266334 0
23336 23336 1 1 266431 0
23337 23337 1 1 266528 0
23338 23338 1 1 266625 0
23339 23339 1 1 266722 0
23340 23340 1 1 266819 0
23341 23341 1 1 266916 0
23342 23342 1 1 267013 0
23343 23343 1 1 267110 0
23344 23344 1 1 267207 0
23345 23345 1 1 267304 0
23346 23346 1 1 267401 0
23347 23347 1 1 267498 0
23348 23348 1 1 267595 0
23349 23349 1 1 267692 0
23350 23350 1 1 267789 0
23351 23351 1 1 267886 0
23352 23352 1 1 267983 0
23353 23353 1 1 268080 0
23354 23354 1 1 268177 0
23355 23355 1 1 268274 0
23356 23356 1 1 268371 0
23357 23357 1 1 268468 0
23358 23358 1 1 268565 0
23359 23359 1 1 268662 0
23360 23360 1 1 268759 0
23361 23361 1 1 268856 0
23362 23362 1 1 268953 0
23363 23363 1 1 269050 0
23364 23364 1 1 269147 0
23365 23365 1 1 269244 0
23366 23366 1 1 269341 0
23367 23367 1 1 269438 0
23368 23368 1 1 269535 0
23369 23369 1 1 269632 0
23370 23370 1 1 269729 0
23371 23371 1 1 269826 0
23372 23372 1 1 269923 0
23373 23373 1 1 270020 0
23374 23374 1 1 270117 0
23375 23375 1 1 270214 0
23376 23376 1 1 270311 0
23377 23377 1 1 270408 0
23378 23378 1 1 270505 0
23379 23379 1 1 270602 0
23380 23380 1 1 270699 0
23381 23381 1 1 270796 0
23382 23382 1 1 270893 0
23383 23383 1 1 270990 0
23384 23384 1 1 271087 0
23385 23385 1 1 271184 0
23386 23386 1 1 271281 0
23387 23387 1 1 271378 0
23388 23388 1 1 271475 0
23389 23389 1 1 271572 0
23390 23390 1 1 271669 0
23391 23391 1 1 271766 0
23392 23392 1 1 271863 0
23393 23393 1 1 271960 0
23394 23394 1 1 272057 0
23395 23395 1 1 272154 0
23396 23396 1 1 272251 0
23397 23397 1 1 272348 0
23398 23398 1 1 272445 0
23399 23399 1 1 272542 0
23400 23400 1 1 272639 0
23401 23401 1 1 272736 0
23402 23402 1 1 272833 0
23403 23403 1 1 272930 0
23404 23404 1 1 273027 0
23405 23405 1 1 273124 0
23406 23406 1 1 273221 0
23407 23407 1 1 273318 0
23408 23408 1 1 273415 0
23409 23409 1 1 273512 0
23410 23410 1 1 273609 0
23411 23411 1 1 273706 0
23412 23412 1 1 273803 0
23413 23413 1 1 273900 0
23414 23414 1 1 273997 0
23415 23415 1 1 274094 0
23416 23416 1 1 274191 0
23417 23417 1 1 274288 0
23418 23418 1 1 274385 0
23419 23419 1 1 274482 0
23420 23420 1 1 274579 0
23421 23421 1 1 274676 0
23422 23422 1 1 274773 0
23423 23423 1 1 274870 0
23424 23424 1 1 274967 0
23425 23425 1 1 275064 0
23426 23426 1 1 275161 0
23427 23427 1 1 275258 0
23428 23428 1 1 275355 0
23429 23429 1 1 275452 0
23430 23430 1 1 275549 0
23431 23431 1 1 275646 0
23432 23432 1 1 275743 0
23433 23433 1 1 275840 0
23434 23434 1 1 275937 0
23435 23435 1 1 276034 0
23436 23436 1 1 276131 0
23437 23437 1 1 276228 0
23438 23438 1 1 276325 0
23439 23439 1 1 276422 0
23440 23440 1 1 276519 0
23441 23441 1 1 276616 0
23442 23442 1 1 276713 0
23443 23443 1 1 276810 0
23444 23444 1 1 276907 0
23445 23445 1 1 277004 0
23446 23446 1 1 277101 0
23447 23447 1 1 277198 0
23448 23448 1 1 277295 0
23449 23449 1 1 277392 0
23450 23450 1 1 277489 0
23451 23451 1 1 277586 0
23452 23452 1 1 277683 0
23453 23453 1 1 277780 0
23454 23454 1 1 277877 0
23455 23455 1 1 277974 0
23456 23456 1 1 278071 0
23457 23457 1 1 278168 0
23458 23458 1 1 278265 0
23459 23459 1 1 278362 0
23460 23460 1 1 278459 0
23461 23461 1 1 278556 0
23462 23462 1 1 278653 0
23463 23463 1 1 278750 0
23464 23464 1 1 278847 0
23465 23465 1 1 278944 0
23466 23466 1 1 279041 0
23467 23467 1 1 279138 0
23468 23468 1 1 279235 0
23469 23469 1 1 279332 0
23470 23470 1 1 279429 0
23471 23471 1 1 279526 0
23472 23472 1 1 279623 0
23473 23473 1 1 279720 0
23474 23474 1 1 279817 0
23475 23475 1 1 279914 0
23476 23476 1 1 280011 0
23477 23477 1 1 280108 0
23478 23478 1 1 280205 0
23479 23479 1 1 280302 0
23480 23480 1 1 280399 0
23481 23481 1 1 280496 0
23482 23482 1 1 280593 0
23483 23483 1 1 280690 0
23484 23484 1 1 280787 0
23485 23485 1 1 280884 0
23486 23486 1 1 280981 0
23487 23487 1 1 281078 0
23488 23488 1 1 281175 0
23489 23489 1 1 281272 0
23490 23490 1 1 281369 0
23491 23491 1 1 281466 0
23492 23492 1 1 281563 0
23493 23493 1 1 281660 0
23494 23494 1 1 281757 0
23495 23495 1 1 281854 0
23496 23496 1 1 281951 0
23497 23497 1 1 282048 0
23498 23498 1 1 282145 0
23499 23499 1 1 282242 0
23500 23500 1 1 282339 0
23501 23501 1 1 282436 0
23502 23502 1 1 282533 0
23503 23503 1 1 282630 0
23504 23504 1 1 282727 0
23505 23505 1 1 282824 0
23506 23506 1 1 282921 0
23507 23507 1 1 283018 0
23508 23508 1 1 283115 0
23509 23509 1 1 283212 0
23510 23510 1 1 283309 0
23511 23511 1 1 283406 0
23512 23512 1 1 283503 0
23513 23513 1 1 283600 0
23514 23514 1 1 283697 0
23515 23515 1 1 283794 0
23516 23516 1 1 283891 0
23517 23517 1 1 283988 0
23518 23518 1 1 284085 0
23519 23519 1 1 284182 0
23520 23520 1 1 284279 0
23521 23521 1 1 284376 0
23522 23522 1 1 284473 0
23523 23523 1 1 284570 0
23524 23524 1 1 284667 0
23525 23525 1 1 284764 0
23526 23526 1 1 284861 0
23527 23527 1 1 284958 0
23528 23528 1 1 285055 0
23529 23529 1 1 285152 0
23530 23530 1 1 285249 0
23531 23531 1 1 285346 0
23532 23532 1 1 285443 0
23533 23533 1 1 285540 0
23534 23534 1 1 285637 0
23535 23535 1 1 285734 0
23536 23536 1 1 285831 0
23537 23537 1 1 285928 0
23538 23538 1 1 286025 0
23539 23539 1 1 286122 0
23540 23540 1 1 286219 0
23541 23541 1 1 286316 0
23542 23542 1 1 286413 0
23543 23543 1 1 286510 0
23544 23544 1 1 286607 0
23545 23545 1 1 286704 0
23546 23546 1 1 286801 0
23547 23547 1 1 286898 0
23548 23548 1 1 286995 0
23549 23549 1 1 287092 0
23550 23550 1 1 287189 0
23551 23551 1 1 287286 0
23552 23552 1 1 287383 0
23553 23553 1 1 287480 0
23554 23554 1 1 287577 0
23555 23555 1 1 287674 0
23556 23556 1 1 287771 0
23557 23557 1 1 287868 0
23558 23558 1 1 287965 0
23559 23559 1 1 288062 0
23560 23560 1 1 288159 0
23561 23561 1 1 288256 0
23562 23562 1 1 288353 0
23563 23563 1 1 288450 0
23564 23564 1 1 288547 0
23565 23565 1 1 288644 0
23566 23566 1 1 288741 0
23567 23567 1 1 288838 0
23568 23568 1 1 288935 0
23569 23569 1 1 289032 0
23570 23570 1 1 289129 0
23571 23571 1 1 289226 0
23572 23572 1 1 289323 0
23573 23573 1 1 289420 0
23574 23574 1 1 289517 0
23575 23575 1 1 289614 0
23576 23576 1 1 289711 0
23577 23577 1 1 289808 0
23578 23578 1 1 289905 0
23579 23579 1 1 290002 0
23580 23580 1 1 290099 0
23581 23581 1 1 290196 0
23582 23582 1 1 290293 0
23583 23583 1 1 290390 0
23584 23584 1 1 290487 0
23585 23585 1 1 290584 0
23586 23586 1 1 290681 0
23587 23587 1 1 290778 0
23588 23588 1 1 290875 0
23589 23589 1 1 290972 0
23590 23590 1 1 291069 0
23591 23591 1 1 291166 0
23592 23592 1 1 291263 0
23593 23593 1 1 291360 0
23594 23594 1 1 291457 0
23595 23595 1 1 291554 0
23596 23596 1 1 291651 0
23597 23597 1 1 291748 0
23598 23598 1 1 291845 0
23599 23599 1 1 291942 0
23600 23600 1 1 292039 0
23601 23601 1 1 292136 0
23602 23602 1 1 292233 0
23603 23603 1 1 292330 0
23604 23604 1 1 292427 0
23605 23605 1 1 292524 0
23606 23606 1 1 292621 0
23607 23607 1 1 292718 0
23608 23608 1 1 292815 0
23609 23609 1 1 292912 0
23610 23610 1 1 293009 0
23611 23611 1 1 293106 0
23612 23612 1 1 293203 0
23613 23613 1 1 293300 0
23614 23614 1 1 293397 0
23615 23615 1 1 293494 0
23616 23616 1 1 293591 0
23617 23617 1 1 293688 0
23618 23618 1 1 293785 0
23619 23619 1 1 293882 0
23620 23620 1 1 293979 0
23621 23621 1 1 294076 0
23622 23622 1 1 294173 0
23623 23623 1 1 294270 0
23624 23624 1 1 294367 0
23625 23625 1 1 294464 0
23626 23626 1 1 294561 0
23627 23627 1 1 294658 0
23628 23628 1 1 294755 0
23629 23629 1 1 294852 0
23630 23630 1 1 294949 0
23631 23631 1 1 295046 0
23632 23632 1 1 295143 0
23633 23633 1 1 295240 0
23634 23634 1 1 295337 0
23635 23635 1 1 295434 0
23636 23636 1 1 295531 0
23637 23637 1 1 295628 0
23638 23638 1 1 295725 0
23639 23639 1 1 295822 0
23640 23640 1 1 295919 0
23641 23641 1 1 296016 0
23642 23642 1 1 296113 0
23643 23643 1 1 296210 0
23644 23644 1 1 296307 0
23645 23645 1 1 296404 0
23646 23646 1 1 296501 0
23647 23647 1 1 296598 0
23648 23648 1 1 296695 0
23649 23649 1 1 296792 0
23650 23650 1 1 296889 0
23651 23651 1 1 296986 0
23652 23652 1 1 297083 0
23653 23653 1 1 297180 0
23654 23654 1 1 297277 0
23655 23655 1 1 297374 0
23656 23656 1 1 297471 0
23657 23657 1 1 297568 0
23658 23658 1 1 297665 0
23659 23659 1 1 297762 0
23660 23660 1 1 297859 0
23661 23661 1 1 297956 0
23662 23662 1 1 298053 0
23663 23663 1 1 298150 0
23664 23664 1 1 298247 0
23665 23665 1 1 298344 0
23666 23666 1 1 298441 0
23667 23667 1 1 298538 0
23668 23668 1 1 298635 0
23669 23669 1 1 298732 0
23670 23670 1 1 298829 0
23671 23671 1 1 298926 0
23672 23672 1 1 299023 0
23673 23673 1 1 299120 0
23674 23674 1 1 299217 0
23675 23675 1 1 299314 0
23676 23676 1 1 299411 0
23677 23677 1 1 299508 0
23678 23678 1 1 299605 0
23679 23679 1 1 299702 0
23680 23680 1 1 299799 0
23681 23681 1 1 299896 0
23682 23682 1 1 299993 0
23683 23683 1 1 300090 0
23684 23684 1 1 300187 0
23685 23685 1 1 300284 0
23686 23686 1 1 300381 0
23687 23687 1 1 300478 0
23688 23688 1 1 300575 0
23689 23689 1 1 300672 0
23690 23690 1 1 300769 0
23691 23691 1 1 300866 0
23692 23692 1 1 300963 0
23693 23693 1 1 301060 0
23694 23694 1 1 301157 0
23695 23695 1 1 301254 0
23696 23696 1 1 301351 0
23697 23697 1 1 301448 0
23698 23698 1 1 301545 0
23699 23699 1 1 301642 0
23700 23700 1 1 301739 0
23701 23701 1 1 301836 0
23702 23702 1 1 301933 0
23703 23703 1 1 302030 0
23704 23704 1 1 302127 0
23705 23705 1 1 302224 0
23706 23706 1 1 302321 0
23707 23707 1 1 302418 0
23708 23708 1 1 302515 0
23709 23709 1 1 302612 0
23710 23710 1 1 302709 0
23711 23711 1 1 302806 0
23712 23712 1 1 302903 0
23713 23713 1 1 303000 0
23714 23714 1 1 303097 0
23715 23715 1 1 303194 0
23716 23716 1 1 303291 0
23717 23717 1 1 303388 0
23718 23718 1 1 303485 0
23719 23719 1 1 303582 0
23720 23720 1 1 303679 0
23721 23721 1 1 303776 0
23722 23722 1 1 303873 0
23723 23723 1 1 303970 0
23724 23724 1 1 304067 0
23725 23725 1 1 304164 0
23726 23726 1 1 304261 0
23727 23727 1 1 304358 0
23728 23728 1 1 304455 0
23729 23729 1 1 304552 0
23730 23730 1 1 304649 0
23731 23731 1 1 304746 0
23732 23732 1 1 304843 0
23733 23733 1 1 304940 0
23734 23734 1 1 305037 0
23735 23735 1 1 305134 0
23736 23736 1 1 305231 0
23737 23737 1 1 305328 0
23738 23738 1 1 305425 0
23739 23739 1 1 305522 0
23740 23740 1 1 305619 0
23741 23741 1 1 305716 0
23742 23742 1 1 305813 0
23743 23743 1 1 305910 0
23744 23744 1 1 306007 0
23745 23745 1 1 306104 0
23746 23746 1 1 306201 0
23747 23747 1 1 306298 0
23748 23748 1 1 306395 0
23749 23749 1 1 306492 0
23750 23750 1 1 306589 0
23751 23751 1 1 306686 0
23752 23752 1 1 306783 0
23753 23753 1 1 306880 0
23754 23754 1 1 306977 0
23755 23755 1 1 307074 0
23756 23756 1 1 307171 0
23757 23757 1 1 307268 0
23758 23758 1 1 307365 0
23759 23759 1 1 307462 0
23760 23760 1 1 307559 0
23761 23761 1 1 307656 0
23762 23762 1 1 307753 0
23763 23763 1 1 307850 0
23764 23764 1 1 307947 0
23765 23765 1 1 308044 0
23766 23766 1 1 308141 0
23767 23767 1 1 308238 0
23768 23768 1 1 308335 0
23769 23769 1 1 308432 0
23770 23770 1 1 308529 0
23771 23771 1 1 308626 0
23772 23772 1 1 308723 0
23773 23773 1 1 308820 0
23774 23774 1 1 308917 0
23775 23775 1 1 309014 0
23776 23776 1 1 309111 0
23777 23777 1 1 309208 0
23778 23778 1 1 309305 0
23779 23779 1 1 309402 0
23780 23780 1 1 309499 0
23781 23781 1 1 309596 0
23782 23782 1 1 309693 0
23783 23783 1 1 309790 0
23784 23784 1 1 309887 0
23785 23785 1 1 309984 0
23786 23786 1 1 310081 0
23787 23787 1 1 310178 0
23788 23788 1 1 310275 0
23789 23789 1 1 310372 0
23790 23790 1 1 310469 0
23791 23791 1 1 310566 0
23792 23792 1 1 310663 0
23793 23793 1 1 310760 0
23794 23794 1 1 310857 0
23795 23795 1 1 310954 0
23796 23796 1 1 311051 0
23797 23797 1 1 311148 0
23798 23798 1 1 311245 0
23799 23799 1 1 311342 0
23800 23800 1 1 311439 0
23801 23801 1 1 311536 0
23802 23802 1 1 311633 0
23803 23803 1 1 311730 0
23804 23804 1 1 311827 0
23805 23805 1 1 311924 0
23806 23806 1 1 312021 0
23807 23807 1 1 312118 0
23808 23808 1 1 312215 0
23809 23809 1 1 312312 0
23810 23810 1 1 312409 0
23811 23811 1 1 312506 0
23812 23812 1 1 312603 0
23813 23813 1 1 312700 0
23814 23814 1 1 312797 0
23815 23815 1 1 312894 0
23816 23816 1 1 312991 0
23817 23817 1 1 313088 0
23818 23818 1 1 313185 0
23819 23819 1 1 313282 0
23820 23820 1 1 313379 0
23821 23821 1 1 313476 0
23822 23822 1 1 313573 0
23823 23823 1 1 313670 0
23824 23824 1 1 313767 0
23825 23825 1 1 313864 0
23826 23826 1 1 313961 0
23827 23827 1 1 314058 0
23828 23828 1 1 314155 0
23829 23829 1 1 314252 0
23830 23830 1 1 314349 0
23831 23831 1 1 314446 0
23832 23832 1 1 314543 0
23833 23833 1 1 314640 0
23834 23834 1 1 314737 0
23835 23835 1 1 314834 0
23836 23836 1 1 314931 0
23837 23837 1 1 315028 0
23838 23838 1 1 315125 0
23839 23839 1 1 315222 0
23840 23840 1 1 315319 0
23841 23841 1 1 315416 0
23842 23842 1 1 315513 0
23843 23843 1 1 315610 0
23844 23844 1 1 315707 0
23845 23845 1 1 315804 0
23846 23846 1 1 315901 0
23847 23847 1 1 315998 0
23848 23848 1 1 316095 0
23849 23849 1 1 316192 0
23850 23850 1 1 316289 0
23851 23851 1 1 316386 0
23852 23852 1 1 316483 0
23853 23853 1 1 316580 0
23854 23854 1 1 316677 0
23855 23855 1 1 316774 0
23856 23856 1 1 316871 0
23857 23857 1 1 316968 0
23858 23858 1 1 317065 0
23859 23859 1 1 317162 0
23860 23860 1 1 317259 0
23861 23861 1 1 317356 0
23862 23862 1 1 317453 0
23863 23863 1 1 317550 0
23864 23864 1 1 317647 0
23865 23865 1 1 317744 0
23866 23866 1 1 317841 0
23867 23867 1 1 317938 0
23868 23868 1 1 318035 0
23869 23869 1 1 318132 0
23870 23870 1 1 318229 0
23871 23871 1 1 318326 0
23872 23872 1 1 318423 0
23873 23873 1 1 318520 0
23874 23874 1 1 318617 0
23875 23875 1 1 318714 0
23876 23876 1 1 318811 0
23877 23877 1 1 318908 0
23878 23878 1 1 319005 0
23879 23879 1 1 319102 0
23880 23880 1 1 319199 0
23881 23881 1 1 319296 0
23882 23882 1 1 319393 0
23883 23883 1 1 319490 0
23884 23884 1 1 319587 0
23885 23885 1 1 319684 0
23886 23886 1 1 319781 0
23887 23887 1 1 319878 0
23888 23888 1 1 319975 0
23889 23889 1 1 320072 0
23890 23890 1 1 320169 0
23891 23891 1 1 320266 0
23892 23892 1 1 320363 0
23893 23893 1 1 320460 0
23894 23894 1 1 320557 0
23895 23895 1 1 320654 0
23896 23896 1 1 320751 0
23897 23897 1 1 320848 0
23898 23898 1 1 320945 0
23899 23899 1 1 321042 0
23900 23900 1 1 321139 0
23901 23901 1 1 321236 0
23902 23902 1 1 321333 0
23903 23903 1 1 321430 0
23904 23904 1 1 321527 0
23905 23905 1 1 321624 0
23906 23906 1 1 321721 0
23907 23907 1 1 321818 0
23908 23908 1 1 321915 0
23909 23909 1 1 322012 0
23910 23910 1 1 322109 0
23911 23911 1 1 322206 0
23912 23912 1 1 322303 0
23913 23913 1 1 322400 0
23914 23914 1 1 322497 0
23915 23915 1 1 322594 0
23916 23916 1 1 322691 0
23917 23917 1 1 322788 0
23918 23918 1 1 322885 0
23919 23919 1 1 322982 0
23920 23920 1 1 323079 0
23921 23921 1 1 323176 0
23922 23922 1 1 323273 0
23923 23923 1 1 323370 0
23924 23924 1 1 323467 0
23925 23925 1 1 323564 0
23926 23926 1 1 323661 0
23927 23927 1 1 323758 0
23928 23928 1 1 323855 0
23929 23929 1 1 323952 0
23930 23930 1 1 324049 0
23931 23931 1 1 324146 0
23932 23932 1 1 324243 0
23933 23933 1 1 324340 0
23934 23934 1 1 324437 0
23935 23935 1 1 324534 0
23936 23936 1 1 324631 0
23937 23937 1 1 324728 0
23938 23938 1 1 324825 0
23939 23939 1 1 324922 0
23940 23940 1 1 325019 0
23941 23941 1 1 325116 0
23942 23942 1 1 325213 0
23943 23943 1 1 325310 0
23944 23944 1 1 325407 0
23945 23945 1 1 325504 0
23946 23946 1 1 325601 0
23947 23947 1 1 325698 0
23948 23948 1 1 325795 0
23949 23949 1 1 325892 0
23950 23950 1 1 325989 0
23951 23951 1 1 326086 0
23952 23952 1 1 326183 0
23953 23953 1 1 326280 0
23954 23954 1 1 326377 0
23955 23955 1 1 326474 0
23956 23956 1 1 326571 0
23957 23957 1 1 326668 0
23958 23958 1 1 326765 0
23959 23959 1 1 326862 0
23960 23960 1 1 326959 0
23961 23961 1 1 327056 0
23962 23962 1 1 327153 0
23963 23963 1 1 327250 0
23964 23964 1 1 327347 0
23965 23965 1 1 327444 0
23966 23966 1 1 327541 0
23967 23967 1 1 327638 0
23968 23968 1 1 327735 0
23969 23969 1 1 327832 0
23970 23970 1 1 327929 0
23971 23971 1 1 328026 0
23972 23972 1 1 328123 0
23973 23973 1 1 328220 0
23974 23974 1 1 328317 0
23975 23975 1 1 328414 0
23976 23976 1 1 328511 0
23977 23977 1 1 328608 0
23978 23978 1 1 328705 0
23979 23979 1 1 328802 0
23980 23980 1 1 328899 0
23981 23981 1 1 328996 0
23982 23982 1 1 329093 0
23983 23983 1 1 329190 0
23984 23984 1 1 329287 0
23985 23985 1 1 329384 0
23986 23986 1 1 329481 0
23987 23987 1 1 329578 0
23988 23988 1 1 329675 0
23989 23989 1 1 329772 0
23990 23990 1 1 329869 0
23991 23991 1 1 329966 0
23992 23992 1 1 330063 0
23993 23993 1 1 330160 0
23994 23994 1 1 330257 0
23995 23995 1 1 330354 0
23996 23996 1 1 330451 0
23997 23997 1 1 330548 0
23998 23998 1 1 330645 0
23999 23999 1 1 330742 0
24000 24000 1 1 330839 0
24001 24001 1 1 330936 0
24002 24002 1 1 331033 0
24003 24003 1 1 331130 0
24004 24004 1 1 331227 0
24005 24005 1 1 331324 0
24006 24006 1 1 331421 0
24007 24007 1 1 331518 0
24008 24008 1 1 331615 0
24009 24009 1 1 331712 0
24010 24010 1 1 331809 0
24011 24011 1 1 331906 0
24012 24012 1 1 332003 0
24013 24013 1 1 332100 0
24014 24014 1 1 332197 0
24015 24015 1 1 332294 0
24016 24016 1 1 332391 0
24017 24017 1 1 332488 0
24018 24018 1 1 332585 0
24019 24019 1 1 332682 0
24020 24020 1 1 332779 0
24021 24021 1 1 332876 0
24022 24022 1 1 332973 0
24023 24023 1 1 333070 0
24024 24024 1 1 333167 0
24025 24025 1 1 333264 0
24026 24026 1 1 333361 0
24027 24027 1 1 333458 0
24028 24028 1 1 333555 0
24029 24029 1 1 333652 0
24030 24030 1 1 333749 0
24031 24031 1 1 333846 0
24032 24032 1 1 333943 0
24033 24033 1 1 334040 0
24034 24034 1 1 334137 0
24035 24035 1 1 334234 0
24036 24036 1 1 334331 0
24037 24037 1 1 334428 0
24038 24038 1 1 334525 0
24039 24039 1 1 334622 0
24040 24040 1 1 334719 0
24041 24041 1 1 334816 0
24042 24042 1 1 334913 0
24043 24043 1 1 335010 0
24044 24044 1 1 335107 0
24045 24045 1 1 335204 0
24046 24046 1 1 335301 0
24047 24047 1 1 335398 0
24048 24048 1 1 335495 0
24049 24049 1 1 335592 0
24050 24050 1 1 335689 0
24051 24051 1 1 335786 0
24052 24052 1 1 335883 0
24053 24053 1 1 335980 0
24054 24054 1 1 336077 0
24055 24055 1 1 336174 0
24056 24056 1 1 336271 0
24057 24057 1 1 336368 0
24058 24058 1 1 336465 0
24059 24059 1 1 336562 0
24060 24060 1 1 336659 0
24061 24061 1 1 336756 0
24062 24062 1 1 336853 0
24063 24063 1 1 336950 0
24064 24064 1 1 337047 0
24065 24065 1 1 337144 0
24066 24066 1 1 337241 0
24067 24067 1 1 337338 0
24068 24068 1 1 337435 0
24069 24069 1 1 337532 0
24070 24070 1 1 337629 0
24071 24071 1 1 337726 0
24072 24072 1 1 337823 0
24073 24073 1 1 337920 0
24074 24074 1 1 338017 0
24075 24075 1 1 338114 0
24076 24076 1 1 338211 0
24077 24077 1 1 338308 0
24078 24078 1 1 338405 0
24079 24079 1 1 338502 0
24080 24080 1 1 338599 0
24081 24081 1 1 338696 0
24082 24082 1 1 338793 0
24083 24083 1 1 338890 0
24084 24084 1 1 338987 0
24085 24085 1 1 339084 0
24086 24086 1 1 339181 0
24087 24087 1 1 339278 0
24088 24088 1 1 339375 0
24089 24089 1 1 339472 0
24090 24090 1 1 339569 0
24091 24091 1 1 339666 0
24092 24092 1 1 339763 0
24093 24093 1 1 339860 0
24094 24094 1 1 339957 0
24095 24095 1 1 340054 0
24096 24096 1 1 340151 0
24097 24097 1 1 340248 0
24098 24098 1 1 340345 0
24099 24099 1 1 340442 0
24100 24100 1 1 340539 0
24101 24101 1 1 340636 0
24102 24102 1 1 340733 0
24103 24103 1 1 340830 0
24104 24104 1 1 340927 0
24105 24105 1 1 341024 0
24106 24106 1 1 341121 0
24107 24107 1 1 341218 0
24108 24108 1 1 341315 0
24109 24109 1 1 341412 0
24110 24110 1 1 341509 0
24111 24111 1 1 341606 0
24112 24112 1 1 341703 0
24113 24113 1 1 341800 0
24114 24114 1 1 341897 0
24115 24115 1 1 341994 0
24116 24116 1 1 342091 0
24117 24117 1 1 342188 0
24118 24118 1 1 342285 0
24119 24119 1 1 342382 0
24120 24120 1 1 342479 0
24121 24121 1 1 342576 0
24122 24122 1 1 342673 0
24123 24123 1 1 342770 0
24124 24124 1 1 342867 0
24125 24125 1 1 342964 0
24126 24126 1 1 343061 0
24127 24127 1 1 343158 0
24128 24128 1 1 343255 0
24129 24129 1 1 343352 0
24130 24130 1 1 343449 0
24131 24131 1 1 343546 0
24132 24132 1 1 343643 0
24133 24133 1 1 343740 0
24134 24134 1 1 343837 0
24135 24135 1 1 343934 0
24136 24136 1 1 344031 0
24137 24137 1 1 344128 0
24138 24138 1 1 344225 0
24139 24139 1 1 344322 0
24140 24140 1 1 344419 0
24141 24141 1 1 344516 0
24142 24142 1 1 344613 0
24143 24143 1 1 344710 0
24144 24144 1 1 344807 0
24145 24145 1 1 344904 0
24146 24146 1 1 345001 0
24147 24147 1 1 345098 0
24148 24148 1 1 345195 0
24149 24149 1 1 345292 0
24150 24150 1 1 345389 0
24151 24151 1 1 345486 0
24152 24152 1 1 345583 0
24153 24153 1 1 345680 0
24154 24154 1 1 345777 0
24155 24155 1 1 345874 0
24156 24156 1 1 345971 0
24157 24157 1 1 346068 0
24158 24158 1 1 346165 0
24159 24159 1 1 346262 0
24160 24160 1 1 346359 0
24161 24161 1 1 346456 0
24162 24162 1 1 346553 0
24163 24163 1 1 346650 0
24164 24164 1 1 346747 0
24165 24165 1 1 346844 0
24166 24166 1 1 346941 0
24167 24167 1 1 347038 0
24168 24168 1 1 347135 0
24169 24169 1 1 347232 0
24170 24170 1 1 347329 0
24171 24171 1 1 347426 0
24172 24172 1 1 347523 0
24173 24173 1 1 347620 0
24174 24174 1 1 347717 0
24175 24175 1 1 347814 0
24176 24176 1 1 347911 0
24177 24177 1 1 348008 0
24178 24178 1 1 348105 0
24179 24179 1 1 348202 0
24180 24180 1 1 348299 0
24181 24181 1 1 348396 0
24182 24182 1 1 348493 0
24183 24183 1 1 348590 0
24184 24184 1 1 348687 0
24185 24185 1 1 348784 0
24186 24186 1 1 348881 0
24187 24187 1 1 348978 0
24188 24188 1 1 349075 0
24189 24189 1 1 349172 0
24190 24190 1 1 349269 0
24191 24191 1 1 349366 0
24192 24192 1 1 349463 0
24193 24193 1 1 349560 0
24194 24194 1 1 349657 0
24195 24195 1 1 349754 0
24196 24196 1 1 349851 0
24197 24197 1 1 349948 0
24198 24198 1 1 350045 0
24199 24199 1 1 350142 0
24200 24200 1 1 350239 0
24201 24201 1 1 350336 0
24202 24202 1 1 350433 0
24203 24203 1 1 350530 0
24204 24204 1 1 350627 0
24205 24205 1 1 350724 0
24206 24206 1 1 350821 0
24207 24207 1 1 350918 0
24208 24208 1 1 351015 0
24209 24209 1 1 351112 0
24210 24210 1 1 351209 0
24211 24211 1 1 351306 0
24212 24212 1 1 351403 0
24213 24213 1 1 351500 0
24214 24214 1 1 351597 0
24215 24215 1 1 351694 0
24216 24216 1 1 351791 0
24217 24217 1 1 351888 0
24218 24218 1 1 351985 0
24219 24219 1 1 352082 0
24220 24220 1 1 352179 0
24221 24221 1 1 352276 0
24222 24222 1 1 352373 0
24223 24223 1 1 352470 0
24224 24224 1 1 352567 0
24225 24225 1 1 352664 0
24226 24226 1 1 352761 0
24227 24227 1 1 352858 0
24228 24228 1 1 352955 0
24229 24229 1 1 353052 0
24230 24230 1 1 353149 0
24231 24231 1 1 353246 0
24232 24232 1 1 353343 0
24233 24233 1 1 353440 0
24234 24234 1 1 353537 0
24235 24235 1 1 353634 0
24236 24236 1 1 353731 0
24237 24237 1 1 353828 0
24238 24238 1 1 353925 0
24239 24239 1 1 354022 0
24240 24240 1 1 354119 0
24241 24241 1 1 354216 0
24242 24242 1 1 354313 0
24243 24243 1 1 354410 0
24244 24244 1 1 354507 0
24245 24245 1 1 354604 0
24246 24246 1 1 354701 0
24247 24247 1 1 354798 0
24248 24248 1 1 354895 0
24249 24249 1 1 354992 0
24250 24250 1 1 355089 0
24251 24251 1 1 355186 0
24252 24252 1 1 355283 0
24253 24253 1 1 355380 0
24254 24254 1 1 355477 0
24255 24255 1 1 355574 0
24256 24256 1 1 355671 0
24257 24257 1 1 355768 0
24258 24258 1 1 355865 0
24259 24259 1 1 355962 0
24260 24260 1 1 356059 0
24261 24261 1 1 356156 0
24262 24262 1 1 356253 0
24263 24263 1 1 356350 0
24264 24264 1 1 356447 0
24265 24265 1 1 356544 0
24266 24266 1 1 356641 0
24267 24267 1 1 356738 0
24268 24268 1 1 356835 0
24269 24269 1 1 356932 0
24270 24270 1 1 357029 0
24271 24271 1 1 357126 0
24272 24272 1 1 357223 0
24273 24273 1 1 357320 0
24274 24274 1 1 357417 0
24275 24275 1 1 357514 0
24276 24276 1 1 357611 0
24277 24277 1 1 357708 0
24278 24278 1 1 357805 0
24279 24279 1 1 357902 0
24280 24280 1 1 357999 0
24281 24281 1 1 358096 0
24282 24282 1 1 358193 0
24283 24283 1 1 358290 0
24284 24284 1 1 358387 0
24285 24285 1 1 358484 0
24286 24286 1 1 358581 0
24287 24287 1 1 358678 0
24288 24288 1 1 358775 0
24289 24289 1 1 358872 0
24290 24290 1 1 358969 0
24291 24291 1 1 359066 0
24292 24292 1 1 359163 0
24293 24293 1 1 359260 0
24294 24294 1 1 359357 0
24295 24295 1 1 359454 0
24296 24296 1 1 359551 0
24297 24297 1 1 359648 0
24298 24298 1 1 359745 0
24299 24299 1 1 359842 0
24300 24300 1 1 359939 0
24301 24301 1 1 360036 0
24302 24302 1 1 360133 0
24303 24303 1 1 360230 0
24304 24304 1 1 360327 0
24305 24305 1 1 360424 0
24306 24306 1 1 360521 0
24307 24307 1 1 360618 0
24308 24308 1 1 360715 0
24309 24309 1 1 360812 0
24310 24310 1 1 360909 0
24311 24311 1 1 361006 0
24312 24312 1 1 361103 0
24313 24313 1 1 361200 0
24314 24314 1 1 361297 0
24315 24315 1 1 361394 0
24316 24316 1 1 361491 0
24317 24317 1 1 361588 0
24318 24318 1 1 361685 0
24319 24319 1 1 361782 0
24320 24320 1 1 361879 0
24321 24321 1 1 361976 0
24322 24322 1 1 362073 0
24323 24323 1 1 362170 0
24324 24324 1 1 362267 0
24325 24325 1 1 362364 0
24326 24326 1 1 362461 0
24327 24327 1 1 362558 0
24328 24328 1 1 362655 0
24329 24329 1 1 362752 0
24330 24330 1 1 362849 0
24331 24331 1 1 362946 0
24332 24332 1 1 363043 0
24333 24333 1 1 363140 0
24334 24334 1 1 363237 0
24335 24335 1 1 363334 0
24336 24336 1 1 363431 0
24337 24337 1 1 363528 0
24338 24338 1 1 363625 0
24339 24339 1 1 363722 0
24340 24340 1 1 363819 0
24341 24341 1 1 363916 0
24342 24342 1 1 364013 0
24343 24343 1 1 364110 0
24344 24344 1 1 364207 0
24345 24345 1 1 364304 0
24346 24346 1 1 364401 0
24347 24347 1 1 364498 0
24348 24348 1 1 364595 0
24349 24349 1 1 364692 0
24350 24350 1 1 364789 0
24351 24351 1 1 364886 0
24352 24352 1 1 364983 0
24353 24353 1 1 365080 0
24354 24354 1 1 365177 0
24355 24355 1 1 365274 0
24356 24356 1 1 365371 0
24357 24357 1 1 365468 0
24358 24358 1 1 365565 0
24359 24359 1 1 365662 0
24360 24360 1 1 365759 0
24361 24361 1 1 365856 0
24362 24362 1 1 365953 0
24363 24363 1 1 366050 0
24364 24364 1 1 366147 0
24365 24365 1 1 366244 0
24366 24366 1 1 366341 0
24367 24367 1 1 366438 0
24368 24368 1 1 366535 0
24369 24369 1 1 366632 0
24370 24370 1 1 366729 0
24371 24371 1 1 366826 0
24372 24372 1 1 366923 0
24373 24373 1 1 367020 0
24374 24374 1 1 367117 0
24375 24375 1 1 367214 0
24376 24376 1 1 367311 0
24377 24377 1 1 367408 0
24378 24378 1 1 367505 0
24379 24379 1 1 367602 0
24380 24380 1 1 367699 0
24381 24381 1 1 367796 0
24382 24382 1 1 367893 0
24383 24383 1 1 367990 0
24384 24384 1 1 368087 0
24385 24385 1 1 368184 0
24386 24386 1 1 368281 0
24387 24387 1 1 368378 0
24388 24388 1 1 368475 0
24389 24389 1 1 368572 0
24390 24390 1 1 368669 0
24391 24391 1 1 368766 0
24392 24392 1 1 368863 0
24393 24393 1 1 368960 0
24394 24394 1 1 369057 0
24395 24395 1 1 369154 0
24396 24396 1 1 369251 0
24397 24397 1 1 369348 0
24398 24398 1 1 369445 0
24399 24399 1 1 369542 0
24400 24400 1 1 369639 0
24401 24401 1 1 369736 0
24402 24402 1 1 369833 0
24403 24403 1 1 369930 0
24404 24404 1 1 370027 0
24405 24405 1 1 370124 0
24406 24406 1 1 370221 0
24407 24407 1 1 370318 0
24408 24408 1 1 370415 0
24409 24409 1 1 370512 0
24410 24410 1 1 370609 0
24411 24411 1 1 370706 0
24412 24412 1 1 370803 0
24413 24413 1 1 370900 0
24414 24414 1 1 370997 0
24415 24415 1 1 371094 0
24416 24416 1 1 371191 0
24417 24417 1 1 371288 0
24418 24418 1 1 371385 0
24419 24419 1 1 371482 0
24420 24420 1 1 371579 0
24421 24421 1 1 371676 0
24422 24422 1 1 371773 0
24423 24423 1 1 371870 0
24424 24424 1 1 371967 0
24425 24425 1 1 372064 0
24426 24426 1 1 372161 0
24427 24427 1 1 372258 0
24428 24428 1 1 372355 0
24429 24429 1 1 372452 0
24430 24430 1 1 372549 0
24431 24431 1 1 372646 0
24432 24432 1 1 372743 0
24433 24433 1 1 372840 0
24434 24434 1 1 372937 0
24435 24435 1 1 373034 0
24436 24436 1 1 373131 0
24437 24437 1 1 373228 0
24438 24438 1 1 373325 0
24439 24439 1 1 373422 0
24440 24440 1 1 373519 0
24441 24441 1 1 373616 0
24442 24442 1 1 373713 0
24443 24443 1 1 373810 0
24444 24444 1 1 373907 0
24445 24445 1 1 374004 0
24446 24446 1 1 374101 0
24447 24447 1 1 374198 0
24448 24448 1 1 374295 0
24449 24449 1 1 374392 0
24450 24450 1 1 374489 0
24451 24451 1 1 374586 0
24452 24452 1 1 374683 0
24453 24453 1 1 374780 0
24454 24454 1 1 374877 0
24455 24455 1 1 374974 0
24456 24456 1 1 375071 0
24457 24457 1 1 375168 0
24458 24458 1 1 375265 0
24459 24459 1 1 375362 0
24460 24460 1 1 375459 0
24461 24461 1 1 375556 0
24462 24462 1 1 375653 0
24463 24463 1 1 375750 0
24464 24464 1 1 375847 0
24465 24465 1 1 375944 0
24466 24466 1 1 376041 0
24467 24467 1 1 376138 0
24468 24468 1 1 376235 0
24469 24469 1 1 376332 0
24470 24470 1 1 376429 0
24471 24471 1 1 376526 0
24472 24472 1 1 376623 0
24473 24473 1 1 376720 0
24474 24474 1 1 376817 0
24475 24475 1 1 376914 0
24476 24476 1 1 377011 0
24477 24477 1 1 377108 0
24478 24478 1 1 377205 0
24479 24479 1 1 377302 0
24480 24480 1 1 377399 0
24481 24481 1 1 377496 0
24482 24482 1 1 377593 0
24483 24483 1 1 377690 0
24484 24484 1 1 377787 0
24485 24485 1 1 377884 0
24486 24486 1 1 377981 0
24487 24487 1 1 378078 0
24488 24488 1 1 378175 0
24489 24489 1 1 378272 0
24490 24490 1 1 378369 0
24491 24491 1 1 378466 0
24492 24492 1 1 378563 0
24493 24493 1 1 378660 0
24494 24494 1 1 378757 0
24495 24495 1 1 378854 0
24496 24496 1 1 378951 0
24497 24497 1 1 379048 0
24498 24498 1 1 379145 0
24499 24499 1 1 379242 0
24500 24500 1 1 379339 0
24501 24501 1 1 379436 0
24502 24502 1 1 379533 0
24503 24503 1 1 379630 0
24504 24504 1 1 379727 0
24505 24505 1 1 379824 0
24506 24506 1 1 379921 0
24507 24507 1 1 380018 0
24508 24508 1 1 380115 0
24509 24509 1 1 380212 0
24510 24510 1 1 380309 0
24511 24511 1 1 380406 0
24512 24512 1 1 380503 0
24513 24513 1 1 380600 0
24514 24514 1 1 380697 0
24515 24515 1 1 380794 0
24516 24516 1 1 380891 0
24517 24517 1 1 380988 0
24518 24518 1 1 381085 0
24519 24519 1 1 381182 0
24520 24520 1 1 381279 0
24521 24521 1 1 381376 0
24522 24522 1 1 381473 0
24523 24523 1 1 381570 0
24524 24524 1 1 381667 0
24525 24525 1 1 381764 0
24526 24526 1 1 381861 0
24527 24527 1 1 381958 0
24528 24528 1 1 382055 0
24529 24529 1 1 382152 0
24530 24530 1 1 382249 0
24531 24531 1 1 382346 0
24532 24532 1 1 382443 0
24533 24533 1 1 382540 0
24534 24534 1 1 382637 0
24535 24535 1 1 382734 0
24536 24536 1 1 382831 0
24537 24537 1 1 382928 0
24538 24538 1 1 383025 0
24539 24539 1 1 383122 0
24540 24540 1 1 383219 0
24541 24541 1 1 383316 0
24542 24542 1 1 383413 0
24543 24543 1 1 383510 0
24544 24544 1 1 383607 0
24545 24545 1 1 383704 0
24546 24546 1 1 383801 0
24547 24547 1 1 383898 0
24548 24548 1 1 383995 0
24549 24549 1 1 384092 0
24550 24550 1 1 384189 0
24551 24551 1 1 384286 0
24552 24552 1 1 384383 0
24553 24553 1 1 384480 0
24554 24554 1 1 384577 0
24555 24555 1 1 384674 0
24556 24556 1 1 384771 0
24557 24557 1 1 384868 0
24558 24558 1 1 384965 0
24559 24559 1 1 385062 0
24560 24560 1 1 385159 0
24561 24561 1 1 385256 0
24562 24562 1 1 385353 0
24563 24563 1 1 385450 0
24564 24564 1 1 385547 0
24565 24565 1 1 385644 0
24566 24566 1 1 385741 0
24567 24567 1 1 385838 0
24568 24568 1 1 385935 0
24569 24569 1 1 386032 0
24570 24570 1 1 386129 0
24571 24571 1 1 386226 0
24572 24572 1 1 386323 0
24573 24573 1 1 386420 0
24574 24574 1 1 386517 0
24575 24575 1 1 386614 0
24576 24576 1 1 386711 0
24577 24577 1 1 386808 0
24578 24578 1 1 386905 0
24579 24579 1 1 387002 0
24580 24580 1 1 387099 0
24581 24581 1 1 387196 0
24582 24582 1 1 387293 0
24583 24583 1 1 387390 0
24584 24584 1 1 387487 0
24585 24585 1 1 387584 0
24586 24586 1 1 387681 0
24587 24587 1 1 387778 0
24588 24588 1 1 387875 0
24589 24589 1 1 387972 0
24590 24590 1 1 388069 0
24591 24591 1 1 388166 0
24592 24592 1 1 388263 0
24593 24593 1 1 388360 0
24594 24594 1 1 388457 0
24595 24595 1 1 388554 0
24596 24596 1 1 388651 0
24597 24597 1 1 388748 0
24598 24598 1 1 388845 0
24599 24599 1 1 388942 0
24600 24600 1 1 389039 0
24601 24601 1 1 389136 0
24602 24602 1 1 389233 0
24603 24603 1 1 389330 0
24604 24604 1 1 389427 0
24605 24605 1 1 389524 0
24606 24606 1 1 389621 0
24607 24607 1 1 389718 0
24608 24608 1 1 389815 0
24609 24609 1 1 389912 0
24610 24610 1 1 390009 0
24611 24611 1 1 390106 0
24612 24612 1 1 390203 0
24613 24613 1 1 390300 0
24614 24614 1 1 390397 0
24615 24615 1 1 390494 0
24616 24616 1 1 390591 0
24617 24617 1 1 390688 0
24618 24618 1 1 390785 0
24619 24619 1 1 390882 0
24620 24620 1 1 390979 0
24621 24621 1 1 391076 0
24622 24622 1 1 391173 0
24623 24623 1 1 391270 0
24624 24624 1 1 391367 0
24625 24625 1 1 391464 0
24626 24626 1 1 391561 0
24627 24627 1 1 391658 0
24628 24628 1 1 391755 0
24629 24629 1 1 391852 0
24630 24630 1 1 391949 0
24631 24631 1 1 392046 0
24632 24632 1 1 392143 0
24633 24633 1 1 392240 0
24634 24634 1 1 392337 0
24635 24635 1 1 392434 0
24636 24636 1 1 392531 0
24637 24637 1 1 392628 0
24638 24638 1 1 392725 0
24639 24639 1 1 392822 0
24640 24640 1 1 392919 0
24641 24641 1 1 393016 0
24642 24642 1 1 393113 0
24643 24643 1 1 393210 0
24644 24644 1 1 393307 0
24645 24645 1 1 393404 0
24646 24646 1 1 393501 0
24647 24647 1 1 393598 0
24648 24648 1 1 393695 0
24649 24649 1 1 393792 0
24650 24650 1 1 393889 0
24651 24651 1 1 393986 0
24652 24652 1 1 394083 0
24653 24653 1 1 394180 0
24654 24654 1 1 394277 0
24655 24655 1 1 394374 0
24656 24656 1 1 394471 0
24657 24657 1 1 394568 0
24658 24658 1 1 394665 0
24659 24659 1 1 394762 0
24660 24660 1 1 394859 0
24661 24661 1 1 394956 0
24662 24662 1 1 395053 0
24663 24663 1 1 395150 0
24664 24664 1 1 395247 0
24665 24665 1 1 395344 0
24666 24666 1 1 395441 0
24667 24667 1 1 395538 0
24668 24668 1 1 395635 0
24669 24669 1 1 395732 0
24670 24670 1 1 395829 0
24671 24671 1 1 395926 0
24672 24672 1 1 396023 0
24673 24673 1 1 396120 0
24674 24674 1 1 396217 0
24675 24675 1 1 396314 0
24676 24676 1 1 396411 0
24677 24677 1 1 396508 0
24678 24678 1 1 396605 0
24679 24679 1 1 396702 0
24680 24680 1 1 396799 0
24681 24681 1 1 396896 0
24682 24682 1 1 396993 0
24683 24683 1 1 397090 0
24684 24684 1 1 397187 0
24685 24685 1 1 397284 0
24686 24686 1 1 397381 0
24687 24687 1 1 397478 0
24688 24688 1 1 397575 0
24689 24689 1 1 397672 0
24690 24690 1 1 397769 0
24691 24691 1 1 397866 0
24692 24692 1 1 397963 0
24693 24693 1 1 398060 0
24694 24694 1 1 398157 0
24695 24695 1 1 398254 0
24696 24696 1 1 398351 0
24697 24697 1 1 398448 0
24698 24698 1 1 398545 0
24699 24699 1 1 398642 0
24700 24700 1 1 398739 0
24701 24701 1 1 398836 0
24702 24702 1 1 398933 0
24703 24703 1 1 399030 0
24704 24704 1 1 399127 0
24705 24705 1 1 399224 0
24706 24706 1 1 399321 0
24707 24707 1 1 399418 0
24708 24708 1 1 399515 0
24709 24709 1 1 399612 0
24710 24710 1 1 399709 0
24711 24711 1 1 399806 0
24712 24712 1 1 399903 0
24713 24713 1 1 400000 0
24714 24714 1 1 400097 0
24715 24715 1 1 400194 0
24716 24716 1 1 400291 0
24717 24717 1 1 400388 0
24718 24718 1 1 400485 0
24719 24719 1 1 400582 0
24720 24720 1 1 400679 0
24721 24721 1 1 400776 0
24722 24722 1 1 400873 0
24723 24723 1 1 400970 0
24724 24724 1 1 401067 0
24725 24725 1 1 401164 0
24726 24726 1 1 401261 0
24727 24727 1 1 401358 0
24728 24728 1 1 401455 0
24729 24729 1 1 401552 0
24730 24730 1 1 401649 0
24731 24731 1 1 401746 0
24732 24732 1 1 401843 0
24733 24733 1 1 401940 0
24734 24734 1 1 402037 0
24735 24735 1 1 402134 0
24736 24736 1 1 402231 0
24737 24737 1 1 402328 0
24738 24738 1 1 402425 0
24739 24739 1 1 402522 0
24740 24740 1 1 402619 0
24741 24741 1 1 402716 0
24742 24742 1 1 402813 0
24743 24743 1 1 402910 0
24744 24744 1 1 403007 0
24745 24745 1 1 403104 0
24746 24746 1 1 403201 0
24747 24747 1 1 403298 0
24748 24748 1 1 403395 0
24749 24749 1 1 403492 0
24750 24750 1 1 403589 0
24751 24751 1 1 403686 0
24752 24752 1 1 403783 0
24753 24753 1 1 403880 0
24754 24754 1 1 403977 0
24755 24755 1 1 404074 0
24756 24756 1 1 404171 0
24757 24757 1 1 404268 0
24758 24758 1 1 404365 0
24759 24759 1 1 404462 0
24760 24760 1 1 404559 0
24761 24761 1 1 404656 0
24762 24762 1 1 404753 0
24763 24763 1 1 404850 0
24764 24764 1 1 404947 0
24765 24765 1 1 405044 0
24766 24766 1 1 405141 0
24767 24767 1 1 405238 0
24768 24768 1 1 405335 0
24769 24769 1 1 405432 0
24770 24770 1 1 405529 0
24771 24771 1 1 405626 0
24772 24772 1 1 405723 0
24773 24773 1 1 405820 0
24774 24774 1 1 405917 0
24775 24775 1 1 406014 0
24776 24776 1 1 406111 0
24777 24777 1 1 406208 0
24778 24778 1 1 406305 0
24779 24779 1 1 406402 0
24780 24780 1 1 406499 0
24781 24781 1 1 406596 0
24782 24782 1 1 406693 0
24783 24783 1 1 406790 0
24784 24784 1 1 406887 0
24785 24785 1 1 406984 0
24786 24786 1 1 407081 0
24787 24787 1 1 407178 0
24788 24788 1 1 407275 0
24789 24789 1 1 407372 0
24790 24790 1 1 407469 0
24791 24791 1 1 407566 0
24792 24792 1 1 407663 0
24793 24793 1 1 407760 0
24794 24794 1 1 407857 0
24795 24795 1 1 407954 0
24796 24796 1 1 408051 0
24797 24797 1 1 408148 0
24798 24798 1 1 408245 0
24799 24799 1 1 408342 0
24800 24800 1 1 408439 0
24801 24801 1 1 408536 0
24802 24802 1 1 408633 0
24803 24803 1 1 408730 0
24804 24804 1 1 408827 0
24805 24805 1 1 408924 0
24806 24806 1 1 409021 0
24807 24807 1 1 409118 0
24808 24808 1 1 409215 0
24809 24809 1 1 409312 0
24810 24810 1 1 409409 0
24811 24811 1 1 409506 0
24812 24812 1 1 409603 0
24813 24813 1 1 409700 0
24814 24814 1 1 409797 0
24815 24815 1 1 409894 0
24816 24816 1 1 409991 0
24817 24817 1 1 410088 0
24818 24818 1 1 410185 0
24819 24819 1 1 410282 0
24820 24820 1 1 410379 0
24821 24821 1 1 410476 0
24822 24822 1 1 410573 0
24823 24823 1 1 410670 0
24824 24824 1 1 410767 0
24825 24825 1 1 410864 0
24826 24826 1 1 410961 0
24827 24827 1 1 411058 0
24828 24828 1 1 411155 0
24829 24829 1 1 411252 0
24830 24830 1 1 411349 0
24831 24831 1 1 411446 0
24832 24832 1 1 411543 0
24833 24833 1 1 411640 0
24834 24834 1 1 411737 0
24835 24835 1 1 411834 0
24836 24836 1 1 411931 0
24837 24837 1 1 412028 0
24838 24838 1 1 412125 0
24839 24839 1 1 412222 0
24840 24840 1 1 412319 0
24841 24841 1 1 412416 0
24842 24842 1 1 412513 0
24843 24843 1 1 412610 0
24844 24844 1 1 412707 0
24845 24845 1 1 412804 0
24846 24846 1 1 412901 0
24847 24847 1 1 412998 0
24848 24848 1 1 413095 0
24849 24849 1 1 413192 0
24850 24850 1 1 413289 0
24851 24851 1 1 413386 0
24852 24852 1 1 413483 0
24853 24853 1 1 413580 0
24854 24854 1 1 413677 0
24855 24855 1 1 413774 0
24856 24856 1 1 413871 0
24857 24857 1 1 413968 0
24858 24858 1 1 414065 0
24859 24859 1 1 414162 0
24860 24860 1 1 414259 0
24861 24861 1 1 414356 0
24862 24862 1 1 414453 0
24863 24863 1 1 414550 0
24864 24864 1 1 414647 0
24865 24865 1 1 414744 0
24866 24866 1 1 414841 0
24867 24867 1 1 414938 0
24868 24868 1 1 415035 0
24869 24869 1 1 415132 0
24870 24870 1 1 415229 0
24871 24871 1 1 415326 0
24872 24872 1 1 415423 0
24873 24873 1 1 415520 0
24874 24874 1 1 415617 0
24875 24875 1 1 415714 0
24876 24876 1 1 415811 0
24877 24877 1 1 415908 0
24878 24878 1 1 416005 0
24879 24879 1 1 416102 0
24880 24880 1 1 416199 0
24881 24881 1 1 416296 0
24882 24882 1 1 416393 0
24883 24883 1 1 416490 0
24884 24884 1 1 416587 0
24885 24885 1 1 416684 0
24886 24886 1 1 416781 0
24887 24887 1 1 416878 0
24888 24888 1 1 416975 0
24889 24889 1 1 417072 0
24890 24890 1 1 417169 0
24891 24891 1 1 417266 0
24892 24892 1 1 417363 0
24893 24893 1 1 417460 0
24894 24894 1 1 417557 0
24895 24895 1 1 417654 0
24896 24896 1 1 417751 0
24897 24897 1 1 417848 0
24898 24898 1 1 417945 0
24899 24899 1 1 418042 0
24900 24900 1 1 418139 0
24901 24901 1 1 418236 0
24902 24902 1 1 418333 0
24903 24903 1 1 418430 0
24904 24904 1 1 418527 0
24905 24905 1 1 418624 0
24906 24906 1 1 418721 0
24907 24907 1 1 418818 0
24908 24908 1 1 418915 0
24909 24909 1 1 419012 0
24910 24910 1 1 419109 0
24911 24911 1 1 419206 0
24912 24912 1 1 419303 0
24913 24913 1 1 419400 0
24914 24914 1 1 419497 0
24915 24915 1 1 419594 0
24916 24916 1 1 419691 0
24917 24917 1 1 419788 0
24918 24918 1 1 419885 0
24919 24919 1 1 419982 0
24920 24920 1 1 420079 0
24921 24921 1 1 420176 0
24922 24922 1 1 420273 0
24923 24923 1 1 420370 0
24924 24924 1 1 420467 0
24925 24925 1 1 420564 0
24926 24926 1 1 420661 0
24927 24927 1 1 420758 0
24928 24928 1 1 420855 0
24929 24929 1 1 420952 0
24930 24930 1 1 421049 0
24931 24931 1 1 421146 0
24932 24932 1 1 421243 0
24933 24933 1 1 421340 0
24934 24934 1 1 421437 0
24935 24935 1 1 421534 0
24936 24936 1 1 421631 0
24937 24937 1 1 421728 0
24938 24938 1 1 421825 0
24939 24939 1 1 421922 0
24940 24940 1 1 422019 0
24941 24941 1 1 422116 0
24942 24942 1 1 422213 0
24943 24943 1 1 422310 0
24944 24944 1 1 422407 0
24945 24945 1 1 422504 0
24946 24946 1 1 422601 0
24947 24947 1 1 422698 0
24948 24948 1 1 422795 0
24949 24949 1 1 422892 0
24950 24950 1 1 422989 0
24951 24951 1 1 423086 0
24952 24952 1 1 423183 0
24953 24953 1 1 423280 0
24954 24954 1 1 423377 0
24955 24955 1 1 423474 0
24956 24956 1 1 423571 0
24957 24957 1 1 423668 0
24958 24958 1 1 423765 0
24959 24959 1 1 423862 0
24960 24960 1 1 423959 0
24961 24961 1 1 424056 0
24962 24962 1 1 424153 0
24963 24963 1 1 424250 0
24964 24964 1 1 424347 0
24965 24965 1 1 424444 0
24966 24966 1 1 424541 0
24967 24967 1 1 424638 0
24968 24968 1 1 424735 0
24969 24969 1 1 424832 0
24970 24970 1 1 424929 0
24971 24971 1 1 425026 0
24972 24972 1 1 425123 0
24973 24973 1 1 425220 0
24974 24974 1 1 425317 0
24975 24975 1 1 425414 0
24976 24976 1 1 425511 0
24977 24977 1 1 425608 0
24978 24978 1 1 425705 0
24979 24979 1 1 425802 0
24980 24980 1 1 425899 0
24981 24981 1 1 425996 0
24982 24982 1 1 426093 0
24983 24983 1 1 426190 0
24984 24984 1 1 426287 0
24985 24985 1 1 426384 0
24986 24986 1 1 426481 0
24987 24987 1 1 426578 0
24988 24988 1 1 426675 0
24989 24989 1 1 426772 0
24990 24990 1 1 426869 0
24991 24991 1 1 426966 0
24992 24992 1 1 427063 0
24993 24993 1 1 427160 0
24994 24994 1 1 427257 0
24995 24995 1 1 427354 0
24996 24996 1 1 427451 0
24997 24997 1 1 427548 0
24998 24998 1 1 427645 0
24999 24999 1 1 427742 0
25000 25000 1 1 427839 0
25001 25001 1 1 427936 0
25002 25002 1 1 428033 0
25003 25003 1 1 428130 0
25004 25004 1 1 428227 0
25005 25005 1 1 428324 0
25006 25006 1 1 428421 0
25007 25007 1 1 428518 0
25008 25008 1 1 428615 0
25009 25009 1 1 428712 0
25010 25010 1 1 428809 0
25011 25011 1 1 428906 0
25012 25012 1 1 429003 0
25013 25013 1 1 429100 0
25014 25014 1 1 429197 0
25015 25015 1 1 429294 0
25016 25016 1 1 429391 0
25017 25017 1 1 429488 0
25018 25018 1 1 429585 0
25019 25019 1 1 429682 0
25020 25020 1 1 429779 0
25021 25021 1 1 429876 0
25022 25022 1 1 429973 0
25023 25023 1 1 430070 0
25024 25024 1 1 430167 0
25025 25025 1 1 430264 0
25026 25026 1 1 430361 0
25027 25027 1 1 430458 0
25028 25028 1 1 430555 0
25029 25029 1 1 430652 0
25030 25030 1 1 430749 0
25031 25031 1 1 430846 0
25032 25032 1 1 430943 0
25033 25033 1 1 431040 0
25034 25034 1 1 431137 0
25035 25035 1 1 431234 0
25036 25036 1 1 431331 0
25037 25037 1 1 431428 0
25038 25038 1 1 431525 0
25039 25039 1 1 431622 0
25040 25040 1 1 431719 0
25041 25041 1 1 431816 0
25042 25042 1 1 431913 0
25043 25043 1 1 432010 0
25044 25044 1 1 432107 0
25045 25045 1 1 432204 0
25046 25046 1 1 432301 0
25047 25047 1 1 432398 0
25048 25048 1 1 432495 0
25049 25049 1 1 432592 0
25050 25050 1 1 432689 0
25051 25051 1 1 432786 0
25052 25052 1 1 432883 0
25053 25053 1 1 432980 0
25054 25054 1 1 433077 0
25055 25055 1 1 433174 0
25056 25056 1 1 433271 0
25057 25057 1 1 433368 0
25058 25058 1 1 433465 0
25059 25059 1 1 433562 0
25060 25060 1 1 433659 0
25061 25061 1 1 433756 0
25062 25062 1 1 433853 0
25063 25063 1 1 433950 0
25064 25064 1 1 434047 0
25065 25065 1 1 434144 0
25066 25066 1 1 434241 0
25067 25067 1 1 434338 0
25068 25068 1 1 434435 0
25069 25069 1 1 434532 0
25070 25070 1 1 434629 0
25071 25071 1 1 434726 0
25072 25072 1 1 434823 0
25073 25073 1 1 434920 0
25074 25074 1 1 435017 0
25075 25075 1 1 435114 0
25076 25076 1 1 435211 0
25077 25077 1 1 435308 0
25078 25078 1 1 435405 0
25079 25079 1 1 435502 0
25080 25080 1 1 435599 0
25081 25081 1 1 435696 0
25082 25082 1 1 435793 0
25083 25083 1 1 435890 0
25084 25084 1 1 435987 0
25085 25085 1 1 436084 0
25086 25086 1 1 436181 0
25087 25087 1 1 436278 0
25088 25088 1 1 436375 0
25089 25089 1 1 436472 0
25090 25090 1 1 436569 0
25091 25091 1 1 436666 0
25092 25092 1 1 436763 0
25093 25093 1 1 436860 0
25094 25094 1 1 436957 0
25095 25095 1 1 437054 0
25096 25096 1 1 437151 0
25097 25097 1 1 437248 0
25098 25098 1 1 437345 0
25099 25099 1 1 437442 0
25100 25100 1 1 437539 0
25101 25101 1 1 437636 0
25102 25102 1 1 437733 0
25103 25103 1 1 437830 0
25104 25104 1 1 437927 0
25105 25105 1 1 438024 0
25106 25106 1 1 438121 0
25107 25107 1 1 438218 0
25108 25108 1 1 438315 0
25109 25109 1 1 438412 0
25110 25110 1 1 438509 0
25111 25111 1 1 438606 0
25112 25112 1 1 438703 0
25113 25113 1 1 438800 0
25114 25114 1 1 438897 0
25115 25115 1 1 438994 0
25116 25116 1 1 439091 0
25117 25117 1 1 439188 0
25118 25118 1 1 439285 0
25119 25119 1 1 439382 0
25120 25120 1 1 439479 0
25121 25121 1 1 439576 0
25122 25122 1 1 439673 0
25123 25123 1 1 439770 0
25124 25124 1 1 439867 0
25125 25125 1 1 439964 0
25126 25126 1 1 440061 0
25127 25127 1 1 440158 0
25128 25128 1 1 440255 0
25129 25129 1 1 440352 0
25130 25130 1 1 440449 0
25131 25131 1 1 440546 0
25132 25132 1 1 440643 0
25133 25133 1 1 440740 0
25134 25134 1 1 440837 0
25135 25135 1 1 440934 0
25136 25136 1 1 441031 0
25137 25137 1 1 441128 0
25138 25138 1 1 441225 0
25139 25139 1 1 441322 0
25140 25140 1 1 441419 0
25141 25141 1 1 441516 0
25142 25142 1 1 441613 0
25143 25143 1 1 441710 0
25144 25144 1 1 441807 0
25145 25145 1 1 441904 0
25146 25146 1 1 442001 0
25147 25147 1 1 442098 0
25148 25148 1 1 442195 0
25149 25149 1 1 442292 0
25150 25150 1 1 442389 0
25151 25151 1 1 442486 0
25152 25152 1 1 442583 0
25153 25153 1 1 442680 0
25154 25154 1 1 442777 0
25155 25155 1 1 442874 0
25156 25156 1 1 442971 0
25157 25157 1 1 443068 0
25158 25158 1 1 443165 0
25159 25159 1 1 443262 0
25160 25160 1 1 443359 0
25161 25161 1 1 443456 0
25162 25162 1 1 443553 0
25163 25163 1 1 443650 0
25164 25164 1 1 443747 0
25165 25165 1 1 443844 0
25166 25166 1 1 443941 0
25167 25167 1 1 444038 0
25168 25168 1 1 444135 0
25169 25169 1 1 444232 0
25170 25170 1 1 444329 0
25171 25171 1 1 444426 0
25172 25172 1 1 444523 0
25173 25173 1 1 444620 0
25174 25174 1 1 444717 0
25175 25175 1 1 444814 0
25176 25176 1 1 444911 0
25177 25177 1 1 445008 0
25178 25178 1 1 445105 0
25179 25179 1 1 445202 0
25180 25180 1 1 445299 0
25181 25181 1 1 445396 0
25182 25182 1 1 445493 0
25183 25183 1 1 445590 0
25184 25184 1 1 445687 0
25185 25185 1 1 445784 0
25186 25186 1 1 445881 0
25187 25187 1 1 445978 0
25188 25188 1 1 446075 0
25189 25189 1 1 446172 0
25190 25190 1 1 446269 0
25191 25191 1 1 446366 0
25192 25192 1 1 446463 0
25193 25193 1 1 446560 0
25194 25194 1 1 446657 0
25195 25195 1 1 446754 0
25196 25196 1 1 446851 0
25197 25197 1 1 446948 0
25198 25198 1 1 447045 0
25199 25199 1 1 447142 0
25200 25200 1 1 447239 0
25201 25201 1 1 447336 0
25202 25202 1 1 447433 0
25203 25203 1 1 447530 0
25204 25204 1 1 447627 0
25205 25205 1 1 447724 0
25206 25206 1 1 447821 0
25207 25207 1 1 447918 0
25208 25208 1 1 448015 0
25209 25209 1 1 448112 0
25210 25210 1 1 448209 0
25211 25211 1 1 448306 0
25212 25212 1 1 448403 0
25213 25213 1 1 448500 0
25214 25214 1 1 448597 0
25215 25215 1 1 448694 0
25216 25216 1 1 448791 0
25217 25217 1 1 448888 0
25218 25218 1 1 448985 0
25219 25219 1 1 449082 0
25220 25220 1 1 449179 0
25221 25221 1 1 449276 0
25222 25222 1 1 449373 0
25223 25223 1 1 449470 0
25224 25224 1 1 449567 0
25225 25225 1 1 449664 0
25226 25226 1 1 449761 0
25227 25227 1 1 449858 0
25228 25228 1 1 449955 0
25229 25229 1 1 450052 0
25230 25230 1 1 450149 0
25231 25231 1 1 450246 0
25232 25232 1 1 450343 0
25233 25233 1 1 450440 0
25234 25234 1 1 450537 0
25235 25235 1 1 450634 0
25236 25236 1 1 450731 0
25237 25237 1 1 450828 0
25238 25238 1 1 450925 0
25239 25239 1 1 451022 0
25240 25240 1 1 451119 0
25241 25241 1 1 451216 0
25242 25242 1 1 451313 0
25243 25243 1 1 451410 0
25244 25244 1 1 451507 0
25245 25245 1 1 451604 0
25246 25246 1 1 451701 0
25247 25247 1 1 451798 0
25248 25248 1 1 451895 0
25249 25249 1 1 451992 0
25250 25250 1 1 452089 0
25251 25251 1 1 452186 0
25252 25252 1 1 452283 0
25253 25253 1 1 452380 0
25254 25254 1 1 452477 0
25255 25255 1 1 452574 0
25256 25256 1 1 452671 0
25257 25257 1 1 452768 0
25258 25258 1 1 452865 0
25259 25259 1 1 452962 0
25260 25260 1 1 453059 0
25261 25261 1 1 453156 0
25262 25262 1 1 453253 0
25263 25263 1 1 453350 0
25264 25264 1 1 453447 0
25265 25265 1 1 453544 0
25266 25266 1 1 453641 0
25267 25267 1 1 453738 0
25268 25268 1 1 453835 0
25269 25269 1 1 453932 0
25270 25270 1 1 454029 0
25271 25271 1 1 454126 0
25272 25272 1 1 454223 0
25273 25273 1 1 454320 0
25274 25274 1 1 454417 0
25275 25275 1 1 454514 0
25276 25276 1 1 454611 0
25277 25277 1 1 454708 0
25278 25278 1 1 454805 0
25279 25279 1 1 454902 0
25280 25280 1 1 454999 0
25281 25281 1 1 455096 0
25282 25282 1 1 455193 0
25283 25283 1 1 455290 0
25284 25284 1 1 455387 0
25285 25285 1 1 455484 0
25286 25286 1 1 455581 0
25287 25287 1 1 455678 0
25288 25288 1 1 455775 0
25289 25289 1 1 455872 0
25290 25290 1 1 455969 0
25291 25291 1 1 456066 0
25292 25292 1 1 456163 0
25293 25293 1 1 456260 0
25294 25294 1 1 456357 0
25295 25295 1 1 456454 0
25296 25296 1 1 456551 0
25297 25297 1 1 456648 0
25298 25298 1 1 456745 0
25299 25299 1 1 456842 0
25300 25300 1 1 456939 0
25301 25301 1 1 457036 0
25302 25302 1 1 457133 0
25303 25303 1 1 457230 0
25304 25304 1 1 457327 0
25305 25305 1 1 457424 0
25306 25306 1 1 457521 0
25307 25307 1 1 457618 0
25308 25308 1 1 457715 0
25309 25309 1 1 457812 0
25310 25310 1 1 457909 0
25311 25311 1 1 458006 0
25312 25312 1 1 458103 0
25313 25313 1 1 458200 0
25314 25314 1 1 458297 0
25315 25315 1 1 458394 0
25316 25316 1 1 458491 0
25317 25317 1 1 458588 0
25318 25318 1 1 458685 0
25319 25319 1 1 458782 0
25320 25320 1 1 458879 0
25321 25321 1 1 458976 0
25322 25322 1 1 459073 0
25323 25323 1 1 459170 0
25324 25324 1 1 459267 0
25325 25325 1 1 459364 0
25326 25326 1 1 459461 0
25327 25327 1 1 459558 0
25328 25328 1 1 459655 0
25329 25329 1 1 459752 0
25330 25330 1 1 459849 0
25331 25331 1 1 459946 0
25332 25332 1 1 460043 0
25333 25333 1 1 460140 0
25334 25334 1 1 460237 0
25335 25335 1 1 460334 0
25336 25336 1 1 460431 0
25337 25337 1 1 460528 0
25338 25338 1 1 460625 0
25339 25339 1 1 460722 0
25340 25340 1 1 460819 0
25341 25341 1 1 460916 0
25342 25342 1 1 461013 0
25343 25343 1 1 461110 0
25344 25344 1 1 461207 0
25345 25345 1 1 461304 0
25346 25346 1 1 461401 0
25347 25347 1 1 461498 0
25348 25348 1 1 461595 0
25349 25349 1 1 461692 0
25350 25350 1 1 461789 0
25351 25351 1 1 461886 0
25352 25352 1 1 461983 0
25353 25353 1 1 462080 0
25354 25354 1 1 462177 0
25355 25355 1 1 462274 0
25356 25356 1 1 462371 0
25357 25357 1 1 462468 0
25358 25358 1 1 462565 0
25359 25359 1 1 462662 0
25360 25360 1 1 462759 0
25361 25361 1 1 462856 0
25362 25362 1 1 462953 0
25363 25363 1 1 463050 0
25364 25364 1 1 463147 0
25365 25365 1 1 463244 0
25366 25366 1 1 463341 0
25367 25367 1 1 463438 0
25368 25368 1 1 463535 0
25369 25369 1 1 463632 0
25370 25370 1 1 463729 0
25371 25371 1 1 463826 0
25372 25372 1 1 463923 0
25373 25373 1 1 464020 0
25374 25374 1 1 464117 0
25375 25375 1 1 464214 0
25376 25376 1 1 464311 0
25377 25377 1 1 464408 0
25378 25378 1 1 464505 0
25379 25379 1 1 464602 0
25380 25380 1 1 464699 0
25381 25381 1 1 464796 0
25382 25382 1 1 464893 0
25383 25383 1 1 464990 0
25384 25384 1 1 465087 0
25385 25385 1 1 465184 0
25386 25386 1 1 465281 0
25387 25387 1 1 465378 0
25388 25388 1 1 465475 0
25389 25389 1 1 465572 0
25390 25390 1 1 465669 0
25391 25391 1 1 465766 0
25392 25392 1 1 465863 0
25393 25393 1 1 465960 0
25394 25394 1 1 466057 0
25395 25395 1 1 466154 0
25396 25396 1 1 466251 0
25397 25397 1 1 466348 0
25398 25398 1 1 466445 0
25399 25399 1 1 466542 0
25400 25400 1 1 466639 0
25401 25401 1 1 466736 0
25402 25402 1 1 466833 0
25403 25403 1 1 466930 0
25404 25404 1 1 467027 0
25405 25405 1 1 467124 0
25406 25406 1 1 467221 0
25407 25407 1 1 467318 0
25408 25408 1 1 467415 0
25409 25409 1 1 467512 0
25410 25410 1 1 467609 0
25411 25411 1 1 467706 0
25412 25412 1 1 467803 0
25413 25413 1 1 467900 0
25414 25414 1 1 467997 0
25415 25415 1 1 468094 0
25416 25416 1 1 468191 0
25417 25417 1 1 468288 0
25418 25418 1 1 468385 0
25419 25419 1 1 468482 0
25420 25420 1 1 468579 0
25421 25421 1 1 468676 0
25422 25422 1 1 468773 0
25423 25423 1 1 468870 0
25424 25424 1 1 468967 0
25425 25425 1 1 469064 0
25426 25426 1 1 469161 0
25427 25427 1 1 469258 0
25428 25428 1 1 469355 0
25429 25429 1 1 469452 0
25430 25430 1 1 469549 0
25431 25431 1 1 469646 0
25432 25432 1 1 469743 0
25433 25433 1 1 469840 0
25434 25434 1 1 469937 0
25435 25435 1 1 470034 0
25436 25436 1 1 470131 0
25437 25437 1 1 470228 0
25438 25438 1 1 470325 0
25439 25439 1 1 470422 0
25440 25440 1 1 470519 0
25441 25441 1 1 470616 0
25442 25442 1 1 470713 0
25443 25443 1 1 470810 0
25444 25444 1 1 470907 0
25445 25445 1 1 471004 0
25446 25446 1 1 471101 0
25447 25447 1 1 471198 0
25448 25448 1 1 471295 0
25449 25449 1 1 471392 0
25450 25450 1 1 471489 0
25451 25451 1 1 471586 0
25452 25452 1 1 471683 0
25453 25453 1 1 471780 0
25454 25454 1 1 471877 0
25455 25455 1 1 471974 0
25456 25456 1 1 472071 0
25457 25457 1 1 472168 0
25458 25458 1 1 472265 0
25459 25459 1 1 472362 0
25460 25460 1 1 472459 0
25461 25461 1 1 472556 0
25462 25462 1 1 472653 0
25463 25463 1 1 472750 0
25464 25464 1 1 472847 0
25465 25465 1 1 472944 0
25466 25466 1 1 473041 0
25467 25467 1 1 473138 0
25468 25468 1 1 473235 0
25469 25469 1 1 473332 0
25470 25470 1 1 473429 0
25471 25471 1 1 473526 0
25472 25472 1 1 473623 0
25473 25473 1 1 473720 0
25474 25474 1 1 473817 0
25475 25475 1 1 473914 0
25476 25476 1 1 474011 0
25477 25477 1 1 474108 0
25478 25478 1 1 474205 0
25479 25479 1 1 474302 0
25480 25480 1 1 474399 0
25481 25481 1 1 474496 0
25482 25482 1 1 474593 0
25483 25483 1 1 474690 0
25484 25484 1 1 474787 0
25485 25485 1 1 474884 0
25486 25486 1 1 474981 0
25487 25487 1 1 475078 0
25488 25488 1 1 475175 0
25489 25489 1 1 475272 0
25490 25490 1 1 475369 0
25491 25491 1 1 475466 0
25492 25492 1 1 475563 0
25493 25493 1 1 475660 0
25494 25494 1 1 475757 0
25495 25495 1 1 475854 0
25496 25496 1 1 475951 0
25497 25497 1 1 476048 0
25498 25498 1 1 476145 0
25499 25499 1 1 476242 0
25500 25500 1 1 476339 0
25501 25501 1 1 476436 0
25502 25502 1 1 476533 0
25503 25503 1 1 476630 0
25504 25504 1 1 476727 0
25505 25505 1 1 476824 0
25506 25506 1 1 476921 0
25507 25507 1 1 477018 0
25508 25508 1 1 477115 0
25509 25509 1 1 477212 0
25510 25510 1 1 477309 0
25511 25511 1 1 477406 0
25512 25512 1 1 477503 0
25513 25513 1 1 477600 0
25514 25514 1 1 477697 0
25515 25515 1 1 477794 0
25516 25516 1 1 477891 0
25517 25517 1 1 477988 0
25518 25518 1 1 478085 0
25519 25519 1 1 478182 0
25520 25520 1 1 478279 0
25521 25521 1 1 478376 0
25522 25522 1 1 478473 0
25523 25523 1 1 478570 0
25524 25524 1 1 478667 0
25525 25525 1 1 478764 0
25526 25526 1 1 478861 0
25527 25527 1 1 478958 0
25528 25528 1 1 479055 0
25529 25529 1 1 479152 0
25530 25530 1 1 479249 0
25531 25531 1 1 479346 0
25532 25532 1 1 479443 0
25533 25533 1 1 479540 0
25534 25534 1 1 479637 0
25535 25535 1 1 479734 0
25536 25536 1 1 479831 0
25537 25537 1 1 479928 0
25538 25538 1 1 480025 0
25539 25539 1 1 480122 0
25540 25540 1 1 480219 0
25541 25541 1 1 480316 0
25542 25542 1 1 480413 0
25543 25543 1 1 480510 0
25544 25544 1 1 480607 0
25545 25545 1 1 480704 0
25546 25546 1 1 480801 0
25547 25547 1 1 480898 0
25548 25548 1 1 480995 0
25549 25549 1 1 481092 0
25550 25550 1 1 481189 0
25551 25551 1 1 481286 0
25552 25552 1 1 481383 0
25553 25553 1 1 481480 0
25554 25554 1 1 481577 0
25555 25555 1 1 481674 0
25556 25556 1 1 481771 0
25557 25557 1 1 481868 0
25558 25558 1 1 481965 0
25559 25559 1 1 482062 0
25560 25560 1 1 482159 0
25561 25561 1 1 482256 0
25562 25562 1 1 482353 0
25563 25563 1 1 482450 0
25564 25564 1 1 482547 0
25565 25565 1 1 482644 0
25566 25566 1 1 482741 0
25567 25567 1 1 482838 0
25568 25568 1 1 482935 0
25569 25569 1 1 483032 0
25570 25570 1 1 483129 0
25571 25571 1 1 483226 0
25572 25572 1 1 483323 0
25573 25573 1 1 483420 0
25574 25574 1 1 483517 0
25575 25575 1 1 483614 0
25576 25576 1 1 483711 0
25577 25577 1 1 483808 0
25578 25578 1 1 483905 0
25579 25579 1 1 484002 0
25580 25580 1 1 484099 0
25581 25581 1 1 484196 0
25582 25582 1 1 484293 0
25583 25583 1 1 484390 0
25584 25584 1 1 484487 0
25585 25585 1 1 484584 0
25586 25586 1 1 484681 0
25587 25587 1 1 484778 0
25588 25588 1 1 484875 0
25589 25589 1 1 484972 0
25590 25590 1 1 485069 0
25591 25591 1 1 485166 0
25592 25592 1 1 485263 0
25593 25593 1 1 485360 0
25594 25594 1 1 485457 0
25595 25595 1 1 485554 0
25596 25596 1 1 485651 0
25597 25597 1 1 485748 0
25598 25598 1 1 485845 0
25599 25599 1 1 485942 0
25600 25600 1 1 486039 0
25601 25601 1 1 486136 0
25602 25602 1 1 486233 0
25603 25603 1 1 486330 0
25604 25604 1 1 486427 0
25605 25605 1 1 486524 0
25606 25606 1 1 486621 0
25607 25607 1 1 486718 0
25608 25608 1 1 486815 0
25609 25609 1 1 486912 0
25610 25610 1 1 487009 0
25611 25611 1 1 487106 0
25612 25612 1 1 487203 0
25613 25613 1 1 487300 0
25614 25614 1 1 487397 0
25615 25615 1 1 487494 0
25616 25616 1 1 487591 0
25617 25617 1 1 487688 0
25618 25618 1 1 487785 0
25619 25619 1 1 487882 0
25620 25620 1 1 487979 0
25621 25621 1 1 488076 0
25622 25622 1 1 488173 0
25623 25623 1 1 488270 0
25624 25624 1 1 488367 0
25625 25625 1 1 488464 0
25626 25626 1 1 488561 0
25627 25627 1 1 488658 0
25628 25628 1 1 488755 0
25629 25629 1 1 488852 0
25630 25630 1 1 488949 0
25631 25631 1 1 489046 0
25632 25632 1 1 489143 0
25633 25633 1 1 489240 0
25634 25634 1 1 489337 0
25635 25635 1 1 489434 0
25636 25636 1 1 489531 0
25637 25637 1 1 489628 0
25638 25638 1 1 489725 0
25639 25639 1 1 489822 0
25640 25640 1 1 489919 0
25641 25641 1 1 490016 0
25642 25642 1 1 490113 0
25643 25643 1 1 490210 0
25644 25644 1 1 490307 0
25645 25645 1 1 490404 0
25646 25646 1 1 490501 0
25647 25647 1 1 490598 0
25648 25648 1 1 490695 0
25649 25649 1 1 490792 0
25650 25650 1 1 490889 0
25651 25651 1 1 490986 0
25652 25652 1 1 491083 0
25653 25653 1 1 491180 0
25654 25654 1 1 491277 0
25655 25655 1 1 491374 0
25656 25656 1 1 491471 0
25657 25657 1 1 491568 0
25658 25658 1 1 491665 0
25659 25659 1 1 491762 0
25660 25660 1 1 491859 0
25661 25661 1 1 491956 0
25662 25662 1 1 492053 0
25663 25663 1 1 492150 0
25664 25664 1 1 492247 0
25665 25665 1 1 492344 0
25666 25666 1 1 492441 0
25667 25667 1 1 492538 0
25668 25668 1 1 492635 0
25669 25669 1 1 492732 0
25670 25670 1 1 492829 0
25671 25671 1 1 492926 0
25672 25672 1 1 493023 0
25673 25673 1 1 493120 0
25674 25674 1 1 493217 0
25675 25675 1 1 493314 0
25676 25676 1 1 493411 0
25677 25677 1 1 493508 0
25678 25678 1 1 493605 0
25679 25679 1 1 493702 0
25680 25680 1 1 493799 0
25681 25681 1 1 493896 0
25682 25682 1 1 493993 0
25683 25683 1 1 494090 0
25684 25684 1 1 494187 0
25685 25685 1 1 494284 0
25686 25686 1 1 494381 0
25687 25687 1 1 494478 0
25688 25688 1 1 494575 0
25689 25689 1 1 494672 0
25690 25690 1 1 494769 0
25691 25691 1 1 494866 0
25692 25692 1 1 494963 0
25693 25693 1 1 495060 0
25694 25694 1 1 495157 0
25695 25695 1 1 495254 0
25696 25696 1 1 495351 0
25697 25697 1 1 495448 0
25698 25698 1 1 495545 0
25699 25699 1 1 495642 0
25700 25700 1 1 495739 0
25701 25701 1 1 495836 0
25702 25702 1 1 495933 0
25703 25703 1 1 496030 0
25704 25704 1 1 496127 0
25705 25705 1 1 496224 0
25706 25706 1 1 496321 0
25707 25707 1 1 496418 0
25708 25708 1 1 496515 0
25709 25709 1 1 496612 0
25710 25710 1 1 496709 0
25711 25711 1 1 496806 0
25712 25712 1 1 496903 0
25713 25713 1 1 497000 0
25714 25714 1 1 497097 0
25715 25715 1 1 497194 0
25716 25716 1 1 497291 0
25717 25717 1 1 497388 0
25718 25718 1 1 497485 0
25719 25719 1 1 497582 0
25720 25720 1 1 497679 0
25721 25721 1 1 497776 0
25722 25722 1 1 497873 0
25723 25723 1 1 497970 0
25724 25724 1 1 498067 0
25725 25725 1 1 498164 0
25726 25726 1 1 498261 0
25727 25727 1 1 498358 0
25728 25728 1 1 498455 0
25729 25729 1 1 498552 0
25730 25730 1 1 498649 0
25731 25731 1 1 498746 0
25732 25732 1 1 498843 0
25733 25733 1 1 498940 0
25734 25734 1 1 499037 0
25735 25735 1 1 499134 0
25736 25736 1 1 499231 0
25737 25737 1 1 499328 0
25738 25738 1 1 499425 0
25739 25739 1 1 499522 0
25740 25740 1 1 499619 0
25741 25741 1 1 499716 0
25742 25742 1 1 499813 0
25743 25743 1 1 499910 0
25744 25744 1 1 500007 0
25745 25745 1 1 500104 0
25746 25746 1 1 500201 0
25747 25747 1 1 500298 0
25748 25748 1 1 500395 0
25749 25749 1 1 500492 0
25750 25750 1 1 500589 0
25751 25751 1 1 500686 0
25752 25752 1 1 500783 0
25753 25753 1 1 500880 0
25754 25754 1 1 500977 0
25755 25755 1 1 501074 0
25756 25756 1 1 501171 0
25757 25757 1 1 501268 0
25758 25758 1 1 501365 0
25759 25759 1 1 501462 0
25760 25760 1 1 501559 0
25761 25761 1 1 501656 0
25762 25762 1 1 501753 0
25763 25763 1 1 501850 0
25764 25764 1 1 501947 0
25765 25765 1 1 502044 0
25766 25766 1 1 502141 0
25767 25767 1 1 502238 0
25768 25768 1 1 502335 0
25769 25769 1 1 502432 0
25770 25770 1 1 502529 0
25771 25771 1 1 502626 0
25772 25772 1 1 502723 0
25773 25773 1 1 502820 0
25774 25774 1 1 502917 0
25775 25775 1 1 503014 0
25776 25776 1 1 503111 0
25777 25777 1 1 503208 0
25778 25778 1 1 503305 0
25779 25779 1 1 503402 0
25780 25780 1 1 503499 0
25781 25781 1 1 503596 0
25782 25782 1 1 503693 0
25783 25783 1 1 503790 0
25784 25784 1 1 503887 0
25785 25785 1 1 503984 0
25786 25786 1 1 504081 0
25787 25787 1 1 504178 0
25788 25788 1 1 504275 0
25789 25789 1 1 504372 0
25790 25790 1 1 504469 0
25791 25791 1 1 504566 0
25792 25792 1 1 504663 0
25793 25793 1 1 504760 0
25794 25794 1 1 504857 0
25795 25795 1 1 504954 0
25796 25796 1 1 505051 0
25797 25797 1 1 505148 0
25798 25798 1 1 505245 0
25799 25799 1 1 505342 0
25800 25800 1 1 505439 0
25801 25801 1 1 505536 0
25802 25802 1 1 505633 0
25803 25803 1 1 505730 0
25804 25804 1 1 505827 0
25805 25805 1 1 505924 0
25806 25806 1 1 506021 0
25807 25807 1 1 506118 0
25808 25808 1 1 506215 0
25809 25809 1 1 506312 0
25810 25810 1 1 506409 0
25811 25811 1 1 506506 0
25812 25812 1 1 506603 0
25813 25813 1 1 506700 0
25814 25814 1 1 506797 0
25815 25815 1 1 506894 0
25816 25816 1 1 506991 0
25817 25817 1 1 507088 0
25818 25818 1 1 507185 0
25819 25819 1 1 507282 0
25820 25820 1 1 507379 0
25821 25821 1 1 507476 0
25822 25822 1 1 507573 0
25823 25823 1 1 507670 0
25824 25824 1 1 507767 0
25825 25825 1 1 507864 0
25826 25826 1 1 507961 0
25827 25827 1 1 508058 0
25828 25828 1 1 508155 0
25829 25829 1 1 508252 0
25830 25830 1 1 508349 0
25831 25831 1 1 508446 0
25832 25832 1 1 508543 0
25833 25833 1 1 508640 0
25834 25834 1 1 508737 0
25835 25835 1 1 508834 0
25836 25836 1 1 508931 0
25837 25837 1 1 509028 0
25838 25838 1 1 509125 0
25839 25839 1 1 509222 0
25840 25840 1 1 509319 0
25841 25841 1 1 509416 0
25842 25842 1 1 509513 0
25843 25843 1 1 509610 0
25844 25844 1 1 509707 0
25845 25845 1 1 509804 0
25846 25846 1 1 509901 0
25847 25847 1 1 509998 0
25848 25848 1 1 510095 0
25849 25849 1 1 510192 0
25850 25850 1 1 510289 0
25851 25851 1 1 510386 0
25852 25852 1 1 510483 0
25853 25853 1 1 510580 0
25854 25854 1 1 510677 0
25855 25855 1 1 510774 0
25856 25856 1 1 510871 0
25857 25857 1 1 510968 0
25858 25858 1 1 511065 0
25859 25859 1 1 511162 0
25860 25860 1 1 511259 0
25861 25861 1 1 511356 0
25862 25862 1 1 511453 0
25863 25863 1 1 511550 0
25864 25864 1 1 511647 0
25865 25865 1 1 511744 0
25866 25866 1 1 511841 0
25867 25867 1 1 511938 0
25868 25868 1 1 512035 0
25869 25869 1 1 512132 0
25870 25870 1 1 512229 0
25871 25871 1 1 512326 0
25872 25872 1 1 512423 0
25873 25873 1 1 512520 0
25874 25874 1 1 512617 0
25875 25875 1 1 512714 0
25876 25876 1 1 512811 0
25877 25877 1 1 512908 0
25878 25878 1 1 513005 0
25879 25879 1 1 513102 0
25880 25880 1 1 513199 0
25881 25881 1 1 513296 0
25882 25882 1 1 513393 0
25883 25883 1 1 513490 0
25884 25884 1 1 513587 0
25885 25885 1 1 513684 0
25886 25886 1 1 513781 0
25887 25887 1 1 513878 0
25888 25888 1 1 513975 0
25889 25889 1 1 514072 0
25890 25890 1 1 514169 0
25891 25891 1 1 514266 0
25892 25892 1 1 514363 0
25893 25893 1 1 514460 0
25894 25894 1 1 514557 0
25895 25895 1 1 514654 0
25896 25896 1 1 514751 0
25897 25897 1 1 514848 0
25898 25898 1 1 514945 0
25899 25899 1 1 515042 0
25900 25900 1 1 515139 0
25901 25901 1 1 515236 0
25902 25902 1 1 515333 0
25903 25903 1 1 515430 0
25904 25904 1 1 515527 0
25905 25905 1 1 515624 0
25906 25906 1 1 515721 0
25907 25907 1 1 515818 0
25908 25908 1 1 515915 0
25909 25909 1 1 516012 0
25910 25910 1 1 516109 0
25911 25911 1 1 516206 0
25912 25912 1 1 516303 0
25913 25913 1 1 516400 0
25914 25914 1 1 516497 0
25915 25915 1 1 516594 0
25916 25916 1 1 516691 0
25917 25917 1 1 516788 0
25918 25918 1 1 516885 0
25919 25919 1 1 516982 0
25920 25920 1 1 517079 0
25921 25921 1 1 517176 0
25922 25922 1 1 517273 0
25923 25923 1 1 517370 0
25924 25924 1 1 517467 0
25925 25925 1 1 517564 0
25926 25926 1 1 517661 0
25927 25927 1 1 517758 0
25928 25928 1 1 517855 0
25929 25929 1 1 517952 0
25930 25930 1 1 518049 0
25931 25931 1 1 518146 0
25932 25932 1 1 518243 0
25933 25933 1 1 518340 0
25934 25934 1 1 518437 0
25935 25935 1 1 518534 0
25936 25936 1 1 518631 0
25937 25937 1 1 518728 0
25938 25938 1 1 518825 0
25939 25939 1 1 518922 0
25940 25940 1 1 519019 0
25941 25941 1 1 519116 0
25942 25942 1 1 519213 0
25943 25943 1 1 519310 0
25944 25944 1 1 519407 0
25945 25945 1 1 519504 0
25946 25946 1 1 519601 0
25947 25947 1 1 519698 0
25948 25948 1 1 519795 0
25949 25949 1 1 519892 0
25950 25950 1 1 519989 0
25951 25951 1 1 520086 0
25952 25952 1 1 520183 0
25953 25953 1 1 520280 0
25954 25954 1 1 520377 0
25955 25955 1 1 520474 0
25956 25956 1 1 520571 0
25957 25957 1 1 520668 0
25958 25958 1 1 520765 0
25959 25959 1 1 520862 0
25960 25960 1 1 520959 0
25961 25961 1 1 521056 0
25962 25962 1 1 521153 0
25963 25963 1 1 521250 0
25964 25964 1 1 521347 0
25965 25965 1 1 521444 0
25966 25966 1 1 521541 0
25967 25967 1 1 521638 0
25968 25968 1 1 521735 0
25969 25969 1 1 521832 0
25970 25970 1 1 521929 0
25971 25971 1 1 522026 0
25972 25972 1 1 522123 0
25973 25973 1 1 522220 0
25974 25974 1 1 522317 0
25975 25975 1 1 522414 0
25976 25976 1 1 522511 0
25977 25977 1 1 522608 0
25978 25978 1 1 522705 0
25979 25979 1 1 522802 0
25980 25980 1 1 522899 0
25981 25981 1 1 522996 0
25982 25982 1 1 523093 0
25983 25983 1 1 523190 0
25984 25984 1 1 523287 0
25985 25985 1 1 523384 0
25986 25986 1 1 523481 0
25987 25987 1 1 523578 0
25988 25988 1 1 523675 0
25989 25989 1 1 523772 0
25990 25990 1 1 523869 0
25991 25991 1 1 523966 0
25992 25992 1 1 524063 0
25993 25993 1 1 524160 0
25994 25994 1 1 524257 0
25995 25995 1 1 524354 0
25996 25996 1 1 524451 0
25997 25997 1 1 524548 0
25998 25998 1 1 524645 0
25999 25999 1 1 524742 0
26000 26000 1 1 524839 0
26001 26001 1 1 524936 0
26002 26002 1 1 525033 0
26003 26003 1 1 525130 0
26004 26004 1 1 525227 0
26005 26005 1 1 525324 0
26006 26006 1 1 525421 0
26007 26007 1 1 525518 0
26008 26008 1 1 525615 0
26009 26009 1 1 525712 0
26010 26010 1 1 525809 0
26011 26011 1 1 525906 0
26012 26012 1 1 526003 0
26013 26013 1 1 526100 0
26014 26014 1 1 526197 0
26015 26015 1 1 526294 0
26016 26016 1 1 526391 0
26017 26017 1 1 526488 0
26018 26018 1 1 526585 0
26019 26019 1 1 526682 0
26020 26020 1 1 526779 0
26021 26021 1 1 526876 0
26022 26022 1 1 526973 0
26023 26023 1 1 527070 0
26024 26024 1 1 527167 0
26025 26025 1 1 527264 0
26026 26026 1 1 527361 0
26027 26027 1 1 527458 0
26028 26028 1 1 527555 0
26029 26029 1 1 527652 0
26030 26030 1 1 527749 0
26031 26031 1 1 527846 0
26032 26032 1 1 527943 0
26033 26033 1 1 528040 0
26034 26034 1 1 528137 0
26035 26035 1 1 528234 0
26036 26036 1 1 528331 0
26037 26037 1 1 528428 0
26038 26038 1 1 528525 0
26039 26039 1 1 528622 0
26040 26040 1 1 528719 0
26041 26041 1 1 528816 0
26042 26042 1 1 528913 0
26043 26043 1 1 529010 0
26044 26044 1 1 529107 0
26045 26045 1 1 529204 0
26046 26046 1 1 529301 0
26047 26047 1 1 529398 0
26048 26048 1 1 529495 0
26049 26049 1 1 529592 0
26050 26050 1 1 529689 0
26051 26051 1 1 529786 0
26052 26052 1 1 529883 0
26053 26053 1 1 529980 0
26054 26054 1 1 530077 0
26055 26055 1 1 530174 0
26056 26056 1 1 530271 0
26057 26057 1 1 530368 0
26058 26058 1 1 530465 0
26059 26059 1 1 530562 0
26060 26060 1 1 530659 0
26061 26061 1 1 530756 0
26062 26062 1 1 530853 0
26063 26063 1 1 530950 0
26064 26064 1 1 531047 0
26065 26065 1 1 531144 0
26066 26066 1 1 531241 0
26067 26067 1 1 531338 0
26068 26068 1 1 531435 0
26069 26069 1 1 531532 0
26070 26070 1 1 531629 0
26071 26071 1 1 531726 0
26072 26072 1 1 531823 0
26073 26073 1 1 531920 0
26074 26074 1 1 532017 0
26075 26075 1 1 532114 0
26076 26076 1 1 532211 0
26077 26077 1 1 532308 0
26078 26078 1 1 532405 0
26079 26079 1 1 532502 0
26080 26080 1 1 532599 0
26081 26081 1 1 532696 0
26082 26082 1 1 532793 0
26083 26083 1 1 532890 0
26084 26084 1 1 532987 0
26085 26085 1 1 533084 0
26086 26086 1 1 533181 0
26087 26087 1 1 533278 0
26088 26088 1 1 533375 0
26089 26089 1 1 533472 0
26090 26090 1 1 533569 0
26091 26091 1 1 533666 0
26092 26092 1 1 533763 0
26093 26093 1 1 533860 0
26094 26094 1 1 533957 0
26095 26095 1 1 534054 0
26096 26096 1 1 534151 0
26097 26097 1 1 534248 0
26098 26098 1 1 534345 0
26099 26099 1 1 534442 0
26100 26100 1 1 534539 0
26101 26101 1 1 534636 0
26102 26102 1 1 534733 0
26103 26103 1 1 534830 0
26104 26104 1 1 534927 0
26105 26105 1 1 535024 0
26106 26106 1 1 535121 0
26107 26107 1 1 535218 0
26108 26108 1 1 535315 0
26109 26109 1 1 535412 0
26110 26110 1 1 535509 0
26111 26111 1 1 535606 0
26112 26112 1 1 535703 0
26113 26113 1 1 535800 0
26114 26114 1 1 535897 0
26115 26115 1 1 535994 0
26116 26116 1 1 536091 0
26117 26117 1 1 536188 0
26118 26118 1 1 536285 0
26119 26119 1 1 536382 0
26120 26120 1 1 536479 0
26121 26121 1 1 536576 0
26122 26122 1 1 536673 0
26123 26123 1 1 536770 0
26124 26124 1 1 536867 0
26125 26125 1 1 536964 0
26126 26126 1 1 537061 0
26127 26127 1 1 537158 0
26128 26128 1 1 537255 0
26129 26129 1 1 537352 0
26130 26130 1 1 537449 0
26131 26131 1 1 537546 0
26132 26132 1 1 537643 0
26133 26133 1 1 537740 0
26134 26134 1 1 537837 0
26135 26135 1 1 537934 0
26136 26136 1 1 538031 0
26137 26137 1 1 538128 0
26138 26138 1 1 538225 0
26139 26139 1 1 538322 0
26140 26140 1 1 538419 0
26141 26141 1 1 538516 0
26142 26142 1 1 538613 0
26143 26143 1 1 538710 0
26144 26144 1 1 538807 0
26145 26145 1 1 538904 0
26146 26146 1 1 539001 0
26147 26147 1 1 539098 0
26148 26148 1 1 539195 0
26149 26149 1 1 539292 0
26150 26150 1 1 539389 0
26151 26151 1 1 539486 0
26152 26152 1 1 539583 0
26153 26153 1 1 539680 0
26154 26154 1 1 539777 0
26155 26155 1 1 539874 0
26156 26156 1 1 539971 0
26157 26157 1 1 540068 0
26158 26158 1 1 540165 0
26159 26159 1 1 540262 0
26160 26160 1 1 540359 0
26161 26161 1 1 540456 0
26162 26162 1 1 540553 0
26163 26163 1 1 540650 0
26164 26164 1 1 540747 0
26165 26165 1 1 540844 0
26166 26166 1 1 540941 0
26167 26167 1 1 541038 0
26168 26168 1 1 541135 0
26169 26169 1 1 541232 0
26170 26170 1 1 541329 0
26171 26171 1 1 541426 0
26172 26172 1 1 541523 0
26173 26173 1 1 541620 0
26174 26174 1 1 541717 0
26175 26175 1 1 541814 0
26176 26176 1 1 541911 0
26177 26177 1 1 542008 0
26178 26178 1 1 542105 0
26179 26179 1 1 542202 0
26180 26180 1 1 542299 0
26181 26181 1 1 542396 0
26182 26182 1 1 542493 0
26183 26183 1 1 542590 0
26184 26184 1 1 542687 0
26185 26185 1 1 542784 0
26186 26186 1 1 542881 0
26187 26187 1 1 542978 0
26188 26188 1 1 543075 0
26189 26189 1 1 543172 0
26190 26190 1 1 543269 0
26191 26191 1 1 543366 0
26192 26192 1 1 543463 0
26193 26193 1 1 543560 0
26194 26194 1 1 543657 0
26195 26195 1 1 543754 0
26196 26196 1 1 543851 0
26197 26197 1 1 543948 0
26198 26198 1 1 544045 0
26199 26199 1 1 544142 0
26200 26200 1 1 544239 0
26201 26201 1 1 544336 0
26202 26202 1 1 544433 0
26203 26203 1 1 544530 0
26204 26204 1 1 544627 0
26205 26205 1 1 544724 0
26206 26206 1 1 544821 0
26207 26207 1 1 544918 0
26208 26208 1 1 545015 0
26209 26209 1 1 545112 0
26210 26210 1 1 545209 0
26211 26211 1 1 545306 0
26212 26212 1 1 545403 0
26213 26213 1 1 545500 0
26214 26214 1 1 545597 0
26215 26215 1 1 545694 0
26216 26216 1 1 545791 0
26217 26217 1 1 545888 0
26218 26218 1 1 545985 0
26219 26219 1 1 546082 0
26220 26220 1 1 546179 0
26221 26221 1 1 546276 0
26222 26222 1 1 546373 0
26223 26223 1 1 546470 0
26224 26224 1 1 546567 0
26225 26225 1 1 546664 0
26226 26226 1 1 546761 0
26227 26227 1 1 546858 0
26228 26228 1 1 546955 0
26229 26229 1 1 547052 0
26230 26230 1 1 547149 0
26231 26231 1 1 547246 0
26232 26232 1 1 547343 0
26233 26233 1 1 547440 0
26234 26234 1 1 547537 0
26235 26235 1 1 547634 0
26236 26236 1 1 547731 0
26237 26237 1 1 547828 0
26238 26238 1 1 547925 0
26239 26239 1 1 548022 0
26240 26240 1 1 548119 0
26241 26241 1 1 548216 0
26242 26242 1 1 548313 0
26243 26243 1 1 548410 0
26244 26244 1 1 548507 0
26245 26245 1 1 548604 0
26246 26246 1 1 548701 0
26247 26247 1 1 548798 0
26248 26248 1 1 548895 0
26249 26249 1 1 548992 0
26250 26250 1 1 549089 0
26251 26251 1 1 549186 0
26252 26252 1 1 549283 0
26253 26253 1 1 549380 0
26254 26254 1 1 549477 0
26255 26255 1 1 549574 0
26256 26256 1 1 549671 0
26257 26257 1 1 549768 0
26258 26258 1 1 549865 0
26259 26259 1 1 549962 0
26260 26260 1 1 550059 0
26261 26261 1 1 550156 0
26262 26262 1 1 550253 0
26263 26263 1 1 550350 0
26264 26264 1 1 550447 0
26265 26265 1 1 550544 0
26266 26266 1 1 550641 0
26267 26267 1 1 550738 0
26268 26268 1 1 550835 0
26269 26269 1 1 550932 0
26270 26270 1 1 551029 0
26271 26271 1 1 551126 0
26272 26272 1 1 551223 0
26273 26273 1 1 551320 0
26274 26274 1 1 551417 0
26275 26275 1 1 551514 0
26276 26276 1 1 551611 0
26277 26277 1 1 551708 0
26278 26278 1 1 551805 0
26279 26279 1 1 551902 0
26280 26280 1 1 551999 0
26281 26281 1 1 552096 0
26282 26282 1 1 552193 0
26283 26283 1 1 552290 0
26284 26284 1 1 552387 0
26285 26285 1 1 552484 0
26286 26286 1 1 552581 0
26287 26287 1 1 552678 0
26288 26288 1 1 552775 0
26289 26289 1 1 552872 0
26290 26290 1 1 552969 0
26291 26291 1 1 553066 0
26292 26292 1 1 553163 0
26293 26293 1 1 553260 0
26294 26294 1 1 553357 0
26295 26295 1 1 553454 0
26296 26296 1 1 553551 0
26297 26297 1 1 553648 0
26298 26298 1 1 553745 0
26299 26299 1 1 553842 0
26300 26300 1 1 553939 0
26301 26301 1 1 554036 0
26302 26302 1 1 554133 0
26303 26303 1 1 554230 0
26304 26304 1 1 554327 0
26305 26305 1 1 554424 0
26306 26306 1 1 554521 0
26307 26307 1 1 554618 0
26308 26308 1 1 554715 0
26309 26309 1 1 554812 0
26310 26310 1 1 554909 0
26311 26311 1 1 555006 0
26312 26312 1 1 555103 0
26313 26313 1 1 555200 0
26314 26314 1 1 555297 0
26315 26315 1 1 555394 0
26316 26316 1 1 555491 0
26317 26317 1 1 555588 0
26318 26318 1 1 555685 0
26319 26319 1 1 555782 0
26320 26320 1 1 555879 0
26321 26321 1 1 555976 0
26322 26322 1 1 556073 0
26323 26323 1 1 556170 0
26324 26324 1 1 556267 0
26325 26325 1 1 556364 0
26326 26326 1 1 556461 0
26327 26327 1 1 556558 0
26328 26328 1 1 556655 0
26329 26329 1 1 556752 0
26330 26330 1 1 556849 0
26331 26331 1 1 556946 0
26332 26332 1 1 557043 0
26333 26333 1 1 557140 0
26334 26334 1 1 557237 0
26335 26335 1 1 557334 0
26336 26336 1 1 557431 0
26337 26337 1 1 557528 0
26338 26338 1 1 557625 0
26339 26339 1 1 557722 0
26340 26340 1 1 557819 0
26341 26341 1 1 557916 0
26342 26342 1 1 558013 0
26343 26343 1 1 558110 0
26344 26344 1 1 558207 0
26345 26345 1 1 558304 0
26346 26346 1 1 558401 0
26347 26347 1 1 558498 0
26348 26348 1 1 558595 0
26349 26349 1 1 558692 0
26350 26350 1 1 558789 0
26351 26351 1 1 558886 0
26352 26352 1 1 558983 0
26353 26353 1 1 559080 0
26354 26354 1 1 559177 0
26355 26355 1 1 559274 0
26356 26356 1 1 559371 0
26357 26357 1 1 559468 0
26358 26358 1 1 559565 0
26359 26359 1 1 559662 0
26360 26360 1 1 559759 0
26361 26361 1 1 559856 0
26362 26362 1 1 559953 0
26363 26363 1 1 560050 0
26364 26364 1 1 560147 0
26365 26365 1 1 560244 0
26366 26366 1 1 560341 0
26367 26367 1 1 560438 0
26368 26368 1 1 560535 0
26369 26369 1 1 560632 0
26370 26370 1 1 560729 0
26371 26371 1 1 560826 0
26372 26372 1 1 560923 0
26373 26373 1 1 561020 0
26374 26374 1 1 561117 0
26375 26375 1 1 561214 0
26376 26376 1 1 561311 0
26377 26377 1 1 561408 0
26378 26378 1 1 561505 0
26379 26379 1 1 561602 0
26380 26380 1 1 561699 0
26381 26381 1 1 561796 0
26382 26382 1 1 561893 0
26383 26383 1 1 561990 0
26384 26384 1 1 562087 0
26385 26385 1 1 562184 0
26386 26386 1 1 562281 0
26387 26387 1 1 562378 0
26388 26388 1 1 562475 0
26389 26389 1 1 562572 0
26390 26390 1 1 562669 0
26391 26391 1 1 562766 0
26392 26392 1 1 562863 0
26393 26393 1 1 562960 0
26394 26394 1 1 563057 0
26395 26395 1 1 563154 0
26396 26396 1 1 563251 0
26397 26397 1 1 563348 0
26398 26398 1 1 563445 0
26399 26399 1 1 563542 0
26400 26400 1 1 563639 0
26401 26401 1 1 563736 0
26402 26402 1 1 563833 0
26403 26403 1 1 563930 0
26404 26404 1 1 564027 0
26405 26405 1 1 564124 0
26406 26406 1 1 564221 0
26407 26407 1 1 564318 0
26408 26408 1 1 564415 0
26409 26409 1 1 564512 0
26410 26410 1 1 564609 0
26411 26411 1 1 564706 0
26412 26412 1 1 564803 0
26413 26413 1 1 564900 0
26414 26414 1 1 564997 0
26415 26415 1 1 565094 0
26416 26416 1 1 565191 0
26417 26417 1 1 565288 0
26418 26418 1 1 565385 0
26419 26419 1 1 565482 0
26420 26420 1 1 565579 0
26421 26421 1 1 565676 0
26422 26422 1 1 565773 0
26423 26423 1 1 565870 0
26424 26424 1 1 565967 0
26425 26425 1 1 566064 0
26426 26426 1 1 566161 0
26427 26427 1 1 566258 0
26428 26428 1 1 566355 0
26429 26429 1 1 566452 0
26430 26430 1 1 566549 0
26431 26431 1 1 566646 0
26432 26432 1 1 566743 0
26433 26433 1 1 566840 0
26434 26434 1 1 566937 0
26435 26435 1 1 567034 0
26436 26436 1 1 567131 0
26437 26437 1 1 567228 0
26438 26438 1 1 567325 0
26439 26439 1 1 567422 0
26440 26440 1 1 567519 0
26441 26441 1 1 567616 0
26442 26442 1 1 567713 0
26443 26443 1 1 567810 0
26444 26444 1 1 567907 0
26445 26445 1 1 568004 0
26446 26446 1 1 568101 0
26447 26447 1 1 568198 0
26448 26448 1 1 568295 0
26449 26449 1 1 568392 0
26450 26450 1 1 568489 0
26451 26451 1 1 568586 0
26452 26452 1 1 568683 0
26453 26453 1 1 568780 0
26454 26454 1 1 568877 0
26455 26455 1 1 568974 0
26456 26456 1 1 569071 0
26457 26457 1 1 569168 0
26458 26458 1 1 569265 0
26459 26459 1 1 569362 0
26460 26460 1 1 569459 0
26461 26461 1 1 569556 0
26462 26462 1 1 569653 0
26463 26463 1 1 569750 0
26464 26464 1 1 569847 0
26465 26465 1 1 569944 0
26466 26466 1 1 570041 0
26467 26467 1 1 570138 0
26468 26468 1 1 570235 0
26469 26469 1 1 570332 0
26470 26470 1 1 570429 0
26471 26471 1 1 570526 0
26472 26472 1 1 570623 0
26473 26473 1 1 570720 0
26474 26474 1 1 570817 0
26475 26475 1 1 570914 0
26476 26476 1 1 571011 0
26477 26477 1 1 571108 0
26478 26478 1 1 571205 0
26479 26479 1 1 571302 0
26480 26480 1 1 571399 0
26481 26481 1 1 571496 0
26482 26482 1 1 571593 0
26483 26483 1 1 571690 0
26484 26484 1 1 571787 0
26485 26485 1 1 571884 0
26486 26486 1 1 571981 0
26487 26487 1 1 572078 0
26488 26488 1 1 572175 0
26489 26489 1 1 572272 0
26490 26490 1 1 572369 0
26491 26491 1 1 572466 0
26492 26492 1 1 572563 0
26493 26493 1 1 572660 0
26494 26494 1 1 572757 0
26495 26495 1 1 572854 0
26496 26496 1 1 572951 0
26497 26497 1 1 573048 0
26498 26498 1 1 573145 0
26499 26499 1 1 573242 0
26500 26500 1 1 573339 0
26501 26501 1 1 573436 0
26502 26502 1 1 573533 0
26503 26503 1 1 573630 0
26504 26504 1 1 573727 0
26505 26505 1 1 573824 0
26506 26506 1 1 573921 0
26507 26507 1 1 574018 0
26508 26508 1 1 574115 0
26509 26509 1 1 574212 0
26510 26510 1 1 574309 0
26511 26511 1 1 574406 0
26512 26512 1 1 574503 0
26513 26513 1 1 574600 0
26514 26514 1 1 574697 0
26515 26515 1 1 574794 0
26516 26516 1 1 574891 0
26517 26517 1 1 574988 0
26518 26518 1 1 575085 0
26519 26519 1 1 575182 0
26520 26520 1 1 575279 0
26521 26521 1 1 575376 0
26522 26522 1 1 575473 0
26523 26523 1 1 575570 0
26524 26524 1 1 575667 0
26525 26525 1 1 575764 0
26526 26526 1 1 575861 0
26527 26527 1 1 575958 0
26528 26528 1 1 576055 0
26529 26529 1 1 576152 0
26530 26530 1 1 576249 0
26531 26531 1 1 576346 0
26532 26532 1 1 576443 0
26533 26533 1 1 576540 0
26534 26534 1 1 576637 0
26535 26535 1 1 576734 0
26536 26536 1 1 576831 0
26537 26537 1 1 576928 0
26538 26538 1 1 577025 0
26539 26539 1 1 577122 0
26540 26540 1 1 577219 0
26541 26541 1 1 577316 0
26542 26542 1 1 577413 0
26543 26543 1 1 577510 0
26544 26544 1 1 577607 0
26545 26545 1 1 577704 0
26546 26546 1 1 577801 0
26547 26547 1 1 577898 0
26548 26548 1 1 577995 0
26549 26549 1 1 578092 0
26550 26550 1 1 578189 0
26551 26551 1 1 578286 0
26552 26552 1 1 578383 0
26553 26553 1 1 578480 0
26554 26554 1 1 578577 0
26555 26555 1 1 578674 0
26556 26556 1 1 578771 0
26557 26557 1 1 578868 0
26558 26558 1 1 578965 0
26559 26559 1 1 579062 0
26560 26560 1 1 579159 0
26561 26561 1 1 579256 0
26562 26562 1 1 579353 0
26563 26563 1 1 579450 0
26564 26564 1 1 579547 0
26565 26565 1 1 579644 0
26566 26566 1 1 579741 0
26567 26567 1 1 579838 0
26568 26568 1 1 579935 0
26569 26569 1 1 580032 0
26570 26570 1 1 580129 0
26571 26571 1 1 580226 0
26572 26572 1 1 580323 0
26573 26573 1 1 580420 0
26574 26574 1 1 580517 0
26575 26575 1 1 580614 0
26576 26576 1 1 580711 0
26577 26577 1 1 580808 0
26578 26578 1 1 580905 0
26579 26579 1 1 581002 0
26580 26580 1 1 581099 0
26581 26581 1 1 581196 0
26582 26582 1 1 581293 0
26583 26583 1 1 581390 0
26584 26584 1 1 581487 0
26585 26585 1 1 581584 0
26586 26586 1 1 581681 0
26587 26587 1 1 581778 0
26588 26588 1 1 581875 0
26589 26589 1 1 581972 0
26590 26590 1 1 582069 0
26591 26591 1 1 582166 0
26592 26592 1 1 582263 0
26593 26593 1 1 582360 0
26594 26594 1 1 582457 0
26595 26595 1 1 582554 0
26596 26596 1 1 582651 0
26597 26597 1 1 582748 0
26598 26598 1 1 582845 0
26599 26599 1 1 582942 0
26600 26600 1 1 583039 0
26601 26601 1 1 583136 0
26602 26602 1 1 583233 0
26603 26603 1 1 583330 0
26604 26604 1 1 583427 0
26605 26605 1 1 583524 0
26606 26606 1 1 583621 0
26607 26607 1 1 583718 0
26608 26608 1 1 583815 0
26609 26609 1 1 583912 0
26610 26610 1 1 584009 0
26611 26611 1 1 584106 0
26612 26612 1 1 584203 0
26613 26613 1 1 584300 0
26614 26614 1 1 584397 0
26615 26615 1 1 584494 0
26616 26616 1 1 584591 0
26617 26617 1 1 584688 0
26618 26618 1 1 584785 0
26619 26619 1 1 584882 0
26620 26620 1 1 584979 0
26621 26621 1 1 585076 0
26622 26622 1 1 585173 0
26623 26623 1 1 585270 0
26624 26624 1 1 585367 0
26625 26625 1 1 585464 0
26626 26626 1 1 585561 0
26627 26627 1 1 585658 0
26628 26628 1 1 585755 0
26629 26629 1 1 585852 0
26630 26630 1 1 585949 0
26631 26631 1 1 586046 0
26632 26632 1 1 586143 0
26633 26633 1 1 586240 0
26634 26634 1 1 586337 0
26635 26635 1 1 586434 0
26636 26636 1 1 586531 0
26637 26637 1 1 586628 0
26638 26638 1 1 586725 0
26639 26639 1 1 586822 0
26640 26640 1 1 586919 0
26641 26641 1 1 587016 0
26642 26642 1 1 587113 0
26643 26643 1 1 587210 0
26644 26644 1 1 587307 0
26645 26645 1 1 587404 0
26646 26646 1 1 587501 0
26647 26647 1 1 587598 0
26648 26648 1 1 587695 0
26649 26649 1 1 587792 0
26650 26650 1 1 587889 0
26651 26651 1 1 587986 0
26652 26652 1 1 588083 0
26653 26653 1 1 588180 0
26654 26654 1 1 588277 0
26655 26655 1 1 588374 0
26656 26656 1 1 588471 0
26657 26657 1 1 588568 0
26658 26658 1 1 588665 0
26659 26659 1 1 588762 0
26660 26660 1 1 588859 0
26661 26661 1 1 588956 0
26662 26662 1 1 589053 0
26663 26663 1 1 589150 0
26664 26664 1 1 589247 0
26665 26665 1 1 589344 0
26666 26666 1 1 589441 0
26667 26667 1 1 589538 0
26668 26668 1 1 589635 0
26669 26669 1 1 589732 0
26670 26670 1 1 589829 0
26671 26671 1 1 589926 0
26672 26672 1 1 590023 0
26673 26673 1 1 590120 0
26674 26674 1 1 590217 0
26675 26675 1 1 590314 0
26676 26676 1 1 590411 0
26677 26677 1 1 590508 0
26678 26678 1 1 590605 0
26679 26679 1 1 590702 0
26680 26680 1 1 590799 0
26681 26681 1 1 590896 0
26682 26682 1 1 590993 0
26683 26683 1 1 591090 0
26684 26684 1 1 591187 0
26685 26685 1 1 591284 0
26686 26686 1 1 591381 0
26687 26687 1 1 591478 0
26688 26688 1 1 591575 0
26689 26689 1 1 591672 0
26690 26690 1 1 591769 0
26691 26691 1 1 591866 0
26692 26692 1 1 591963 0
26693 26693 1 1 592060 0
26694 26694 1 1 592157 0
26695 26695 1 1 592254 0
26696 26696 1 1 592351 0
26697 26697 1 1 592448 0
26698 26698 1 1 592545 0
26699 26699 1 1 592642 0
26700 26700 1 1 592739 0
26701 26701 1 1 592836 0
26702 26702 1 1 592933 0
26703 26703 1 1 593030 0
26704 26704 1 1 593127 0
26705 26705 1 1 593224 0
26706 26706 1 1 593321 0
26707 26707 1 1 593418 0
26708 26708 1 1 593515 0
26709 26709 1 1 593612 0
26710 26710 1 1 593709 0
26711 26711 1 1 593806 0
26712 26712 1 1 593903 0
26713 26713 1 1 594000 0
26714 26714 1 1 594097 0
26715 26715 1 1 594194 0
26716 26716 1 1 594291 0
26717 26717 1 1 594388 0
26718 26718 1 1 594485 0
26719 26719 1 1 594582 0
26720 26720 1 1 594679 0
26721 26721 1 1 594776 0
26722 26722 1 1 594873 0
26723 26723 1 1 594970 0
26724 26724 1 1 595067 0
26725 26725 1 1 595164 0
26726 26726 1 1 595261 0
26727 26727 1 1 595358 0
26728 26728 1 1 595455 0
26729 26729 1 1 595552 0
26730 26730 1 1 595649 0
26731 26731 1 1 595746 0
26732 26732 1 1 595843 0
26733 26733 1 1 595940 0
26734 26734 1 1 596037 0
26735 26735 1 1 596134 0
26736 26736 1 1 596231 0
26737 26737 1 1 596328 0
26738 26738 1 1 596425 0
26739 26739 1 1 596522 0
26740 26740 1 1 596619 0
26741 26741 1 1 596716 0
26742 26742 1 1 596813 0
26743 26743 1 1 596910 0
26744 26744 1 1 597007 0
26745 26745 1 1 597104 0
26746 26746 1 1 597201 0
26747 26747 1 1 597298 0
26748 26748 1 1 597395 0
26749 26749 1 1 597492 0
26750 26750 1 1 597589 0
26751 26751 1 1 597686 0
26752 26752 1 1 597783 0
26753 26753 1 1 597880 0
26754 26754 1 1 597977 0
26755 26755 1 1 598074 0
26756 26756 1 1 598171 0
26757 26757 1 1 598268 0
26758 26758 1 1 598365 0
26759 26759 1 1 598462 0
26760 26760 1 1 598559 0
26761 26761 1 1 598656 0
26762 26762 1 1 598753 0
26763 26763 1 1 598850 0
26764 26764 1 1 598947 0
26765 26765 1 1 599044 0
26766 26766 1 1 599141 0
26767 26767 1 1 599238 0
26768 26768 1 1 599335 0
26769 26769 1 1 599432 0
26770 26770 1 1 599529 0
26771 26771 1 1 599626 0
26772 26772 1 1 599723 0
26773 26773 1 1 599820 0
26774 26774 1 1 599917 0
26775 26775 1 1 600014 0
26776 26776 1 1 600111 0
26777 26777 1 1 600208 0
26778 26778 1 1 600305 0
26779 26779 1 1 600402 0
26780 26780 1 1 600499 0
26781 26781 1 1 600596 0
26782 26782 1 1 600693 0
26783 26783 1 1 600790 0
26784 26784 1 1 600887 0
26785 26785 1 1 600984 0
26786 26786 1 1 601081 0
26787 26787 1 1 601178 0
26788 26788 1 1 601275 0
26789 26789 1 1 601372 0
26790 26790 1 1 601469 0
26791 26791 1 1 601566 0
26792 26792 1 1 601663 0
26793 26793 1 1 601760 0
26794 26794 1 1 601857 0
26795 26795 1 1 601954 0
26796 26796 1 1 602051 0
26797 26797 1 1 602148 0
26798 26798 1 1 602245 0
26799 26799 1 1 602342 0
26800 26800 1 1 602439 0
26801 26801 1 1 602536 0
26802 26802 1 1 602633 0
26803 26803 1 1 602730 0
26804 26804 1 1 602827 0
26805 26805 1 1 602924 0
26806 26806 1 1 603021 0
26807 26807 1 1 603118 0
26808 26808 1 1 603215 0
26809 26809 1 1 603312 0
26810 26810 1 1 603409 0
26811 26811 1 1 603506 0
26812 26812 1 1 603603 0
26813 26813 1 1 603700 0
26814 26814 1 1 603797 0
26815 26815 1 1 603894 0
26816 26816 1 1 603991 0
26817 26817 1 1 604088 0
26818 26818 1 1 604185 0
26819 26819 1 1 604282 0
26820 26820 1 1 604379 0
26821 26821 1 1 604476 0
26822 26822 1 1 604573 0
26823 26823 1 1 604670 0
26824 26824 1 1 604767 0
26825 26825 1 1 604864 0
26826 26826 1 1 604961 0
26827 26827 1 1 605058 0
26828 26828 1 1 605155 0
26829 26829 1 1 605252 0
26830 26830 1 1 605349 0
26831 26831 1 1 605446 0
26832 26832 1 1 605543 0
26833 26833 1 1 605640 0
26834 26834 1 1 605737 0
26835 26835 1 1 605834 0
26836 26836 1 1 605931 0
26837 26837 1 1 606028 0
26838 26838 1 1 606125 0
26839 26839 1 1 606222 0
26840 26840 1 1 606319 0
26841 26841 1 1 606416 0
26842 26842 1 1 606513 0
26843 26843 1 1 606610 0
26844 26844 1 1 606707 0
26845 26845 1 1 606804 0
26846 26846 1 1 606901 0
26847 26847 1 1 606998 0
26848 26848 1 1 607095 0
26849 26849 1 1 607192 0
26850 26850 1 1 607289 0
26851 26851 1 1 607386 0
26852 26852 1 1 607483 0
26853 26853 1 1 607580 0
26854 26854 1 1 607677 0
26855 26855 1 1 607774 0
26856 26856 1 1 607871 0
26857 26857 1 1 607968 0
26858 26858 1 1 608065 0
26859 26859 1 1 608162 0
26860 26860 1 1 608259 0
26861 26861 1 1 608356 0
26862 26862 1 1 608453 0
26863 26863 1 1 608550 0
26864 26864 1 1 608647 0
26865 26865 1 1 608744 0
26866 26866 1 1 608841 0
26867 26867 1 1 608938 0
26868 26868 1 1 609035 0
26869 26869 1 1 609132 0
26870 26870 1 1 609229 0
26871 26871 1 1 609326 0
26872 26872 1 1 609423 0
26873 26873 1 1 609520 0
26874 26874 1 1 609617 0
26875 26875 1 1 609714 0
26876 26876 1 1 609811 0
26877 26877 1 1 609908 0
26878 26878 1 1 610005 0
26879 26879 1 1 610102 0
26880 26880 1 1 610199 0
26881 26881 1 1 610296 0
26882 26882 1 1 610393 0
26883 26883 1 1 610490 0
26884 26884 1 1 610587 0
26885 26885 1 1 610684 0
26886 26886 1 1 610781 0
26887 26887 1 1 610878 0
26888 26888 1 1 610975 0
26889 26889 1 1 611072 0
26890 26890 1 1 611169 0
26891 26891 1 1 611266 0
26892 26892 1 1 611363 0
26893 26893 1 1 611460 0
26894 26894 1 1 611557 0
26895 26895 1 1 611654 0
26896 26896 1 1 611751 0
26897 26897 1 1 611848 0
26898 26898 1 1 611945 0
26899 26899 1 1 612042 0
26900 26900 1 1 612139 0
26901 26901 1 1 612236 0
26902 26902 1 1 612333 0
26903 26903 1 1 612430 0
26904 26904 1 1 612527 0
26905 26905 1 1 612624 0
26906 26906 1 1 612721 0
26907 26907 1 1 612818 0
26908 26908 1 1 612915 0
26909 26909 1 1 613012 0
26910 26910 1 1 613109 0
26911 26911 1 1 613206 0
26912 26912 1 1 613303 0
26913 26913 1 1 613400 0
26914 26914 1 1 613497 0
26915 26915 1 1 613594 0
26916 26916 1 1 613691 0
26917 26917 1 1 613788 0
26918 26918 1 1 613885 0
26919 26919 1 1 613982 0
26920 26920 1 1 614079 0
26921 26921 1 1 614176 0
26922 26922 1 1 614273 0
26923 26923 1 1 614370 0
26924 26924 1 1 614467 0
26925 26925 1 1 614564 0
26926 26926 1 1 614661 0
26927 26927 1 1 614758 0
26928 26928 1 1 614855 0
26929 26929 1 1 614952 0
26930 26930 1 1 615049 0
26931 26931 1 1 615146 0
26932 26932 1 1 615243 0
26933 26933 1 1 615340 0
26934 26934 1 1 615437 0
26935 26935 1 1 615534 0
26936 26936 1 1 615631 0
26937 26937 1 1 615728 0
26938 26938 1 1 615825 0
26939 26939 1 1 615922 0
26940 26940 1 1 616019 0
26941 26941 1 1 616116 0
26942 26942 1 1 616213 0
26943 26943 1 1 616310 0
26944 26944 1 1 616407 0
26945 26945 1 1 616504 0
26946 26946 1 1 616601 0
26947 26947 1 1 616698 0
26948 26948 1 1 616795 0
26949 26949 1 1 616892 0
26950 26950 1 1 616989 0
26951 26951 1 1 617086 0
26952 26952 1 1 617183 0
26953 26953 1 1 617280 0
26954 26954 1 1 617377 0
26955 26955 1 1 617474 0
26956 26956 1 1 617571 0
26957 26957 1 1 617668 0
26958 26958 1 1 617765 0
26959 26959 1 1 617862 0
26960 26960 1 1 617959 0
26961 26961 1 1 618056 0
26962 26962 1 1 618153 0
26963 26963 1 1 618250 0
26964 26964 1 1 618347 0
26965 26965 1 1 618444 0
26966 26966 1 1 618541 0
26967 26967 1 1 618638 0
26968 26968 1 1 618735 0
26969 26969 1 1 618832 0
26970 26970 1 1 618929 0
26971 26971 1 1 619026 0
26972 26972 1 1 619123 0
26973 26973 1 1 619220 0
26974 26974 1 1 619317 0
26975 26975 1 1 619414 0
26976 26976 1 1 619511 0
26977 26977 1 1 619608 0
26978 26978 1 1 619705 0
26979 26979 1 1 619802 0
26980 26980 1 1 619899 0
26981 26981 1 1 619996 0
26982 26982 1 1 620093 0
26983 26983 1 1 620190 0
26984 26984 1 1 620287 0
26985 26985 1 1 620384 0
26986 26986 1 1 620481 0
26987 26987 1 1 620578 0
26988 26988 1 1 620675 0
26989 26989 1 1 620772 0
26990 26990 1 1 620869 0
26991 26991 1 1 620966 0
26992 26992 1 1 621063 0
26993 26993 1 1 621160 0
26994 26994 1 1 621257 0
26995 26995 1 1 621354 0
26996 26996 1 1 621451 0
26997 26997 1 1 621548 0
26998 26998 1 1 621645 0
26999 26999 1 1 621742 0
27000 27000 1 1 621839 0
27001 27001 1 1 621936 0
27002 27002 1 1 622033 0
27003 27003 1 1 622130 0
27004 27004 1 1 622227 0
27005 27005 1 1 622324 0
27006 27006 1 1 622421 0
27007 27007 1 1 622518 0
27008 27008 1 1 622615 0
27009 27009 1 1 622712 0
27010 27010 1 1 622809 0
27011 27011 1 1 622906 0
27012 27012 1 1 623003 0
27013 27013 1 1 623100 0
27014 27014 1 1 623197 0
27015 27015 1 1 623294 0
27016 27016 1 1 623391 0
27017 27017 1 1 623488 0
27018 27018 1 1 623585 0
27019 27019 1 1 623682 0
27020 27020 1 1 623779 0
27021 27021 1 1 623876 0
27022 27022 1 1 623973 0
27023 27023 1 1 624070 0
27024 27024 1 1 624167 0
27025 27025 1 1 624264 0
27026 27026 1 1 624361 0
27027 27027 1 1 624458 0
27028 27028 1 1 624555 0
27029 27029 1 1 624652 0
27030 27030 1 1 624749 0
27031 27031 1 1 624846 0
27032 27032 1 1 624943 0
27033 27033 1 1 625040 0
27034 27034 1 1 625137 0
27035 27035 1 1 625234 0
27036 27036 1 1 625331 0
27037 27037 1 1 625428 0
27038 27038 1 1 625525 0
27039 27039 1 1 625622 0
27040 27040 1 1 625719 0
27041 27041 1 1 625816 0
27042 27042 1 1 625913 0
27043 27043 1 1 626010 0
27044 27044 1 1 626107 0
27045 27045 1 1 626204 0
27046 27046 1 1 626301 0
27047 27047 1 1 626398 0
27048 27048 1 1 626495 0
27049 27049 1 1 626592 0
27050 27050 1 1 626689 0
27051 27051 1 1 626786 0
27052 27052 1 1 626883 0
27053 27053 1 1 626980 0
27054 27054 1 1 627077 0
27055 27055 1 1 627174 0
27056 27056 1 1 627271 0
27057 27057 1 1 627368 0
27058 27058 1 1 627465 0
27059 27059 1 1 627562 0
27060 27060 1 1 627659 0
27061 27061 1 1 627756 0
27062 27062 1 1 627853 0
27063 27063 1 1 627950 0
27064 27064 1 1 628047 0
27065 27065 1 1 628144 0
27066 27066 1 1 628241 0
27067 27067 1 1 628338 0
27068 27068 1 1 628435 0
27069 27069 1 1 628532 0
27070 27070 1 1 628629 0
27071 27071 1 1 628726 0
27072 27072 1 1 628823 0
27073 27073 1 1 628920 0
27074 27074 1 1 629017 0
27075 27075 1 1 629114 0
27076 27076 1 1 629211 0
27077 27077 1 1 629308 0
27078 27078 1 1 629405 0
27079 27079 1 1 629502 0
27080 27080 1 1 629599 0
27081 27081 1 1 629696 0
27082 27082 1 1 629793 0
27083 27083 1 1 629890 0
27084 27084 1 1 629987 0
27085 27085 1 1 630084 0
27086 27086 1 1 630181 0
27087 27087 1 1 630278 0
27088 27088 1 1 630375 0
27089 27089 1 1 630472 0
27090 27090 1 1 630569 0
27091 27091 1 1 630666 0
27092 27092 1 1 630763 0
27093 27093 1 1 630860 0
27094 27094 1 1 630957 0
27095 27095 1 1 631054 0
27096 27096 1 1 631151 0
27097 27097 1 1 631248 0
27098 27098 1 1 631345 0
27099 27099 1 1 631442 0
27100 27100 1 1 631539 0
27101 27101 1 1 631636 0
27102 27102 1 1 631733 0
27103 27103 1 1 631830 0
27104 27104 1 1 631927 0
27105 27105 1 1 632024 0
27106 27106 1 1 632121 0
27107 27107 1 1 632218 0
27108 27108 1 1 632315 0
27109 27109 1 1 632412 0
27110 27110 1 1 632509 0
27111 27111 1 1 632606 0
27112 27112 1 1 632703 0
27113 27113 1 1 632800 0
27114 27114 1 1 632897 0
27115 27115 1 1 632994 0
27116 27116 1 1 633091 0
27117 27117 1 1 633188 0
27118 27118 1 1 633285 0
27119 27119 1 1 633382 0
27120 27120 1 1 633479 0
27121 27121 1 1 633576 0
27122 27122 1 1 633673 0
27123 27123 1 1 633770 0
27124 27124 1 1 633867 0
27125 27125 1 1 633964 0
27126 27126 1 1 634061 0
27127 27127 1 1 634158 0
27128 27128 1 1 634255 0
27129 27129 1 1 634352 0
27130 27130 1 1 634449 0
27131 27131 1 1 634546 0
27132 27132 1 1 634643 0
27133 27133 1 1 634740 0
27134 27134 1 1 634837 0
27135 27135 1 1 634934 0
27136 27136 1 1 635031 0
27137 27137 1 1 635128 0
27138 27138 1 1 635225 0
27139 27139 1 1 635322 0
27140 27140 1 1 635419 0
27141 27141 1 1 635516 0
27142 27142 1 1 635613 0
27143 27143 1 1 635710 0
27144 27144 1 1 635807 0
27145 27145 1 1 635904 0
27146 27146 1 1 636001 0
27147 27147 1 1 636098 0
27148 27148 1 1 636195 0
27149 27149 1 1 636292 0
27150 27150 1 1 636389 0
27151 27151 1 1 636486 0
27152 27152 1 1 636583 0
27153 27153 1 1 636680 0
27154 27154 1 1 636777 0
27155 27155 1 1 636874 0
27156 27156 1 1 636971 0
27157 27157 1 1 637068 0
27158 27158 1 1 637165 0
27159 27159 1 1 637262 0
27160 27160 1 1 637359 0
27161 27161 1 1 637456 0
27162 27162 1 1 637553 0
27163 27163 1 1 637650 0
27164 27164 1 1 637747 0
27165 27165 1 1 637844 0
27166 27166 1 1 637941 0
27167 27167 1 1 638038 0
27168 27168 1 1 638135 0
27169 27169 1 1 638232 0
27170 27170 1 1 638329 0
27171 27171 1 1 638426 0
27172 27172 1 1 638523 0
27173 27173 1 1 638620 0
27174 27174 1 1 638717 0
27175 27175 1 1 638814 0
27176 27176 1 1 638911 0
27177 27177 1 1 639008 0
27178 27178 1 1 639105 0
27179 27179 1 1 639202 0
27180 27180 1 1 639299 0
27181 27181 1 1 639396 0
27182 27182 1 1 639493 0
27183 27183 1 1 639590 0
27184 27184 1 1 639687 0
27185 27185 1 1 639784 0
27186 27186 1 1 639881 0
27187 27187 1 1 639978 0
27188 27188 1 1 640075 0
27189 27189 1 1 640172 0
27190 27190 1 1 640269 0
27191 27191 1 1 640366 0
27192 27192 1 1 640463 0
27193 27193 1 1 640560 0
27194 27194 1 1 640657 0
27195 27195 1 1 640754 0
27196 27196 1 1 640851 0
27197 27197 1 1 640948 0
27198 27198 1 1 641045 0
27199 27199 1 1 641142 0
27200 27200 1 1 641239 0
27201 27201 1 1 641336 0
27202 27202 1 1 641433 0
27203 27203 1 1 641530 0
27204 27204 1 1 641627 0
27205 27205 1 1 641724 0
27206 27206 1 1 641821 0
27207 27207 1 1 641918 0
27208 27208 1 1 642015 0
27209 27209 1 1 642112 0
27210 27210 1 1 642209 0
27211 27211 1 1 642306 0
27212 27212 1 1 642403 0
27213 27213 1 1 642500 0
27214 27214 1 1 642597 0
27215 27215 1 1 642694 0
27216 27216 1 1 642791 0
27217 27217 1 1 642888 0
27218 27218 1 1 642985 0
27219 27219 1 1 643082 0
27220 27220 1 1 643179 0
27221 27221 1 1 643276 0
27222 27222 1 1 643373 0
27223 27223 1 1 643470 0
27224 27224 1 1 643567 0
27225 27225 1 1 643664 0
27226 27226 1 1 643761 0
27227 27227 1 1 643858 0
27228 27228 1 1 643955 0
27229 27229 1 1 644052 0
27230 27230 1 1 644149 0
27231 27231 1 1 644246 0
27232 27232 1 1 644343 0
27233 27233 1 1 644440 0
27234 27234 1 1 644537 0
27235 27235 1 1 644634 0
27236 27236 1 1 644731 0
27237 27237 1 1 644828 0
27238 27238 1 1 644925 0
27239 27239 1 1 645022 0
27240 27240 1 1 645119 0
27241 27241 1 1 645216 0
27242 27242 1 1 645313 0
27243 27243 1 1 645410 0
27244 27244 1 1 645507 0
27245 27245 1 1 645604 0
27246 27246 1 1 645701 0
27247 27247 1 1 645798 0
27248 27248 1 1 645895 0
27249 27249 1 1 645992 0
27250 27250 1 1 646089 0
27251 27251 1 1 646186 0
27252 27252 1 1 646283 0
27253 27253 1 1 646380 0
27254 27254 1 1 646477 0
27255 27255 1 1 646574 0
27256 27256 1 1 646671 0
27257 27257 1 1 646768 0
27258 27258 1 1 646865 0
27259 27259 1 1 646962 0
27260 27260 1 1 647059 0
27261 27261 1 1 647156 0
27262 27262 1 1 647253 0
27263 27263 1 1 647350 0
27264 27264 1 1 647447 0
27265 27265 1 1 647544 0
27266 27266 1 1 647641 0
27267 27267 1 1 647738 0
27268 27268 1 1 647835 0
27269 27269 1 1 647932 0
27270 27270 1 1 648029 0
27271 27271 1 1 648126 0
27272 27272 1 1 648223 0
27273 27273 1 1 648320 0
27274 27274 1 1 648417 0
27275 27275 1 1 648514 0
27276 27276 1 1 648611 0
27277 27277 1 1 648708 0
27278 27278 1 1 648805 0
27279 27279 1 1 648902 0
27280 27280 1 1 648999 0
27281 27281 1 1 649096 0
27282 27282 1 1 649193 0
27283 27283 1 1 649290 0
27284 27284 1 1 649387 0
27285 27285 1 1 649484 0
27286 27286 1 1 649581 0
27287 27287 1 1 649678 0
27288 27288 1 1 649775 0
27289 27289 1 1 649872 0
27290 27290 1 1 649969 0
27291 27291 1 1 650066 0
27292 27292 1 1 650163 0
27293 27293 1 1 650260 0
27294 27294 1 1 650357 0
27295 27295 1 1 650454 0
27296 27296 1 1 650551 0
27297 27297 1 1 650648 0
27298 27298 1 1 650745 0
27299 27299 1 1 650842 0
27300 27300 1 1 650939 0
27301 27301 1 1 651036 0
27302 27302 1 1 651133 0
27303 27303 1 1 651230 0
27304 27304 1 1 651327 0
27305 27305 1 1 651424 0
27306 27306 1 1 651521 0
27307 27307 1 1 651618 0
27308 27308 1 1 651715 0
27309 27309 1 1 651812 0
27310 27310 1 1 651909 0
27311 27311 1 1 652006 0
27312 27312 1 1 652103 0
27313 27313 1 1 652200 0
27314 27314 1 1 652297 0
27315 27315 1 1 652394 0
27316 27316 1 1 652491 0
27317 27317 1 1 652588 0
27318 27318 1 1 652685 0
27319 27319 1 1 652782 0
27320 27320 1 1 652879 0
27321 27321 1 1 652976 0
27322 27322 1 1 653073 0
27323 27323 1 1 653170 0
27324 27324 1 1 653267 0
27325 27325 1 1 653364 0
27326 27326 1 1 653461 0
27327 27327 1 1 653558 0
27328 27328 1 1 653655 0
27329 27329 1 1 653752 0
27330 27330 1 1 653849 0
27331 27331 1 1 653946 0
27332 27332 1 1 654043 0
27333 27333 1 1 654140 0
27334 27334 1 1 654237 0
27335 27335 1 1 654334 0
27336 27336 1 1 654431 0
27337 27337 1 1 654528 0
27338 27338 1 1 654625 0
27339 27339 1 1 654722 0
27340 27340 1 1 654819 0
27341 27341 1 1 654916 0
27342 27342 1 1 655013 0
27343 27343 1 1 655110 0
27344 27344 1 1 655207 0
27345 27345 1 1 655304 0
27346 27346 1 1 655401 0
27347 27347 1 1 655498 0
27348 27348 1 1 655595 0
27349 27349 1 1 655692 0
27350 27350 1 1 655789 0
27351 27351 1 1 655886 0
27352 27352 1 1 655983 0
27353 27353 1 1 656080 0
27354 27354 1 1 656177 0
27355 27355 1 1 656274 0
27356 27356 1 1 656371 0
27357 27357 1 1 656468 0
27358 27358 1 1 656565 0
27359 27359 1 1 656662 0
27360 27360 1 1 656759 0
27361 27361 1 1 656856 0
27362 27362 1 1 656953 0
27363 27363 1 1 657050 0
27364 27364 1 1 657147 0
27365 27365 1 1 657244 0
27366 27366 1 1 657341 0
27367 27367 1 1 657438 0
27368 27368 1 1 657535 0
27369 27369 1 1 657632 0
27370 27370 1 1 657729 0
27371 27371 1 1 657826 0
27372 27372 1 1 657923 0
27373 27373 1 1 658020 0
27374 27374 1 1 658117 0
27375 27375 1 1 658214 0
27376 27376 1 1 658311 0
27377 27377 1 1 658408 0
27378 27378 1 1 658505 0
27379 27379 1 1 658602 0
27380 27380 1 1 658699 0
27381 27381 1 1 658796 0
27382 27382 1 1 658893 0
27383 27383 1 1 658990 0
27384 27384 1 1 659087 0
27385 27385 1 1 659184 0
27386 27386 1 1 659281 0
27387 27387 1 1 659378 0
27388 27388 1 1 659475 0
27389 27389 1 1 659572 0
27390 27390 1 1 659669 0
27391 27391 1 1 659766 0
27392 27392 1 1 659863 0
27393 27393 1 1 659960 0
27394 27394 1 1 660057 0
27395 27395 1 1 660154 0
27396 27396 1 1 660251 0
27397 27397 1 1 660348 0
27398 27398 1 1 660445 0
27399 27399 1 1 660542 0
27400 27400 1 1 660639 0
27401 27401 1 1 660736 0
27402 27402 1 1 660833 0
27403 27403 1 1 660930 0
27404 27404 1 1 661027 0
27405 27405 1 1 661124 0
27406 27406 1 1 661221 0
27407 27407 1 1 661318 0
27408 27408 1 1 661415 0
27409 27409 1 1 661512 0
27410 27410 1 1 661609 0
27411 27411 1 1 661706 0
27412 27412 1 1 661803 0
27413 27413 1 1 661900 0
27414 27414 1 1 661997 0
27415 27415 1 1 662094 0
27416 27416 1 1 662191 0
27417 27417 1 1 662288 0
27418 27418 1 1 662385 0
27419 27419 1 1 662482 0
27420 27420 1 1 662579 0
27421 27421 1 1 662676 0
27422 27422 1 1 662773 0
27423 27423 1 1 662870 0
27424 27424 1 1 662967 0
27425 27425 1 1 663064 0
27426 27426 1 1 663161 0
27427 27427 1 1 663258 0
27428 27428 1 1 663355 0
27429 27429 1 1 663452 0
27430 27430 1 1 663549 0
27431 27431 1 1 663646 0
27432 27432 1 1 663743 0
27433 27433 1 1 663840 0
27434 27434 1 1 663937 0
27435 27435 1 1 664034 0
27436 27436 1 1 664131 0
27437 27437 1 1 664228 0
27438 27438 1 1 664325 0
27439 27439 1 1 664422 0
27440 27440 1 1 664519 0
27441 27441 1 1 664616 0
27442 27442 1 1 664713 0
27443 27443 1 1 664810 0
27444 27444 1 1 664907 0
27445 27445 1 1 665004 0
27446 27446 1 1 665101 0
27447 27447 1 1 665198 0
27448 27448 1 1 665295 0
27449 27449 1 1 665392 0
27450 27450 1 1 665489 0
27451 27451 1 1 665586 0
27452 27452 1 1 665683 0
27453 27453 1 1 665780 0
27454 27454 1 1 665877 0
27455 27455 1 1 665974 0
27456 27456 1 1 666071 0
27457 27457 1 1 666168 0
27458 27458 1 1 666265 0
27459 27459 1 1 666362 0
27460 27460 1 1 666459 0
27461 27461 1 1 666556 0
27462 27462 1 1 666653 0
27463 27463 1 1 666750 0
27464 27464 1 1 666847 0
27465 27465 1 1 666944 0
27466 27466 1 1 667041 0
27467 27467 1 1 667138 0
27468 27468 1 1 667235 0
27469 27469 1 1 667332 0
27470 27470 1 1 667429 0
27471 27471 1 1 667526 0
27472 27472 1 1 667623 0
27473 27473 1 1 667720 0
27474 27474 1 1 667817 0
27475 27475 1 1 667914 0
27476 27476 1 1 668011 0
27477 27477 1 1 668108 0
27478 27478 1 1 668205 0
27479 27479 1 1 668302 0
27480 27480 1 1 668399 0
27481 27481 1 1 668496 0
27482 27482 1 1 668593 0
27483 27483 1 1 668690 0
27484 27484 1 1 668787 0
27485 27485 1 1 668884 0
27486 27486 1 1 668981 0
27487 27487 1 1 669078 0
27488 27488 1 1 669175 0
27489 27489 1 1 669272 0
27490 27490 1 1 669369 0
27491 27491 1 1 669466 0
27492 27492 1 1 669563 0
27493 27493 1 1 669660 0
27494 27494 1 1 669757 0
27495 27495 1 1 669854 0
27496 27496 1 1 669951 0
27497 27497 1 1 670048 0
27498 27498 1 1 670145 0
27499 27499 1 1 670242 0
27500 27500 1 1 670339 0
27501 27501 1 1 670436 0
27502 27502 1 1 670533 0
27503 27503 1 1 670630 0
27504 27504 1 1 670727 0
27505 27505 1 1 670824 0
27506 27506 1 1 670921 0
27507 27507 1 1 671018 0
27508 27508 1 1 671115 0
27509 27509 1 1 671212 0
27510 27510 1 1 671309 0
27511 27511 1 1 671406 0
27512 27512 1 1 671503 0
27513 27513 1 1 671600 0
27514 27514 1 1 671697 0
27515 27515 1 1 671794 0
27516 27516 1 1 671891 0
27517 27517 1 1 671988 0
27518 27518 1 1 672085 0
27519 27519 1 1 672182 0
27520 27520 1 1 672279 0
27521 27521 1 1 672376 0
27522 27522 1 1 672473 0
27523 27523 1 1 672570 0
27524 27524 1 1 672667 0
27525 27525 1 1 672764 0
27526 27526 1 1 672861 0
27527 27527 1 1 672958 0
27528 27528 1 1 673055 0
27529 27529 1 1 673152 0
27530 27530 1 1 673249 0
27531 27531 1 1 673346 0
27532 27532 1 1 673443 0
27533 27533 1 1 673540 0
27534 27534 1 1 673637 0
27535 27535 1 1 673734 0
27536 27536 1 1 673831 0
27537 27537 1 1 673928 0
27538 27538 1 1 674025 0
27539 27539 1 1 674122 0
27540 27540 1 1 674219 0
27541 27541 1 1 674316 0
27542 27542 1 1 674413 0
27543 27543 1 1 674510 0
27544 27544 1 1 674607 0
27545 27545 1 1 674704 0
27546 27546 1 1 674801 0
27547 27547 1 1 674898 0
27548 27548 1 1 674995 0
27549 27549 1 1 675092 0
27550 27550 1 1 675189 0
27551 27551 1 1 675286 0
27552 27552 1 1 675383 0
27553 27553 1 1 675480 0
27554 27554 1 1 675577 0
27555 27555 1 1 675674 0
27556 27556 1 1 675771 0
27557 27557 1 1 675868 0
27558 27558 1 1 675965 0
27559 27559 1 1 676062 0
27560 27560 1 1 676159 0
27561 27561 1 1 676256 0
27562 27562 1 1 676353 0
27563 27563 1 1 676450 0
27564 27564 1 1 676547 0
27565 27565 1 1 676644 0
27566 27566 1 1 676741 0
27567 27567 1 1 676838 0
27568 27568 1 1 676935 0
27569 27569 1 1 677032 0
27570 27570 1 1 677129 0
27571 27571 1 1 677226 0
27572 27572 1 1 677323 0
27573 27573 1 1 677420 0
27574 27574 1 1 677517 0
27575 27575 1 1 677614 0
27576 27576 1 1 677711 0
27577 27577 1 1 677808 0
27578 27578 1 1 677905 0
27579 27579 1 1 678002 0
27580 27580 1 1 678099 0
27581 27581 1 1 678196 0
27582 27582 1 1 678293 0
27583 27583 1 1 678390 0
27584 27584 1 1 678487 0
27585 27585 1 1 678584 0
27586 27586 1 1 678681 0
27587 27587 1 1 678778 0
27588 27588 1 1 678875 0
27589 27589 1 1 678972 0
27590 27590 1 1 679069 0
27591 27591 1 1 679166 0
27592 27592 1 1 679263 0
27593 27593 1 1 679360 0
27594 27594 1 1 679457 0
27595 27595 1 1 679554 0
27596 27596 1 1 679651 0
27597 27597 1 1 679748 0
27598 27598 1 1 679845 0
27599 27599 1 1 679942 0
27600 27600 1 1 680039 0
27601 27601 1 1 680136 0
27602 27602 1 1 680233 0
27603 27603 1 1 680330 0
27604 27604 1 1 680427 0
27605 27605 1 1 680524 0
27606 27606 1 1 680621 0
27607 27607 1 1 680718 0
27608 27608 1 1 680815 0
27609 27609 1 1 680912 0
27610 27610 1 1 681009 0
27611 27611 1 1 681106 0
27612 27612 1 1 681203 0
27613 27613 1 1 681300 0
27614 27614 1 1 681397 0
27615 27615 1 1 681494 0
27616 27616 1 1 681591 0
27617 27617 1 1 681688 0
27618 27618 1 1 681785 0
27619 27619 1 1 681882 0
27620 27620 1 1 681979 0
27621 27621 1 1 682076 0
27622 27622 1 1 682173 0
27623 27623 1 1 682270 0
27624 27624 1 1 682367 0
27625 27625 1 1 682464 0
27626 27626 1 1 682561 0
27627 27627 1 1 682658 0
27628 27628 1 1 682755 0
27629 27629 1 1 682852 0
27630 27630 1 1 682949 0
27631 27631 1 1 683046 0
27632 27632 1 1 683143 0
27633 27633 1 1 683240 0
27634 27634 1 1 683337 0
27635 27635 1 1 683434 0
27636 27636 1 1 683531 0
27637 27637 1 1 683628 0
27638 27638 1 1 683725 0
27639 27639 1 1 683822 0
27640 27640 1 1 683919 0
27641 27641 1 1 684016 0
27642 27642 1 1 684113 0
27643 27643 1 1 684210 0
27644 27644 1 1 684307 0
27645 27645 1 1 684404 0
27646 27646 1 1 684501 0
27647 27647 1 1 684598 0
27648 27648 1 1 684695 0
27649 27649 1 1 684792 0
27650 27650 1 1 684889 0
27651 27651 1 1 684986 0
27652 27652 1 1 685083 0
27653 27653 1 1 685180 0
27654 27654 1 1 685277 0
27655 27655 1 1 685374 0
27656 27656 1 1 685471 0
27657 27657 1 1 685568 0
27658 27658 1 1 685665 0
27659 27659 1 1 685762 0
27660 27660 1 1 685859 0
27661 27661 1 1 685956 0
27662 27662 1 1 686053 0
27663 27663 1 1 686150 0
27664 27664 1 1 686247 0
27665 27665 1 1 686344 0
27666 27666 1 1 686441 0
27667 27667 1 1 686538 0
27668 27668 1 1 686635 0
27669 27669 1 1 686732 0
27670 27670 1 1 686829 0
27671 27671 1 1 686926 0
27672 27672 1 1 687023 0
27673 27673 1 1 687120 0
27674 27674 1 1 687217 0
27675 27675 1 1 687314 0
27676 27676 1 1 687411 0
27677 27677 1 1 687508 0
27678 27678 1 1 687605 0
27679 27679 1 1 687702 0
27680 27680 1 1 687799 0
27681 27681 1 1 687896 0
27682 27682 1 1 687993 0
27683 27683 1 1 688090 0
27684 27684 1 1 688187 0
27685 27685 1 1 688284 0
27686 27686 1 1 688381 0
27687 27687 1 1 688478 0
27688 27688 1 1 688575 0
27689 27689 1 1 688672 0
27690 27690 1 1 688769 0
27691 27691 1 1 688866 0
27692 27692 1 1 688963 0
27693 27693 1 1 689060 0
27694 27694 1 1 689157 0
27695 27695 1 1 689254 0
27696 27696 1 1 689351 0
27697 27697 1 1 689448 0
27698 27698 1 1 689545 0
27699 27699 1 1 689642 0
27700 27700 1 1 689739 0
27701 27701 1 1 689836 0
27702 27702 1 1 689933 0
27703 27703 1 1 690030 0
27704 27704 1 1 690127 0
27705 27705 1 1 690224 0
27706 27706 1 1 690321 0
27707 27707 1 1 690418 0
27708 27708 1 1 690515 0
27709 27709 1 1 690612 0
27710 27710 1 1 690709 0
27711 27711 1 1 690806 0
27712 27712 1 1 690903 0
27713 27713 1 1 691000 0
27714 27714 1 1 691097 0
27715 27715 1 1 691194 0
27716 27716 1 1 691291 0
27717 27717 1 1 691388 0
27718 27718 1 1 691485 0
27719 27719 1 1 691582 0
27720 27720 1 1 691679 0
27721 27721 1 1 691776 0
27722 27722 1 1 691873 0
27723 27723 1 1 691970 0
27724 27724 1 1 692067 0
27725 27725 1 1 692164 0
27726 27726 1 1 692261 0
27727 27727 1 1 692358 0
27728 27728 1 1 692455 0
27729 27729 1 1 692552 0
27730 27730 1 1 692649 0
27731 27731 1 1 692746 0
27732 27732 1 1 692843 0
27733 27733 1 1 692940 0
27734 27734 1 1 693037 0
27735 27735 1 1 693134 0
27736 27736 1 1 693231 0
27737 27737 1 1 693328 0
27738 27738 1 1 693425 0
27739 27739 1 1 693522 0
27740 27740 1 1 693619 0
27741 27741 1 1 693716 0
27742 27742 1 1 693813 0
27743 27743 1 1 693910 0
27744 27744 1 1 694007 0
27745 27745 1 1 694104 0
27746 27746 1 1 694201 0
27747 27747 1 1 694298 0
27748 27748 1 1 694395 0
27749 27749 1 1 694492 0
27750 27750 1 1 694589 0
27751 27751 1 1 694686 0
27752 27752 1 1 694783 0
27753 27753 1 1 694880 0
27754 27754 1 1 694977 0
27755 27755 1 1 695074 0
27756 27756 1 1 695171 0
27757 27757 1 1 695268 0
27758 27758 1 1 695365 0
27759 27759 1 1 695462 0
27760 27760 1 1 695559 0
27761 27761 1 1 695656 0
27762 27762 1 1 695753 0
27763 27763 1 1 695850 0
27764 27764 1 1 695947 0
27765 27765 1 1 696044 0
27766 27766 1 1 696141 0
27767 27767 1 1 696238 0
27768 27768 1 1 696335 0
27769 27769 1 1 696432 0
27770 27770 1 1 696529 0
27771 27771 1 1 696626 0
27772 27772 1 1 696723 0
27773 27773 1 1 696820 0
27774 27774 1 1 696917 0
27775 27775 1 1 697014 0
27776 27776 1 1 697111 0
27777 27777 1 1 697208 0
27778 27778 1 1 697305 0
27779 27779 1 1 697402 0
27780 27780 1 1 697499 0
27781 27781 1 1 697596 0
27782 27782 1 1 697693 0
27783 27783 1 1 697790 0
27784 27784 1 1 697887 0
27785 27785 1 1 697984 0
27786 27786 1 1 698081 0
27787 27787 1 1 698178 0
27788 27788 1 1 698275 0
27789 27789 1 1 698372 0
27790 27790 1 1 698469 0
27791 27791 1 1 698566 0
27792 27792 1 1 698663 0
27793 27793 1 1 698760 0
27794 27794 1 1 698857 0
27795 27795 1 1 698954 0
27796 27796 1 1 699051 0
27797 27797 1 1 699148 0
27798 27798 1 1 699245 0
27799 27799 1 1 699342 0
27800 27800 1 1 699439 0
27801 27801 1 1 699536 0
27802 27802 1 1 699633 0
27803 27803 1 1 699730 0
27804 27804 1 1 699827 0
27805 27805 1 1 699924 0
27806 27806 1 1 700021 0
27807 27807 1 1 700118 0
27808 27808 1 1 700215 0
27809 27809 1 1 700312 0
27810 27810 1 1 700409 0
27811 27811 1 1 700506 0
27812 27812 1 1 700603 0
27813 27813 1 1 700700 0
27814 27814 1 1 700797 0
27815 27815 1 1 700894 0
27816 27816 1 1 700991 0
27817 27817 1 1 701088 0
27818 27818 1 1 701185 0
27819 27819 1 1 701282 0
27820 27820 1 1 701379 0
27821 27821 1 1 701476 0
27822 27822 1 1 701573 0
27823 27823 1 1 701670 0
27824 27824 1 1 701767 0
27825 27825 1 1 701864 0
27826 27826 1 1 701961 0
27827 27827 1 1 702058 0
27828 27828 1 1 702155 0
27829 27829 1 1 702252 0
27830 27830 1 1 702349 0
27831 27831 1 1 702446 0
27832 27832 1 1 702543 0
27833 27833 1 1 702640 0
27834 27834 1 1 702737 0
27835 27835 1 1 702834 0
27836 27836 1 1 702931 0
27837 27837 1 1 703028 0
27838 27838 1 1 703125 0
27839 27839 1 1 703222 0
27840 27840 1 1 703319 0
27841 27841 1 1 703416 0
27842 27842 1 1 703513 0
27843 27843 1 1 703610 0
27844 27844 1 1 703707 0
27845 27845 1 1 703804 0
27846 27846 1 1 703901 0
27847 27847 1 1 703998 0
27848 27848 1 1 704095 0
27849 27849 1 1 704192 0
27850 27850 1 1 704289 0
27851 27851 1 1 704386 0
27852 27852 1 1 704483 0
27853 27853 1 1 704580 0
27854 27854 1 1 704677 0
27855 27855 1 1 704774 0
27856 27856 1 1 704871 0
27857 27857 1 1 704968 0
27858 27858 1 1 705065 0
27859 27859 1 1 705162 0
27860 27860 1 1 705259 0
27861 27861 1 1 705356 0
27862 27862 1 1 705453 0
27863 27863 1 1 705550 0
27864 27864 1 1 705647 0
27865 27865 1 1 705744 0
27866 27866 1 1 705841 0
27867 27867 1 1 705938 0
27868 27868 1 1 706035 0
27869 27869 1 1 706132 0
27870 27870 1 1 706229 0
27871 27871 1 1 706326 0
27872 27872 1 1 706423 0
27873 27873 1 1 706520 0
27874 27874 1 1 706617 0
27875 27875 1 1 706714 0
27876 27876 1 1 706811 0
27877 27877 1 1 706908 0
27878 27878 1 1 707005 0
27879 27879 1 1 707102 0
27880 27880 1 1 707199 0
27881 27881 1 1 707296 0
27882 27882 1 1 707393 0
27883 27883 1 1 707490 0
27884 27884 1 1 707587 0
27885 27885 1 1 707684 0
27886 27886 1 1 707781 0
27887 27887 1 1 707878 0
27888 27888 1 1 707975 0
27889 27889 1 1 708072 0
27890 27890 1 1 708169 0
27891 27891 1 1 708266 0
27892 27892 1 1 708363 0
27893 27893 1 1 708460 0
27894 27894 1 1 708557 0
27895 27895 1 1 708654 0
27896 27896 1 1 708751 0
27897 27897 1 1 708848 0
27898 27898 1 1 708945 0
27899 27899 1 1 709042 0
27900 27900 1 1 709139 0
27901 27901 1 1 709236 0
27902 27902 1 1 709333 0
27903 27903 1 1 709430 0
27904 27904 1 1 709527 0
27905 27905 1 1 709624 0
27906 27906 1 1 709721 0
27907 27907 1 1 709818 0
27908 27908 1 1 709915 0
27909 27909 1 1 710012 0
27910 27910 1 1 710109 0
27911 27911 1 1 710206 0
27912 27912 1 1 710303 0
27913 27913 1 1 710400 0
27914 27914 1 1 710497 0
27915 27915 1 1 710594 0
27916 27916 1 1 710691 0
27917 27917 1 1 710788 0
27918 27918 1 1 710885 0
27919 27919 1 1 710982 0
27920 27920 1 1 711079 0
27921 27921 1 1 711176 0
27922 27922 1 1 711273 0
27923 27923 1 1 711370 0
27924 27924 1 1 711467 0
27925 27925 1 1 711564 0
27926 27926 1 1 711661 0
27927 27927 1 1 711758 0
27928 27928 1 1 711855 0
27929 27929 1 1 711952 0
27930 27930 1 1 712049 0
27931 27931 1 1 712146 0
27932 27932 1 1 712243 0
27933 27933 1 1 712340 0
27934 27934 1 1 712437 0
27935 27935 1 1 712534 0
27936 27936 1 1 712631 0
27937 27937 1 1 712728 0
27938 27938 1 1 712825 0
27939 27939 1 1 712922 0
27940 27940 1 1 713019 0
27941 27941 1 1 713116 0
27942 27942 1 1 713213 0
27943 27943 1 1 713310 0
27944 27944 1 1 713407 0
27945 27945 1 1 713504 0
27946 27946 1 1 713601 0
27947 27947 1 1 713698 0
27948 27948 1 1 713795 0
27949 27949 1 1 713892 0
27950 27950 1 1 713989 0
27951 27951 1 1 714086 0
27952 27952 1 1 714183 0
27953 27953 1 1 714280 0
27954 27954 1 1 714377 0
27955 27955 1 1 714474 0
27956 27956 1 1 714571 0
27957 27957 1 1 714668 0
27958 27958 1 1 714765 0
27959 27959 1 1 714862 0
27960 27960 1 1 714959 0
27961 27961 1 1 715056 0
27962 27962 1 1 715153 0
27963 27963 1 1 715250 0
27964 27964 1 1 715347 0
27965 27965 1 1 715444 0
27966 27966 1 1 715541 0
27967 27967 1 1 715638 0
27968 27968 1 1 715735 0
27969 27969 1 1 715832 0
27970 27970 1 1 715929 0
27971 27971 1 1 716026 0
27972 27972 1 1 716123 0
27973 27973 1 1 716220 0
27974 27974 1 1 716317 0
27975 27975 1 1 716414 0
27976 27976 1 1 716511 0
27977 27977 1 1 716608 0
27978 27978 1 1 716705 0
27979 27979 1 1 716802 0
27980 27980 1 1 716899 0
27981 27981 1 1 716996 0
27982 27982 1 1 717093 0
27983 27983 1 1 717190 0
27984 27984 1 1 717287 0
27985 27985 1 1 717384 0
27986 27986 1 1 717481 0
27987 27987 1 1 717578 0
27988 27988 1 1 717675 0
27989 27989 1 1 717772 0
27990 27990 1 1 717869 0
27991 27991 1 1 717966 0
27992 27992 1 1 718063 0
27993 27993 1 1 718160 0
27994 27994 1 1 718257 0
27995 27995 1 1 718354 0
27996 27996 1 1 718451 0
27997 27997 1 1 718548 0
27998 27998 1 1 718645 0
27999 27999 1 1 718742 0
28000 28000 1 1 718839 0
28001 28001 1 1 718936 0
28002 28002 1 1 719033 0
28003 28003 1 1 719130 0
28004 28004 1 1 719227 0
28005 28005 1 1 719324 0
28006 28006 1 1 719421 0
28007 28007 1 1 719518 0
28008 28008 1 1 719615 0
28009 28009 1 1 719712 0
28010 28010 1 1 719809 0
28011 28011 1 1 719906 0
28012 28012 1 1 720003 0
28013 28013 1 1 720100 0
28014 28014 1 1 720197 0
28015 28015 1 1 720294 0
28016 28016 1 1 720391 0
28017 28017 1 1 720488 0
28018 28018 1 1 720585 0
28019 28019 1 1 720682 0
28020 28020 1 1 720779 0
28021 28021 1 1 720876 0
28022 28022 1 1 720973 0
28023 28023 1 1 721070 0
28024 28024 1 1 721167 0
28025 28025 1 1 721264 0
28026 28026 1 1 721361 0
28027 28027 1 1 721458 0
28028 28028 1 1 721555 0
28029 28029 1 1 721652 0
28030 28030 1 1 721749 0
28031 28031 1 1 721846 0
28032 28032 1 1 721943 0
28033 28033 1 1 722040 0
28034 28034 1 1 722137 0
28035 28035 1 1 722234 0
28036 28036 1 1 722331 0
28037 28037 1 1 722428 0
28038 28038 1 1 722525 0
28039 28039 1 1 722622 0
28040 28040 1 1 722719 0
28041 28041 1 1 722816 0
28042 28042 1 1 722913 0
28043 28043 1 1 723010 0
28044 28044 1 1 723107 0
28045 28045 1 1 723204 0
28046 28046 1 1 723301 0
28047 28047 1 1 723398 0
28048 28048 1 1 723495 0
28049 28049 1 1 723592 0
28050 28050 1 1 723689 0
28051 28051 1 1 723786 0
28052 28052 1 1 723883 0
28053 28053 1 1 723980 0
28054 28054 1 1 724077 0
28055 28055 1 1 724174 0
28056 28056 1 1 724271 0
28057 28057 1 1 724368 0
28058 28058 1 1 724465 0
28059 28059 1 1 724562 0
28060 28060 1 1 724659 0
28061 28061 1 1 724756 0
28062 28062 1 1 724853 0
28063 28063 1 1 724950 0
28064 28064 1 1 725047 0
28065 28065 1 1 725144 0
28066 28066 1 1 725241 0
28067 28067 1 1 725338 0
28068 28068 1 1 725435 0
28069 28069 1 1 725532 0
28070 28070 1 1 725629 0
28071 28071 1 1 725726 0
28072 28072 1 1 725823 0
28073 28073 1 1 725920 0
28074 28074 1 1 726017 0
28075 28075 1 1 726114 0
28076 28076 1 1 726211 0
28077 28077 1 1 726308 0
28078 28078 1 1 726405 0
28079 28079 1 1 726502 0
28080 28080 1 1 726599 0
28081 28081 1 1 726696 0
28082 28082 1 1 726793 0
28083 28083 1 1 726890 0
28084 28084 1 1 726987 0
28085 28085 1 1 727084 0
28086 28086 1 1 727181 0
28087 28087 1 1 727278 0
28088 28088 1 1 727375 0
28089 28089 1 1 727472 0
28090 28090 1 1 727569 0
28091 28091 1 1 727666 0
28092 28092 1 1 727763 0
28093 28093 1 1 727860 0
28094 28094 1 1 727957 0
28095 28095 1 1 728054 0
28096 28096 1 1 728151 0
28097 28097 1 1 728248 0
28098 28098 1 1 728345 0
28099 28099 1 1 728442 0
28100 28100 1 1 728539 0
28101 28101 1 1 728636 0
28102 28102 1 1 728733 0
28103 28103 1 1 728830 0
28104 28104 1 1 728927 0
28105 28105 1 1 729024 0
28106 28106 1 1 729121 0
28107 28107 1 1 729218 0
28108 28108 1 1 729315 0
28109 28109 1 1 729412 0
28110 28110 1 1 729509 0
28111 28111 1 1 729606 0
28112 28112 1 1 729703 0
28113 28113 1 1 729800 0
28114 28114 1 1 729897 0
28115 28115 1 1 729994 0
28116 28116 1 1 730091 0
28117 28117 1 1 730188 0
28118 28118 1 1 730285 0
28119 28119 1 1 730382 0
28120 28120 1 1 730479 0
28121 28121 1 1 730576 0
28122 28122 1 1 730673 0
28123 28123 1 1 730770 0
28124 28124 1 1 730867 0
28125 28125 1 1 730964 0
28126 28126 1 1 731061 0
28127 28127 1 1 731158 0
28128 28128 1 1 731255 0
28129 28129 1 1 731352 0
28130 28130 1 1 731449 0
28131 28131 1 1 731546 0
28132 28132 1 1 731643 0
28133 28133 1 1 731740 0
28134 28134 1 1 731837 0
28135 28135 1 1 731934 0
28136 28136 1 1 732031 0
28137 28137 1 1 732128 0
28138 28138 1 1 732225 0
28139 28139 1 1 732322 0
28140 28140 1 1 732419 0
28141 28141 1 1 732516 0
28142 28142 1 1 732613 0
28143 28143 1 1 732710 0
28144 28144 1 1 732807 0
28145 28145 1 1 732904 0
28146 28146 1 1 733001 0
28147 28147 1 1 733098 0
28148 28148 1 1 733195 0
28149 28149 1 1 733292 0
28150 28150 1 1 733389 0
28151 28151 1 1 733486 0
28152 28152 1 1 733583 0
28153 28153 1 1 733680 0
28154 28154 1 1 733777 0
28155 28155 1 1 733874 0
28156 28156 1 1 733971 0
28157 28157 1 1 734068 0
28158 28158 1 1 734165 0
28159 28159 1 1 734262 0
28160 28160 1 1 734359 0
28161 28161 1 1 734456 0
28162 28162 1 1 734553 0
28163 28163 1 1 734650 0
28164 28164 1 1 734747 0
28165 28165 1 1 734844 0
28166 28166 1 1 734941 0
28167 28167 1 1 735038 0
28168 28168 1 1 735135 0
28169 28169 1 1 735232 0
28170 28170 1 1 735329 0
28171 28171 1 1 735426 0
28172 28172 1 1 735523 0
28173 28173 1 1 735620 0
28174 28174 1 1 735717 0
28175 28175 1 1 735814 0
28176 28176 1 1 735911 0
28177 28177 1 1 736008 0
28178 28178 1 1 736105 0
28179 28179 1 1 736202 0
28180 28180 1 1 736299 0
28181 28181 1 1 736396 0
28182 28182 1 1 736493 0
28183 28183 1 1 736590 0
28184 28184 1 1 736687 0
28185 28185 1 1 736784 0
28186 28186 1 1 736881 0
28187 28187 1 1 736978 0
28188 28188 1 1 737075 0
28189 28189 1 1 737172 0
28190 28190 1 1 737269 0
28191 28191 1 1 737366 0
28192 28192 1 1 737463 0
28193 28193 1 1 737560 0
28194 28194 1 1 737657 0
28195 28195 1 1 737754 0
28196 28196 1 1 737851 0
28197 28197 1 1 737948 0
28198 28198 1 1 738045 0
28199 28199 1 1 738142 0
28200 28200 1 1 738239 0
28201 28201 1 1 738336 0
28202 28202 1 1 738433 0
28203 28203 1 1 738530 0
28204 28204 1 1 738627 0
28205 28205 1 1 738724 0
28206 28206 1 1 738821 0
28207 28207 1 1 738918 0
28208 28208 1 1 739015 0
28209 28209 1 1 739112 0
28210 28210 1 1 739209 0
28211 28211 1 1 739306 0
28212 28212 1 1 739403 0
28213 28213 1 1 739500 0
28214 28214 1 1 739597 0
28215 28215 1 1 739694 0
28216 28216 1 1 739791 0
28217 28217 1 1 739888 0
28218 28218 1 1 739985 0
28219 28219 1 1 740082 0
28220 28220 1 1 740179 0
28221 28221 1 1 740276 0
28222 28222 1 1 740373 0
28223 28223 1 1 740470 0
28224 28224 1 1 740567 0
28225 28225 1 1 740664 0
28226 28226 1 1 740761 0
28227 28227 1 1 740858 0
28228 28228 1 1 740955 0
28229 28229 1 1 741052 0
28230 28230 1 1 741149 0
28231 28231 1 1 741246 0
28232 28232 1 1 741343 0
28233 28233 1 1 741440 0
28234 28234 1 1 741537 0
28235 28235 1 1 741634 0
28236 28236 1 1 741731 0
28237 28237 1 1 741828 0
28238 28238 1 1 741925 0
28239 28239 1 1 742022 0
28240 28240 1 1 742119 0
28241 28241 1 1 742216 0
28242 28242 1 1 742313 0
28243 28243 1 1 742410 0
28244 28244 1 1 742507 0
28245 28245 1 1 742604 0
28246 28246 1 1 742701 0
28247 28247 1 1 742798 0
28248 28248 1 1 742895 0
28249 28249 1 1 742992 0
28250 28250 1 1 743089 0
28251 28251 1 1 743186 0
28252 28252 1 1 743283 0
28253 28253 1 1 743380 0
28254 28254 1 1 743477 0
28255 28255 1 1 743574 0
28256 28256 1 1 743671 0
28257 28257 1 1 743768 0
28258 28258 1 1 743865 0
28259 28259 1 1 743962 0
28260 28260 1 1 744059 0
28261 28261 1 1 744156 0
28262 28262 1 1 744253 0
28263 28263 1 1 744350 0
28264 28264 1 1 744447 0
28265 28265 1 1 744544 0
28266 28266 1 1 744641 0
28267 28267 1 1 744738 0
28268 28268 1 1 744835 0
28269 28269 1 1 744932 0
28270 28270 1 1 745029 0
28271 28271 1 1 745126 0
28272 28272 1 1 745223 0
28273 28273 1 1 745320 0
28274 28274 1 1 745417 0
28275 28275 1 1 745514 0
28276 28276 1 1 745611 0
28277 28277 1 1 745708 0
28278 28278 1 1 745805 0
28279 28279 1 1 745902 0
28280 28280 1 1 745999 0
28281 28281 1 1 746096 0
28282 28282 1 1 746193 0
28283 28283 1 1 746290 0
28284 28284 1 1 746387 0
28285 28285 1 1 746484 0
28286 28286 1 1 746581 0
28287 28287 1 1 746678 0
28288 28288 1 1 746775 0
28289 28289 1 1 746872 0
28290 28290 1 1 746969 0
28291 28291 1 1 747066 0
28292 28292 1 1 747163 0
28293 28293 1 1 747260 0
28294 28294 1 1 747357 0
28295 28295 1 1 747454 0
28296 28296 1 1 747551 0
28297 28297 1 1 747648 0
28298 28298 1 1 747745 0
28299 28299 1 1 747842 0
28300 28300 1 1 747939 0
28301 28301 1 1 748036 0
28302 28302 1 1 748133 0
28303 28303 1 1 748230 0
28304 28304 1 1 748327 0
28305 28305 1 1 748424 0
28306 28306 1 1 748521 0
28307 28307 1 1 748618 0
28308 28308 1 1 748715 0
28309 28309 1 1 748812 0
28310 28310 1 1 748909 0
28311 28311 1 1 749006 0
28312 28312 1 1 749103 0
28313 28313 1 1 749200 0
28314 28314 1 1 749297 0
28315 28315 1 1 749394 0
28316 28316 1 1 749491 0
28317 28317 1 1 749588 0
28318 28318 1 1 749685 0
28319 28319 1 1 749782 0
28320 28320 1 1 749879 0
28321 28321 1 1 749976 0
28322 28322 1 1 750073 0
28323 28323 1 1 750170 0
28324 28324 1 1 750267 0
28325 28325 1 1 750364 0
28326 28326 1 1 750461 0
28327 28327 1 1 750558 0
28328 28328 1 1 750655 0
28329 28329 1 1 750752 0
28330 28330 1 1 750849 0
28331 28331 1 1 750946 0
28332 28332 1 1 751043 0
28333 28333 1 1 751140 0
28334 28334 1 1 751237 0
28335 28335 1 1 751334 0
28336 28336 1 1 751431 0
28337 28337 1 1 751528 0
28338 28338 1 1 751625 0
28339 28339 1 1 751722 0
28340 28340 1 1 751819 0
28341 28341 1 1 751916 0
28342 28342 1 1 752013 0
28343 28343 1 1 752110 0
28344 28344 1 1 752207 0
28345 28345 1 1 752304 0
28346 28346 1 1 752401 0
28347 28347 1 1 752498 0
28348 28348 1 1 752595 0
28349 28349 1 1 752692 0
28350 28350 1 1 752789 0
28351 28351 1 1 752886 0
28352 28352 1 1 752983 0
28353 28353 1 1 753080 0
28354 28354 1 1 753177 0
28355 28355 1 1 753274 0
28356 28356 1 1 753371 0
28357 28357 1 1 753468 0
28358 28358 1 1 753565 0
28359 28359 1 1 753662 0
28360 28360 1 1 753759 0
28361 28361 1 1 753856 0
28362 28362 1 1 753953 0
28363 28363 1 1 754050 0
28364 28364 1 1 754147 0
28365 28365 1 1 754244 0
28366 28366 1 1 754341 0
28367 28367 1 1 754438 0
28368 28368 1 1 754535 0
28369 28369 1 1 754632 0
28370 28370 1 1 754729 0
28371 28371 1 1 754826 0
28372 28372 1 1 754923 0
28373 28373 1 1 755020 0
28374 28374 1 1 755117 0
28375 28375 1 1 755214 0
28376 28376 1 1 755311 0
28377 28377 1 1 755408 0
28378 28378 1 1 755505 0
28379 28379 1 1 755602 0
28380 28380 1 1 755699 0
28381 28381 1 1 755796 0
28382 28382 1 1 755893 0
28383 28383 1 1 755990 0
28384 28384 1 1 756087 0
28385 28385 1 1 756184 0
28386 28386 1 1 756281 0
28387 28387 1 1 756378 0
28388 28388 1 1 756475 0
28389 28389 1 1 756572 0
28390 28390 1 1 756669 0
28391 28391 1 1 756766 0
28392 28392 1 1 756863 0
28393 28393 1 1 756960 0
28394 28394 1 1 757057 0
28395 28395 1 1 757154 0
28396 28396 1 1 757251 0
28397 28397 1 1 757348 0
28398 28398 1 1 757445 0
28399 28399 1 1 757542 0
28400 28400 1 1 757639 0
28401 28401 1 1 757736 0
28402 28402 1 1 757833 0
28403 28403 1 1 757930 0
28404 28404 1 1 758027 0
28405 28405 1 1 758124 0
28406 28406 1 1 758221 0
28407 28407 1 1 758318 0
28408 28408 1 1 758415 0
28409 28409 1 1 758512 0
28410 28410 1 1 758609 0
28411 28411 1 1 758706 0
28412 28412 1 1 758803 0
28413 28413 1 1 758900 0
28414 28414 1 1 758997 0
28415 28415 1 1 759094 0
28416 28416 1 1 759191 0
28417 28417 1 1 759288 0
28418 28418 1 1 759385 0
28419 28419 1 1 759482 0
28420 28420 1 1 759579 0
28421 28421 1 1 759676 0
28422 28422 1 1 759773 0
28423 28423 1 1 759870 0
28424 28424 1 1 759967 0
28425 28425 1 1 760064 0
28426 28426 1 1 760161 0
28427 28427 1 1 760258 0
28428 28428 1 1 760355 0
28429 28429 1 1 760452 0
28430 28430 1 1 760549 0
28431 28431 1 1 760646 0
28432 28432 1 1 760743 0
28433 28433 1 1 760840 0
28434 28434 1 1 760937 0
28435 28435 1 1 761034 0
28436 28436 1 1 761131 0
28437 28437 1 1 761228 0
28438 28438 1 1 761325 0
28439 28439 1 1 761422 0
28440 28440 1 1 761519 0
28441 28441 1 1 761616 0
28442 28442 1 1 761713 0
28443 28443 1 1 761810 0
28444 28444 1 1 761907 0
28445 28445 1 1 762004 0
28446 28446 1 1 762101 0
28447 28447 1 1 762198 0
28448 28448 1 1 762295 0
28449 28449 1 1 762392 0
28450 28450 1 1 762489 0
28451 28451 1 1 762586 0
28452 28452 1 1 762683 0
28453 28453 1 1 762780 0
28454 28454 1 1 762877 0
28455 28455 1 1 762974 0
28456 28456 1 1 763071 0
28457 28457 1 1 763168 0
28458 28458 1 1 763265 0
28459 28459 1 1 763362 0
28460 28460 1 1 763459 0
28461 28461 1 1 763556 0
28462 28462 1 1 763653 0
28463 28463 1 1 763750 0
28464 28464 1 1 763847 0
28465 28465 1 1 763944 0
28466 28466 1 1 764041 0
28467 28467 1 1 764138 0
28468 28468 1 1 764235 0
28469 28469 1 1 764332 0
28470 28470 1 1 764429 0
28471 28471 1 1 764526 0
28472 28472 1 1 764623 0
28473 28473 1 1 764720 0
28474 28474 1 1 764817 0
28475 28475 1 1 764914 0
28476 28476 1 1 765011 0
28477 28477 1 1 765108 0
28478 28478 1 1 765205 0
28479 28479 1 1 765302 0
28480 28480 1 1 765399 0
28481 28481 1 1 765496 0
28482 28482 1 1 765593 0
28483 28483 1 1 765690 0
28484 28484 1 1 765787 0
28485 28485 1 1 765884 0
28486 28486 1 1 765981 0
28487 28487 1 1 766078 0
28488 28488 1 1 766175 0
28489 28489 1 1 766272 0
28490 28490 1 1 766369 0
28491 28491 1 1 766466 0
28492 28492 1 1 766563 0
28493 28493 1 1 766660 0
28494 28494 1 1 766757 0
28495 28495 1 1 766854 0
28496 28496 1 1 766951 0
28497 28497 1 1 767048 0
28498 28498 1 1 767145 0
28499 28499 1 1 767242 0
28500 28500 1 1 767339 0
28501 28501 1 1 767436 0
28502 28502 1 1 767533 0
28503 28503 1 1 767630 0
28504 28504 1 1 767727 0
28505 28505 1 1 767824 0
28506 28506 1 1 767921 0
28507 28507 1 1 768018 0
28508 28508 1 1 768115 0
28509 28509 1 1 768212 0
28510 28510 1 1 768309 0
28511 28511 1 1 768406 0
28512 28512 1 1 768503 0
28513 28513 1 1 768600 0
28514 28514 1 1 768697 0
28515 28515 1 1 768794 0
28516 28516 1 1 768891 0
28517 28517 1 1 768988 0
28518 28518 1 1 769085 0
28519 28519 1 1 769182 0
28520 28520 1 1 769279 0
28521 28521 1 1 769376 0
28522 28522 1 1 769473 0
28523 28523 1 1 769570 0
28524 28524 1 1 769667 0
28525 28525 1 1 769764 0
28526 28526 1 1 769861 0
28527 28527 1 1 769958 0
28528 28528 1 1 770055 0
28529 28529 1 1 770152 0
28530 28530 1 1 770249 0
28531 28531 1 1 770346 0
28532 28532 1 1 770443 0
28533 28533 1 1 770540 0
28534 28534 1 1 770637 0
28535 28535 1 1 770734 0
28536 28536 1 1 770831 0
28537 28537 1 1 770928 0
28538 28538 1 1 771025 0
28539 28539 1 1 771122 0
28540 28540 1 1 771219 0
28541 28541 1 1 771316 0
28542 28542 1 1 771413 0
28543 28543 1 1 771510 0
28544 28544 1 1 771607 0
28545 28545 1 1 771704 0
28546 28546 1 1 771801 0
28547 28547 1 1 771898 0
28548 28548 1 1 771995 0
28549 28549 1 1 772092 0
28550 28550 1 1 772189 0
28551 28551 1 1 772286 0
28552 28552 1 1 772383 0
28553 28553 1 1 772480 0
28554 28554 1 1 772577 0
28555 28555 1 1 772674 0
28556 28556 1 1 772771 0
28557 28557 1 1 772868 0
28558 28558 1 1 772965 0
28559 28559 1 1 773062 0
28560 28560 1 1 773159 0
28561 28561 1 1 773256 0
28562 28562 1 1 773353 0
28563 28563 1 1 773450 0
28564 28564 1 1 773547 0
28565 28565 1 1 773644 0
28566 28566 1 1 773741 0
28567 28567 1 1 773838 0
28568 28568 1 1 773935 0
28569 28569 1 1 774032 0
28570 28570 1 1 774129 0
28571 28571 1 1 774226 0
28572 28572 1 1 774323 0
28573 28573 1 1 774420 0
28574 28574 1 1 774517 0
28575 28575 1 1 774614 0
28576 28576 1 1 774711 0
28577 28577 1 1 774808 0
28578 28578 1 1 774905 0
28579 28579 1 1 775002 0
28580 28580 1 1 775099 0
28581 28581 1 1 775196 0
28582 28582 1 1 775293 0
28583 28583 1 1 775390 0
28584 28584 1 1 775487 0
28585 28585 1 1 775584 0
28586 28586 1 1 775681 0
28587 28587 1 1 775778 0
28588 28588 1 1 775875 0
28589 28589 1 1 775972 0
28590 28590 1 1 776069 0
28591 28591 1 1 776166 0
28592 28592 1 1 776263 0
28593 28593 1 1 776360 0
28594 28594 1 1 776457 0
28595 28595 1 1 776554 0
28596 28596 1 1 776651 0
28597 28597 1 1 776748 0
28598 28598 1 1 776845 0
28599 28599 1 1 776942 0
28600 28600 1 1 777039 0
28601 28601 1 1 777136 0
28602 28602 1 1 777233 0
28603 28603 1 1 777330 0
28604 28604 1 1 777427 0
28605 28605 1 1 777524 0
28606 28606 1 1 777621 0
28607 28607 1 1 777718 0
28608 28608 1 1 777815 0
28609 28609 1 1 777912 0
28610 28610 1 1 778009 0
28611 28611 1 1 778106 0
28612 28612 1 1 778203 0
28613 28613 1 1 778300 0
28614 28614 1 1 778397 0
28615 28615 1 1 778494 0
28616 28616 1 1 778591 0
28617 28617 1 1 778688 0
28618 28618 1 1 778785 0
28619 28619 1 1 778882 0
28620 28620 1 1 778979 0
28621 28621 1 1 779076 0
28622 28622 1 1 779173 0
28623 28623 1 1 779270 0
28624 28624 1 1 779367 0
28625 28625 1 1 779464 0
28626 28626 1 1 779561 0
28627 28627 1 1 779658 0
28628 28628 1 1 779755 0
28629 28629 1 1 779852 0
28630 28630 1 1 779949 0
28631 28631 1 1 780046 0
28632 28632 1 1 780143 0
28633 28633 1 1 780240 0
28634 28634 1 1 780337 0
28635 28635 1 1 780434 0
28636 28636 1 1 780531 0
28637 28637 1 1 780628 0
28638 28638 1 1 780725 0
28639 28639 1 1 780822 0
28640 28640 1 1 780919 0
28641 28641 1 1 781016 0
28642 28642 1 1 781113 0
28643 28643 1 1 781210 0
28644 28644 1 1 781307 0
28645 28645 1 1 781404 0
28646 28646 1 1 781501 0
28647 28647 1 1 781598 0
28648 28648 1 1 781695 0
28649 28649 1 1 781792 0
28650 28650 1 1 781889 0
28651 28651 1 1 781986 0
28652 28652 1 1 782083 0
28653 28653 1 1 782180 0
28654 28654 1 1 782277 0
28655 28655 1 1 782374 0
28656 28656 1 1 782471 0
28657 28657 1 1 782568 0
28658 28658 1 1 782665 0
28659 28659 1 1 782762 0
28660 28660 1 1 782859 0
28661 28661 1 1 782956 0
28662 28662 1 1 783053 0
28663 28663 1 1 783150 0
28664 28664 1 1 783247 0
28665 28665 1 1 783344 0
28666 28666 1 1 783441 0
28667 28667 1 1 783538 0
28668 28668 1 1 783635 0
28669 28669 1 1 783732 0
28670 28670 1 1 783829 0
28671 28671 1 1 783926 0
28672 28672 1 1 784023 0
28673 28673 1 1 784120 0
28674 28674 1 1 784217 0
28675 28675 1 1 784314 0
28676 28676 1 1 784411 0
28677 28677 1 1 784508 0
28678 28678 1 1 784605 0
28679 28679 1 1 784702 0
28680 28680 1 1 784799 0
28681 28681 1 1 784896 0
28682 28682 1 1 784993 0
28683 28683 1 1 785090 0
28684 28684 1 1 785187 0
28685 28685 1 1 785284 0
28686 28686 1 1 785381 0
28687 28687 1 1 785478 0
28688 28688 1 1 785575 0
28689 28689 1 1 785672 0
28690 28690 1 1 785769 0
28691 28691 1 1 785866 0
28692 28692 1 1 785963 0
28693 28693 1 1 786060 0
28694 28694 1 1 786157 0
28695 28695 1 1 786254 0
28696 28696 1 1 786351 0
28697 28697 1 1 786448 0
28698 28698 1 1 786545 0
28699 28699 1 1 786642 0
28700 28700 1 1 786739 0
28701 28701 1 1 786836 0
28702 28702 1 1 786933 0
28703 28703 1 1 787030 0
28704 28704 1 1 787127 0
28705 28705 1 1 787224 0
28706 28706 1 1 787321 0
28707 28707 1 1 787418 0
28708 28708 1 1 787515 0
28709 28709 1 1 787612 0
28710 28710 1 1 787709 0
28711 28711 1 1 787806 0
28712 28712 1 1 787903 0
28713 28713 1 1 788000 0
28714 28714 1 1 788097 0
28715 28715 1 1 788194 0
28716 28716 1 1 788291 0
28717 28717 1 1 788388 0
28718 28718 1 1 788485 0
28719 28719 1 1 788582 0
28720 28720 1 1 788679 0
28721 28721 1 1 788776 0
28722 28722 1 1 788873 0
28723 28723 1 1 788970 0
28724 28724 1 1 789067 0
28725 28725 1 1 789164 0
28726 28726 1 1 789261 0
28727 28727 1 1 789358 0
28728 28728 1 1 789455 0
28729 28729 1 1 789552 0
28730 28730 1 1 789649 0
28731 28731 1 1 789746 0
28732 28732 1 1 789843 0
28733 28733 1 1 789940 0
28734 28734 1 1 790037 0
28735 28735 1 1 790134 0
28736 28736 1 1 790231 0
28737 28737 1 1 790328 0
28738 28738 1 1 790425 0
28739 28739 1 1 790522 0
28740 28740 1 1 790619 0
28741 28741 1 1 790716 0
28742 28742 1 1 790813 0
28743 28743 1 1 790910 0
28744 28744 1 1 791007 0
28745 28745 1 1 791104 0
28746 28746 1 1 791201 0
28747 28747 1 1 791298 0
28748 28748 1 1 791395 0
28749 28749 1 1 791492 0
28750 28750 1 1 791589 0
28751 28751 1 1 791686 0
28752 28752 1 1 791783 0
28753 28753 1 1 791880 0
28754 28754 1 1 791977 0
28755 28755 1 1 792074 0
28756 28756 1 1 792171 0
28757 28757 1 1 792268 0
28758 28758 1 1 792365 0
28759 28759 1 1 792462 0
28760 28760 1 1 792559 0
28761 28761 1 1 792656 0
28762 28762 1 1 792753 0
28763 28763 1 1 792850 0
28764 28764 1 1 792947 0
28765 28765 1 1 793044 0
28766 28766 1 1 793141 0
28767 28767 1 1 793238 0
28768 28768 1 1 793335 0
28769 28769 1 1 793432 0
28770 28770 1 1 793529 0
28771 28771 1 1 793626 0
28772 28772 1 1 793723 0
28773 28773 1 1 793820 0
28774 28774 1 1 793917 0
28775 28775 1 1 794014 0
28776 28776 1 1 794111 0
28777 28777 1 1 794208 0
28778 28778 1 1 794305 0
28779 28779 1 1 794402 0
28780 28780 1 1 794499 0
28781 28781 1 1 794596 0
28782 28782 1 1 794693 0
28783 28783 1 1 794790 0
28784 28784 1 1 794887 0
28785 28785 1 1 794984 0
28786 28786 1 1 795081 0
28787 28787 1 1 795178 0
28788 28788 1 1 795275 0
28789 28789 1 1 795372 0
28790 28790 1 1 795469 0
28791 28791 1 1 795566 0
28792 28792 1 1 795663 0
28793 28793 1 1 795760 0
28794 28794 1 1 795857 0
28795 28795 1 1 795954 0
28796 28796 1 1 796051 0
28797 28797 1 1 796148 0
28798 28798 1 1 796245 0
28799 28799 1 1 796342 0
28800 28800 1 1 796439 0
28801 28801 1 1 796536 0
28802 28802 1 1 796633 0
28803 28803 1 1 796730 0
28804 28804 1 1 796827 0
28805 28805 1 1 796924 0
28806 28806 1 1 797021 0
28807 28807 1 1 797118 0
28808 28808 1 1 797215 0
28809 28809 1 1 797312 0
28810 28810 1 1 797409 0
28811 28811 1 1 797506 0
28812 28812 1 1 797603 0
28813 28813 1 1 797700 0
28814 28814 1 1 797797 0
28815 28815 1 1 797894 0
28816 28816 1 1 797991 0
28817 28817 1 1 798088 0
28818 28818 1 1 798185 0
28819 28819 1 1 798282 0
28820 28820 1 1 798379 0
28821 28821 1 1 798476 0
28822 28822 1 1 798573 0
28823 28823 1 1 798670 0
28824 28824 1 1 798767 0
28825 28825 1 1 798864 0
28826 28826 1 1 798961 0
28827 28827 1 1 799058 0
28828 28828 1 1 799155 0
28829 28829 1 1 799252 0
28830 28830 1 1 799349 0
28831 28831 1 1 799446 0
28832 28832 1 1 799543 0
28833 28833 1 1 799640 0
28834 28834 1 1 799737 0
28835 28835 1 1 799834 0
28836 28836 1 1 799931 0
28837 28837 1 1 800028 0
28838 28838 1 1 800125 0
28839 28839 1 1 800222 0
28840 28840 1 1 800319 0
28841 28841 1 1 800416 0
28842 28842 1 1 800513 0
28843 28843 1 1 800610 0
28844 28844 1 1 800707 0
28845 28845 1 1 800804 0
28846 28846 1 1 800901 0
28847 28847 1 1 800998 0
28848 28848 1 1 801095 0
28849 28849 1 1 801192 0
28850 28850 1 1 801289 0
28851 28851 1 1 801386 0
28852 28852 1 1 801483 0
28853 28853 1 1 801580 0
28854 28854 1 1 801677 0
28855 28855 1 1 801774 0
28856 28856 1 1 801871 0
28857 28857 1 1 801968 0
28858 28858 1 1 802065 0
28859 28859 1 1 802162 0
28860 28860 1 1 802259 0
28861 28861 1 1 802356 0
28862 28862 1 1 802453 0
28863 28863 1 1 802550 0
28864 28864 1 1 802647 0
28865 28865 1 1 802744 0
28866 28866 1 1 802841 0
28867 28867 1 1 802938 0
28868 28868 1 1 803035 0
28869 28869 1 1 803132 0
28870 28870 1 1 803229 0
28871 28871 1 1 803326 0
28872 28872 1 1 803423 0
28873 28873 1 1 803520 0
28874 28874 1 1 803617 0
28875 28875 1 1 803714 0
28876 28876 1 1 803811 0
28877 28877 1 1 803908 0
28878 28878 1 1 804005 0
28879 28879 1 1 804102 0
28880 28880 1 1 804199 0
28881 28881 1 1 804296 0
28882 28882 1 1 804393 0
28883 28883 1 1 804490 0
28884 28884 1 1 804587 0
28885 28885 1 1 804684 0
28886 28886 1 1 804781 0
28887 28887 1 1 804878 0
28888 28888 1 1 804975 0
28889 28889 1 1 805072 0
28890 28890 1 1 805169 0
28891 28891 1 1 805266 0
28892 28892 1 1 805363 0
28893 28893 1 1 805460 0
28894 28894 1 1 805557 0
28895 28895 1 1 805654 0
28896 28896 1 1 805751 0
28897 28897 1 1 805848 0
28898 28898 1 1 805945 0
28899 28899 1 1 806042 0
28900 28900 1 1 806139 0
28901 28901 1 1 806236 0
28902 28902 1 1 806333 0
28903 28903 1 1 806430 0
28904 28904 1 1 806527 0
28905 28905 1 1 806624 0
28906 28906 1 1 806721 0
28907 28907 1 1 806818 0
28908 28908 1 1 806915 0
28909 28909 1 1 807012 0
28910 28910 1 1 807109 0
28911 28911 1 1 807206 0
28912 28912 1 1 807303 0
28913 28913 1 1 807400 0
28914 28914 1 1 807497 0
28915 28915 1 1 807594 0
28916 28916 1 1 807691 0
28917 28917 1 1 807788 0
28918 28918 1 1 807885 0
28919 28919 1 1 807982 0
28920 28920 1 1 808079 0
28921 28921 1 1 808176 0
28922 28922 1 1 808273 0
28923 28923 1 1 808370 0
28924 28924 1 1 808467 0
28925 28925 1 1 808564 0
28926 28926 1 1 808661 0
28927 28927 1 1 808758 0
28928 28928 1 1 808855 0
28929 28929 1 1 808952 0
28930 28930 1 1 809049 0
28931 28931 1 1 809146 0
28932 28932 1 1 809243 0
28933 28933 1 1 809340 0
28934 28934 1 1 809437 0
28935 28935 1 1 809534 0
28936 28936 1 1 809631 0
28937 28937 1 1 809728 0
28938 28938 1 1 809825 0
28939 28939 1 1 809922 0
28940 28940 1 1 810019 0
28941 28941 1 1 810116 0
28942 28942 1 1 810213 0
28943 28943 1 1 810310 0
28944 28944 1 1 810407 0
28945 28945 1 1 810504 0
28946 28946 1 1 810601 0
28947 28947 1 1 810698 0
28948 28948 1 1 810795 0
28949 28949 1 1 810892 0
28950 28950 1 1 810989 0
28951 28951 1 1 811086 0
28952 28952 1 1 811183 0
28953 28953 1 1 811280 0
28954 28954 1 1 811377 0
28955 28955 1 1 811474 0
28956 28956 1 1 811571 0
28957 28957 1 1 811668 0
28958 28958 1 1 811765 0
28959 28959 1 1 811862 0
28960 28960 1 1 811959 0
28961 28961 1 1 812056 0
28962 28962 1 1 812153 0
28963 28963 1 1 812250 0
28964 28964 1 1 812347 0
28965 28965 1 1 812444 0
28966 28966 1 1 812541 0
28967 28967 1 1 812638 0
28968 28968 1 1 812735 0
28969 28969 1 1 812832 0
28970 28970 1 1 812929 0
28971 28971 1 1 813026 0
28972 28972 1 1 813123 0
28973 28973 1 1 813220 0
28974 28974 1 1 813317 0
28975 28975 1 1 813414 0
28976 28976 1 1 813511 0
28977 28977 1 1 813608 0
28978 28978 1 1 813705 0
28979 28979 1 1 813802 0
28980 28980 1 1 813899 0
28981 28981 1 1 813996 0
28982 28982 1 1 814093 0
28983 28983 1 1 814190 0
28984 28984 1 1 814287 0
28985 28985 1 1 814384 0
28986 28986 1 1 814481 0
28987 28987 1 1 814578 0
28988 28988 1 1 814675 0
28989 28989 1 1 814772 0
28990 28990 1 1 814869 0
28991 28991 1 1 814966 0
28992 28992 1 1 815063 0
28993 28993 1 1 815160 0
28994 28994 1 1 815257 0
28995 28995 1 1 815354 0
28996 28996 1 1 815451 0
28997 28997 1 1 815548 0
28998 28998 1 1 815645 0
28999 28999 1 1 815742 0
29000 29000 1 1 815839 0
29001 29001 1 1 815936 0
29002 29002 1 1 816033 0
29003 29003 1 1 816130 0
29004 29004 1 1 816227 0
29005 29005 1 1 816324 0
29006 29006 1 1 816421 0
29007 29007 1 1 816518 0
29008 29008 1 1 816615 0
29009 29009 1 1 816712 0
29010 29010 1 1 816809 0
29011 29011 1 1 816906 0
29012 29012 1 1 817003 0
29013 29013 1 1 817100 0
29014 29014 1 1 817197 0
29015 29015 1 1 817294 0
29016 29016 1 1 817391 0
29017 29017 1 1 817488 0
29018 29018 1 1 817585 0
29019 29019 1 1 817682 0
29020 29020 1 1 817779 0
29021 29021 1 1 817876 0
29022 29022 1 1 817973 0
29023 29023 1 1 818070 0
29024 29024 1 1 818167 0
29025 29025 1 1 818264 0
29026 29026 1 1 818361 0
29027 29027 1 1 818458 0
29028 29028 1 1 818555 0
29029 29029 1 1 818652 0
29030 29030 1 1 818749 0
29031 29031 1 1 818846 0
29032 29032 1 1 818943 0
29033 29033 1 1 819040 0
29034 29034 1 1 819137 0
29035 29035 1 1 819234 0
29036 29036 1 1 819331 0
29037 29037 1 1 819428 0
29038 29038 1 1 819525 0
29039 29039 1 1 819622 0
29040 29040 1 1 819719 0
29041 29041 1 1 819816 0
29042 29042 1 1 819913 0
29043 29043 1 1 820010 0
29044 29044 1 1 820107 0
29045 29045 1 1 820204 0
29046 29046 1 1 820301 0
29047 29047 1 1 820398 0
29048 29048 1 1 820495 0
29049 29049 1 1 820592 0
29050 29050 1 1 820689 0
29051 29051 1 1 820786 0
29052 29052 1 1 820883 0
29053 29053 1 1 820980 0
29054 29054 1 1 821077 0
29055 29055 1 1 821174 0
29056 29056 1 1 821271 0
29057 29057 1 1 821368 0
29058 29058 1 1 821465 0
29059 29059 1 1 821562 0
29060 29060 1 1 821659 0
29061 29061 1 1 821756 0
29062 29062 1 1 821853 0
29063 29063 1 1 821950 0
29064 29064 1 1 822047 0
29065 29065 1 1 822144 0
29066 29066 1 1 822241 0
29067 29067 1 1 822338 0
29068 29068 1 1 822435 0
29069 29069 1 1 822532 0
29070 29070 1 1 822629 0
29071 29071 1 1 822726 0
29072 29072 1 1 822823 0
29073 29073 1 1 822920 0
29074 29074 1 1 823017 0
29075 29075 1 1 823114 0
29076 29076 1 1 823211 0
29077 29077 1 1 823308 0
29078 29078 1 1 823405 0
29079 29079 1 1 823502 0
29080 29080 1 1 823599 0
29081 29081 1 1 823696 0
29082 29082 1 1 823793 0
29083 29083 1 1 823890 0
29084 29084 1 1 823987 0
29085 29085 1 1 824084 0
29086 29086 1 1 824181 0
29087 29087 1 1 824278 0
29088 29088 1 1 824375 0
29089 29089 1 1 824472 0
29090 29090 1 1 824569 0
29091 29091 1 1 824666 0
29092 29092 1 1 824763 0
29093 29093 1 1 824860 0
29094 29094 1 1 824957 0
29095 29095 1 1 825054 0
29096 29096 1 1 825151 0
29097 29097 1 1 825248 0
29098 29098 1 1 825345 0
29099 29099 1 1 825442 0
29100 29100 1 1 825539 0
29101 29101 1 1 825636 0
29102 29102 1 1 825733 0
29103 29103 1 1 825830 0
29104 29104 1 1 825927 0
29105 29105 1 1 826024 0
29106 29106 1 1 826121 0
29107 29107 1 1 826218 0
29108 29108 1 1 826315 0
29109 29109 1 1 826412 0
29110 29110 1 1 826509 0
29111 29111 1 1 826606 0
29112 29112 1 1 826703 0
29113 29113 1 1 826800 0
29114 29114 1 1 826897 0
29115 29115 1 1 826994 0
29116 29116 1 1 827091 0
29117 29117 1 1 827188 0
29118 29118 1 1 827285 0
29119 29119 1 1 827382 0
29120 29120 1 1 827479 0
29121 29121 1 1 827576 0
29122 29122 1 1 827673 0
29123 29123 1 1 827770 0
29124 29124 1 1 827867 0
29125 29125 1 1 827964 0
29126 29126 1 1 828061 0
29127 29127 1 1 828158 0
29128 29128 1 1 828255 0
29129 29129 1 1 828352 0
29130 29130 1 1 828449 0
29131 29131 1 1 828546 0
29132 29132 1 1 828643 0
29133 29133 1 1 828740 0
29134 29134 1 1 828837 0
29135 29135 1 1 828934 0
29136 29136 1 1 829031 0
29137 29137 1 1 829128 0
29138 29138 1 1 829225 0
29139 29139 1 1 829322 0
29140 29140 1 1 829419 0
29141 29141 1 1 829516 0
29142 29142 1 1 829613 0
29143 29143 1 1 829710 0
29144 29144 1 1 829807 0
29145 29145 1 1 829904 0
29146 29146 1 1 830001 0
29147 29147 1 1 830098 0
29148 29148 1 1 830195 0
29149 29149 1 1 830292 0
29150 29150 1 1 830389 0
29151 29151 1 1 830486 0
29152 29152 1 1 830583 0
29153 29153 1 1 830680 0
29154 29154 1 1 830777 0
29155 29155 1 1 830874 0
29156 29156 1 1 830971 0
29157 29157 1 1 831068 0
29158 29158 1 1 831165 0
29159 29159 1 1 831262 0
29160 29160 1 1 831359 0
29161 29161 1 1 831456 0
29162 29162 1 1 831553 0
29163 29163 1 1 831650 0
29164 29164 1 1 831747 0
29165 29165 1 1 831844 0
29166 29166 1 1 831941 0
29167 29167 1 1 832038 0
29168 29168 1 1 832135 0
29169 29169 1 1 832232 0
29170 29170 1 1 832329 0
29171 29171 1 1 832426 0
29172 29172 1 1 832523 0
29173 29173 1 1 832620 0
29174 29174 1 1 832717 0
29175 29175 1 1 832814 0
29176 29176 1 1 832911 0
29177 29177 1 1 833008 0
29178 29178 1 1 833105 0
29179 29179 1 1 833202 0
29180 29180 1 1 833299 0
29181 29181 1 1 833396 0
29182 29182 1 1 833493 0
29183 29183 1 1 833590 0
29184 29184 1 1 833687 0
29185 29185 1 1 833784 0
29186 29186 1 1 833881 0
29187 29187 1 1 833978 0
29188 29188 1 1 834075 0
29189 29189 1 1 834172 0
29190 29190 1 1 834269 0
29191 29191 1 1 834366 0
29192 29192 1 1 834463 0
29193 29193 1 1 834560 0
29194 29194 1 1 834657 0
29195 29195 1 1 834754 0
29196 29196 1 1 834851 0
29197 29197 1 1 834948 0
29198 29198 1 1 835045 0
29199 29199 1 1 835142 0
29200 29200 1 1 835239 0
29201 29201 1 1 835336 0
29202 29202 1 1 835433 0
29203 29203 1 1 835530 0
29204 29204 1 1 835627 0
29205 29205 1 1 835724 0
29206 29206 1 1 835821 0
29207 29207 1 1 835918 0
29208 29208 1 1 836015 0
29209 29209 1 1 836112 0
29210 29210 1 1 836209 0
29211 29211 1 1 836306 0
29212 29212 1 1 836403 0
29213 29213 1 1 836500 0
29214 29214 1 1 836597 0
29215 29215 1 1 836694 0
29216 29216 1 1 836791 0
29217 29217 1 1 836888 0
29218 29218 1 1 836985 0
29219 29219 1 1 837082 0
29220 29220 1 1 837179 0
29221 29221 1 1 837276 0
29222 29222 1 1 837373 0
29223 29223 1 1 837470 0
29224 29224 1 1 837567 0
29225 29225 1 1 837664 0
29226 29226 1 1 837761 0
29227 29227 1 1 837858 0
29228 29228 1 1 837955 0
29229 29229 1 1 838052 0
29230 29230 1 1 838149 0
29231 29231 1 1 838246 0
29232 29232 1 1 838343 0
29233 29233 1 1 838440 0
29234 29234 1 1 838537 0
29235 29235 1 1 838634 0
29236 29236 1 1 838731 0
29237 29237 1 1 838828 0
29238 29238 1 1 838925 0
29239 29239 1 1 839022 0
29240 29240 1 1 839119 0
29241 29241 1 1 839216 0
29242 29242 1 1 839313 0
29243 29243 1 1 839410 0
29244 29244 1 1 839507 0
29245 29245 1 1 839604 0
29246 29246 1 1 839701 0
29247 29247 1 1 839798 0
29248 29248 1 1 839895 0
29249 29249 1 1 839992 0
29250 29250 1 1 840089 0
29251 29251 1 1 840186 0
29252 29252 1 1 840283 0
29253 29253 1 1 840380 0
29254 29254 1 1 840477 0
29255 29255 1 1 840574 0
29256 29256 1 1 840671 0
29257 29257 1 1 840768 0
29258 29258 1 1 840865 0
29259 29259 1 1 840962 0
29260 29260 1 1 841059 0
29261 29261 1 1 841156 0
29262 29262 1 1 841253 0
29263 29263 1 1 841350 0
29264 29264 1 1 841447 0
29265 29265 1 1 841544 0
29266 29266 1 1 841641 0
29267 29267 1 1 841738 0
29268 29268 1 1 841835 0
29269 29269 1 1 841932 0
29270 29270 1 1 842029 0
29271 29271 1 1 842126 0
29272 29272 1 1 842223 0
29273 29273 1 1 842320 0
29274 29274 1 1 842417 0
29275 29275 1 1 842514 0
29276 29276 1 1 842611 0
29277 29277 1 1 842708 0
29278 29278 1 1 842805 0
29279 29279 1 1 842902 0
29280 29280 1 1 842999 0
29281 29281 1 1 843096 0
29282 29282 1 1 843193 0
29283 29283 1 1 843290 0
29284 29284 1 1 843387 0
29285 29285 1 1 843484 0
29286 29286 1 1 843581 0
29287 29287 1 1 843678 0
29288 29288 1 1 843775 0
29289 29289 1 1 843872 0
29290 29290 1 1 843969 0
29291 29291 1 1 844066 0
29292 29292 1 1 844163 0
29293 29293 1 1 844260 0
29294 29294 1 1 844357 0
29295 29295 1 1 844454 0
29296 29296 1 1 844551 0
29297 29297 1 1 844648 0
29298 29298 1 1 844745 0
29299 29299 1 1 844842 0
29300 29300 1 1 844939 0
29301 29301 1 1 845036 0
29302 29302 1 1 845133 0
29303 29303 1 1 845230 0
29304 29304 1 1 845327 0
29305 29305 1 1 845424 0
29306 29306 1 1 845521 0
29307 29307 1 1 845618 0
29308 29308 1 1 845715 0
29309 29309 1 1 845812 0
29310 29310 1 1 845909 0
29311 29311 1 1 846006 0
29312 29312 1 1 846103 0
29313 29313 1 1 846200 0
29314 29314 1 1 846297 0
29315 29315 1 1 846394 0
29316 29316 1 1 846491 0
29317 29317 1 1 846588 0
29318 29318 1 1 846685 0
29319 29319 1 1 846782 0
29320 29320 1 1 846879 0
29321 29321 1 1 846976 0
29322 29322 1 1 847073 0
29323 29323 1 1 847170 0
29324 29324 1 1 847267 0
29325 29325 1 1 847364 0
29326 29326 1 1 847461 0
29327 29327 1 1 847558 0
29328 29328 1 1 847655 0
29329 29329 1 1 847752 0
29330 29330 1 1 847849 0
29331 29331 1 1 847946 0
29332 29332 1 1 848043 0
29333 29333 1 1 848140 0
29334 29334 1 1 848237 0
29335 29335 1 1 848334 0
29336 29336 1 1 848431 0
29337 29337 1 1 848528 0
29338 29338 1 1 848625 0
29339 29339 1 1 848722 0
29340 29340 1 1 848819 0
29341 29341 1 1 848916 0
29342 29342 1 1 849013 0
29343 29343 1 1 849110 0
29344 29344 1 1 849207 0
29345 29345 1 1 849304 0
29346 29346 1 1 849401 0
29347 29347 1 1 849498 0
29348 29348 1 1 849595 0
29349 29349 1 1 849692 0
29350 29350 1 1 849789 0
29351 29351 1 1 849886 0
29352 29352 1 1 849983 0
29353 29353 1 1 850080 0
29354 29354 1 1 850177 0
29355 29355 1 1 850274 0
29356 29356 1 1 850371 0
29357 29357 1 1 850468 0
29358 29358 1 1 850565 0
29359 29359 1 1 850662 0
29360 29360 1 1 850759 0
29361 29361 1 1 850856 0
29362 29362 1 1 850953 0
29363 29363 1 1 851050 0
29364 29364 1 1 851147 0
29365 29365 1 1 851244 0
29366 29366 1 1 851341 0
29367 29367 1 1 851438 0
29368 29368 1 1 851535 0
29369 29369 1 1 851632 0
29370 29370 1 1 851729 0
29371 29371 1 1 851826 0
29372 29372 1 1 851923 0
29373 29373 1 1 852020 0
29374 29374 1 1 852117 0
29375 29375 1 1 852214 0
29376 29376 1 1 852311 0
29377 29377 1 1 852408 0
29378 29378 1 1 852505 0
29379 29379 1 1 852602 0
29380 29380 1 1 852699 0
29381 29381 1 1 852796 0
29382 29382 1 1 852893 0
29383 29383 1 1 852990 0
29384 29384 1 1 853087 0
29385 29385 1 1 853184 0
29386 29386 1 1 853281 0
29387 29387 1 1 853378 0
29388 29388 1 1 853475 0
29389 29389 1 1 853572 0
29390 29390 1 1 853669 0
29391 29391 1 1 853766 0
29392 29392 1 1 853863 0
29393 29393 1 1 853960 0
29394 29394 1 1 854057 0
29395 29395 1 1 854154 0
29396 29396 1 1 854251 0
29397 29397 1 1 854348 0
29398 29398 1 1 854445 0
29399 29399 1 1 854542 0
29400 29400 1 1 854639 0
29401 29401 1 1 854736 0
29402 29402 1 1 854833 0
29403 29403 1 1 854930 0
29404 29404 1 1 855027 0
29405 29405 1 1 855124 0
29406 29406 1 1 855221 0
29407 29407 1 1 855318 0
29408 29408 1 1 855415 0
29409 29409 1 1 855512 0
29410 29410 1 1 855609 0
29411 29411 1 1 855706 0
29412 29412 1 1 855803 0
29413 29413 1 1 855900 0
29414 29414 1 1 855997 0
29415 29415 1 1 856094 0
29416 29416 1 1 856191 0
29417 29417 1 1 856288 0
29418 29418 1 1 856385 0
29419 29419 1 1 856482 0
29420 29420 1 1 856579 0
29421 29421 1 1 856676 0
29422 29422 1 1 856773 0
29423 29423 1 1 856870 0
29424 29424 1 1 856967 0
29425 29425 1 1 857064 0
29426 29426 1 1 857161 0
29427 29427 1 1 857258 0
29428 29428 1 1 857355 0
29429 29429 1 1 857452 0
29430 29430 1 1 857549 0
29431 29431 1 1 857646 0
29432 29432 1 1 857743 0
29433 29433 1 1 857840 0
29434 29434 1 1 857937 0
29435 29435 1 1 858034 0
29436 29436 1 1 858131 0
29437 29437 1 1 858228 0
29438 29438 1 1 858325 0
29439 29439 1 1 858422 0
29440 29440 1 1 858519 0
29441 29441 1 1 858616 0
29442 29442 1 1 858713 0
29443 29443 1 1 858810 0
29444 29444 1 1 858907 0
29445 29445 1 1 859004 0
29446 29446 1 1 859101 0
29447 29447 1 1 859198 0
29448 29448 1 1 859295 0
29449 29449 1 1 859392 0
29450 29450 1 1 859489 0
29451 29451 1 1 859586 0
29452 29452 1 1 859683 0
29453 29453 1 1 859780 0
29454 29454 1 1 859877 0
29455 29455 1 1 859974 0
29456 29456 1 1 860071 0
29457 29457 1 1 860168 0
29458 29458 1 1 860265 0
29459 29459 1 1 860362 0
29460 29460 1 1 860459 0
29461 29461 1 1 860556 0
29462 29462 1 1 860653 0
29463 29463 1 1 860750 0
29464 29464 1 1 860847 0
29465 29465 1 1 860944 0
29466 29466 1 1 861041 0
29467 29467 1 1 861138 0
29468 29468 1 1 861235 0
29469 29469 1 1 861332 0
29470 29470 1 1 861429 0
29471 29471 1 1 861526 0
29472 29472 1 1 861623 0
29473 29473 1 1 861720 0
29474 29474 1 1 861817 0
29475 29475 1 1 861914 0
29476 29476 1 1 862011 0
29477 29477 1 1 862108 0
29478 29478 1 1 862205 0
29479 29479 1 1 862302 0
29480 29480 1 1 862399 0
29481 29481 1 1 862496 0
29482 29482 1 1 862593 0
29483 29483 1 1 862690 0
29484 29484 1 1 862787 0
29485 29485 1 1 862884 0
29486 29486 1 1 862981 0
29487 29487 1 1 863078 0
29488 29488 1 1 863175 0
29489 29489 1 1 863272 0
29490 29490 1 1 863369 0
29491 29491 1 1 863466 0
29492 29492 1 1 863563 0
29493 29493 1 1 863660 0
29494 29494 1 1 863757 0
29495 29495 1 1 863854 0
29496 29496 1 1 863951 0
29497 29497 1 1 864048 0
29498 29498 1 1 864145 0
29499 29499 1 1 864242 0
29500 29500 1 1 864339 0
29501 29501 1 1 864436 0
29502 29502 1 1 864533 0
29503 29503 1 1 864630 0
29504 29504 1 1 864727 0
29505 29505 1 1 864824 0
29506 29506 1 1 864921 0
29507 29507 1 1 865018 0
29508 29508 1 1 865115 0
29509 29509 1 1 865212 0
29510 29510 1 1 865309 0
29511 29511 1 1 865406 0
29512 29512 1 1 865503 0
29513 29513 1 1 865600 0
29514 29514 1 1 865697 0
29515 29515 1 1 865794 0
29516 29516 1 1 865891 0
29517 29517 1 1 865988 0
29518 29518 1 1 866085 0
29519 29519 1 1 866182 0
29520 29520 1 1 866279 0
29521 29521 1 1 866376 0
29522 29522 1 1 866473 0
29523 29523 1 1 866570 0
29524 29524 1 1 866667 0
29525 29525 1 1 866764 0
29526 29526 1 1 866861 0
29527 29527 1 1 866958 0
29528 29528 1 1 867055 0
29529 29529 1 1 867152 0
29530 29530 1 1 867249 0
29531 29531 1 1 867346 0
29532 29532 1 1 867443 0
29533 29533 1 1 867540 0
29534 29534 1 1 867637 0
29535 29535 1 1 867734 0
29536 29536 1 1 867831 0
29537 29537 1 1 867928 0
29538 29538 1 1 868025 0
29539 29539 1 1 868122 0
29540 29540 1 1 868219 0
29541 29541 1 1 868316 0
29542 29542 1 1 868413 0
29543 29543 1 1 868510 0
29544 29544 1 1 868607 0
29545 29545 1 1 868704 0
29546 29546 1 1 868801 0
29547 29547 1 1 868898 0
29548 29548 1 1 868995 0
29549 29549 1 1 869092 0
29550 29550 1 1 869189 0
29551 29551 1 1 869286 0
29552 29552 1 1 869383 0
29553 29553 1 1 869480 0
29554 29554 1 1 869577 0
29555 29555 1 1 869674 0
29556 29556 1 1 869771 0
29557 29557 1 1 869868 0
29558 29558 1 1 869965 0
29559 29559 1 1 870062 0
29560 29560 1 1 870159 0
29561 29561 1 1 870256 0
29562 29562 1 1 870353 0
29563 29563 1 1 870450 0
29564 29564 1 1 870547 0
29565 29565 1 1 870644 0
29566 29566 1 1 870741 0
29567 29567 1 1 870838 0
29568 29568 1 1 870935 0
29569 29569 1 1 871032 0
29570 29570 1 1 871129 0
29571 29571 1 1 871226 0
29572 29572 1 1 871323 0
29573 29573 1 1 871420 0
29574 29574 1 1 871517 0
29575 29575 1 1 871614 0
29576 29576 1 1 871711 0
29577 29577 1 1 871808 0
29578 29578 1 1 871905 0
29579 29579 1 1 872002 0
29580 29580 1 1 872099 0
29581 29581 1 1 872196 0
29582 29582 1 1 872293 0
29583 29583 1 1 872390 0
29584 29584 1 1 872487 0
29585 29585 1 1 872584 0
29586 29586 1 1 872681 0
29587 29587 1 1 872778 0
29588 29588 1 1 872875 0
29589 29589 1 1 872972 0
29590 29590 1 1 873069 0
29591 29591 1 1 873166 0
29592 29592 1 1 873263 0
29593 29593 1 1 873360 0
29594 29594 1 1 873457 0
29595 29595 1 1 873554 0
29596 29596 1 1 873651 0
29597 29597 1 1 873748 0
29598 29598 1 1 873845 0
29599 29599 1 1 873942 0
29600 29600 1 1 874039 0
29601 29601 1 1 874136 0
29602 29602 1 1 874233 0
29603 29603 1 1 874330 0
29604 29604 1 1 874427 0
29605 29605 1 1 874524 0
29606 29606 1 1 874621 0
29607 29607 1 1 874718 0
29608 29608 1 1 874815 0
29609 29609 1 1 874912 0
29610 29610 1 1 875009 0
29611 29611 1 1 875106 0
29612 29612 1 1 875203 0
29613 29613 1 1 875300 0
29614 29614 1 1 875397 0
29615 29615 1 1 875494 0
29616 29616 1 1 875591 0
29617 29617 1 1 875688 0
29618 29618 1 1 875785 0
29619 29619 1 1 875882 0
29620 29620 1 1 875979 0
29621 29621 1 1 876076 0
29622 29622 1 1 876173 0
29623 29623 1 1 876270 0
29624 29624 1 1 876367 0
29625 29625 1 1 876464 0
29626 29626 1 1 876561 0
29627 29627 1 1 876658 0
29628 29628 1 1 876755 0
29629 29629 1 1 876852 0
29630 29630 1 1 876949 0
29631 29631 1 1 877046 0
29632 29632 1 1 877143 0
29633 29633 1 1 877240 0
29634 29634 1 1 877337 0
29635 29635 1 1 877434 0
29636 29636 1 1 877531 0
29637 29637 1 1 877628 0
29638 29638 1 1 877725 0
29639 29639 1 1 877822 0
29640 29640 1 1 877919 0
29641 29641 1 1 878016 0
29642 29642 1 1 878113 0
29643 29643 1 1 878210 0
29644 29644 1 1 878307 0
29645 29645 1 1 878404 0
29646 29646 1 1 878501 0
29647 29647 1 1 878598 0
29648 29648 1 1 878695 0
29649 29649 1 1 878792 0
29650 29650 1 1 878889 0
29651 29651 1 1 878986 0
29652 29652 1 1 879083 0
29653 29653 1 1 879180 0
29654 29654 1 1 879277 0
29655 29655 1 1 879374 0
29656 29656 1 1 879471 0
29657 29657 1 1 879568 0
29658 29658 1 1 879665 0
29659 29659 1 1 879762 0
29660 29660 1 1 879859 0
29661 29661 1 1 879956 0
29662 29662 1 1 880053 0
29663 29663 1 1 880150 0
29664 29664 1 1 880247 0
29665 29665 1 1 880344 0
29666 29666 1 1 880441 0
29667 29667 1 1 880538 0
29668 29668 1 1 880635 0
29669 29669 1 1 880732 0
29670 29670 1 1 880829 0
29671 29671 1 1 880926 0
29672 29672 1 1 881023 0
29673 29673 1 1 881120 0
29674 29674 1 1 881217 0
29675 29675 1 1 881314 0
29676 29676 1 1 881411 0
29677 29677 1 1 881508 0
29678 29678 1 1 881605 0
29679 29679 1 1 881702 0
29680 29680 1 1 881799 0
29681 29681 1 1 881896 0
29682 29682 1 1 881993 0
29683 29683 1 1 882090 0
29684 29684 1 1 882187 0
29685 29685 1 1 882284 0
29686 29686 1 1 882381 0
29687 29687 1 1 882478 0
29688 29688 1 1 882575 0
29689 29689 1 1 882672 0
29690 29690 1 1 882769 0
29691 29691 1 1 882866 0
29692 29692 1 1 882963 0
29693 29693 1 1 883060 0
29694 29694 1 1 883157 0
29695 29695 1 1 883254 0
29696 29696 1 1 883351 0
29697 29697 1 1 883448 0
29698 29698 1 1 883545 0
29699 29699 1 1 883642 0
29700 29700 1 1 883739 0
29701 29701 1 1 883836 0
29702 29702 1 1 883933 0
29703 29703 1 1 884030 0
29704 29704 1 1 884127 0
29705 29705 1 1 884224 0
29706 29706 1 1 884321 0
29707 29707 1 1 884418 0
29708 29708 1 1 884515 0
29709 29709 1 1 884612 0
29710 29710 1 1 884709 0
29711 29711 1 1 884806 0
29712 29712 1 1 884903 0
29713 29713 1 1 885000 0
29714 29714 1 1 885097 0
29715 29715 1 1 885194 0
29716 29716 1 1 885291 0
29717 29717 1 1 885388 0
29718 29718 1 1 885485 0
29719 29719 1 1 885582 0
29720 29720 1 1 885679 0
29721 29721 1 1 885776 0
29722 29722 1 1 885873 0
29723 29723 1 1 885970 0
29724 29724 1 1 886067 0
29725 29725 1 1 886164 0
29726 29726 1 1 886261 0
29727 29727 1 1 886358 0
29728 29728 1 1 886455 0
29729 29729 1 1 886552 0
29730 29730 1 1 886649 0
29731 29731 1 1 886746 0
29732 29732 1 1 886843 0
29733 29733 1 1 886940 0
29734 29734 1 1 887037 0
29735 29735 1 1 887134 0
29736 29736 1 1 887231 0
29737 29737 1 1 887328 0
29738 29738 1 1 887425 0
29739 29739 1 1 887522 0
29740 29740 1 1 887619 0
29741 29741 1 1 887716 0
29742 29742 1 1 887813 0
29743 29743 1 1 887910 0
29744 29744 1 1 888007 0
29745 29745 1 1 888104 0
29746 29746 1 1 888201 0
29747 29747 1 1 888298 0
29748 29748 1 1 888395 0
29749 29749 1 1 888492 0
29750 29750 1 1 888589 0
29751 29751 1 1 888686 0
29752 29752 1 1 888783 0
29753 29753 1 1 888880 0
29754 29754 1 1 888977 0
29755 29755 1 1 889074 0
29756 29756 1 1 889171 0
29757 29757 1 1 889268 0
29758 29758 1 1 889365 0
29759 29759 1 1 889462 0
29760 29760 1 1 889559 0
29761 29761 1 1 889656 0
29762 29762 1 1 889753 0
29763 29763 1 1 889850 0
29764 29764 1 1 889947 0
29765 29765 1 1 890044 0
29766 29766 1 1 890141 0
29767 29767 1 1 890238 0
29768 29768 1 1 890335 0
29769 29769 1 1 890432 0
29770 29770 1 1 890529 0
29771 29771 1 1 890626 0
29772 29772 1 1 890723 0
29773 29773 1 1 890820 0
29774 29774 1 1 890917 0
29775 29775 1 1 891014 0
29776 29776 1 1 891111 0
29777 29777 1 1 891208 0
29778 29778 1 1 891305 0
29779 29779 1 1 891402 0
29780 29780 1 1 891499 0
29781 29781 1 1 891596 0
29782 29782 1 1 891693 0
29783 29783 1 1 891790 0
29784 29784 1 1 891887 0
29785 29785 1 1 891984 0
29786 29786 1 1 892081 0
29787 29787 1 1 892178 0
29788 29788 1 1 892275 0
29789 29789 1 1 892372 0
29790 29790 1 1 892469 0
29791 29791 1 1 892566 0
29792 29792 1 1 892663 0
29793 29793 1 1 892760 0
29794 29794 1 1 892857 0
29795 29795 1 1 892954 0
29796 29796 1 1 893051 0
29797 29797 1 1 893148 0
29798 29798 1 1 893245 0
29799 29799 1 1 893342 0
29800 29800 1 1 893439 0
29801 29801 1 1 893536 0
29802 29802 1 1 893633 0
29803 29803 1 1 893730 0
29804 29804 1 1 893827 0
29805 29805 1 1 893924 0
29806 29806 1 1 894021 0
29807 29807 1 1 894118 0
29808 29808 1 1 894215 0
29809 29809 1 1 894312 0
29810 29810 1 1 894409 0
29811 29811 1 1 894506 0
29812 29812 1 1 894603 0
29813 29813 1 1 894700 0
29814 29814 1 1 894797 0
29815 29815 1 1 894894 0
29816 29816 1 1 894991 0
29817 29817 1 1 895088 0
29818 29818 1 1 895185 0
29819 29819 1 1 895282 0
29820 29820 1 1 895379 0
29821 29821 1 1 895476 0
29822 29822 1 1 895573 0
29823 29823 1 1 895670 0
29824 29824 1 1 895767 0
29825 29825 1 1 895864 0
29826 29826 1 1 895961 0
29827 29827 1 1 896058 0
29828 29828 1 1 896155 0
29829 29829 1 1 896252 0
29830 29830 1 1 896349 0
29831 29831 1 1 896446 0
29832 29832 1 1 896543 0
29833 29833 1 1 896640 0
29834 29834 1 1 896737 0
29835 29835 1 1 896834 0
29836 29836 1 1 896931 0
29837 29837 1 1 897028 0
29838 29838 1 1 897125 0
29839 29839 1 1 897222 0
29840 29840 1 1 897319 0
29841 29841 1 1 897416 0
29842 29842 1 1 897513 0
29843 29843 1 1 897610 0
29844 29844 1 1 897707 0
29845 29845 1 1 897804 0
29846 29846 1 1 897901 0
29847 29847 1 1 897998 0
29848 29848 1 1 898095 0
29849 29849 1 1 898192 0
29850 29850 1 1 898289 0
29851 29851 1 1 898386 0
29852 29852 1 1 898483 0
29853 29853 1 1 898580 0
29854 29854 1 1 898677 0
29855 29855 1 1 898774 0
29856 29856 1 1 898871 0
29857 29857 1 1 898968 0
29858 29858 1 1 899065 0
29859 29859 1 1 899162 0
29860 29860 1 1 899259 0
29861 29861 1 1 899356 0
29862 29862 1 1 899453 0
29863 29863 1 1 899550 0
29864 29864 1 1 899647 0
29865 29865 1 1 899744 0
29866 29866 1 1 899841 0
29867 29867 1 1 899938 0
29868 29868 1 1 900035 0
29869 29869 1 1 900132 0
29870 29870 1 1 900229 0
29871 29871 1 1 900326 0
29872 29872 1 1 900423 0
29873 29873 1 1 900520 0
29874 29874 1 1 900617 0
29875 29875 1 1 900714 0
29876 29876 1 1 900811 0
29877 29877 1 1 900908 0
29878 29878 1 1 901005 0
29879 29879 1 1 901102 0
29880 29880 1 1 901199 0
29881 29881 1 1 901296 0
29882 29882 1 1 901393 0
29883 29883 1 1 901490 0
29884 29884 1 1 901587 0
29885 29885 1 1 901684 0
29886 29886 1 1 901781 0
29887 29887 1 1 901878 0
29888 29888 1 1 901975 0
29889 29889 1 1 902072 0
29890 29890 1 1 902169 0
29891 29891 1 1 902266 0
29892 29892 1 1 902363 0
29893 29893 1 1 902460 0
29894 29894 1 1 902557 0
29895 29895 1 1 902654 0
29896 29896 1 1 902751 0
29897 29897 1 1 902848 0
29898 29898 1 1 902945 0
29899 29899 1 1 903042 0
29900 29900 1 1 903139 0
29901 29901 1 1 903236 0
29902 29902 1 1 903333 0
29903 29903 1 1 903430 0
29904 29904 1 1 903527 0
29905 29905 1 1 903624 0
29906 29906 1 1 903721 0
29907 29907 1 1 903818 0
29908 29908 1 1 903915 0
29909 29909 1 1 904012 0
29910 29910 1 1 904109 0
29911 29911 1 1 904206 0
29912 29912 1 1 904303 0
29913 29913 1 1 904400 0
29914 29914 1 1 904497 0
29915 29915 1 1 904594 0
29916 29916 1 1 904691 0
29917 29917 1 1 904788 0
29918 29918 1 1 904885 0
29919 29919 1 1 904982 0
29920 29920 1 1 905079 0
29921 29921 1 1 905176 0
29922 29922 1 1 905273 0
29923 29923 1 1 905370 0
29924 29924 1 1 905467 0
29925 29925 1 1 905564 0
29926 29926 1 1 905661 0
29927 29927 1 1 905758 0
29928 29928 1 1 905855 0
29929 29929 1 1 905952 0
29930 29930 1 1 906049 0
29931 29931 1 1 906146 0
29932 29932 1 1 906243 0
29933 29933 1 1 906340 0
29934 29934 1 1 906437 0
29935 29935 1 1 906534 0
29936 29936 1 1 906631 0
29937 29937 1 1 906728 0
29938 29938 1 1 906825 0
29939 29939 1 1 906922 0
29940 29940 1 1 907019 0
29941 29941 1 1 907116 0
29942 29942 1 1 907213 0
29943 29943 1 1 907310 0
29944 29944 1 1 907407 0
29945 29945 1 1 907504 0
29946 29946 1 1 907601 0
29947 29947 1 1 907698 0
29948 29948 1 1 907795 0
29949 29949 1 1 907892 0
29950 29950 1 1 907989 0
29951 29951 1 1 908086 0
29952 29952 1 1 908183 0
29953 29953 1 1 908280 0
29954 29954 1 1 908377 0
29955 29955 1 1 908474 0
29956 29956 1 1 908571 0
29957 29957 1 1 908668 0
29958 29958 1 1 908765 0
29959 29959 1 1 908862 0
29960 29960 1 1 908959 0
29961 29961 1 1 909056 0
29962 29962 1 1 909153 0
29963 29963 1 1 909250 0
29964 29964 1 1 909347 0
29965 29965 1 1 909444 0
29966 29966 1 1 909541 0
29967 29967 1 1 909638 0
29968 29968 1 1 909735 0
29969 29969 1 1 909832 0
29970 29970 1 1 909929 0
29971 29971 1 1 910026 0
29972 29972 1 1 910123 0
29973 29973 1 1 910220 0
29974 29974 1 1 910317 0
29975 29975 1 1 910414 0
29976 29976 1 1 910511 0
29977 29977 1 1 910608 0
29978 29978 1 1 910705 0
29979 29979 1 1 910802 0
29980 29980 1 1 910899 0
29981 29981 1 1 910996 0
29982 29982 1 1 911093 0
29983 29983 1 1 911190 0
29984 29984 1 1 911287 0
29985 29985 1 1 911384 0
29986 29986 1 1 911481 0
29987 29987 1 1 911578 0
29988 29988 1 1 911675 0
29989 29989 1 1 911772 0
29990 29990 1 1 911869 0
29991 29991 1 1 911966 0
29992 29992 1 1 912063 0
29993 29993 1 1 912160 0
29994 29994 1 1 912257 0
29995 29995 1 1 912354 0
29996 29996 1 1 912451 0
29997 29997 1 1 912548 0
29998 29998 1 1 912645 0
29999 29999 1 1 912742 0
30000 30000 1 1 912839 0
30001 30001 1 1 912936 0
30002 30002 1 1 913046 0
30003 30003 1 1 913143 0
30004 30004 1 1 913240 0
30005 30005 1 1 913337 0
30006 30006 1 1 913434 0
30007 30007 1 1 913531 0
30008 30008 1 1 913628 0
30009 30009 1 1 913725 0
30010 30010 1 1 913822 0
30011 30011 1 1 913919 0
30012 30012 1 1 914016 0
30013 30013 1 1 914113 0
30014 30014 1 1 914210 0
30015 30015 1 1 914307 0
30016 30016 1 1 914404 0
30017 30017 1 1 914501 0
30018 30018 1 1 914598 0
30019 30019 1 1 914695 0
30020 30020 1 1 914792 0
30021 30021 1 1 914889 0
30022 30022 1 1 914986 0
30023 30023 1 1 915083 0
30024 30024 1 1 915180 0
30025 30025 1 1 915277 0
30026 30026 1 1 915374 0
30027 30027 1 1 915471 0
30028 30028 1 1 915568 0
30029 30029 1 1 915665 0
30030 30030 1 1 915762 0
30031 30031 1 1 915859 0
30032 30032 1 1 915956 0
30033 30033 1 1 916053 0
30034 30034 1 1 916150 0
30035 30035 1 1 916247 0
30036 30036 1 1 916344 0
30037 30037 1 1 916441 0
30038 30038 1 1 916538 0
30039 30039 1 1 916635 0
30040 30040 1 1 916732 0
30041 30041 1 1 916829 0
30042 30042 1 1 916926 0
30043 30043 1 1 917023 0
30044 30044 1 1 917120 0
30045 30045 1 1 917217 0
30046 30046 1 1 917314 0
30047 30047 1 1 917411 0
30048 30048 1 1 917508 0
30049 30049 1 1 917605 0
30050 30050 1 1 917702 0
30051 30051 1 1 917799 0
30052 30052 1 1 917896 0
30053 30053 1 1 917993 0
30054 30054 1 1 918090 0
30055 30055 1 1 918187 0
30056 30056 1 1 918284 0
30057 30057 1 1 918381 0
30058 30058 1 1 918478 0
30059 30059 1 1 918575 0
30060 30060 1 1 918672 0
30061 30061 1 1 918769 0
30062 30062 1 1 918866 0
30063 30063 1 1 918963 0
30064 30064 1 1 919060 0
30065 30065 1 1 919157 0
30066 30066 1 1 919254 0
30067 30067 1 1 919351 0
30068 30068 1 1 919448 0
30069 30069 1 1 919545 0
30070 30070 1 1 919642 0
30071 30071 1 1 919739 0
30072 30072 1 1 919836 0
30073 30073 1 1 919933 0
30074 30074 1 1 920030 0
30075 30075 1 1 920127 0
30076 30076 1 1 920224 0
30077 30077 1 1 920321 0
30078 30078 1 1 920418 0
30079 30079 1 1 920515 0
30080 30080 1 1 920612 0
30081 30081 1 1 920709 0
30082 30082 1 1 920806 0
30083 30083 1 1 920903 0
30084 30084 1 1 921000 0
30085 30085 1 1 921097 0
30086 30086 1 1 921194 0
30087 30087 1 1 921291 0
30088 30088 1 1 921388 0
30089 30089 1 1 921485 0
30090 30090 1 1 921582 0
30091 30091 1 1 921679 0
30092 30092 1 1 921776 0
30093 30093 1 1 921873 0
30094 30094 1 1 921970 0
30095 30095 1 1 922067 0
30096 30096 1 1 922164 0
30097 30097 1 1 922261 0
30098 30098 1 1 922358 0
30099 30099 1 1 922455 0
30100 30100 1 1 922552 0
30101 30101 1 1 922649 0
30102 30102 1 1 922746 0
30103 30103 1 1 922843 0
30104 30104 1 1 922940 0
30105 30105 1 1 923037 0
30106 30106 1 1 923134 0
30107 30107 1 1 923231 0
30108 30108 1 1 923328 0
30109 30109 1 1 923425 0
30110 30110 1 1 923522 0
30111 30111 1 1 923619 0
30112 30112 1 1 923716 0
30113 30113 1 1 923813 0
30114 30114 1 1 923910 0
30115 30115 1 1 924007 0
30116 30116 1 1 924104 0
30117 30117 1 1 924201 0
30118 30118 1 1 924298 0
30119 30119 1 1 924395 0
30120 30120 1 1 924492 0
30121 30121 1 1 924589 0
30122 30122 1 1 924686 0
30123 30123 1 1 924783 0
30124 30124 1 1 924880 0
30125 30125 1 1 924977 0
30126 30126 1 1 925074 0
30127 30127 1 1 925171 0
30128 30128 1 1 925268 0
30129 30129 1 1 925365 0
30130 30130 1 1 925462 0
30131 30131 1 1 925559 0
30132 30132 1 1 925656 0
30133 30133 1 1 925753 0
30134 30134 1 1 925850 0
30135 30135 1 1 925947 0
30136 30136 1 1 926044 0
30137 30137 1 1 926141 0
30138 30138 1 1 926238 0
30139 30139 1 1 926335 0
30140 30140 1 1 926432 0
30141 30141 1 1 926529 0
30142 30142 1 1 926626 0
30143 30143 1 1 926723 0
30144 30144 1 1 926820 0
30145 30145 1 1 926917 0
30146 30146 1 1 927014 0
30147 30147 1 1 927111 0
30148 30148 1 1 927208 0
30149 30149 1 1 927305 0
30150 30150 1 1 927402 0
30151 30151 1 1 927499 0
30152 30152 1 1 927596 0
30153 30153 1 1 927693 0
30154 30154 1 1 927790 0
30155 30155 1 1 927887 0
30156 30156 1 1 927984 0
30157 30157 1 1 928081 0
30158 30158 1 1 928178 0
30159 30159 1 1 928275 0
30160 30160 1 1 928372 0
30161 30161 1 1 928469 0
30162 30162 1 1 928566 0
30163 30163 1 1 928663 0
30164 30164 1 1 928760 0
30165 30165 1 1 928857 0
30166 30166 1 1 928954 0
30167 30167 1 1 929051 0
30168 30168 1 1 929148 0
30169 30169 1 1 929245 0
30170 30170 1 1 929342 0
30171 30171 1 1 929439 0
30172 30172 1 1 929536 0
30173 30173 1 1 929633 0
30174 30174 1 1 929730 0
30175 30175 1 1 929827 0
30176 30176 1 1 929924 0
30177 30177 1 1 930021 0
30178 30178 1 1 930118 0
30179 30179 1 1 930215 0
30180 30180 1 1 930312 0
30181 30181 1 1 930409 0
30182 30182 1 1 930506 0
30183 30183 1 1 930603 0
30184 30184 1 1 930700 0
30185 30185 1 1 930797 0
30186 30186 1 1 930894 0
30187 30187 1 1 930991 0
30188 30188 1 1 931088 0
30189 30189 1 1 931185 0
30190 30190 1 1 931282 0
30191 30191 1 1 931379 0
30192 30192 1 1 931476 0
30193 30193 1 1 931573 0
30194 30194 1 1 931670 0
30195 30195 1 1 931767 0
30196 30196 1 1 931864 0
30197 30197 1 1 931961 0
30198 30198 1 1 932058 0
30199 30199 1 1 932155 0
30200 30200 1 1 932252 0
30201 30201 1 1 932349 0
30202 30202 1 1 932446 0
30203 30203 1 1 932543 0
30204 30204 1 1 932640 0
30205 30205 1 1 932737 0
30206 30206 1 1 932834 0
30207 30207 1 1 932931 0
30208 30208 1 1 933028 0
30209 30209 1 1 933125 0
30210 30210 1 1 933222 0
30211 30211 1 1 933319 0
30212 30212 1 1 933416 0
30213 30213 1 1 933513 0
30214 30214 1 1 933610 0
30215 30215 1 1 933707 0
30216 30216 1 1 933804 0
30217 30217 1 1 933901 0
30218 30218 1 1 933998 0
30219 30219 1 1 934095 0
30220 30220 1 1 934192 0
30221 30221 1 1 934289 0
30222 30222 1 1 934386 0
30223 30223 1 1 934483 0
30224 30224 1 1 934580 0
30225 30225 1 1 934677 0
30226 30226 1 1 934774 0
30227 30227 1 1 934871 0
30228 30228 1 1 934968 0
30229 30229 1 1 935065 0
30230 30230 1 1 935162 0
30231 30231 1 1 935259 0
30232 30232 1 1 935356 0
30233 30233 1 1 935453 0
30234 30234 1 1 935550 0
30235 30235 1 1 935647 0
30236 30236 1 1 935744 0
30237 30237 1 1 935841 0
30238 30238 1 1 935938 0
30239 30239 1 1 936035 0
30240 30240 1 1 936132 0
30241 30241 1 1 936229 0
30242 30242 1 1 936326 0
30243 30243 1 1 936423 0
30244 30244 1 1 936520 0
30245 30245 1 1 936617 0
30246 30246 1 1 936714 0
30247 30247 1 1 936811 0
30248 30248 1 1 936908 0
30249 30249 1 1 937005 0
30250 30250 1 1 937102 0
30251 30251 1 1 937199 0
30252 30252 1 1 937296 0
30253 30253 1 1 937393 0
30254 30254 1 1 937490 0
30255 30255 1 1 937587 0
30256 30256 1 1 937684 0
30257 30257 1 1 937781 0
30258 30258 1 1 937878 0
30259 30259 1 1 937975 0
30260 30260 1 1 938072 0
30261 30261 1 1 938169 0
30262 30262 1 1 938266 0
30263 30263 1 1 938363 0
30264 30264 1 1 938460 0
30265 30265 1 1 938557 0
30266 30266 1 1 938654 0
30267 30267 1 1 938751 0
30268 30268 1 1 938848 0
30269 30269 1 1 938945 0
30270 30270 1 1 939042 0
30271 30271 1 1 939139 0
30272 30272 1 1 939236 0
30273 30273 1 1 939333 0
30274 30274 1 1 939430 0
30275 30275 1 1 939527 0
30276 30276 1 1 939624 0
30277 30277 1 1 939721 0
30278 30278 1 1 939818 0
30279 30279 1 1 939915 0
30280 30280 1 1 940012 0
30281 30281 1 1 940109 0
30282 30282 1 1 940206 0
30283 30283 1 1 940303 0
30284 30284 1 1 940400 0
30285 30285 1 1 940497 0
30286 30286 1 1 940594 0
30287 30287 1 1 940691 0
30288 30288 1 1 940788 0
30289 30289 1 1 940885 0
30290 30290 1 1 940982 0
30291 30291 1 1 941079 0
30292 30292 1 1 941176 0
30293 30293 1 1 941273 0
30294 30294 1 1 941370 0
30295 30295 1 1 941467 0
30296 30296 1 1 941564 0
30297 30297 1 1 941661 0
30298 30298 1 1 941758 0
30299 30299 1 1 941855 0
30300 30300 1 1 941952 0
30301 30301 1 1 942049 0
30302 30302 1 1 942146 0
30303 30303 1 1 942243 0
30304 30304 1 1 942340 0
30305 30305 1 1 942437 0
30306 30306 1 1 942534 0
30307 30307 1 1 942631 0
30308 30308 1 1 942728 0
30309 30309 1 1 942825 0
30310 30310 1 1 942922 0
30311 30311 1 1 943019 0
30312 30312 1 1 943116 0
30313 30313 1 1 943213 0
30314 30314 1 1 943310 0
30315 30315 1 1 943407 0
30316 30316 1 1 943504 0
30317 30317 1 1 943601 0
30318 30318 1 1 943698 0
30319 30319 1 1 943795 0
30320 30320 1 1 943892 0
30321 30321 1 1 943989 0
30322 30322 1 1 944086 0
30323 30323 1 1 944183 0
30324 30324 1 1 944280 0
30325 30325 1 1 944377 0
30326 30326 1 1 944474 0
30327 30327 1 1 944571 0
30328 30328 1 1 944668 0
30329 30329 1 1 944765 0
30330 30330 1 1 944862 0
30331 30331 1 1 944959 0
30332 30332 1 1 945056 0
30333 30333 1 1 945153 0
30334 30334 1 1 945250 0
30335 30335 1 1 945347 0
30336 30336 1 1 945444 0
30337 30337 1 1 945541 0
30338 30338 1 1 945638 0
30339 30339 1 1 945735 0
30340 30340 1 1 945832 0
30341 30341 1 1 945929 0
30342 30342 1 1 946026 0
30343 30343 1 1 946123 0
30344 30344 1 1 946220 0
30345 30345 1 1 946317 0
30346 30346 1 1 946414 0
30347 30347 1 1 946511 0
30348 30348 1 1 946608 0
30349 30349 1 1 946705 0
30350 30350 1 1 946802 0
30351 30351 1 1 946899 0
30352 30352 1 1 946996 0
30353 30353 1 1 947093 0
30354 30354 1 1 947190 0
30355 30355 1 1 947287 0
30356 30356 1 1 947384 0
30357 30357 1 1 947481 0
30358 30358 1 1 947578 0
30359 30359 1 1 947675 0
30360 30360 1 1 947772 0
30361 30361 1 1 947869 0
30362 30362 1 1 947966 0
30363 30363 1 1 948063 0
30364 30364 1 1 948160 0
30365 30365 1 1 948257 0
30366 30366 1 1 948354 0
30367 30367 1 1 948451 0
30368 30368 1 1 948548 0
30369 30369 1 1 948645 0
30370 30370 1 1 948742 0
30371 30371 1 1 948839 0
30372 30372 1 1 948936 0
30373 30373 1 1 949033 0
30374 30374 1 1 949130 0
30375 30375 1 1 949227 0
30376 30376 1 1 949324 0
30377 30377 1 1 949421 0
30378 30378 1 1 949518 0
30379 30379 1 1 949615 0
30380 30380 1 1 949712 0
30381 30381 1 1 949809 0
30382 30382 1 1 949906 0
30383 30383 1 1 950003 0
30384 30384 1 1 950100 0
30385 30385 1 1 950197 0
30386 30386 1 1 950294 0
30387 30387 1 1 950391 0
30388 30388 1 1 950488 0
30389 30389 1 1 950585 0
30390 30390 1 1 950682 0
30391 30391 1 1 950779 0
30392 30392 1 1 950876 0
30393 30393 1 1 950973 0
30394 30394 1 1 951070 0
30395 30395 1 1 951167 0
30396 30396 1 1 951264 0
30397 30397 1 1 951361 0
30398 30398 1 1 951458 0
30399 30399 1 1 951555 0
30400 30400 1 1 951652 0
30401 30401 1 1 951749 0
30402 30402 1 1 951846 0
30403 30403 1 1 951943 0
30404 30404 1 1 952040 0
30405 30405 1 1 952137 0
30406 30406 1 1 952234 0
30407 30407 1 1 952331 0
30408 30408 1 1 952428 0
30409 30409 1 1 952525 0
30410 30410 1 1 952622 0
30411 30411 1 1 952719 0
30412 30412 1 1 952816 0
30413 30413 1 1 952913 0
30414 30414 1 1 953010 0
30415 30415 1 1 953107 0
30416 30416 1 1 953204 0
30417 30417 1 1 953301 0
30418 30418 1 1 953398 0
30419 30419 1 1 953495 0
30420 30420 1 1 953592 0
30421 30421 1 1 953689 0
30422 30422 1 1 953786 0
30423 30423 1 1 953883 0
30424 30424 1 1 953980 0
30425 30425 1 1 954077 0
30426 30426 1 1 954174 0
30427 30427 1 1 954271 0
30428 30428 1 1 954368 0
30429 30429 1 1 954465 0
30430 30430 1 1 954562 0
30431 30431 1 1 954659 0
30432 30432 1 1 954756 0
30433 30433 1 1 954853 0
30434 30434 1 1 954950 0
30435 30435 1 1 955047 0
30436 30436 1 1 955144 0
30437 30437 1 1 955241 0
30438 30438 1 1 955338 0
30439 30439 1 1 955435 0
30440 30440 1 1 955532 0
30441 30441 1 1 955629 0
30442 30442 1 1 955726 0
30443 30443 1 1 955823 0
30444 30444 1 1 955920 0
30445 30445 1 1 956017 0
30446 30446 1 1 956114 0
30447 30447 1 1 956211 0
30448 30448 1 1 956308 0
30449 30449 1 1 956405 0
30450 30450 1 1 956502 0
30451 30451 1 1 956599 0
30452 30452 1 1 956696 0
30453 30453 1 1 956793 0
30454 30454 1 1 956890 0
30455 30455 1 1 956987 0
30456 30456 1 1 957084 0
30457 30457 1 1 957181 0
30458 30458 1 1 957278 0
30459 30459 1 1 957375 0
30460 30460 1 1 957472 0
30461 30461 1 1 957569 0
30462 30462 1 1 957666 0
30463 30463 1 1 957763 0
30464 30464 1 1 957860 0
30465 30465 1 1 957957 0
30466 30466 1 1 958054 0
30467 30467 1 1 958151 0
30468 30468 1 1 958248 0
30469 30469 1 1 958345 0
30470 30470 1 1 958442 0
30471 30471 1 1 958539 0
30472 30472 1 1 958636 0
30473 30473 1 1 958733 0
30474 30474 1 1 958830 0
30475 30475 1 1 958927 0
30476 30476 1 1 959024 0
30477 30477 1 1 959121 0
30478 30478 1 1 959218 0
30479 30479 1 1 959315 0
30480 30480 1 1 959412 0
30481 30481 1 1 959509 0
30482 30482 1 1 959606 0
30483 30483 1 1 959703 0
30484 30484 1 1 959800 0
30485 30485 1 1 959897 0
30486 30486 1 1 959994 0
30487 30487 1 1 960091 0
30488 30488 1 1 960188 0
30489 30489 1 1 960285 0
30490 30490 1 1 960382 0
30491 30491 1 1 960479 0
30492 30492 1 1 960576 0
30493 30493 1 1 960673 0
30494 30494 1 1 960770 0
30495 30495 1 1 960867 0
30496 30496 1 1 960964 0
30497 30497 1 1 961061 0
30498 30498 1 1 961158 0
30499 30499 1 1 961255 0
30500 30500 1 1 961352 0
30501 30501 1 1 961449 0
30502 30502 1 1 961546 0
30503 30503 1 1 961643 0
30504 30504 1 1 961740 0
30505 30505 1 1 961837 0
30506 30506 1 1 961934 0
30507 30507 1 1 962031 0
30508 30508 1 1 962128 0
30509 30509 1 1 962225 0
30510 30510 1 1 962322 0
30511 30511 1 1 962419 0
30512 30512 1 1 962516 0
30513 30513 1 1 962613 0
30514 30514 1 1 962710 0
30515 30515 1 1 962807 0
30516 30516 1 1 962904 0
30517 30517 1 1 963001 0
30518 30518 1 1 963098 0
30519 30519 1 1 963195 0
30520 30520 1 1 963292 0
30521 30521 1 1 963389 0
30522 30522 1 1 963486 0
30523 30523 1 1 963583 0
30524 30524 1 1 963680 0
30525 30525 1 1 963777 0
30526 30526 1 1 963874 0
30527 30527 1 1 963971 0
30528 30528 1 1 964068 0
30529 30529 1 1 964165 0
30530 30530 1 1 964262 0
30531 30531 1 1 964359 0
30532 30532 1 1 964456 0
30533 30533 1 1 964553 0
30534 30534 1 1 964650 0
30535 30535 1 1 964747 0
30536 30536 1 1 964844 0
30537 30537 1 1 964941 0
30538 30538 1 1 965038 0
30539 30539 1 1 965135 0
30540 30540 1 1 965232 0
30541 30541 1 1 965329 0
30542 30542 1 1 965426 0
30543 30543 1 1 965523 0
30544 30544 1 1 965620 0
30545 30545 1 1 965717 0
30546 30546 1 1 965814 0
30547 30547 1 1 965911 0
30548 30548 1 1 966008 0
30549 30549 1 1 966105 0
30550 30550 1 1 966202 0
30551 30551 1 1 966299 0
30552 30552 1 1 966396 0
30553 30553 1 1 966493 0
30554 30554 1 1 966590 0
30555 30555 1 1 966687 0
30556 30556 1 1 966784 0
30557 30557 1 1 966881 0
30558 30558 1 1 966978 0
30559 30559 1 1 967075 0
30560 30560 1 1 967172 0
30561 30561 1 1 967269 0
30562 30562 1 1 967366 0
30563 30563 1 1 967463 0
30564 30564 1 1 967560 0
30565 30565 1 1 967657 0
30566 30566 1 1 967754 0
30567 30567 1 1 967851 0
30568 30568 1 1 967948 0
30569 30569 1 1 968045 0
30570 30570 1 1 968142 0
30571 30571 1 1 968239 0
30572 30572 1 1 968336 0
30573 30573 1 1 968433 0
30574 30574 1 1 968530 0
30575 30575 1 1 968627 0
30576 30576 1 1 968724 0
30577 30577 1 1 968821 0
30578 30578 1 1 968918 0
30579 30579 1 1 969015 0
30580 30580 1 1 969112 0
30581 30581 1 1 969209 0
30582 30582 1 1 969306 0
30583 30583 1 1 969403 0
30584 30584 1 1 969500 0
30585 30585 1 1 969597 0
30586 30586 1 1 969694 0
30587 30587 1 1 969791 0
30588 30588 1 1 969888 0
30589 30589 1 1 969985 0
30590 30590 1 1 970082 0
30591 30591 1 1 970179 0
30592 30592 1 1 970276 0
30593 30593 1 1 970373 0
30594 30594 1 1 970470 0
30595 30595 1 1 970567 0
30596 30596 1 1 970664 0
30597 30597 1 1 970761 0
30598 30598 1 1 970858 0
30599 30599 1 1 970955 0
30600 30600 1 1 971052 0
30601 30601 1 1 971149 0
30602 30602 1 1 971246 0
30603 30603 1 1 971343 0
30604 30604 1 1 971440 0
30605 30605 1 1 971537 0
30606 30606 1 1 971634 0
30607 30607 1 1 971731 0
30608 30608 1 1 971828 0
30609 30609 1 1 971925 0
30610 30610 1 1 972022 0
30611 30611 1 1 972119 0
30612 30612 1 1 972216 0
30613 30613 1 1 972313 0
30614 30614 1 1 972410 0
30615 30615 1 1 972507 0
30616 30616 1 1 972604 0
30617 30617 1 1 972701 0
30618 30618 1 1 972798 0
30619 30619 1 1 972895 0
30620 30620 1 1 972992 0
30621 30621 1 1 973089 0
30622 30622 1 1 973186 0
30623 30623 1 1 973283 0
30624 30624 1 1 973380 0
30625 30625 1 1 973477 0
30626 30626 1 1 973574 0
30627 30627 1 1 973671 0
30628 30628 1 1 973768 0
30629 30629 1 1 973865 0
30630 30630 1 1 973962 0
30631 30631 1 1 974059 0
30632 30632 1 1 974156 0
30633 30633 1 1 974253 0
30634 30634 1 1 974350 0
30635 30635 1 1 974447 0
30636 30636 1 1 974544 0
30637 30637 1 1 974641 0
30638 30638 1 1 974738 0
30639 30639 1 1 974835 0
30640 30640 1 1 974932 0
30641 30641 1 1 975029 0
30642 30642 1 1 975126 0
30643 30643 1 1 975223 0
30644 30644 1 1 975320 0
30645 30645 1 1 975417 0
30646 30646 1 1 975514 0
30647 30647 1 1 975611 0
30648 30648 1 1 975708 0
30649 30649 1 1 975805 0
30650 30650 1 1 975902 0
30651 30651 1 1 975999 0
30652 30652 1 1 976096 0
30653 30653 1 1 976193 0
30654 30654 1 1 976290 0
30655 30655 1 1 976387 0
30656 30656 1 1 976484 0
30657 30657 1 1 976581 0
30658 30658 1 1 976678 0
30659 30659 1 1 976775 0
30660 30660 1 1 976872 0
30661 30661 1 1 976969 0
30662 30662 1 1 977066 0
30663 30663 1 1 977163 0
30664 30664 1 1 977260 0
30665 30665 1 1 977357 0
30666 30666 1 1 977454 0
30667 30667 1 1 977551 0
30668 30668 1 1 977648 0
30669 30669 1 1 977745 0
30670 30670 1 1 977842 0
30671 30671 1 1 977939 0
30672 30672 1 1 978036 0
30673 30673 1 1 978133 0
30674 30674 1 1 978230 0
30675 30675 1 1 978327 0
30676 30676 1 1 978424 0
30677 30677 1 1 978521 0
30678 30678 1 1 978618 0
30679 30679 1 1 978715 0
30680 30680 1 1 978812 0
30681 30681 1 1 978909 0
30682 30682 1 1 979006 0
30683 30683 1 1 979103 0
30684 30684 1 1 979200 0
30685 30685 1 1 979297 0
30686 30686 1 1 979394 0
30687 30687 1 1 979491 0
30688 30688 1 1 979588 0
30689 30689 1 1 979685 0
30690 30690 1 1 979782 0
30691 30691 1 1 979879 0
30692 30692 1 1 979976 0
30693 30693 1 1 980073 0
30694 30694 1 1 980170 0
30695 30695 1 1 980267 0
30696 30696 1 1 980364 0
30697 30697 1 1 980461 0
30698 30698 1 1 980558 0
30699 30699 1 1 980655 0
30700 30700 1 1 980752 0
30701 30701 1 1 980849 0
30702 30702 1 1 980946 0
30703 30703 1 1 981043 0
30704 30704 1 1 981140 0
30705 30705 1 1 981237 0
30706 30706 1 1 981334 0
30707 30707 1 1 981431 0
30708 30708 1 1 981528 0
30709 30709 1 1 981625 0
30710 30710 1 1 981722 0
30711 30711 1 1 981819 0
30712 30712 1 1 981916 0
30713 30713 1 1 982013 0
30714 30714 1 1 982110 0
30715 30715 1 1 982207 0
30716 30716 1 1 982304 0
30717 30717 1 1 982401 0
30718 30718 1 1 982498 0
30719 30719 1 1 982595 0
30720 30720 1 1 982692 0
30721 30721 1 1 982789 0
30722 30722 1 1 982886 0
30723 30723 1 1 982983 0
30724 30724 1 1 983080 0
30725 30725 1 1 983177 0
30726 30726 1 1 983274 0
30727 30727 1 1 983371 0
30728 30728 1 1 983468 0
30729 30729 1 1 983565 0
30730 30730 1 1 983662 0
30731 30731 1 1 983759 0
30732 30732 1 1 983856 0
30733 30733 1 1 983953 0
30734 30734 1 1 984050 0
30735 30735 1 1 984147 0
30736 30736 1 1 984244 0
30737 30737 1 1 984341 0
30738 30738 1 1 984438 0
30739 30739 1 1 984535 0
30740 30740 1 1 984632 0
30741 30741 1 1 984729 0
30742 30742 1 1 984826 0
30743 30743 1 1 984923 0
30744 30744 1 1 985020 0
30745 30745 1 1 985117 0
30746 30746 1 1 985214 0
30747 30747 1 1 985311 0
30748 30748 1 1 985408 0
30749 30749 1 1 985505 0
30750 30750 1 1 985602 0
30751 30751 1 1 985699 0
30752 30752 1 1 985796 0
30753 30753 1 1 985893 0
30754 30754 1 1 985990 0
30755 30755 1 1 986087 0
30756 30756 1 1 986184 0
30757 30757 1 1 986281 0
30758 30758 1 1 986378 0
30759 30759 1 1 986475 0
30760 30760 1 1 986572 0
30761 30761 1 1 986669 0
30762 30762 1 1 986766 0
30763 30763 1 1 986863 0
30764 30764 1 1 986960 0
30765 30765 1 1 987057 0
30766 30766 1 1 987154 0
30767 30767 1 1 987251 0
30768 30768 1 1 987348 0
30769 30769 1 1 987445 0
30770 30770 1 1 987542 0
30771 30771 1 1 987639 0
30772 30772 1 1 987736 0
30773 30773 1 1 987833 0
30774 30774 1 1 987930 0
30775 30775 1 1 988027 0
30776 30776 1 1 988124 0
30777 30777 1 1 988221 0
30778 30778 1 1 988318 0
30779 30779 1 1 988415 0
30780 30780 1 1 988512 0
30781 30781 1 1 988609 0
30782 30782 1 1 988706 0
30783 30783 1 1 988803 0
30784 30784 1 1 988900 0
30785 30785 1 1 988997 0
30786 30786 1 1 989094 0
30787 30787 1 1 989191 0
30788 30788 1 1 989288 0
30789 30789 1 1 989385 0
30790 30790 1 1 989482 0
30791 30791 1 1 989579 0
30792 30792 1 1 989676 0
30793 30793 1 1 989773 0
30794 30794 1 1 989870 0
30795 30795 1 1 989967 0
30796 30796 1 1 990064 0
30797 30797 1 1 990161 0
30798 30798 1 1 990258 0
30799 30799 1 1 990355 0
30800 30800 1 1 990452 0
30801 30801 1 1 990549 0
30802 30802 1 1 990646 0
30803 30803 1 1 990743 0
30804 30804 1 1 990840 0
30805 30805 1 1 990937 0
30806 30806 1 1 991034 0
30807 30807 1 1 991131 0
30808 30808 1 1 991228 0
30809 30809 1 1 991325 0
30810 30810 1 1 991422 0
30811 30811 1 1 991519 0
30812 30812 1 1 991616 0
30813 30813 1 1 991713 0
30814 30814 1 1 991810 0
30815 30815 1 1 991907 0
30816 30816 1 1 992004 0
30817 30817 1 1 992101 0
30818 30818 1 1 992198 0
30819 30819 1 1 992295 0
30820 30820 1 1 992392 0
30821 30821 1 1 992489 0
30822 30822 1 1 992586 0
30823 30823 1 1 992683 0
30824 30824 1 1 992780 0
30825 30825 1 1 992877 0
30826 30826 1 1 992974 0
30827 30827 1 1 993071 0
30828 30828 1 1 993168 0
30829 30829 1 1 993265 0
30830 30830 1 1 993362 0
30831 30831 1 1 993459 0
30832 30832 1 1 993556 0
30833 30833 1 1 993653 0
30834 30834 1 1 993750 0
30835 30835 1 1 993847 0
30836 30836 1 1 993944 0
30837 30837 1 1 994041 0
30838 30838 1 1 994138 0
30839 30839 1 1 994235 0
30840 30840 1 1 994332 0
30841 30841 1 1 994429 0
30842 30842 1 1 994526 0
30843 30843 1 1 994623 0
30844 30844 1 1 994720 0
30845 30845 1 1 994817 0
30846 30846 1 1 994914 0
30847 30847 1 1 995011 0
30848 30848 1 1 995108 0
30849 30849 1 1 995205 0
30850 30850 1 1 995302 0
30851 30851 1 1 995399 0
30852 30852 1 1 995496 0
30853 30853 1 1 995593 0
30854 30854 1 1 995690 0
30855 30855 1 1 995787 0
30856 30856 1 1 995884 0
30857 30857 1 1 995981 0
30858 30858 1 1 996078 0
30859 30859 1 1 996175 0
30860 30860 1 1 996272 0
30861 30861 1 1 996369 0
30862 30862 1 1 996466 0
30863 30863 1 1 996563 0
30864 30864 1 1 996660 0
30865 30865 1 1 996757 0
30866 30866 1 1 996854 0
30867 30867 1 1 996951 0
30868 30868 1 1 997048 0
30869 30869 1 1 997145 0
30870 30870 1 1 997242 0
30871 30871 1 1 997339 0
30872 30872 1 1 997436 0
30873 30873 1 1 997533 0
30874 30874 1 1 997630 0
30875 30875 1 1 997727 0
30876 30876 1 1 997824 0
30877 30877 1 1 997921 0
30878 30878 1 1 998018 0
30879 30879 1 1 998115 0
30880 30880 1 1 998212 0
30881 30881 1 1 998309 0
30882 30882 1 1 998406 0
30883 30883 1 1 998503 0
30884 30884 1 1 998600 0
30885 30885 1 1 998697 0
30886 30886 1 1 998794 0
30887 30887 1 1 998891 0
30888 30888 1 1 998988 0
30889 30889 1 1 999085 0
30890 30890 1 1 999182 0
30891 30891 1 1 999279 0
30892 30892 1 1 999376 0
30893 30893 1 1 999473 0
30894 30894 1 1 999570 0
30895 30895 1 1 999667 0
30896 30896 1 1 999764 0
30897 30897 1 1 999861 0
30898 30898 1 1 999958 0
30899 30899 1 1 55 0
30900 30900 1 1 152 0
30901 30901 1 1 249 0
30902 30902 1 1 346 0
30903 30903 1 1 443 0
30904 30904 1 1 540 0
30905 30905 1 1 637 0
30906 30906 1 1 734 0
30907 30907 1 1 831 0
30908 30908 1 1 928 0
30909 30909 1 1 1025 0
30910 30910 1 1 1122 0
30911 30911 1 1 1219 0
30912 30912 1 1 1316 0
30913 30913 1 1 1413 0
30914 30914 1 1 1510 0
30915 30915 1 1 1607 0
30916 30916 1 1 1704 0
30917 30917 1 1 1801 0
30918 30918 1 1 1898 0
30919 30919 1 1 1995 0
30920 30920 1 1 2092 0
30921 30921 1 1 2189 0
30922 30922 1 1 2286 0
30923 30923 1 1 2383 0
30924 30924 1 1 2480 0
30925 30925 1 1 2577 0
30926 30926 1 1 2674 0
30927 30927 1 1 2771 0
30928 30928 1 1 2868 0
30929 30929 1 1 2965 0
30930 30930 1 1 3062 0
30931 30931 1 1 3159 0
30932 30932 1 1 3256 0
30933 30933 1 1 3353 0
30934 30934 1 1 3450 0
30935 30935 1 1 3547 0
30936 30936 1 1 3644 0
30937 30937 1 1 3741 0
30938 30938 1 1 3838 0
30939 30939 1 1 3935 0
30940 30940 1 1 4032 0
30941 30941 1 1 4129 0
30942 30942 1 1 4226 0
30943 30943 1 1 4323 0
30944 30944 1 1 4420 0
30945 30945 1 1 4517 0
30946 30946 1 1 4614 0
30947 30947 1 1 4711 0
30948 30948 1 1 4808 0
30949 30949 1 1 4905 0
30950 30950 1 1 5002 0
30951 30951 1 1 5099 0
30952 30952 1 1 5196 0
30953 30953 1 1 5293 0
30954 30954 1 1 5390 0
30955 30955 1 1 5487 0
30956 30956 1 1 5584 0
30957 30957 1 1 5681 0
30958 30958 1 1 5778 0
30959 30959 1 1 5875 0
30960 30960 1 1 5972 0
30961 30961 1 1 6069 0
30962 30962 1 1 6166 0
30963 30963 1 1 6263 0
30964 30964 1 1 6360 0
30965 30965 1 1 6457 0
30966 30966 1 1 6554 0
30967 30967 1 1 6651 0
30968 30968 1 1 6748 0
30969 30969 1 1 6845 0
30970 30970 1 1 6942 0
30971 30971 1 1 7039 0
30972 30972 1 1 7136 0
30973 30973 1 1 7233 0
30974 30974 1 1 7330 0
30975 30975 1 1 7427 0
30976 30976 1 1 7524 0
30977 30977 1 1 7621 0
30978 30978 1 1 7718 0
30979 30979 1 1 7815 0
30980 30980 1 1 7912 0
30981 30981 1 1 8009 0
30982 30982 1 1 8106 0
30983 30983 1 1 8203 0
30984 30984 1 1 8300 0
30985 30985 1 1 8397 0
30986 30986 1 1 8494 0
30987 30987 1 1 8591 0
30988 30988 1 1 8688 0
30989 30989 1 1 8785 0
30990 30990 1 1 8882 0
30991 30991 1 1 8979 0
30992 30992 1 1 9076 0
30993 30993 1 1 9173 0
30994 30994 1 1 9270 0
30995 30995 1 1 9367 0
30996 30996 1 1 9464 0
30997 30997 1 1 9561 0
30998 30998 1 1 9658 0
30999 30999 1 1 9755 0
31000 31000 1 1 9852 0
31001 31001 1 1 9949 0
31002 31002 1 1 10046 0
31003 31003 1 1 10143 0
31004 31004 1 1 10240 0
31005 31005 1 1 10337 0
31006 31006 1 1 10434 0
31007 31007 1 1 10531 0
31008 31008 1 1 10628 0
31009 31009 1 1 10725 0
31010 31010 1 1 10822 0
31011 31011 1 1 10919 0
31012 31012 1 1 11016 0
31013 31013 1 1 11113 0
31014 31014 1 1 11210 0
31015 31015 1 1 11307 0
31016 31016 1 1 11404 0
31017 31017 1 1 11501 0
31018 31018 1 1 11598 0
31019 31019 1 1 11695 0
31020 31020 1 1 11792 0
31021 31021 1 1 11889 0
31022 31022 1 1 11986 0
31023 31023 1 1 12083 0
31024 31024 1 1 12180 0
31025 31025 1 1 12277 0
31026 31026 1 1 12374 0
31027 31027 1 1 12471 0
31028 31028 1 1 12568 0
31029 31029 1 1 12665 0
31030 31030 1 1 12762 0
31031 31031 1 1 12859 0
31032 31032 1 1 12956 0
31033 31033 1 1 13053 0
31034 31034 1 1 13150 0
31035 31035 1 1 13247 0
31036 31036 1 1 13344 0
31037 31037 1 1 13441 0
31038 31038 1 1 13538 0
31039 31039 1 1 13635 0
31040 31040 1 1 13732 0
31041 31041 1 1 13829 0
31042 31042 1 1 13926 0
31043 31043 1 1 14023 0
31044 31044 1 1 14120 0
31045 31045 1 1 14217 0
31046 31046 1 1 14314 0
31047 31047 1 1 14411 0
31048 31048 1 1 14508 0
31049 31049 1 1 14605 0
31050 31050 1 1 14702 0
31051 31051 1 1 14799 0
31052 31052 1 1 14896 0
31053 31053 1 1 14993 0
31054 31054 1 1 15090 0
31055 31055 1 1 15187 0
31056 31056 1 1 15284 0
31057 31057 1 1 15381 0
31058 31058 1 1 15478 0
31059 31059 1 1 15575 0
31060 31060 1 1 15672 0
31061 31061 1 1 15769 0
31062 31062 1 1 15866 0
31063 31063 1 1 15963 0
31064 31064 1 1 16060 0
31065 31065 1 1 16157 0
31066 31066 1 1 16254 0
31067 31067 1 1 16351 0
31068 31068 1 1 16448 0
31069 31069 1 1 16545 0
31070 31070 1 1 16642 0
31071 31071 1 1 16739 0
31072 31072 1 1 16836 0
31073 31073 1 1 16933 0
31074 31074 1 1 17030 0
31075 31075 1 1 17127 0
31076 31076 1 1 17224 0
31077 31077 1 1 17321 0
31078 31078 1 1 17418 0
31079 31079 1 1 17515 0
31080 31080 1 1 17612 0
31081 31081 1 1 17709 0
31082 31082 1 1 17806 0
31083 31083 1 1 17903 0
31084 31084 1 1 18000 0
31085 31085 1 1 18097 0
31086 31086 1 1 18194 0
31087 31087 1 1 18291 0
31088 31088 1 1 18388 0
31089 31089 1 1 18485 0
31090 31090 1 1 18582 0
31091 31091 1 1 18679 0
31092 31092 1 1 18776 0
31093 31093 1 1 18873 0
31094 31094 1 1 18970 0
31095 31095 1 1 19067 0
31096 31096 1 1 19164 0
31097 31097 1 1 19261 0
31098 31098 1 1 19358 0
31099 31099 1 1 19455 0
31100 31100 1 1 19552 0
31101 31101 1 1 19649 0
31102 31102 1 1 19746 0
31103 31103 1 1 19843 0
31104 31104 1 1 19940 0
31105 31105 1 1 20037 0
31106 31106 1 1 20134 0
31107 31107 1 1 20231 0
31108 31108 1 1 20328 0
31109 31109 1 1 20425 0
31110 31110 1 1 20522 0
31111 31111 1 1 20619 0
31112 31112 1 1 20716 0
31113 31113 1 1 20813 0
31114 31114 1 1 20910 0
31115 31115 1 1 21007 0
31116 31116 1 1 21104 0
31117 31117 1 1 21201 0
31118 31118 1 1 21298 0
31119 31119 1 1 21395 0
31120 31120 1 1 21492 0
31121 31121 1 1 21589 0
31122 31122 1 1 21686 0
31123 31123 1 1 21783 0
31124 31124 1 1 21880 0
31125 31125 1 1 21977 0
31126 31126 1 1 22074 0
31127 31127 1 1 22171 0
31128 31128 1 1 22268 0
31129 31129 1 1 22365 0
31130 31130 1 1 22462 0
31131 31131 1 1 22559 0
31132 31132 1 1 22656 0
31133 31133 1 1 22753 0
31134 31134 1 1 22850 0
31135 31135 1 1 22947 0
31136 31136 1 1 23044 0
31137 31137 1 1 23141 0
31138 31138 1 1 23238 0
31139 31139 1 1 23335 0
31140 31140 1 1 23432 0
31141 31141 1 1 23529 0
31142 31142 1 1 23626 0
31143 31143 1 1 23723 0
31144 31144 1 1 23820 0
31145 31145 1 1 23917 0
31146 31146 1 1 24014 0
31147 31147 1 1 24111 0
31148 31148 1 1 24208 0
31149 31149 1 1 24305 0
31150 31150 1 1 24402 0
31151 31151 1 1 24499 0
31152 31152 1 1 24596 0
31153 31153 1 1 24693 0
31154 31154 1 1 24790 0
31155 31155 1 1 24887 0
31156 31156 1 1 24984 0
31157 31157 1 1 25081 0
31158 31158 1 1 25178 0
31159 31159 1 1 25275 0
31160 31160 1 1 25372 0
31161 31161 1 1 25469 0
31162 31162 1 1 25566 0
31163 31163 1 1 25663 0
31164 31164 1 1 25760 0
31165 31165 1 1 25857 0
31166 31166 1 1 25954 0
31167 31167 1 1 26051 0
31168 31168 1 1 26148 0
31169 31169 1 1 26245 0
31170 31170 1 1 26342 0
31171 31171 1 1 26439 0
31172 31172 1 1 26536 0
31173 31173 1 1 26633 0
31174 31174 1 1 26730 0
31175 31175 1 1 26827 0
31176 31176 1 1 26924 0
31177 31177 1 1 27021 0
31178 31178 1 1 27118 0
31179 31179 1 1 27215 0
31180 31180 1 1 27312 0
31181 31181 1 1 27409 0
31182 31182 1 1 27506 0
31183 31183 1 1 27603 0
31184 31184 1 1 27700 0
31185 31185 1 1 27797 0
31186 31186 1 1 27894 0
31187 31187 1 1 27991 0
31188 31188 1 1 28088 0
31189 31189 1 1 28185 0
31190 31190 1 1 28282 0
31191 31191 1 1 28379 0
31192 31192 1 1 28476 0
31193 31193 1 1 28573 0
31194 31194 1 1 28670 0
31195 31195 1 1 28767 0
31196 31196 1 1 28864 0
31197 31197 1 1 28961 0
31198 31198 1 1 29058 0
31199 31199 1 1 29155 0
31200 31200 1 1 29252 0
31201 31201 1 1 29349 0
31202 31202 1 1 29446 0
31203 31203 1 1 29543 0
31204 31204 1 1 29640 0
31205 31205 1 1 29737 0
31206 31206 1 1 29834 0
31207 31207 1 1 29931 0
31208 31208 1 1 30028 0
31209 31209 1 1 30125 0
31210 31210 1 1 30222 0
31211 31211 1 1 30319 0
31212 31212 1 1 30416 0
31213 31213 1 1 30513 0
31214 31214 1 1 30610 0
31215 31215 1 1 30707 0
31216 31216 1 1 30804 0
31217 31217 1 1 30901 0
31218 31218 1 1 30998 0
31219 31219 1 1 31095 0
31220 31220 1 1 31192 0
31221 31221 1 1 31289 0
31222 31222 1 1 31386 0
31223 31223 1 1 31483 0
31224 31224 1 1 31580 0
31225 31225 1 1 31677 0
31226 31226 1 1 31774 0
31227 31227 1 1 31871 0
31228 31228 1 1 31968 0
31229 31229 1 1 32065 0
31230 31230 1 1 32162 0
31231 31231 1 1 32259 0
31232 31232 1 1 32356 0
31233 31233 1 1 32453 0
31234 31234 1 1 32550 0
31235 31235 1 1 32647 0
31236 31236 1 1 32744 0
31237 31237 1 1 32841 0
31238 31238 1 1 32938 0
31239 31239 1 1 33035 0
31240 31240 1 1 33132 0
31241 31241 1 1 33229 0
31242 31242 1 1 33326 0
31243 31243 1 1 33423 0
31244 31244 1 1 33520 0
31245 31245 1 1 33617 0
31246 31246 1 1 33714 0
31247 31247 1 1 33811 0
31248 31248 1 1 33908 0
31249 31249 1 1 34005 0
31250 31250 1 1 34102 0
31251 31251 1 1 34199 0
31252 31252 1 1 34296 0
31253 31253 1 1 34393 0
31254 31254 1 1 34490 0
31255 31255 1 1 34587 0
31256 31256 1 1 34684 0
31257 31257 1 1 34781 0
31258 31258 1 1 34878 0
31259 31259 1 1 34975 0
31260 31260 1 1 35072 0
31261 31261 1 1 35169 0
31262 31262 1 1 35266 0
31263 31263 1 1 35363 0
31264 31264 1 1 35460 0
31265 31265 1 1 35557 0
31266 31266 1 1 35654 0
31267 31267 1 1 35751 0
31268 31268 1 1 35848 0
31269 31269 1 1 35945 0
31270 31270 1 1 36042 0
31271 31271 1 1 36139 0
31272 31272 1 1 36236 0
31273 31273 1 1 36333 0
31274 31274 1 1 36430 0
31275 31275 1 1 36527 0
31276 31276 1 1 36624 0
31277 31277 1 1 36721 0
31278 31278 1 1 36818 0
31279 31279 1 1 36915 0
31280 31280 1 1 37012 0
31281 31281 1 1 37109 0
31282 31282 1 1 37206 0
31283 31283 1 1 37303 0
31284 31284 1 1 37400 0
31285 31285 1 1 37497 0
31286 31286 1 1 37594 0
31287 31287 1 1 37691 0
31288 31288 1 1 37788 0
31289 31289 1 1 37885 0
31290 31290 1 1 37982 0
31291 31291 1 1 38079 0
31292 31292 1 1 38176 0
31293 31293 1 1 38273 0
31294 31294 1 1 38370 0
31295 31295 1 1 38467 0
31296 31296 1 1 38564 0
31297 31297 1 1 38661 0
31298 31298 1 1 38758 0
31299 31299 1 1 38855 0
31300 31300 1 1 38952 0
31301 31301 1 1 39049 0
31302 31302 1 1 39146 0
31303 31303 1 1 39243 0
31304 31304 1 1 39340 0
31305 31305 1 1 39437 0
31306 31306 1 1 39534 0
31307 31307 1 1 39631 0
31308 31308 1 1 39728 0
31309 31309 1 1 39825 0
31310 31310 1 1 39922 0
31311 31311 1 1 40019 0
31312 31312 1 1 40116 0
31313 31313 1 1 40213 0
31314 31314 1 1 40310 0
31315 31315 1 1 40407 0
31316 31316 1 1 40504 0
31317 31317 1 1 40601 0
31318 31318 1 1 40698 0
31319 31319 1 1 40795 0
31320 31320 1 1 40892 0
31321 31321 1 1 40989 0
31322 31322 1 1 41086 0
31323 31323 1 1 41183 0
31324 31324 1 1 41280 0
31325 31325 1 1 41377 0
31326 31326 1 1 41474 0
31327 31327 1 1 41571 0
31328 31328 1 1 41668 0
31329 31329 1 1 41765 0
31330 31330 1 1 41862 0
31331 31331 1 1 41959 0
31332 31332 1 1 42056 0
31333 31333 1 1 42153 0
31334 31334 1 1 42250 0
31335 31335 1 1 42347 0
31336 31336 1 1 42444 0
31337 31337 1 1 42541 0
31338 31338 1 1 42638 0
31339 31339 1 1 42735 0
31340 31340 1 1 42832 0
31341 31341 1 1 42929 0
31342 31342 1 1 43026 0
31343 31343 1 1 43123 0
31344 31344 1 1 43220 0
31345 31345 1 1 43317 0
31346 31346 1 1 43414 0
31347 31347 1 1 43511 0
31348 31348 1 1 43608 0
31349 31349 1 1 43705 0
31350 31350 1 1 43802 0
31351 31351 1 1 43899 0
31352 31352 1 1 43996 0
31353 31353 1 1 44093 0
31354 31354 1 1 44190 0
31355 31355 1 1 44287 0
31356 31356 1 1 44384 0
31357 31357 1 1 44481 0
31358 31358 1 1 44578 0
31359 31359 1 1 44675 0
31360 31360 1 1 44772 0
31361 31361 1 1 44869 0
31362 31362 1 1 44966 0
31363 31363 1 1 45063 0
31364 31364 1 1 45160 0
31365 31365 1 1 45257 0
31366 31366 1 1 45354 0
31367 31367 1 1 45451 0
31368 31368 1 1 45548 0
31369 31369 1 1 45645 0
31370 31370 1 1 45742 0
31371 31371 1 1 45839 0
31372 31372 1 1 45936 0
31373 31373 1 1 46033 0
31374 31374 1 1 46130 0
31375 31375 1 1 46227 0
31376 31376 1 1 46324 0
31377 31377 1 1 46421 0
31378 31378 1 1 46518 0
31379 31379 1 1 46615 0
31380 31380 1 1 46712 0
31381 31381 1 1 46809 0
31382 31382 1 1 46906 0
31383 31383 1 1 47003 0
31384 31384 1 1 47100 0
31385 31385 1 1 47197 0
31386 31386 1 1 47294 0
31387 31387 1 1 47391 0
31388 31388 1 1 47488 0
31389 31389 1 1 47585 0
31390 31390 1 1 47682 0
31391 31391 1 1 47779 0
31392 31392 1 1 47876 0
31393 31393 1 1 47973 0
31394 31394 1 1 48070 0
31395 31395 1 1 48167 0
31396 31396 1 1 48264 0
31397 31397 1 1 48361 0
31398 31398 1 1 48458 0
31399 31399 1 1 48555 0
31400 31400 1 1 48652 0
31401 31401 1 1 48749 0
31402 31402 1 1 48846 0
31403 31403 1 1 48943 0
31404 31404 1 1 49040 0
31405 31405 1 1 49137 0
31406 31406 1 1 49234 0
31407 31407 1 1 49331 0
31408 31408 1 1 49428 0
31409 31409 1 1 49525 0
31410 31410 1 1 49622 0
31411 31411 1 1 49719 0
31412 31412 1 1 49816 0
31413 31413 1 1 49913 0
31414 31414 1 1 50010 0
31415 31415 1 1 50107 0
31416 31416 1 1 50204 0
31417 31417 1 1 50301 0
31418 31418 1 1 50398 0
31419 31419 1 1 50495 0
31420 31420 1 1 50592 0
31421 31421 1 1 50689 0
31422 31422 1 1 50786 0
31423 31423 1 1 50883 0
31424 31424 1 1 50980 0
31425 31425 1 1 51077 0
31426 31426 1 1 51174 0
31427 31427 1 1 51271 0
31428 31428 1 1 51368 0
31429 31429 1 1 51465 0
31430 31430 1 1 51562 0
31431 31431 1 1 51659 0
31432 31432 1 1 51756 0
31433 31433 1 1 51853 0
31434 31434 1 1 51950 0
31435 31435 1 1 52047 0
31436 31436 1 1 52144 0
31437 31437 1 1 52241 0
31438 31438 1 1 52338 0
31439 31439 1 1 52435 0
31440 31440 1 1 52532 0
31441 31441 1 1 52629 0
31442 31442 1 1 52726 0
31443 31443 1 1 52823 0
31444 31444 1 1 52920 0
31445 31445 1 1 53017 0
31446 31446 1 1 53114 0
31447 31447 1 1 53211 0
31448 31448 1 1 53308 0
31449 31449 1 1 53405 0
31450 31450 1 1 53502 0
31451 31451 1 1 53599 0
31452 31452 1 1 53696 0
31453 31453 1 1 53793 0
31454 31454 1 1 53890 0
31455 31455 1 1 53987 0
31456 31456 1 1 54084 0
31457 31457 1 1 54181 0
31458 31458 1 1 54278 0
31459 31459 1 1 54375 0
31460 31460 1 1 54472 0
31461 31461 1 1 54569 0
31462 31462 1 1 54666 0
31463 31463 1 1 54763 0
31464 31464 1 1 54860 0
31465 31465 1 1 54957 0
31466 31466 1 1 55054 0
31467 31467 1 1 55151 0
31468 31468 1 1 55248 0
31469 31469 1 1 55345 0
31470 31470 1 1 55442 0
31471 31471 1 1 55539 0
31472 31472 1 1 55636 0
31473 31473 1 1 55733 0
31474 31474 1 1 55830 0
31475 31475 1 1 55927 0
31476 31476 1 1 56024 0
31477 31477 1 1 56121 0
31478 31478 1 1 56218 0
31479 31479 1 1 56315 0
31480 31480 1 1 56412 0
31481 31481 1 1 56509 0
31482 31482 1 1 56606 0
31483 31483 1 1 56703 0
31484 31484 1 1 56800 0
31485 31485 1 1 56897 0
31486 31486 1 1 56994 0
31487 31487 1 1 57091 0
31488 31488 1 1 57188 0
31489 31489 1 1 57285 0
31490 31490 1 1 57382 0
31491 31491 1 1 57479 0
31492 31492 1 1 57576 0
31493 31493 1 1 57673 0
31494 31494 1 1 57770 0
31495 31495 1 1 57867 0
31496 31496 1 1 57964 0
31497 31497 1 1 58061 0
31498 31498 1 1 58158 0
31499 31499 1 1 58255 0
31500 31500 1 1 58352 0
31501 31501 1 1 58449 0
31502 31502 1 1 58546 0
31503 31503 1 1 58643 0
31504 31504 1 1 58740 0
31505 31505 1 1 58837 0
31506 31506 1 1 58934 0
31507 31507 1 1 59031 0
31508 31508 1 1 59128 0
31509 31509 1 1 59225 0
31510 31510 1 1 59322 0
31511 31511 1 1 59419 0
31512 31512 1 1 59516 0
31513 31513 1 1 59613 0
31514 31514 1 1 59710 0
31515 31515 1 1 59807 0
31516 31516 1 1 59904 0
31517 31517 1 1 60001 0
31518 31518 1 1 60098 0
31519 31519 1 1 60195 0
31520 31520 1 1 60292 0
31521 31521 1 1 60389 0
31522 31522 1 1 60486 0
31523 31523 1 1 60583 0
31524 31524 1 1 60680 0
31525 31525 1 1 60777 0
31526 31526 1 1 60874 0
31527 31527 1 1 60971 0
31528 31528 1 1 61068 0
31529 31529 1 1 61165 0
31530 31530 1 1 61262 0
31531 31531 1 1 61359 0
31532 31532 1 1 61456 0
31533 31533 1 1 61553 0
31534 31534 1 1 61650 0
31535 31535 1 1 61747 0
31536 31536 1 1 61844 0
31537 31537 1 1 61941 0
31538 31538 1 1 62038 0
31539 31539 1 1 62135 0
31540 31540 1 1 62232 0
31541 31541 1 1 62329 0
31542 31542 1 1 62426 0
31543 31543 1 1 62523 0
31544 31544 1 1 62620 0
31545 31545 1 1 62717 0
31546 31546 1 1 62814 0
31547 31547 1 1 62911 0
31548 31548 1 1 63008 0
31549 31549 1 1 63105 0
31550 31550 1 1 63202 0
31551 31551 1 1 63299 0
31552 31552 1 1 63396 0
31553 31553 1 1 63493 0
31554 31554 1 1 63590 0
31555 31555 1 1 63687 0
31556 31556 1 1 63784 0
31557 31557 1 1 63881 0
31558 31558 1 1 63978 0
31559 31559 1 1 64075 0
31560 31560 1 1 64172 0
31561 31561 1 1 64269 0
31562 31562 1 1 64366 0
31563 31563 1 1 64463 0
31564 31564 1 1 64560 0
31565 31565 1 1 64657 0
31566 31566 1 1 64754 0
31567 31567 1 1 64851 0
31568 31568 1 1 64948 0
31569 31569 1 1 65045 0
31570 31570 1 1 65142 0
31571 31571 1 1 65239 0
31572 31572 1 1 65336 0
31573 31573 1 1 65433 0
31574 31574 1 1 65530 0
31575 31575 1 1 65627 0
31576 31576 1 1 65724 0
31577 31577 1 1 65821 0
31578 31578 1 1 65918 0
31579 31579 1 1 66015 0
31580 31580 1 1 66112 0
31581 31581 1 1 66209 0
31582 31582 1 1 66306 0
31583 31583 1 1 66403 0
31584 31584 1 1 66500 0
31585 31585 1 1 66597 0
31586 31586 1 1 66694 0
31587 31587 1 1 66791 0
31588 31588 1 1 66888 0
31589 31589 1 1 66985 0
31590 31590 1 1 67082 0
31591 31591 1 1 67179 0
31592 31592 1 1 67276 0
31593 31593 1 1 67373 0
31594 31594 1 1 67470 0
31595 31595 1 1 67567 0
31596 31596 1 1 67664 0
31597 31597 1 1 67761 0
31598 31598 1 1 67858 0
31599 31599 1 1 67955 0
31600 31600 1 1 68052 0
31601 31601 1 1 68149 0
31602 31602 1 1 68246 0
31603 31603 1 1 68343 0
31604 31604 1 1 68440 0
31605 31605 1 1 68537 0
31606 31606 1 1 68634 0
31607 31607 1 1 68731 0
31608 31608 1 1 68828 0
31609 31609 1 1 68925 0
31610 31610 1 1 69022 0
31611 31611 1 1 69119 0
31612 31612 1 1 69216 0
31613 31613 1 1 69313 0
31614 31614 1 1 69410 0
31615 31615 1 1 69507 0
31616 31616 1 1 69604 0
31617 31617 1 1 69701 0
31618 31618 1 1 69798 0
31619 31619 1 1 69895 0
31620 31620 1 1 69992 0
31621 31621 1 1 70089 0
31622 31622 1 1 70186 0
31623 31623 1 1 70283 0
31624 31624 1 1 70380 0
31625 31625 1 1 70477 0
31626 31626 1 1 70574 0
31627 31627 1 1 70671 0
31628 31628 1 1 70768 0
31629 31629 1 1 70865 0
31630 31630 1 1 70962 0
31631 31631 1 1 71059 0
31632 31632 1 1 71156 0
31633 31633 1 1 71253 0
31634 31634 1 1 71350 0
31635 31635 1 1 71447 0
31636 31636 1 1 71544 0
31637 31637 1 1 71641 0
31638 31638 1 1 71738 0
31639 31639 1 1 71835 0
31640 31640 1 1 71932 0
31641 31641 1 1 72029 0
31642 31642 1 1 72126 0
31643 31643 1 1 72223 0
31644 31644 1 1 72320 0
31645 31645 1 1 72417 0
31646 31646 1 1 72514 0
31647 31647 1 1 72611 0
31648 31648 1 1 72708 0
31649 31649 1 1 72805 0
31650 31650 1 1 72902 0
31651 31651 1 1 72999 0
31652 31652 1 1 73096 0
31653 31653 1 1 73193 0
31654 31654 1 1 73290 0
31655 31655 1 1 73387 0
31656 31656 1 1 73484 0
31657 31657 1 1 73581 0
31658 31658 1 1 73678 0
31659 31659 1 1 73775 0
31660 31660 1 1 73872 0
31661 31661 1 1 73969 0
31662 31662 1 1 74066 0
31663 31663 1 1 74163 0
31664 31664 1 1 74260 0
31665 31665 1 1 74357 0
31666 31666 1 1 74454 0
31667 31667 1 1 74551 0
31668 31668 1 1 74648 0
31669 31669 1 1 74745 0
31670 31670 1 1 74842 0
31671 31671 1 1 74939 0
31672 31672 1 1 75036 0
31673 31673 1 1 75133 0
31674 31674 1 1 75230 0
31675 31675 1 1 75327 0
31676 31676 1 1 75424 0
31677 31677 1 1 75521 0
31678 31678 1 1 75618 0
31679 31679 1 1 75715 0
31680 31680 1 1 75812 0
31681 31681 1 1 75909 0
31682 31682 1 1 76006 0
31683 31683 1 1 76103 0
31684 31684 1 1 76200 0
31685 31685 1 1 76297 0
31686 31686 1 1 76394 0
31687 31687 1 1 76491 0
31688 31688 1 1 76588 0
31689 31689 1 1 76685 0
31690 31690 1 1 76782 0
31691 31691 1 1 76879 0
31692 31692 1 1 76976 0
31693 31693 1 1 77073 0
31694 31694 1 1 77170 0
31695 31695 1 1 77267 0
31696 31696 1 1 77364 0
31697 31697 1 1 77461 0
31698 31698 1 1 77558 0
31699 31699 1 1 77655 0
31700 31700 1 1 77752 0
31701 31701 1 1 77849 0
31702 31702 1 1 77946 0
31703 31703 1 1 78043 0
31704 31704 1 1 78140 0
31705 31705 1 1 78237 0
31706 31706 1 1 78334 0
31707 31707 1 1 78431 0
31708 31708 1 1 78528 0
31709 31709 1 1 78625 0
31710 31710 1 1 78722 0
31711 31711 1 1 78819 0
31712 31712 1 1 78916 0
31713 31713 1 1 79013 0
31714 31714 1 1 79110 0
31715 31715 1 1 79207 0
31716 31716 1 1 79304 0
31717 31717 1 1 79401 0
31718 31718 1 1 79498 0
31719 31719 1 1 79595 0
31720 31720 1 1 79692 0
31721 31721 1 1 79789 0
31722 31722 1 1 79886 0
31723 31723 1 1 79983 0
31724 31724 1 1 80080 0
31725 31725 1 1 80177 0
31726 31726 1 1 80274 0
31727 31727 1 1 80371 0
31728 31728 1 1 80468 0
31729 31729 1 1 80565 0
31730 31730 1 1 80662 0
31731 31731 1 1 80759 0
31732 31732 1 1 80856 0
31733 31733 1 1 80953 0
31734 31734 1 1 81050 0
31735 31735 1 1 81147 0
31736 31736 1 1 81244 0
31737 31737 1 1 81341 0
31738 31738 1 1 81438 0
31739 31739 1 1 81535 0
31740 31740 1 1 81632 0
31741 31741 1 1 81729 0
31742 31742 1 1 81826 0
31743 31743 1 1 81923 0
31744 31744 1 1 82020 0
31745 31745 1 1 82117 0
31746 31746 1 1 82214 0
31747 31747 1 1 82311 0
31748 31748 1 1 82408 0
31749 31749 1 1 82505 0
31750 31750 1 1 82602 0
31751 31751 1 1 82699 0
31752 31752 1 1 82796 0
31753 31753 1 1 82893 0
31754 31754 1 1 82990 0
31755 31755 1 1 83087 0
31756 31756 1 1 83184 0
31757 31757 1 1 83281 0
31758 31758 1 1 83378 0
31759 31759 1 1 83475 0
31760 31760 1 1 83572 0
31761 31761 1 1 83669 0
31762 31762 1 1 83766 0
31763 31763 1 1 83863 0
31764 31764 1 1 83960 0
31765 31765 1 1 84057 0
31766 31766 1 1 84154 0
31767 31767 1 1 84251 0
31768 31768 1 1 84348 0
31769 31769 1 1 84445 0
31770 31770 1 1 84542 0
31771 31771 1 1 84639 0
31772 31772 1 1 84736 0
31773 31773 1 1 84833 0
31774 31774 1 1 84930 0
31775 31775 1 1 85027 0
31776 31776 1 1 85124 0
31777 31777 1 1 85221 0
31778 31778 1 1 85318 0
31779 31779 1 1 85415 0
31780 31780 1 1 85512 0
31781 31781 1 1 85609 0
31782 31782 1 1 85706 0
31783 31783 1 1 85803 0
31784 31784 1 1 85900 0
31785 31785 1 1 85997 0
31786 31786 1 1 86094 0
31787 31787 1 1 86191 0
31788 31788 1 1 86288 0
31789 31789 1 1 86385 0
31790 31790 1 1 86482 0
31791 31791 1 1 86579 0
31792 31792 1 1 86676 0
31793 31793 1 1 86773 0
31794 31794 1 1 86870 0
31795 31795 1 1 86967 0
31796 31796 1 1 87064 0
31797 31797 1 1 87161 0
31798 31798 1 1 87258 0
31799 31799 1 1 87355 0
31800 31800 1 1 87452 0
31801 31801 1 1 87549 0
31802 31802 1 1 87646 0
31803 31803 1 1 87743 0
31804 31804 1 1 87840 0
31805 31805 1 1 87937 0
31806 31806 1 1 88034 0
31807 31807 1 1 88131 0
31808 31808 1 1 88228 0
31809 31809 1 1 88325 0
31810 31810 1 1 88422 0
31811 31811 1 1 88519 0
31812 31812 1 1 88616 0
31813 31813 1 1 88713 0
31814 31814 1 1 88810 0
31815 31815 1 1 88907 0
31816 31816 1 1 89004 0
31817 31817 1 1 89101 0
31818 31818 1 1 89198 0
31819 31819 1 1 89295 0
31820 31820 1 1 89392 0
31821 31821 1 1 89489 0
31822 31822 1 1 89586 0
31823 31823 1 1 89683 0
31824 31824 1 1 89780 0
31825 31825 1 1 89877 0
31826 31826 1 1 89974 0
31827 31827 1 1 90071 0
31828 31828 1 1 90168 0
31829 31829 1 1 90265 0
31830 31830 1 1 90362 0
31831 31831 1 1 90459 0
31832 31832 1 1 90556 0
31833 31833 1 1 90653 0
31834 31834 1 1 90750 0
31835 31835 1 1 90847 0
31836 31836 1 1 90944 0
31837 31837 1 1 91041 0
31838 31838 1 1 91138 0
31839 31839 1 1 91235 0
31840 31840 1 1 91332 0
31841 31841 1 1 91429 0
31842 31842 1 1 91526 0
31843 31843 1 1 91623 0
31844 31844 1 1 91720 0
31845 31845 1 1 91817 0
31846 31846 1 1 91914 0
31847 31847 1 1 92011 0
31848 31848 1 1 92108 0
31849 31849 1 1 92205 0
31850 31850 1 1 92302 0
31851 31851 1 1 92399 0
31852 31852 1 1 92496 0
31853 31853 1 1 92593 0
31854 31854 1 1 92690 0
31855 31855 1 1 92787 0
31856 31856 1 1 92884 0
31857 31857 1 1 92981 0
31858 31858 1 1 93078 0
31859 31859 1 1 93175 0
31860 31860 1 1 93272 0
31861 31861 1 1 93369 0
31862 31862 1 1 93466 0
31863 31863 1 1 93563 0
31864 31864 1 1 93660 0
31865 31865 1 1 93757 0
31866 31866 1 1 93854 0
31867 31867 1 1 93951 0
31868 31868 1 1 94048 0
31869 31869 1 1 94145 0
31870 31870 1 1 94242 0
31871 31871 1 1 94339 0
31872 31872 1 1 94436 0
31873 31873 1 1 94533 0
31874 31874 1 1 94630 0
31875 31875 1 1 94727 0
31876 31876 1 1 94824 0
31877 31877 1 1 94921 0
31878 31878 1 1 95018 0
31879 31879 1 1 95115 0
31880 31880 1 1 95212 0
31881 31881 1 1 95309 0
31882 31882 1 1 95406 0
31883 31883 1 1 95503 0
31884 31884 1 1 95600 0
31885 31885 1 1 95697 0
31886 31886 1 1 95794 0
31887 31887 1 1 95891 0
31888 31888 1 1 95988 0
31889 31889 1 1 96085 0
31890 31890 1 1 96182 0
31891 31891 1 1 96279 0
31892 31892 1 1 96376 0
31893 31893 1 1 96473 0
31894 31894 1 1 96570 0
31895 31895 1 1 96667 0
31896 31896 1 1 96764 0
31897 31897 1 1 96861 0
31898 31898 1 1 96958 0
31899 31899 1 1 97055 0
31900 31900 1 1 97152 0
31901 31901 1 1 97249 0
31902 31902 1 1 97346 0
31903 31903 1 1 97443 0
31904 31904 1 1 97540 0
31905 31905 1 1 97637 0
31906 31906 1 1 97734 0
31907 31907 1 1 97831 0
31908 31908 1 1 97928 0
31909 31909 1 1 98025 0
31910 31910 1 1 98122 0
31911 31911 1 1 98219 0
31912 31912 1 1 98316 0
31913 31913 1 1 98413 0
31914 31914 1 1 98510 0
31915 31915 1 1 98607 0
31916 31916 1 1 98704 0
31917 31917 1 1 98801 0
31918 31918 1 1 98898 0
31919 31919 1 1 98995 0
31920 31920 1 1 99092 0
31921 31921 1 1 99189 0
31922 31922 1 1 99286 0
31923 31923 1 1 99383 0
31924 31924 1 1 99480 0
31925 31925 1 1 99577 0
31926 31926 1 1 99674 0
31927 31927 1 1 99771 0
31928 31928 1 1 99868 0
31929 31929 1 1 99965 0
31930 31930 1 1 100062 0
31931 31931 1 1 100159 0
31932 31932 1 1 100256 0
31933 31933 1 1 100353 0
31934 31934 1 1 100450 0
31935 31935 1 1 100547 0
31936 31936 1 1 100644 0
31937 31937 1 1 100741 0
31938 31938 1 1 100838 0
31939 31939 1 1 100935 0
31940 31940 1 1 101032 0
31941 31941 1 1 101129 0
31942 31942 1 1 101226 0
31943 31943 1 1 101323 0
31944 31944 1 1 101420 0
31945 31945 1 1 101517 0
31946 31946 1 1 101614 0
31947 31947 1 1 101711 0
31948 31948 1 1 101808 0
31949 31949 1 1 101905 0
31950 31950 1 1 102002 0
31951 31951 1 1 102099 0
31952 31952 1 1 102196 0
31953 31953 1 1 102293 0
31954 31954 1 1 102390 0
31955 31955 1 1 102487 0
31956 31956 1 1 102584 0
31957 31957 1 1 102681 0
31958 31958 1 1 102778 0
31959 31959 1 1 102875 0
31960 31960 1 1 102972 0
31961 31961 1 1 103069 0
31962 31962 1 1 103166 0
31963 31963 1 1 103263 0
31964 31964 1 1 103360 0
31965 31965 1 1 103457 0
31966 31966 1 1 103554 0
31967 31967 1 1 103651 0
31968 31968 1 1 103748 0
31969 31969 1 1 103845 0
31970 31970 1 1 103942 0
31971 31971 1 1 104039 0
31972 31972 1 1 104136 0
31973 31973 1 1 104233 0
31974 31974 1 1 104330 0
31975 31975 1 1 104427 0
31976 31976 1 1 104524 0
31977 31977 1 1 104621 0
31978 31978 1 1 104718 0
31979 31979 1 1 104815 0
31980 31980 1 1 104912 0
31981 31981 1 1 105009 0
31982 31982 1 1 105106 0
31983 31983 1 1 105203 0
31984 31984 1 1 105300 0
31985 31985 1 1 105397 0
31986 31986 1 1 105494 0
31987 31987 1 1 105591 0
31988 31988 1 1 105688 0
31989 31989 1 1 105785 0
31990 31990 1 1 105882 0
31991 31991 1 1 105979 0
31992 31992 1 1 106076 0
31993 31993 1 1 106173 0
31994 31994 1 1 106270 0
31995 31995 1 1 106367 0
31996 31996 1 1 106464 0
31997 31997 1 1 106561 0
31998 31998 1 1 106658 0
31999 31999 1 1 106755 0
32000 32000 1 1 106852 0
32001 32001 1 1 106949 0
32002 32002 1 1 107046 0
32003 32003 1 1 107143 0
32004 32004 1 1 107240 0
32005 32005 1 1 107337 0
32006 32006 1 1 107434 0
32007 32007 1 1 107531 0
32008 32008 1 1 107628 0
32009 32009 1 1 107725 0
32010 32010 1 1 107822 0
32011 32011 1 1 107919 0
32012 32012 1 1 108016 0
32013 32013 1 1 108113 0
32014 32014 1 1 108210 0
32015 32015 1 1 108307 0
32016 32016 1 1 108404 0
32017 32017 1 1 108501 0
32018 32018 1 1 108598 0
32019 32019 1 1 108695 0
32020 32020 1 1 108792 0
32021 32021 1 1 108889 0
32022 32022 1 1 108986 0
32023 32023 1 1 109083 0
32024 32024 1 1 109180 0
32025 32025 1 1 109277 0
32026 32026 1 1 109374 0
32027 32027 1 1 109471 0
32028 32028 1 1 109568 0
32029 32029 1 1 109665 0
32030 32030 1 1 109762 0
32031 32031 1 1 109859 0
32032 32032 1 1 109956 0
32033 32033 1 1 110053 0
32034 32034 1 1 110150 0
32035 32035 1 1 110247 0
32036 32036 1 1 110344 0
32037 32037 1 1 110441 0
32038 32038 1 1 110538 0
32039 32039 1 1 110635 0
32040 32040 1 1 110732 0
32041 32041 1 1 110829 0
32042 32042 1 1 110926 0
32043 32043 1 1 111023 0
32044 32044 1 1 111120 0
32045 32045 1 1 111217 0
32046 32046 1 1 111314 0
32047 32047 1 1 111411 0
32048 32048 1 1 111508 0
32049 32049 1 1 111605 0
32050 32050 1 1 111702 0
32051 32051 1 1 111799 0
32052 32052 1 1 111896 0
32053 32053 1 1 111993 0
32054 32054 1 1 112090 0
32055 32055 1 1 112187 0
32056 32056 1 1 112284 0
32057 32057 1 1 112381 0
32058 32058 1 1 112478 0
32059 32059 1 1 112575 0
32060 32060 1 1 112672 0
32061 32061 1 1 112769 0
32062 32062 1 1 112866 0
32063 32063 1 1 112963 0
32064 32064 1 1 113060 0
32065 32065 1 1 113157 0
32066 32066 1 1 113254 0
32067 32067 1 1 113351 0
32068 32068 1 1 113448 0
32069 32069 1 1 113545 0
32070 32070 1 1 113642 0
32071 32071 1 1 113739 0
32072 32072 1 1 113836 0
32073 32073 1 1 113933 0
32074 32074 1 1 114030 0
32075 32075 1 1 114127 0
32076 32076 1 1 114224 0
32077 32077 1 1 114321 0
32078 32078 1 1 114418 0
32079 32079 1 1 114515 0
32080 32080 1 1 114612 0
32081 32081 1 1 114709 0
32082 32082 1 1 114806 0
32083 32083 1 1 114903 0
32084 32084 1 1 115000 0
32085 32085 1 1 115097 0
32086 32086 1 1 115194 0
32087 32087 1 1 115291 0
32088 32088 1 1 115388 0
32089 32089 1 1 115485 0
32090 32090 1 1 115582 0
32091 32091 1 1 115679 0
32092 32092 1 1 115776 0
32093 32093 1 1 115873 0
32094 32094 1 1 115970 0
32095 32095 1 1 116067 0
32096 32096 1 1 116164 0
32097 32097 1 1 116261 0
32098 32098 1 1 116358 0
32099 32099 1 1 116455 0
32100 32100 1 1 116552 0
32101 32101 1 1 116649 0
32102 32102 1 1 116746 0
32103 32103 1 1 116843 0
32104 32104 1 1 116940 0
32105 32105 1 1 117037 0
32106 32106 1 1 117134 0
32107 32107 1 1 117231 0
32108 32108 1 1 117328 0
32109 32109 1 1 117425 0
32110 32110 1 1 117522 0
32111 32111 1 1 117619 0
32112 32112 1 1 117716 0
32113 32113 1 1 117813 0
32114 32114 1 1 117910 0
32115 32115 1 1 118007 0
32116 32116 1 1 118104 0
32117 32117 1 1 118201 0
32118 32118 1 1 118298 0
32119 32119 1 1 118395 0
32120 32120 1 1 118492 0
32121 32121 1 1 118589 0
32122 32122 1 1 118686 0
32123 32123 1 1 118783 0
32124 32124 1 1 118880 0
32125 32125 1 1 118977 0
32126 32126 1 1 119074 0
32127 32127 1 1 119171 0
32128 32128 1 1 119268 0
32129 32129 1 1 119365 0
32130 32130 1 1 119462 0
32131 32131 1 1 119559 0
32132 32132 1 1 119656 0
32133 32133 1 1 119753 0
32134 32134 1 1 119850 0
32135 32135 1 1 119947 0
32136 32136 1 1 120044 0
32137 32137 1 1 120141 0
32138 32138 1 1 120238 0
32139 32139 1 1 120335 0
32140 32140 1 1 120432 0
32141 32141 1 1 120529 0
32142 32142 1 1 120626 0
32143 32143 1 1 120723 0
32144 32144 1 1 120820 0
32145 32145 1 1 120917 0
32146 32146 1 1 121014 0
32147 32147 1 1 121111 0
32148 32148 1 1 121208 0
32149 32149 1 1 121305 0
32150 32150 1 1 121402 0
32151 32151 1 1 121499 0
32152 32152 1 1 121596 0
32153 32153 1 1 121693 0
32154 32154 1 1 121790 0
32155 32155 1 1 121887 0
32156 32156 1 1 121984 0
32157 32157 1 1 122081 0
32158 32158 1 1 122178 0
32159 32159 1 1 122275 0
32160 32160 1 1 122372 0
32161 32161 1 1 122469 0
32162 32162 1 1 122566 0
32163 32163 1 1 122663 0
32164 32164 1 1 122760 0
32165 32165 1 1 122857 0
32166 32166 1 1 122954 0
32167 32167 1 1 123051 0
32168 32168 1 1 123148 0
32169 32169 1 1 123245 0
32170 32170 1 1 123342 0
32171 32171 1 1 123439 0
32172 32172 1 1 123536 0
32173 32173 1 1 123633 0
32174 32174 1 1 123730 0
32175 32175 1 1 123827 0
32176 32176 1 1 123924 0
32177 32177 1 1 124021 0
32178 32178 1 1 124118 0
32179 32179 1 1 124215 0
32180 32180 1 1 124312 0
32181 32181 1 1 124409 0
32182 32182 1 1 124506 0
32183 32183 1 1 124603 0
32184 32184 1 1 124700 0
32185 32185 1 1 124797 0
32186 32186 1 1 124894 0
32187 32187 1 1 124991 0
32188 32188 1 1 125088 0
32189 32189 1 1 125185 0
32190 32190 1 1 125282 0
32191 32191 1 1 125379 0
32192 32192 1 1 125476 0
32193 32193 1 1 125573 0
32194 32194 1 1 125670 0
32195 32195 1 1 125767 0
32196 32196 1 1 125864 0
32197 32197 1 1 125961 0
32198 32198 1 1 126058 0
32199 32199 1 1 126155 0
32200 32200 1 1 126252 0
32201 32201 1 1 126349 0
32202 32202 1 1 126446 0
32203 32203 1 1 126543 0
32204 32204 1 1 126640 0
32205 32205 1 1 126737 0
32206 32206 1 1 126834 0
32207 32207 1 1 126931 0
32208 32208 1 1 127028 0
32209 32209 1 1 127125 0
32210 32210 1 1 127222 0
32211 32211 1 1 127319 0
32212 32212 1 1 127416 0
32213 32213 1 1 127513 0
32214 32214 1 1 127610 0
32215 32215 1 1 127707 0
32216 32216 1 1 127804 0
32217 32217 1 1 127901 0
32218 32218 1 1 127998 0
32219 32219 1 1 128095 0
32220 32220 1 1 128192 0
32221 32221 1 1 128289 0
32222 32222 1 1 128386 0
32223 32223 1 1 128483 0
32224 32224 1 1 128580 0
32225 32225 1 1 128677 0
32226 32226 1 1 128774 0
32227 32227 1 1 128871 0
32228 32228 1 1 128968 0
32229 32229 1 1 129065 0
32230 32230 1 1 129162 0
32231 32231 1 1 129259 0
32232 32232 1 1 129356 0
32233 32233 1 1 129453 0
32234 32234 1 1 129550 0
32235 32235 1 1 129647 0
32236 32236 1 1 129744 0
32237 32237 1 1 129841 0
32238 32238 1 1 129938 0
32239 32239 1 1 130035 0
32240 32240 1 1 130132 0
32241 32241 1 1 130229 0
32242 32242 1 1 130326 0
32243 32243 1 1 130423 0
32244 32244 1 1 130520 0
32245 32245 1 1 130617 0
32246 32246 1 1 130714 0
32247 32247 1 1 130811 0
32248 32248 1 1 130908 0
32249 32249 1 1 131005 0
32250 32250 1 1 131102 0
32251 32251 1 1 131199 0
32252 32252 1 1 131296 0
32253 32253 1 1 131393 0
32254 32254 1 1 131490 0
32255 32255 1 1 131587 0
32256 32256 1 1 131684 0
32257 32257 1 1 131781 0
32258 32258 1 1 131878 0
32259 32259 1 1 131975 0
32260 32260 1 1 132072 0
32261 32261 1 1 132169 0
32262 32262 1 1 132266 0
32263 32263 1 1 132363 0
32264 32264 1 1 132460 0
32265 32265 1 1 132557 0
32266 32266 1 1 132654 0
32267 32267 1 1 132751 0
32268 32268 1 1 132848 0
32269 32269 1 1 132945 0
32270 32270 1 1 133042 0
32271 32271 1 1 133139 0
32272 32272 1 1 133236 0
32273 32273 1 1 133333 0
32274 32274 1 1 133430 0
32275 32275 1 1 133527 0
32276 32276 1 1 133624 0
32277 32277 1 1 133721 0
32278 32278 1 1 133818 0
32279 32279 1 1 133915 0
32280 32280 1 1 134012 0
32281 32281 1 1 134109 0
32282 32282 1 1 134206 0
32283 32283 1 1 134303 0
32284 32284 1 1 134400 0
32285 32285 1 1 134497 0
32286 32286 1 1 134594 0
32287 32287 1 1 134691 0
32288 32288 1 1 134788 0
32289 32289 1 1 134885 0
32290 32290 1 1 134982 0
32291 32291 1 1 135079 0
32292 32292 1 1 135176 0
32293 32293 1 1 135273 0
32294 32294 1 1 135370 0
32295 32295 1 1 135467 0
32296 32296 1 1 135564 0
32297 32297 1 1 135661 0
32298 32298 1 1 135758 0
32299 32299 1 1 135855 0
32300 32300 1 1 135952 0
32301 32301 1 1 136049 0
32302 32302 1 1 136146 0
32303 32303 1 1 136243 0
32304 32304 1 1 136340 0
32305 32305 1 1 136437 0
32306 32306 1 1 136534 0
32307 32307 1 1 136631 0
32308 32308 1 1 136728 0
32309 32309 1 1 136825 0
32310 32310 1 1 136922 0
32311 32311 1 1 137019 0
32312 32312 1 1 137116 0
32313 32313 1 1 137213 0
32314 32314 1 1 137310 0
32315 32315 1 1 137407 0
32316 32316 1 1 137504 0
32317 32317 1 1 137601 0
32318 32318 1 1 137698 0
32319 32319 1 1 137795 0
32320 32320 1 1 137892 0
32321 32321 1 1 137989 0
32322 32322 1 1 138086 0
32323 32323 1 1 138183 0
32324 32324 1 1 138280 0
32325 32325 1 1 138377 0
32326 32326 1 1 138474 0
32327 32327 1 1 138571 0
32328 32328 1 1 138668 0
32329 32329 1 1 138765 0
32330 32330 1 1 138862 0
32331 32331 1 1 138959 0
32332 32332 1 1 139056 0
32333 32333 1 1 139153 0
32334 32334 1 1 139250 0
32335 32335 1 1 139347 0
32336 32336 1 1 139444 0
32337 32337 1 1 139541 0
32338 32338 1 1 139638 0
32339 32339 1 1 139735 0
32340 32340 1 1 139832 0
32341 32341 1 1 139929 0
32342 32342 1 1 140026 0
32343 32343 1 1 140123 0
32344 32344 1 1 140220 0
32345 32345 1 1 140317 0
32346 32346 1 1 140414 0
32347 32347 1 1 140511 0
32348 32348 1 1 140608 0
32349 32349 1 1 140705 0
32350 32350 1 1 140802 0
32351 32351 1 1 140899 0
32352 32352 1 1 140996 0
32353 32353 1 1 141093 0
32354 32354 1 1 141190 0
32355 32355 1 1 141287 0
32356 32356 1 1 141384 0
32357 32357 1 1 141481 0
32358 32358 1 1 141578 0
32359 32359 1 1 141675 0
32360 32360 1 1 141772 0
32361 32361 1 1 141869 0
32362 32362 1 1 141966 0
32363 32363 1 1 142063 0
32364 32364 1 1 142160 0
32365 32365 1 1 142257 0
32366 32366 1 1 142354 0
32367 32367 1 1 142451 0
32368 32368 1 1 142548 0
32369 32369 1 1 142645 0
32370 32370 1 1 142742 0
32371 32371 1 1 142839 0
32372 32372 1 1 142936 0
32373 32373 1 1 143033 0
32374 32374 1 1 143130 0
32375 32375 1 1 143227 0
32376 32376 1 1 143324 0
32377 32377 1 1 143421 0
32378 32378 1 1 143518 0
32379 32379 1 1 143615 0
32380 32380 1 1 143712 0
32381 32381 1 1 143809 0
32382 32382 1 1 143906 0
32383 32383 1 1 144003 0
32384 32384 1 1 144100 0
32385 32385 1 1 144197 0
32386 32386 1 1 144294 0
32387 32387 1 1 144391 0
32388 32388 1 1 144488 0
32389 32389 1 1 144585 0
32390 32390 1 1 144682 0
32391 32391 1 1 144779 0
32392 32392 1 1 144876 0
32393 32393 1 1 144973 0
32394 32394 1 1 145070 0
32395 32395 1 1 145167 0
32396 32396 1 1 145264 0
32397 32397 1 1 145361 0
32398 32398 1 1 145458 0
32399 32399 1 1 145555 0
32400 32400 1 1 145652 0
32401 32401 1 1 145749 0
32402 32402 1 1 145846 0
32403 32403 1 1 145943 0
32404 32404 1 1 146040 0
32405 32405 1 1 146137 0
32406 32406 1 1 146234 0
32407 32407 1 1 146331 0
32408 32408 1 1 146428 0
32409 32409 1 1 146525 0
32410 32410 1 1 146622 0
32411 32411 1 1 146719 0
32412 32412 1 1 146816 0
32413 32413 1 1 146913 0
32414 32414 1 1 147010 0
32415 32415 1 1 147107 0
32416 32416 1 1 147204 0
32417 32417 1 1 147301 0
32418 32418 1 1 147398 0
32419 32419 1 1 147495 0
32420 32420 1 1 147592 0
32421 32421 1 1 147689 0
32422 32422 1 1 147786 0
32423 32423 1 1 147883 0
32424 32424 1 1 147980 0
32425 32425 1 1 148077 0
32426 32426 1 1 148174 0
32427 32427 1 1 148271 0
32428 32428 1 1 148368 0
32429 32429 1 1 148465 0
32430 32430 1 1 148562 0
32431 32431 1 1 148659 0
32432 32432 1 1 148756 0
32433 32433 1 1 148853 0
32434 32434 1 1 148950 0
32435 32435 1 1 149047 0
32436 32436 1 1 149144 0
32437 32437 1 1 149241 0
32438 32438 1 1 149338 0
32439 32439 1 1 149435 0
32440 32440 1 1 149532 0
32441 32441 1 1 149629 0
32442 32442 1 1 149726 0
32443 32443 1 1 149823 0
32444 32444 1 1 149920 0
32445 32445 1 1 150017 0
32446 32446 1 1 150114 0
32447 32447 1 1 150211 0
32448 32448 1 1 150308 0
32449 32449 1 1 150405 0
32450 32450 1 1 150502 0
32451 32451 1 1 150599 0
32452 32452 1 1 150696 0
32453 32453 1 1 150793 0
32454 32454 1 1 150890 0
32455 32455 1 1 150987 0
32456 32456 1 1 151084 0
32457 32457 1 1 151181 0
32458 32458 1 1 151278 0
32459 32459 1 1 151375 0
32460 32460 1 1 151472 0
32461 32461 1 1 151569 0
32462 32462 1 1 151666 0
32463 32463 1 1 151763 0
32464 32464 1 1 151860 0
32465 32465 1 1 151957 0
32466 32466 1 1 152054 0
32467 32467 1 1 152151 0
32468 32468 1 1 152248 0
32469 32469 1 1 152345 0
32470 32470 1 1 152442 0
32471 32471 1 1 152539 0
32472 32472 1 1 152636 0
32473 32473 1 1 152733 0
32474 32474 1 1 152830 0
32475 32475 1 1 152927 0
32476 32476 1 1 153024 0
32477 32477 1 1 153121 0
32478 32478 1 1 153218 0
32479 32479 1 1 153315 0
32480 32480 1 1 153412 0
32481 32481 1 1 153509 0
32482 32482 1 1 153606 0
32483 32483 1 1 153703 0
32484 32484 1 1 153800 0
32485 32485 1 1 153897 0
32486 32486 1 1 153994 0
32487 32487 1 1 154091 0
32488 32488 1 1 154188 0
32489 32489 1 1 154285 0
32490 32490 1 1 154382 0
32491 32491 1 1 154479 0
32492 32492 1 1 154576 0
32493 32493 1 1 154673 0
32494 32494 1 1 154770 0
32495 32495 1 1 154867 0
32496 32496 1 1 154964 0
32497 32497 1 1 155061 0
32498 32498 1 1 155158 0
32499 32499 1 1 155255 0
32500 32500 1 1 155352 0
32501 32501 1 1 155449 0
32502 32502 1 1 155546 0
32503 32503 1 1 155643 0
32504 32504 1 1 155740 0
32505 32505 1 1 155837 0
32506 32506 1 1 155934 0
32507 32507 1 1 156031 0
32508 32508 1 1 156128 0
32509 32509 1 1 156225 0
32510 32510 1 1 156322 0
32511 32511 1 1 156419 0
32512 32512 1 1 156516 0
32513 32513 1 1 156613 0
32514 32514 1 1 156710 0
32515 32515 1 1 156807 0
32516 32516 1 1 156904 0
32517 32517 1 1 157001 0
32518 32518 1 1 157098 0
32519 32519 1 1 157195 0
32520 32520 1 1 157292 0
32521 32521 1 1 157389 0
32522 32522 1 1 157486 0
32523 32523 1 1 157583 0
32524 32524 1 1 157680 0
32525 32525 1 1 157777 0
32526 32526 1 1 157874 0
32527 32527 1 1 157971 0
32528 32528 1 1 158068 0
32529 32529 1 1 158165 0
32530 32530 1 1 158262 0
32531 32531 1 1 158359 0
32532 32532 1 1 158456 0
32533 32533 1 1 158553 0
32534 32534 1 1 158650 0
32535 32535 1 1 158747 0
32536 32536 1 1 158844 0
32537 32537 1 1 158941 0
32538 32538 1 1 159038 0
32539 32539 1 1 159135 0
32540 32540 1 1 159232 0
32541 32541 1 1 159329 0
32542 32542 1 1 159426 0
32543 32543 1 1 159523 0
32544 32544 1 1 159620 0
32545 32545 1 1 159717 0
32546 32546 1 1 159814 0
32547 32547 1 1 159911 0
32548 32548 1 1 160008 0
32549 32549 1 1 160105 0
32550 32550 1 1 160202 0
32551 32551 1 1 160299 0
32552 32552 1 1 160396 0
32553 32553 1 1 160493 0
32554 32554 1 1 160590 0
32555 32555 1 1 160687 0
32556 32556 1 1 160784 0
32557 32557 1 1 160881 0
32558 32558 1 1 160978 0
32559 32559 1 1 161075 0
32560 32560 1 1 161172 0
32561 32561 1 1 161269 0
32562 32562 1 1 161366 0
32563 32563 1 1 161463 0
32564 32564 1 1 161560 0
32565 32565 1 1 161657 0
32566 32566 1 1 161754 0
32567 32567 1 1 161851 0
32568 32568 1 1 161948 0
32569 32569 1 1 162045 0
32570 32570 1 1 162142 0
32571 32571 1 1 162239 0
32572 32572 1 1 162336 0
32573 32573 1 1 162433 0
32574 32574 1 1 162530 0
32575 32575 1 1 162627 0
32576 32576 1 1 162724 0
32577 32577 1 1 162821 0
32578 32578 1 1 162918 0
32579 32579 1 1 163015 0
32580 32580 1 1 163112 0
32581 32581 1 1 163209 0
32582 32582 1 1 163306 0
32583 32583 1 1 163403 0
32584 32584 1 1 163500 0
32585 32585 1 1 163597 0
32586 32586 1 1 163694 0
32587 32587 1 1 163791 0
32588 32588 1 1 163888 0
32589 32589 1 1 163985 0
32590 32590 1 1 164082 0
32591 32591 1 1 164179 0
32592 32592 1 1 164276 0
32593 32593 1 1 164373 0
32594 32594 1 1 164470 0
32595 32595 1 1 164567 0
32596 32596 1 1 164664 0
32597 32597 1 1 164761 0
32598 32598 1 1 164858 0
32599 32599 1 1 164955 0
32600 32600 1 1 165052 0
32601 32601 1 1 165149 0
32602 32602 1 1 165246 0
32603 32603 1 1 165343 0
32604 32604 1 1 165440 0
32605 32605 1 1 165537 0
32606 32606 1 1 165634 0
32607 32607 1 1 165731 0
32608 32608 1 1 165828 0
32609 32609 1 1 165925 0
32610 32610 1 1 166022 0
32611 32611 1 1 166119 0
32612 32612 1 1 166216 0
32613 32613 1 1 166313 0
32614 32614 1 1 166410 0
32615 32615 1 1 166507 0
32616 32616 1 1 166604 0
32617 32617 1 1 166701 0
32618 32618 1 1 166798 0
32619 32619 1 1 166895 0
32620 32620 1 1 166992 0
32621 32621 1 1 167089 0
32622 32622 1 1 167186 0
32623 32623 1 1 167283 0
32624 32624 1 1 167380 0
32625 32625 1 1 167477 0
32626 32626 1 1 167574 0
32627 32627 1 1 167671 0
32628 32628 1 1 167768 0
32629 32629 1 1 167865 0
32630 32630 1 1 167962 0
32631 32631 1 1 168059 0
32632 32632 1 1 168156 0
32633 32633 1 1 168253 0
32634 32634 1 1 168350 0
32635 32635 1 1 168447 0
32636 32636 1 1 168544 0
32637 32637 1 1 168641 0
32638 32638 1 1 168738 0
32639 32639 1 1 168835 0
32640 32640 1 1 168932 0
32641 32641 1 1 169029 0
32642 32642 1 1 169126 0
32643 32643 1 1 169223 0
32644 32644 1 1 169320 0
32645 32645 1 1 169417 0
32646 32646 1 1 169514 0
32647 32647 1 1 169611 0
32648 32648 1 1 169708 0
32649 32649 1 1 169805 0
32650 32650 1 1 169902 0
32651 32651 1 1 169999 0
32652 32652 1 1 170096 0
32653 32653 1 1 170193 0
32654 32654 1 1 170290 0
32655 32655 1 1 170387 0
32656 32656 1 1 170484 0
32657 32657 1 1 170581 0
32658 32658 1 1 170678 0
32659 32659 1 1 170775 0
32660 32660 1 1 170872 0
32661 32661 1 1 170969 0
32662 32662 1 1 171066 0
32663 32663 1 1 171163 0
32664 32664 1 1 171260 0
32665 32665 1 1 171357 0
32666 32666 1 1 171454 0
32667 32667 1 1 171551 0
32668 32668 1 1 171648 0
32669 32669 1 1 171745 0
32670 32670 1 1 171842 0
32671 32671 1 1 171939 0
32672 32672 1 1 172036 0
32673 32673 1 1 172133 0
32674 32674 1 1 172230 0
32675 32675 1 1 172327 0
32676 32676 1 1 172424 0
32677 32677 1 1 172521 0
32678 32678 1 1 172618 0
32679 32679 1 1 172715 0
32680 32680 1 1 172812 0
32681 32681 1 1 172909 0
32682 32682 1 1 173006 0
32683 32683 1 1 173103 0
32684 32684 1 1 173200 0
32685 32685 1 1 173297 0
32686 32686 1 1 173394 0
32687 32687 1 1 173491 0
32688 32688 1 1 173588 0
32689 32689 1 1 173685 0
32690 32690 1 1 173782 0
32691 32691 1 1 173879 0
32692 32692 1 1 173976 0
32693 32693 1 1 174073 0
32694 32694 1 1 174170 0
32695 32695 1 1 174267 0
32696 32696 1 1 174364 0
32697 32697 1 1 174461 0
32698 32698 1 1 174558 0
32699 32699 1 1 174655 0
32700 32700 1 1 174752 0
32701 32701 1 1 174849 0
32702 32702 1 1 174946 0
32703 32703 1 1 175043 0
32704 32704 1 1 175140 0
32705 32705 1 1 175237 0
32706 32706 1 1 175334 0
32707 32707 1 1 175431 0
32708 32708 1 1 175528 0
32709 32709 1 1 175625 0
32710 32710 1 1 175722 0
32711 32711 1 1 175819 0
32712 32712 1 1 175916 0
32713 32713 1 1 176013 0
32714 32714 1 1 176110 0
32715 32715 1 1 176207 0
32716 32716 1 1 176304 0
32717 32717 1 1 176401 0
32718 32718 1 1 176498 0
32719 32719 1 1 176595 0
32720 32720 1 1 176692 0
32721 32721 1 1 176789 0
32722 32722 1 1 176886 0
32723 32723 1 1 176983 0
32724 32724 1 1 177080 0
32725 32725 1 1 177177 0
32726 32726 1 1 177274 0
32727 32727 1 1 177371 0
32728 32728 1 1 177468 0
32729 32729 1 1 177565 0
32730 32730 1 1 177662 0
32731 32731 1 1 177759 0
32732 32732 1 1 177856 0
32733 32733 1 1 177953 0
32734 32734 1 1 178050 0
32735 32735 1 1 178147 0
32736 32736 1 1 178244 0
32737 32737 1 1 178341 0
32738 32738 1 1 178438 0
32739 32739 1 1 178535 0
32740 32740 1 1 178632 0
32741 32741 1 1 178729 0
32742 32742 1 1 178826 0
32743 32743 1 1 178923 0
32744 32744 1 1 179020 0
32745 32745 1 1 179117 0
32746 32746 1 1 179214 0
32747 32747 1 1 179311 0
32748 32748 1 1 179408 0
32749 32749 1 1 179505 0
32750 32750 1 1 179602 0
32751 32751 1 1 179699 0
32752 32752 1 1 179796 0
32753 32753 1 1 179893 0
32754 32754 1 1 179990 0
32755 32755 1 1 180087 0
32756 32756 1 1 180184 0
32757 32757 1 1 180281 0
32758 32758 1 1 180378 0
32759 32759 1 1 180475 0
32760 32760 1 1 180572 0
32761 32761 1 1 180669 0
32762 32762 1 1 180766 0
32763 32763 1 1 180863 0
32764 32764 1 1 180960 0
32765 32765 1 1 181057 0
32766 32766 1 1 181154 0
32767 32767 1 1 181251 0
32768 32768 1 1 181348 0
32769 32769 1 1 181445 0
32770 32770 1 1 181542 0
32771 32771 1 1 181639 0
32772 32772 1 1 181736 0
32773 32773 1 1 181833 0
32774 32774 1 1 181930 0
32775 32775 1 1 182027 0
32776 32776 1 1 182124 0
32777 32777 1 1 182221 0
32778 32778 1 1 182318 0
32779 32779 1 1 182415 0
32780 32780 1 1 182512 0
32781 32781 1 1 182609 0
32782 32782 1 1 182706 0
32783 32783 1 1 182803 0
32784 32784 1 1 182900 0
32785 32785 1 1 182997 0
32786 32786 1 1 183094 0
32787 32787 1 1 183191 0
32788 32788 1 1 183288 0
32789 32789 1 1 183385 0
32790 32790 1 1 183482 0
32791 32791 1 1 183579 0
32792 32792 1 1 183676 0
32793 32793 1 1 183773 0
32794 32794 1 1 183870 0
32795 32795 1 1 183967 0
32796 32796 1 1 184064 0
32797 32797 1 1 184161 0
32798 32798 1 1 184258 0
32799 32799 1 1 184355 0
32800 32800 1 1 184452 0
32801 32801 1 1 184549 0
32802 32802 1 1 184646 0
32803 32803 1 1 184743 0
32804 32804 1 1 184840 0
32805 32805 1 1 184937 0
32806 32806 1 1 185034 0
32807 32807 1 1 185131 0
32808 32808 1 1 185228 0
32809 32809 1 1 185325 0
32810 32810 1 1 185422 0
32811 32811 1 1 185519 0
32812 32812 1 1 185616 0
32813 32813 1 1 185713 0
32814 32814 1 1 185810 0
32815 32815 1 1 185907 0
32816 32816 1 1 186004 0
32817 32817 1 1 186101 0
32818 32818 1 1 186198 0
32819 32819 1 1 186295 0
32820 32820 1 1 186392 0
32821 32821 1 1 186489 0
32822 32822 1 1 186586 0
32823 32823 1 1 186683 0
32824 32824 1 1 186780 0
32825 32825 1 1 186877 0
32826 32826 1 1 186974 0
32827 32827 1 1 187071 0
32828 32828 1 1 187168 0
32829 32829 1 1 187265 0
32830 32830 1 1 187362 0
32831 32831 1 1 187459 0
32832 32832 1 1 187556 0
32833 32833 1 1 187653 0
32834 32834 1 1 187750 0
32835 32835 1 1 187847 0
32836 32836 1 1 187944 0
32837 32837 1 1 188041 0
32838 32838 1 1 188138 0
32839 32839 1 1 188235 0
32840 32840 1 1 188332 0
32841 32841 1 1 188429 0
32842 32842 1 1 188526 0
32843 32843 1 1 188623 0
32844 32844 1 1 188720 0
32845 32845 1 1 188817 0
32846 32846 1 1 188914 0
32847 32847 1 1 189011 0
32848 32848 1 1 189108 0
32849 32849 1 1 189205 0
32850 32850 1 1 189302 0
32851 32851 1 1 189399 0
32852 32852 1 1 189496 0
32853 32853 1 1 189593 0
32854 32854 1 1 189690 0
32855 32855 1 1 189787 0
32856 32856 1 1 189884 0
32857 32857 1 1 189981 0
32858 32858 1 1 190078 0
32859 32859 1 1 190175 0
32860 32860 1 1 190272 0
32861 32861 1 1 190369 0
32862 32862 1 1 190466 0
32863 32863 1 1 190563 0
32864 32864 1 1 190660 0
32865 32865 1 1 190757 0
32866 32866 1 1 190854 0
32867 32867 1 1 190951 0
32868 32868 1 1 191048 0
32869 32869 1 1 191145 0
32870 32870 1 1 191242 0
32871 32871 1 1 191339 0
32872 32872 1 1 191436 0
32873 32873 1 1 191533 0
32874 32874 1 1 191630 0
32875 32875 1 1 191727 0
32876 32876 1 1 191824 0
32877 32877 1 1 191921 0
32878 32878 1 1 192018 0
32879 32879 1 1 192115 0
32880 32880 1 1 192212 0
32881 32881 1 1 192309 0
32882 32882 1 1 192406 0
32883 32883 1 1 192503 0
32884 32884 1 1 192600 0
32885 32885 1 1 192697 0
32886 32886 1 1 192794 0
32887 32887 1 1 192891 0
32888 32888 1 1 192988 0
32889 32889 1 1 193085 0
32890 32890 1 1 193182 0
32891 32891 1 1 193279 0
32892 32892 1 1 193376 0
32893 32893 1 1 193473 0
32894 32894 1 1 193570 0
32895 32895 1 1 193667 0
32896 32896 1 1 193764 0
32897 32897 1 1 193861 0
32898 32898 1 1 193958 0
32899 32899 1 1 194055 0
32900 32900 1 1 194152 0
32901 32901 1 1 194249 0
32902 32902 1 1 194346 0
32903 32903 1 1 194443 0
32904 32904 1 1 194540 0
32905 32905 1 1 194637 0
32906 32906 1 1 194734 0
32907 32907 1 1 194831 0
32908 32908 1 1 194928 0
32909 32909 1 1 195025 0
32910 32910 1 1 195122 0
32911 32911 1 1 195219 0
32912 32912 1 1 195316 0
32913 32913 1 1 195413 0
32914 32914 1 1 195510 0
32915 32915 1 1 195607 0
32916 32916 1 1 195704 0
32917 32917 1 1 195801 0
32918 32918 1 1 195898 0
32919 32919 1 1 195995 0
32920 32920 1 1 196092 0
32921 32921 1 1 196189 0
32922 32922 1 1 196286 0
32923 32923 1 1 196383 0
32924 32924 1 1 196480 0
32925 32925 1 1 196577 0
32926 32926 1 1 196674 0
32927 32927 1 1 196771 0
32928 32928 1 1 196868 0
32929 32929 1 1 196965 0
32930 32930 1 1 197062 0
32931 32931 1 1 197159 0
32932 32932 1 1 197256 0
32933 32933 1 1 197353 0
32934 32934 1 1 197450 0
32935 32935 1 1 197547 0
32936 32936 1 1 197644 0
32937 32937 1 1 197741 0
32938 32938 1 1 197838 0
32939 32939 1 1 197935 0
32940 32940 1 1 198032 0
32941 32941 1 1 198129 0
32942 32942 1 1 198226 0
32943 32943 1 1 198323 0
32944 32944 1 1 198420 0
32945 32945 1 1 198517 0
32946 32946 1 1 198614 0
32947 32947 1 1 198711 0
32948 32948 1 1 198808 0
32949 32949 1 1 198905 0
32950 32950 1 1 199002 0
32951 32951 1 1 199099 0
32952 32952 1 1 199196 0
32953 32953 1 1 199293 0
32954 32954 1 1 199390 0
32955 32955 1 1 199487 0
32956 32956 1 1 199584 0
32957 32957 1 1 199681 0
32958 32958 1 1 199778 0
32959 32959 1 1 199875 0
32960 32960 1 1 199972 0
32961 32961 1 1 200069 0
32962 32962 1 1 200166 0
32963 32963 1 1 200263 0
32964 32964 1 1 200360 0
32965 32965 1 1 200457 0
32966 32966 1 1 200554 0
32967 32967 1 1 200651 0
32968 32968 1 1 200748 0
32969 32969 1 1 200845 0
32970 32970 1 1 200942 0
32971 32971 1 1 201039 0
32972 32972 1 1 201136 0
32973 32973 1 1 201233 0
32974 32974 1 1 201330 0
32975 32975 1 1 201427 0
32976 32976 1 1 201524 0
32977 32977 1 1 201621 0
32978 32978 1 1 201718 0
32979 32979 1 1 201815 0
32980 32980 1 1 201912 0
32981 32981 1 1 202009 0
32982 32982 1 1 202106 0
32983 32983 1 1 202203 0
32984 32984 1 1 202300 0
32985 32985 1 1 202397 0
32986 32986 1 1 202494 0
32987 32987 1 1 202591 0
32988 32988 1 1 202688 0
32989 32989 1 1 202785 0
32990 32990 1 1 202882 0
32991 32991 1 1 202979 0
32992 32992 1 1 203076 0
32993 32993 1 1 203173 0
32994 32994 1 1 203270 0
32995 32995 1 1 203367 0
32996 32996 1 1 203464 0
32997 32997 1 1 203561 0
32998 32998 1 1 203658 0
32999 32999 1 1 203755 0
33000 33000 1 1 203852 0
33001 33001 1 1 203949 0
33002 33002 1 1 204046 0
33003 33003 1 1 204143 0
33004 33004 1 1 204240 0
33005 33005 1 1 204337 0
33006 33006 1 1 204434 0
33007 33007 1 1 204531 0
33008 33008 1 1 204628 0
33009 33009 1 1 204725 0
33010 33010 1 1 204822 0
33011 33011 1 1 204919 0
33012 33012 1 1 205016 0
33013 33013 1 1 205113 0
33014 33014 1 1 205210 0
33015 33015 1 1 205307 0
33016 33016 1 1 205404 0
33017 33017 1 1 205501 0
33018 33018 1 1 205598 0
33019 33019 1 1 205695 0
33020 33020 1 1 205792 0
33021 33021 1 1 205889 0
33022 33022 1 1 205986 0
33023 33023 1 1 206083 0
33024 33024 1 1 206180 0
33025 33025 1 1 206277 0
33026 33026 1 1 206374 0
33027 33027 1 1 206471 0
33028 33028 1 1 206568 0
33029 33029 1 1 206665 0
33030 33030 1 1 206762 0
33031 33031 1 1 206859 0
33032 33032 1 1 206956 0
33033 33033 1 1 207053 0
33034 33034 1 1 207150 0
33035 33035 1 1 207247 0
33036 33036 1 1 207344 0
33037 33037 1 1 207441 0
33038 33038 1 1 207538 0
33039 33039 1 1 207635 0
33040 33040 1 1 207732 0
33041 33041 1 1 207829 0
33042 33042 1 1 207926 0
33043 33043 1 1 208023 0
33044 33044 1 1 208120 0
33045 33045 1 1 208217 0
33046 33046 1 1 208314 0
33047 33047 1 1 208411 0
33048 33048 1 1 208508 0
33049 33049 1 1 208605 0
33050 33050 1 1 208702 0
33051 33051 1 1 208799 0
33052 33052 1 1 208896 0
33053 33053 1 1 208993 0
33054 33054 1 1 209090 0
33055 33055 1 1 209187 0
33056 33056 1 1 209284 0
33057 33057 1 1 209381 0
33058 33058 1 1 209478 0
33059 33059 1 1 209575 0
33060 33060 1 1 209672 0
33061 33061 1 1 209769 0
33062 33062 1 1 209866 0
33063 33063 1 1 209963 0
33064 33064 1 1 210060 0
33065 33065 1 1 210157 0
33066 33066 1 1 210254 0
33067 33067 1 1 210351 0
33068 33068 1 1 210448 0
33069 33069 1 1 210545 0
33070 33070 1 1 210642 0
33071 33071 1 1 210739 0
33072 33072 1 1 210836 0
33073 33073 1 1 210933 0
33074 33074 1 1 211030 0
33075 33075 1 1 211127 0
33076 33076 1 1 211224 0
33077 33077 1 1 211321 0
33078 33078 1 1 211418 0
33079 33079 1 1 211515 0
33080 33080 1 1 211612 0
33081 33081 1 1 211709 0
33082 33082 1 1 211806 0
33083 33083 1 1 211903 0
33084 33084 1 1 212000 0
33085 33085 1 1 212097 0
33086 33086 1 1 212194 0
33087 33087 1 1 212291 0
33088 33088 1 1 212388 0
33089 33089 1 1 212485 0
33090 33090 1 1 212582 0
33091 33091 1 1 212679 0
33092 33092 1 1 212776 0
33093 33093 1 1 212873 0
33094 33094 1 1 212970 0
33095 33095 1 1 213067 0
33096 33096 1 1 213164 0
33097 33097 1 1 213261 0
33098 33098 1 1 213358 0
33099 33099 1 1 213455 0
33100 33100 1 1 213552 0
33101 33101 1 1 213649 0
33102 33102 1 1 213746 0
33103 33103 1 1 213843 0
33104 33104 1 1 213940 0
33105 33105 1 1 214037 0
33106 33106 1 1 214134 0
33107 33107 1 1 214231 0
33108 33108 1 1 214328 0
33109 33109 1 1 214425 0
33110 33110 1 1 214522 0
33111 33111 1 1 214619 0
33112 33112 1 1 214716 0
33113 33113 1 1 214813 0
33114 33114 1 1 214910 0
33115 33115 1 1 215007 0
33116 33116 1 1 215104 0
33117 33117 1 1 215201 0
33118 33118 1 1 215298 0
33119 33119 1 1 215395 0
33120 33120 1 1 215492 0
33121 33121 1 1 215589 0
33122 33122 1 1 215686 0
33123 33123 1 1 215783 0
33124 33124 1 1 215880 0
33125 33125 1 1 215977 0
33126 33126 1 1 216074 0
33127 33127 1 1 216171 0
33128 33128 1 1 216268 0
33129 33129 1 1 216365 0
33130 33130 1 1 216462 0
33131 33131 1 1 216559 0
33132 33132 1 1 216656 0
33133 33133 1 1 216753 0
33134 33134 1 1 216850 0
33135 33135 1 1 216947 0
33136 33136 1 1 217044 0
33137 33137 1 1 217141 0
33138 33138 1 1 217238 0
33139 33139 1 1 217335 0
33140 33140 1 1 217432 0
33141 33141 1 1 217529 0
33142 33142 1 1 217626 0
33143 33143 1 1 217723 0
33144 33144 1 1 217820 0
33145 33145 1 1 217917 0
33146 33146 1 1 218014 0
33147 33147 1 1 218111 0
33148 33148 1 1 218208 0
33149 33149 1 1 218305 0
33150 33150 1 1 218402 0
33151 33151 1 1 218499 0
33152 33152 1 1 218596 0
33153 33153 1 1 218693 0
33154 33154 1 1 218790 0
33155 33155 1 1 218887 0
33156 33156 1 1 218984 0
33157 33157 1 1 219081 0
33158 33158 1 1 219178 0
33159 33159 1 1 219275 0
33160 33160 1 1 219372 0
33161 33161 1 1 219469 0
33162 33162 1 1 219566 0
33163 33163 1 1 219663 0
33164 33164 1 1 219760 0
33165 33165 1 1 219857 0
33166 33166 1 1 219954 0
33167 33167 1 1 220051 0
33168 33168 1 1 220148 0
33169 33169 1 1 220245 0
33170 33170 1 1 220342 0
33171 33171 1 1 220439 0
33172 33172 1 1 220536 0
33173 33173 1 1 220633 0
33174 33174 1 1 220730 0
33175 33175 1 1 220827 0
33176 33176 1 1 220924 0
33177 33177 1 1 221021 0
33178 33178 1 1 221118 0
33179 33179 1 1 221215 0
33180 33180 1 1 221312 0
33181 33181 1 1 221409 0
33182 33182 1 1 221506 0
33183 33183 1 1 221603 0
33184 33184 1 1 221700 0
33185 33185 1 1 221797 0
33186 33186 1 1 221894 0
33187 33187 1 1 221991 0
33188 33188 1 1 222088 0
33189 33189 1 1 222185 0
33190 33190 1 1 222282 0
33191 33191 1 1 222379 0
33192 33192 1 1 222476 0
33193 33193 1 1 222573 0
33194 33194 1 1 222670 0
33195 33195 1 1 222767 0
33196 33196 1 1 222864 0
33197 33197 1 1 222961 0
33198 33198 1 1 223058 0
33199 33199 1 1 223155 0
33200 33200 1 1 223252 0
33201 33201 1 1 223349 0
33202 33202 1 1 223446 0
33203 33203 1 1 223543 0
33204 33204 1 1 223640 0
33205 33205 1 1 223737 0
33206 33206 1 1 223834 0
33207 33207 1 1 223931 0
33208 33208 1 1 224028 0
33209 33209 1 1 224125 0
33210 33210 1 1 224222 0
33211 33211 1 1 224319 0
33212 33212 1 1 224416 0
33213 33213 1 1 224513 0
33214 33214 1 1 224610 0
33215 33215 1 1 224707 0
33216 33216 1 1 224804 0
33217 33217 1 1 224901 0
33218 33218 1 1 224998 0
33219 33219 1 1 225095 0
33220 33220 1 1 225192 0
33221 33221 1 1 225289 0
33222 33222 1 1 225386 0
33223 33223 1 1 225483 0
33224 33224 1 1 225580 0
33225 33225 1 1 225677 0
33226 33226 1 1 225774 0
33227 33227 1 1 225871 0
33228 33228 1 1 225968 0
33229 33229 1 1 226065 0
33230 33230 1 1 226162 0
33231 33231 1 1 226259 0
33232 33232 1 1 226356 0
33233 33233 1 1 226453 0
33234 33234 1 1 226550 0
33235 33235 1 1 226647 0
33236 33236 1 1 226744 0
33237 33237 1 1 226841 0
33238 33238 1 1 226938 0
33239 33239 1 1 227035 0
33240 33240 1 1 227132 0
33241 33241 1 1 227229 0
33242 33242 1 1 227326 0
33243 33243 1 1 227423 0
33244 33244 1 1 227520 0
33245 33245 1 1 227617 0
33246 33246 1 1 227714 0
33247 33247 1 1 227811 0
33248 33248 1 1 227908 0
33249 33249 1 1 228005 0
33250 33250 1 1 228102 0
33251 33251 1 1 228199 0
33252 33252 1 1 228296 0
33253 33253 1 1 228393 0
33254 33254 1 1 228490 0
33255 33255 1 1 228587 0
33256 33256 1 1 228684 0
33257 33257 1 1 228781 0
33258 33258 1 1 228878 0
33259 33259 1 1 228975 0
33260 33260 1 1 229072 0
33261 33261 1 1 229169 0
33262 33262 1 1 229266 0
33263 33263 1 1 229363 0
33264 33264 1 1 229460 0
33265 33265 1 1 229557 0
33266 33266 1 1 229654 0
33267 33267 1 1 229751 0
33268 33268 1 1 229848 0
33269 33269 1 1 229945 0
33270 33270 1 1 230042 0
33271 33271 1 1 230139 0
33272 33272 1 1 230236 0
33273 33273 1 1 230333 0
33274 33274 1 1 230430 0
33275 33275 1 1 230527 0
33276 33276 1 1 230624 0
33277 33277 1 1 230721 0
33278 33278 1 1 230818 0
33279 33279 1 1 230915 0
33280 33280 1 1 231012 0
33281 33281 1 1 231109 0
33282 33282 1 1 231206 0
33283 33283 1 1 231303 0
33284 33284 1 1 231400 0
33285 33285 1 1 231497 0
33286 33286 1 1 231594 0
33287 33287 1 1 231691 0
33288 33288 1 1 231788 0
33289 33289 1 1 231885 0
33290 33290 1 1 231982 0
33291 33291 1 1 232079 0
33292 33292 1 1 232176 0
33293 33293 1 1 232273 0
33294 33294 1 1 232370 0
33295 33295 1 1 232467 0
33296 33296 1 1 232564 0
33297 33297 1 1 232661 0
33298 33298 1 1 232758 0
33299 33299 1 1 232855 0
33300 33300 1 1 232952 0
33301 33301 1 1 233049 0
33302 33302 1 1 233146 0
33303 33303 1 1 233243 0
33304 33304 1 1 233340 0
33305 33305 1 1 233437 0
33306 33306 1 1 233534 0
33307 33307 1 1 233631 0
33308 33308 1 1 233728 0
33309 33309 1 1 233825 0
33310 33310 1 1 233922 0
33311 33311 1 1 234019 0
33312 33312 1 1 234116 0
33313 33313 1 1 234213 0
33314 33314 1 1 234310 0
33315 33315 1 1 234407 0
33316 33316 1 1 234504 0
33317 33317 1 1 234601 0
33318 33318 1 1 234698 0
33319 33319 1 1 234795 0
33320 33320 1 1 234892 0
33321 33321 1 1 234989 0
33322 33322 1 1 235086 0
33323 33323 1 1 235183 0
33324 33324 1 1 235280 0
33325 33325 1 1 235377 0
33326 33326 1 1 235474 0
33327 33327 1 1 235571 0
33328 33328 1 1 235668 0
33329 33329 1 1 235765 0
33330 33330 1 1 235862 0
33331 33331 1 1 235959 0
33332 33332 1 1 236056 0
33333 33333 1 1 236153 0
33334 33334 1 1 236250 0
33335 33335 1 1 236347 0
33336 33336 1 1 236444 0
33337 33337 1 1 236541 0
33338 33338 1 1 236638 0
33339 33339 1 1 236735 0
33340 33340 1 1 236832 0
33341 33341 1 1 236929 0
33342 33342 1 1 237026 0
33343 33343 1 1 237123 0
33344 33344 1 1 237220 0
33345 33345 1 1 237317 0
33346 33346 1 1 237414 0
33347 33347 1 1 237511 0
33348 33348 1 1 237608 0
33349 33349 1 1 237705 0
33350 33350 1 1 237802 0
33351 33351 1 1 237899 0
33352 33352 1 1 237996 0
33353 33353 1 1 238093 0
33354 33354 1 1 238190 0
33355 33355 1 1 238287 0
33356 33356 1 1 238384 0
33357 33357 1 1 238481 0
33358 33358 1 1 238578 0
33359 33359 1 1 238675 0
33360 33360 1 1 238772 0
33361 33361 1 1 238869 0
33362 33362 1 1 238966 0
33363 33363 1 1 239063 0
33364 33364 1 1 239160 0
33365 33365 1 1 239257 0
33366 33366 1 1 239354 0
33367 33367 1 1 239451 0
33368 33368 1 1 239548 0
33369 33369 1 1 239645 0
33370 33370 1 1 239742 0
33371 33371 1 1 239839 0
33372 33372 1 1 239936 0
33373 33373 1 1 240033 0
33374 33374 1 1 240130 0
33375 33375 1 1 240227 0
33376 33376 1 1 240324 0
33377 33377 1 1 240421 0
33378 33378 1 1 240518 0
33379 33379 1 1 240615 0
33380 33380 1 1 240712 0
33381 33381 1 1 240809 0
33382 33382 1 1 240906 0
33383 33383 1 1 241003 0
33384 33384 1 1 241100 0
33385 33385 1 1 241197 0
33386 33386 1 1 241294 0
33387 33387 1 1 241391 0
33388 33388 1 1 241488 0
33389 33389 1 1 241585 0
33390 33390 1 1 241682 0
33391 33391 1 1 241779 0
33392 33392 1 1 241876 0
33393 33393 1 1 241973 0
33394 33394 1 1 242070 0
33395 33395 1 1 242167 0
33396 33396 1 1 242264 0
33397 33397 1 1 242361 0
33398 33398 1 1 242458 0
33399 33399 1 1 242555 0
33400 33400 1 1 242652 0
33401 33401 1 1 242749 0
33402 33402 1 1 242846 0
33403 33403 1 1 242943 0
33404 33404 1 1 243040 0
33405 33405 1 1 243137 0
33406 33406 1 1 243234 0
33407 33407 1 1 243331 0
33408 33408 1 1 243428 0
33409 33409 1 1 243525 0
33410 33410 1 1 243622 0
33411 33411 1 1 243719 0
33412 33412 1 1 243816 0
33413 33413 1 1 243913 0
33414 33414 1 1 244010 0
33415 33415 1 1 244107 0
33416 33416 1 1 244204 0
33417 33417 1 1 244301 0
33418 33418 1 1 244398 0
33419 33419 1 1 244495 0
33420 33420 1 1 244592 0
33421 33421 1 1 244689 0
33422 33422 1 1 244786 0
33423 33423 1 1 244883 0
33424 33424 1 1 244980 0
33425 33425 1 1 245077 0
33426 33426 1 1 245174 0
33427 33427 1 1 245271 0
33428 33428 1 1 245368 0
33429 33429 1 1 245465 0
33430 33430 1 1 245562 0
33431 33431 1 1 245659 0
33432 33432 1 1 245756 0
33433 33433 1 1 245853 0
33434 33434 1 1 245950 0
33435 33435 1 1 246047 0
33436 33436 1 1 246144 0
33437 33437 1 1 246241 0
33438 33438 1 1 246338 0
33439 33439 1 1 246435 0
33440 33440 1 1 246532 0
33441 33441 1 1 246629 0
33442 33442 1 1 246726 0
33443 33443 1 1 246823 0
33444 33444 1 1 246920 0
33445 33445 1 1 247017 0
33446 33446 1 1 247114 0
33447 33447 1 1 247211 0
33448 33448 1 1 247308 0
33449 33449 1 1 247405 0
33450 33450 1 1 247502 0
33451 33451 1 1 247599 0
33452 33452 1 1 247696 0
33453 33453 1 1 247793 0
33454 33454 1 1 247890 0
33455 33455 1 1 247987 0
33456 33456 1 1 248084 0
33457 33457 1 1 248181 0
33458 33458 1 1 248278 0
33459 33459 1 1 248375 0
33460 33460 1 1 248472 0
33461 33461 1 1 248569 0
33462 33462 1 1 248666 0
33463 33463 1 1 248763 0
33464 33464 1 1 248860 0
33465 33465 1 1 248957 0
33466 33466 1 1 249054 0
33467 33467 1 1 249151 0
33468 33468 1 1 249248 0
33469 33469 1 1 249345 0
33470 33470 1 1 249442 0
33471 33471 1 1 249539 0
33472 33472 1 1 249636 0
33473 33473 1 1 249733 0
33474 33474 1 1 249830 0
33475 33475 1 1 249927 0
33476 33476 1 1 250024 0
33477 33477 1 1 250121 0
33478 33478 1 1 250218 0
33479 33479 1 1 250315 0
33480 33480 1 1 250412 0
33481 33481 1 1 250509 0
33482 33482 1 1 250606 0
33483 33483 1 1 250703 0
33484 33484 1 1 250800 0
33485 33485 1 1 250897 0
33486 33486 1 1 250994 0
33487 33487 1 1 251091 0
33488 33488 1 1 251188 0
33489 33489 1 1 251285 0
33490 33490 1 1 251382 0
33491 33491 1 1 251479 0
33492 33492 1 1 251576 0
33493 33493 1 1 251673 0
33494 33494 1 1 251770 0
33495 33495 1 1 251867 0
33496 33496 1 1 251964 0
33497 33497 1 1 252061 0
33498 33498 1 1 252158 0
33499 33499 1 1 252255 0
33500 33500 1 1 252352 0
33501 33501 1 1 252449 0
33502 33502 1 1 252546 0
33503 33503 1 1 252643 0
33504 33504 1 1 252740 0
33505 33505 1 1 252837 0
33506 33506 1 1 252934 0
33507 33507 1 1 253031 0
33508 33508 1 1 253128 0
33509 33509 1 1 253225 0
33510 33510 1 1 253322 0
33511 33511 1 1 253419 0
33512 33512 1 1 253516 0
33513 33513 1 1 253613 0
33514 33514 1 1 253710 0
33515 33515 1 1 253807 0
33516 33516 1 1 253904 0
33517 33517 1 1 254001 0
33518 33518 1 1 254098 0
33519 33519 1 1 254195 0
33520 33520 1 1 254292 0
33521 33521 1 1 254389 0
33522 33522 1 1 254486 0
33523 33523 1 1 254583 0
33524 33524 1 1 254680 0
33525 33525 1 1 254777 0
33526 33526 1 1 254874 0
33527 33527 1 1 254971 0
33528 33528 1 1 255068 0
33529 33529 1 1 255165 0
33530 33530 1 1 255262 0
33531 33531 1 1 255359 0
33532 33532 1 1 255456 0
33533 33533 1 1 255553 0
33534 33534 1 1 255650 0
33535 33535 1 1 255747 0
33536 33536 1 1 255844 0
33537 33537 1 1 255941 0
33538 33538 1 1 256038 0
33539 33539 1 1 256135 0
33540 33540 1 1 256232 0
33541 33541 1 1 256329 0
33542 33542 1 1 256426 0
33543 33543 1 1 256523 0
33544 33544 1 1 256620 0
33545 33545 1 1 256717 0
33546 33546 1 1 256814 0
33547 33547 1 1 256911 0
33548 33548 1 1 257008 0
33549 33549 1 1 257105 0
33550 33550 1 1 257202 0
33551 33551 1 1 257299 0
33552 33552 1 1 257396 0
33553 33553 1 1 257493 0
33554 33554 1 1 257590 0
33555 33555 1 1 257687 0
33556 33556 1 1 257784 0
33557 33557 1 1 257881 0
33558 33558 1 1 257978 0
33559 33559 1 1 258075 0
33560 33560 1 1 258172 0
33561 33561 1 1 258269 0
33562 33562 1 1 258366 0
33563 33563 1 1 258463 0
33564 33564 1 1 258560 0
33565 33565 1 1 258657 0
33566 33566 1 1 258754 0
33567 33567 1 1 258851 0
33568 33568 1 1 258948 0
33569 33569 1 1 259045 0
33570 33570 1 1 259142 0
33571 33571 1 1 259239 0
33572 33572 1 1 259336 0
33573 33573 1 1 259433 0
33574 33574 1 1 259530 0
33575 33575 1 1 259627 0
33576 33576 1 1 259724 0
33577 33577 1 1 259821 0
33578 33578 1 1 259918 0
33579 33579 1 1 260015 0
33580 33580 1 1 260112 0
33581 33581 1 1 260209 0
33582 33582 1 1 260306 0
33583 33583 1 1 260403 0
33584 33584 1 1 260500 0
33585 33585 1 1 260597 0
33586 33586 1 1 260694 0
33587 33587 1 1 260791 0
33588 33588 1 1 260888 0
33589 33589 1 1 260985 0
33590 33590 1 1 261082 0
33591 33591 1 1 261179 0
33592 33592 1 1 261276 0
33593 33593 1 1 261373 0
33594 33594 1 1 261470 0
33595 33595 1 1 261567 0
33596 33596 1 1 261664 0
33597 33597 1 1 261761 0
33598 33598 1 1 261858 0
33599 33599 1 1 261955 0
33600 33600 1 1 262052 0
33601 33601 1 1 262149 0
33602 33602 1 1 262246 0
33603 33603 1 1 262343 0
33604 33604 1 1 262440 0
33605 33605 1 1 262537 0
33606 33606 1 1 262634 0
33607 33607 1 1 262731 0
33608 33608 1 1 262828 0
33609 33609 1 1 262925 0
33610 33610 1 1 263022 0
33611 33611 1 1 263119 0
33612 33612 1 1 263216 0
33613 33613 1 1 263313 0
33614 33614 1 1 263410 0
33615 33615 1 1 263507 0
33616 33616 1 1 263604 0
33617 33617 1 1 263701 0
33618 33618 1 1 263798 0
33619 33619 1 1 263895 0
33620 33620 1 1 263992 0
33621 33621 1 1 264089 0
33622 33622 1 1 264186 0
33623 33623 1 1 264283 0
33624 33624 1 1 264380 0
33625 33625 1 1 264477 0
33626 33626 1 1 264574 0
33627 33627 1 1 264671 0
33628 33628 1 1 264768 0
33629 33629 1 1 264865 0
33630 33630 1 1 264962 0
33631 33631 1 1 265059 0
33632 33632 1 1 265156 0
33633 33633 1 1 265253 0
33634 33634 1 1 265350 0
33635 33635 1 1 265447 0
33636 33636 1 1 265544 0
33637 33637 1 1 265641 0
33638 33638 1 1 265738 0
33639 33639 1 1 265835 0
33640 33640 1 1 265932 0
33641 33641 1 1 266029 0
33642 33642 1 1 266126 0
33643 33643 1 1 266223 0
33644 33644 1 1 266320 0
33645 33645 1 1 266417 0
33646 33646 1 1 266514 0
33647 33647 1 1 266611 0
33648 33648 1 1 266708 0
33649 33649 1 1 266805 0
33650 33650 1 1 266902 0
33651 33651 1 1 266999 0
33652 33652 1 1 267096 0
33653 33653 1 1 267193 0
33654 33654 1 1 267290 0
33655 33655 1 1 267387 0
33656 33656 1 1 267484 0
33657 33657 1 1 267581 0
33658 33658 1 1 267678 0
33659 33659 1 1 267775 0
33660 33660 1 1 267872 0
33661 33661 1 1 267969 0
33662 33662 1 1 268066 0
33663 33663 1 1 268163 0
33664 33664 1 1 268260 0
33665 33665 1 1 268357 0
33666 33666 1 1 268454 0
33667 33667 1 1 268551 0
33668 33668 1 1 268648 0
33669 33669 1 1 268745 0
33670 33670 1 1 268842 0
33671 33671 1 1 268939 0
33672 33672 1 1 269036 0
33673 33673 1 1 269133 0
33674 33674 1 1 269230 0
33675 33675 1 1 269327 0
33676 33676 1 1 269424 0
33677 33677 1 1 269521 0
33678 33678 1 1 269618 0
33679 33679 1 1 269715 0
33680 33680 1 1 269812 0
33681 33681 1 1 269909 0
33682 33682 1 1 270006 0
33683 33683 1 1 270103 0
33684 33684 1 1 270200 0
33685 33685 1 1 270297 0
33686 33686 1 1 270394 0
33687 33687 1 1 270491 0
33688 33688 1 1 270588 0
33689 33689 1 1 270685 0
33690 33690 1 1 270782 0
33691 33691 1 1 270879 0
33692 33692 1 1 270976 0
33693 33693 1 1 271073 0
33694 33694 1 1 271170 0
33695 33695 1 1 271267 0
33696 33696 1 1 271364 0
33697 33697 1 1 271461 0
33698 33698 1 1 271558 0
33699 33699 1 1 271655 0
33700 33700 1 1 271752 0
33701 33701 1 1 271849 0
33702 33702 1 1 271946 0
33703 33703 1 1 272043 0
33704 33704 1 1 272140 0
33705 33705 1 1 272237 0
33706 33706 1 1 272334 0
33707 33707 1 1 272431 0
33708 33708 1 1 272528 0
33709 33709 1 1 272625 0
33710 33710 1 1 272722 0
33711 33711 1 1 272819 0
33712 33712 1 1 272916 0
33713 33713 1 1 273013 0
33714 33714 1 1 273110 0
33715 33715 1 1 273207 0
33716 33716 1 1 273304 0
33717 33717 1 1 273401 0
33718 33718 1 1 273498 0
33719 33719 1 1 273595 0
33720 33720 1 1 273692 0
33721 33721 1 1 273789 0
33722 33722 1 1 273886 0
33723 33723 1 1 273983 0
33724 33724 1 1 274080 0
33725 33725 1 1 274177 0
33726 33726 1 1 274274 0
33727 33727 1 1 274371 0
33728 33728 1 1 274468 0
33729 33729 1 1 274565 0
33730 33730 1 1 274662 0
33731 33731 1 1 274759 0
33732 33732 1 1 274856 0
33733 33733 1 1 274953 0
33734 33734 1 1 275050 0
33735 33735 1 1 275147 0
33736 33736 1 1 275244 0
33737 33737 1 1 275341 0
33738 33738 1 1 275438 0
33739 33739 1 1 275535 0
33740 33740 1 1 275632 0
33741 33741 1 1 275729 0
33742 33742 1 1 275826 0
33743 33743 1 1 275923 0
33744 33744 1 1 276020 0
33745 33745 1 1 276117 0
33746 33746 1 1 276214 0
33747 33747 1 1 276311 0
33748 33748 1 1 276408 0
33749 33749 1 1 276505 0
33750 33750 1 1 276602 0
33751 33751 1 1 276699 0
33752 33752 1 1 276796 0
33753 33753 1 1 276893 0
33754 33754 1 1 276990 0
33755 33755 1 1 277087 0
33756 33756 1 1 277184 0
33757 33757 1 1 277281 0
33758 33758 1 1 277378 0
33759 33759 1 1 277475 0
33760 33760 1 1 277572 0
33761 33761 1 1 277669 0
33762 33762 1 1 277766 0
33763 33763 1 1 277863 0
33764 33764 1 1 277960 0
33765 33765 1 1 278057 0
33766 33766 1 1 278154 0
33767 33767 1 1 278251 0
33768 33768 1 1 278348 0
33769 33769 1 1 278445 0
33770 33770 1 1 278542 0
33771 33771 1 1 278639 0
33772 33772 1 1 278736 0
33773 33773 1 1 278833 0
33774 33774 1 1 278930 0
33775 33775 1 1 279027 0
33776 33776 1 1 279124 0
33777 33777 1 1 279221 0
33778 33778 1 1 279318 0
33779 33779 1 1 279415 0
33780 33780 1 1 279512 0
33781 33781 1 1 279609 0
33782 33782 1 1 279706 0
33783 33783 1 1 279803 0
33784 33784 1 1 279900 0
33785 33785 1 1 279997 0
33786 33786 1 1 280094 0
33787 33787 1 1 280191 0
33788 33788 1 1 280288 0
33789 33789 1 1 280385 0
33790 33790 1 1 280482 0
33791 33791 1 1 280579 0
33792 33792 1 1 280676 0
33793 33793 1 1 280773 0
33794 33794 1 1 280870 0
33795 33795 1 1 280967 0
33796 33796 1 1 281064 0
33797 33797 1 1 281161 0
33798 33798 1 1 281258 0
33799 33799 1 1 281355 0
33800 33800 1 1 281452 0
33801 33801 1 1 281549 0
33802 33802 1 1 281646 0
33803 33803 1 1 281743 0
33804 33804 1 1 281840 0
33805 33805 1 1 281937 0
33806 33806 1 1 282034 0
33807 33807 1 1 282131 0
33808 33808 1 1 282228 0
33809 33809 1 1 282325 0
33810 33810 1 1 282422 0
33811 33811 1 1 282519 0
33812 33812 1 1 282616 0
33813 33813 1 1 282713 0
33814 33814 1 1 282810 0
33815 33815 1 1 282907 0
33816 33816 1 1 283004 0
33817 33817 1 1 283101 0
33818 33818 1 1 283198 0
33819 33819 1 1 283295 0
33820 33820 1 1 283392 0
33821 33821 1 1 283489 0
33822 33822 1 1 283586 0
33823 33823 1 1 283683 0
33824 33824 1 1 283780 0
33825 33825 1 1 283877 0
33826 33826 1 1 283974 0
33827 33827 1 1 284071 0
33828 33828 1 1 284168 0
33829 33829 1 1 284265 0
33830 33830 1 1 284362 0
33831 33831 1 1 284459 0
33832 33832 1 1 284556 0
33833 33833 1 1 284653 0
33834 33834 1 1 284750 0
33835 33835 1 1 284847 0
33836 33836 1 1 284944 0
33837 33837 1 1 285041 0
33838 33838 1 1 285138 0
33839 33839 1 1 285235 0
33840 33840 1 1 285332 0
33841 33841 1 1 285429 0
33842 33842 1 1 285526 0
33843 33843 1 1 285623 0
33844 33844 1 1 285720 0
33845 33845 1 1 285817 0
33846 33846 1 1 285914 0
33847 33847 1 1 286011 0
33848 33848 1 1 286108 0
33849 33849 1 1 286205 0
33850 33850 1 1 286302 0
33851 33851 1 1 286399 0
33852 33852 1 1 286496 0
33853 33853 1 1 286593 0
33854 33854 1 1 286690 0
33855 33855 1 1 286787 0
33856 33856 1 1 286884 0
33857 33857 1 1 286981 0
33858 33858 1 1 287078 0
33859 33859 1 1 287175 0
33860 33860 1 1 287272 0
33861 33861 1 1 287369 0
33862 33862 1 1 287466 0
33863 33863 1 1 287563 0
33864 33864 1 1 287660 0
33865 33865 1 1 287757 0
33866 33866 1 1 287854 0
33867 33867 1 1 287951 0
33868 33868 1 1 288048 0
33869 33869 1 1 288145 0
33870 33870 1 1 288242 0
33871 33871 1 1 288339 0
33872 33872 1 1 288436 0
33873 33873 1 1 288533 0
33874 33874 1 1 288630 0
33875 33875 1 1 288727 0
33876 33876 1 1 288824 0
33877 33877 1 1 288921 0
33878 33878 1 1 289018 0
33879 33879 1 1 289115 0
33880 33880 1 1 289212 0
33881 33881 1 1 289309 0
33882 33882 1 1 289406 0
33883 33883 1 1 289503 0
33884 33884 1 1 289600 0
33885 33885 1 1 289697 0
33886 33886 1 1 289794 0
33887 33887 1 1 289891 0
33888 33888 1 1 289988 0
33889 33889 1 1 290085 0
33890 33890 1 1 290182 0
33891 33891 1 1 290279 0
33892 33892 1 1 290376 0
33893 33893 1 1 290473 0
33894 33894 1 1 290570 0
33895 33895 1 1 290667 0
33896 33896 1 1 290764 0
33897 33897 1 1 290861 0
33898 33898 1 1 290958 0
33899 33899 1 1 291055 0
33900 33900 1 1 291152 0
33901 33901 1 1 291249 0
33902 33902 1 1 291346 0
33903 33903 1 1 291443 0
33904 33904 1 1 291540 0
33905 33905 1 1 291637 0
33906 33906 1 1 291734 0
33907 33907 1 1 291831 0
33908 33908 1 1 291928 0
33909 33909 1 1 292025 0
33910 33910 1 1 292122 0
33911 33911 1 1 292219 0
33912 33912 1 1 292316 0
33913 33913 1 1 292413 0
33914 33914 1 1 292510 0
33915 33915 1 1 292607 0
33916 33916 1 1 292704 0
33917 33917 1 1 292801 0
33918 33918 1 1 292898 0
33919 33919 1 1 292995 0
33920 33920 1 1 293092 0
33921 33921 1 1 293189 0
33922 33922 1 1 293286 0
33923 33923 1 1 293383 0
33924 33924 1 1 293480 0
33925 33925 1 1 293577 0
33926 33926 1 1 293674 0
33927 33927 1 1 293771 0
33928 33928 1 1 293868 0
33929 33929 1 1 293965 0
33930 33930 1 1 294062 0
33931 33931 1 1 294159 0
33932 33932 1 1 294256 0
33933 33933 1 1 294353 0
33934 33934 1 1 294450 0
33935 33935 1 1 294547 0
33936 33936 1 1 294644 0
33937 33937 1 1 294741 0
33938 33938 1 1 294838 0
33939 33939 1 1 294935 0
33940 33940 1 1 295032 0
33941 33941 1 1 295129 0
33942 33942 1 1 295226 0
33943 33943 1 1 295323 0
33944 33944 1 1 295420 0
33945 33945 1 1 295517 0
33946 33946 1 1 295614 0
33947 33947 1 1 295711 0
33948 33948 1 1 295808 0
33949 33949 1 1 295905 0
33950 33950 1 1 296002 0
33951 33951 1 1 296099 0
33952 33952 1 1 296196 0
33953 33953 1 1 296293 0
33954 33954 1 1 296390 0
33955 33955 1 1 296487 0
33956 33956 1 1 296584 0
33957 33957 1 1 296681 0
33958 33958 1 1 296778 0
33959 33959 1 1 296875 0
33960 33960 1 1 296972 0
33961 33961 1 1 297069 0
33962 33962 1 1 297166 0
33963 33963 1 1 297263 0
33964 33964 1 1 297360 0
33965 33965 1 1 297457 0
33966 33966 1 1 297554 0
33967 33967 1 1 297651 0
33968 33968 1 1 297748 0
33969 33969 1 1 297845 0
33970 33970 1 1 297942 0
33971 33971 1 1 298039 0
33972 33972 1 1 298136 0
33973 33973 1 1 298233 0
33974 33974 1 1 298330 0
33975 33975 1 1 298427 0
33976 33976 1 1 298524 0
33977 33977 1 1 298621 0
33978 33978 1 1 298718 0
33979 33979 1 1 298815 0
33980 33980 1 1 298912 0
33981 33981 1 1 299009 0
33982 33982 1 1 299106 0
33983 33983 1 1 299203 0
33984 33984 1 1 299300 0
33985 33985 1 1 299397 0
33986 33986 1 1 299494 0
33987 33987 1 1 299591 0
33988 33988 1 1 299688 0
33989 33989 1 1 299785 0
33990 33990 1 1 299882 0
33991 33991 1 1 299979 0
33992 33992 1 1 300076 0
33993 33993 1 1 300173 0
33994 33994 1 1 300270 0
33995 33995 1 1 300367 0
33996 33996 1 1 300464 0
33997 33997 1 1 300561 0
33998 33998 1 1 300658 0
33999 33999 1 1 300755 0
34000 34000 1 1 300852 0
34001 34001 1 1 300949 0
34002 34002 1 1 301046 0
34003 34003 1 1 301143 0
34004 34004 1 1 301240 0
34005 34005 1 1 301337 0
34006 34006 1 1 301434 0
34007 34007 1 1 301531 0
34008 34008 1 1 301628 0
34009 34009 1 1 301725 0
34010 34010 1 1 301822 0
34011 34011 1 1 301919 0
34012 34012 1 1 302016 0
34013 34013 1 1 302113 0
34014 34014 1 1 302210 0
34015 34015 1 1 302307 0
34016 34016 1 1 302404 0
34017 34017 1 1 302501 0
34018 34018 1 1 302598 0
34019 34019 1 1 302695 0
34020 34020 1 1 302792 0
34021 34021 1 1 302889 0
34022 34022 1 1 302986 0
34023 34023 1 1 303083 0
34024 34024 1 1 303180 0
34025 34025 1 1 303277 0
34026 34026 1 1 303374 0
34027 34027 1 1 303471 0
34028 34028 1 1 303568 0
34029 34029 1 1 303665 0
34030 34030 1 1 303762 0
34031 34031 1 1 303859 0
34032 34032 1 1 303956 0
34033 34033 1 1 304053 0
34034 34034 1 1 304150 0
34035 34035 1 1 304247 0
34036 34036 1 1 304344 0
34037 34037 1 1 304441 0
34038 34038 1 1 304538 0
34039 34039 1 1 304635 0
34040 34040 1 1 304732 0
34041 34041 1 1 304829 0
34042 34042 1 1 304926 0
34043 34043 1 1 305023 0
34044 34044 1 1 305120 0
34045 34045 1 1 305217 0
34046 34046 1 1 305314 0
34047 34047 1 1 305411 0
34048 34048 1 1 305508 0
34049 34049 1 1 305605 0
34050 34050 1 1 305702 0
34051 34051 1 1 305799 0
34052 34052 1 1 305896 0
34053 34053 1 1 305993 0
34054 34054 1 1 306090 0
34055 34055 1 1 306187 0
34056 34056 1 1 306284 0
34057 34057 1 1 306381 0
34058 34058 1 1 306478 0
34059 34059 1 1 306575 0
34060 34060 1 1 306672 0
34061 34061 1 1 306769 0
34062 34062 1 1 306866 0
34063 34063 1 1 306963 0
34064 34064 1 1 307060 0
34065 34065 1 1 307157 0
34066 34066 1 1 307254 0
34067 34067 1 1 307351 0
34068 34068 1 1 307448 0
34069 34069 1 1 307545 0
34070 34070 1 1 307642 0
34071 34071 1 1 307739 0
34072 34072 1 1 307836 0
34073 34073 1 1 307933 0
34074 34074 1 1 308030 0
34075 34075 1 1 308127 0
34076 34076 1 1 308224 0
34077 34077 1 1 308321 0
34078 34078 1 1 308418 0
34079 34079 1 1 308515 0
34080 34080 1 1 308612 0
34081 34081 1 1 308709 0
34082 34082 1 1 308806 0
34083 34083 1 1 308903 0
34084 34084 1 1 309000 0
34085 34085 1 1 309097 0
34086 34086 1 1 309194 0
34087 34087 1 1 309291 0
34088 34088 1 1 309388 0
34089 34089 1 1 309485 0
34090 34090 1 1 309582 0
34091 34091 1 1 309679 0
34092 34092 1 1 309776 0
34093 34093 1 1 309873 0
34094 34094 1 1 309970 0
34095 34095 1 1 310067 0
34096 34096 1 1 310164 0
34097 34097 1 1 310261 0
34098 34098 1 1 310358 0
34099 34099 1 1 310455 0
34100 34100 1 1 310552 0
34101 34101 1 1 310649 0
34102 34102 1 1 310746 0
34103 34103 1 1 310843 0
34104 34104 1 1 310940 0
34105 34105 1 1 311037 0
34106 34106 1 1 311134 0
34107 34107 1 1 311231 0
34108 34108 1 1 311328 0
34109 34109 1 1 311425 0
34110 34110 1 1 311522 0
34111 34111 1 1 311619 0
34112 34112 1 1 311716 0
34113 34113 1 1 311813 0
34114 34114 1 1 311910 0
34115 34115 1 1 312007 0
34116 34116 1 1 312104 0
34117 34117 1 1 312201 0
34118 34118 1 1 312298 0
34119 34119 1 1 312395 0
34120 34120 1 1 312492 0
34121 34121 1 1 312589 0
34122 34122 1 1 312686 0
34123 34123 1 1 312783 0
34124 34124 1 1 312880 0
34125 34125 1 1 312977 0
34126 34126 1 1 313074 0
34127 34127 1 1 313171 0
34128 34128 1 1 313268 0
34129 34129 1 1 313365 0
34130 34130 1 1 313462 0
34131 34131 1 1 313559 0
34132 34132 1 1 313656 0
34133 34133 1 1 313753 0
34134 34134 1 1 313850 0
34135 34135 1 1 313947 0
34136 34136 1 1 314044 0
34137 34137 1 1 314141 0
34138 34138 1 1 314238 0
34139 34139 1 1 314335 0
34140 34140 1 1 314432 0
34141 34141 1 1 314529 0
34142 34142 1 1 314626 0
34143 34143 1 1 314723 0
34144 34144 1 1 314820 0
34145 34145 1 1 314917 0
34146 34146 1 1 315014 0
34147 34147 1 1 315111 0
34148 34148 1 1 315208 0
34149 34149 1 1 315305 0
34150 34150 1 1 315402 0
34151 34151 1 1 315499 0
34152 34152 1 1 315596 0
34153 34153 1 1 315693 0
34154 34154 1 1 315790 0
34155 34155 1 1 315887 0
34156 34156 1 1 315984 0
34157 34157 1 1 316081 0
34158 34158 1 1 316178 0
34159 34159 1 1 316275 0
34160 34160 1 1 316372 0
34161 34161 1 1 316469 0
34162 34162 1 1 316566 0
34163 34163 1 1 316663 0
34164 34164 1 1 316760 0
34165 34165 1 1 316857 0
34166 34166 1 1 316954 0
34167 34167 1 1 317051 0
34168 34168 1 1 317148 0
34169 34169 1 1 317245 0
34170 34170 1 1 317342 0
34171 34171 1 1 317439 0
34172 34172 1 1 317536 0
34173 34173 1 1 317633 0
34174 34174 1 1 317730 0
34175 34175 1 1 317827 0
34176 34176 1 1 317924 0
34177 34177 1 1 318021 0
34178 34178 1 1 318118 0
34179 34179 1 1 318215 0
34180 34180 1 1 318312 0
34181 34181 1 1 318409 0
34182 34182 1 1 318506 0
34183 34183 1 1 318603 0
34184 34184 1 1 318700 0
34185 34185 1 1 318797 0
34186 34186 1 1 318894 0
34187 34187 1 1 318991 0
34188 34188 1 1 319088 0
34189 34189 1 1 319185 0
34190 34190 1 1 319282 0
34191 34191 1 1 319379 0
34192 34192 1 1 319476 0
34193 34193 1 1 319573 0
34194 34194 1 1 319670 0
34195 34195 1 1 319767 0
34196 34196 1 1 319864 0
34197 34197 1 1 319961 0
34198 34198 1 1 320058 0
34199 34199 1 1 320155 0
34200 34200 1 1 320252 0
34201 34201 1 1 320349 0
34202 34202 1 1 320446 0
34203 34203 1 1 320543 0
34204 34204 1 1 320640 0
34205 34205 1 1 320737 0
34206 34206 1 1 320834 0
34207 34207 1 1 320931 0
34208 34208 1 1 321028 0
34209 34209 1 1 321125 0
34210 34210 1 1 321222 0
34211 34211 1 1 321319 0
34212 34212 1 1 321416 0
34213 34213 1 1 321513 0
34214 34214 1 1 321610 0
34215 34215 1 1 321707 0
34216 34216 1 1 321804 0
34217 34217 1 1 321901 0
34218 34218 1 1 321998 0
34219 34219 1 1 322095 0
34220 34220 1 1 322192 0
34221 34221 1 1 322289 0
34222 34222 1 1 322386 0
34223 34223 1 1 322483 0
34224 34224 1 1 322580 0
34225 34225 1 1 322677 0
34226 34226 1 1 322774 0
34227 34227 1 1 322871 0
34228 34228 1 1 322968 0
34229 34229 1 1 323065 0
34230 34230 1 1 323162 0
34231 34231 1 1 323259 0
34232 34232 1 1 323356 0
34233 34233 1 1 323453 0
34234 34234 1 1 323550 0
34235 34235 1 1 323647 0
34236 34236 1 1 323744 0
34237 34237 1 1 323841 0
34238 34238 1 1 323938 0
34239 34239 1 1 324035 0
34240 34240 1 1 324132 0
34241 34241 1 1 324229 0
34242 34242 1 1 324326 0
34243 34243 1 1 324423 0
34244 34244 1 1 324520 0
34245 34245 1 1 324617 0
34246 34246 1 1 324714 0
34247 34247 1 1 324811 0
34248 34248 1 1 324908 0
34249 34249 1 1 325005 0
34250 34250 1 1 325102 0
34251 34251 1 1 325199 0
34252 34252 1 1 325296 0
34253 34253 1 1 325393 0
34254 34254 1 1 325490 0
34255 34255 1 1 325587 0
34256 34256 1 1 325684 0
34257 34257 1 1 325781 0
34258 34258 1 1 325878 0
34259 34259 1 1 325975 0
34260 34260 1 1 326072 0
34261 34261 1 1 326169 0
34262 34262 1 1 326266 0
34263 34263 1 1 326363 0
34264 34264 1 1 326460 0
34265 34265 1 1 326557 0
34266 34266 1 1 326654 0
34267 34267 1 1 326751 0
34268 34268 1 1 326848 0
34269 34269 1 1 326945 0
34270 34270 1 1 327042 0
34271 34271 1 1 327139 0
34272 34272 1 1 327236 0
34273 34273 1 1 327333 0
34274 34274 1 1 327430 0
34275 34275 1 1 327527 0
34276 34276 1 1 327624 0
34277 34277 1 1 327721 0
34278 34278 1 1 327818 0
34279 34279 1 1 327915 0
34280 34280 1 1 328012 0
34281 34281 1 1 328109 0
34282 34282 1 1 328206 0
34283 34283 1 1 328303 0
34284 34284 1 1 328400 0
34285 34285 1 1 328497 0
34286 34286 1 1 328594 0
34287 34287 1 1 328691 0
34288 34288 1 1 328788 0
34289 34289 1 1 328885 0
34290 34290 1 1 328982 0
34291 34291 1 1 329079 0
34292 34292 1 1 329176 0
34293 34293 1 1 329273 0
34294 34294 1 1 329370 0
34295 34295 1 1 329467 0
34296 34296 1 1 329564 0
34297 34297 1 1 329661 0
34298 34298 1 1 329758 0
34299 34299 1 1 329855 0
34300 34300 1 1 329952 0
34301 34301 1 1 330049 0
34302 34302 1 1 330146 0
34303 34303 1 1 330243 0
34304 34304 1 1 330340 0
34305 34305 1 1 330437 0
34306 34306 1 1 330534 0
34307 34307 1 1 330631 0
34308 34308 1 1 330728 0
34309 34309 1 1 330825 0
34310 34310 1 1 330922 0
34311 34311 1 1 331019 0
34312 34312 1 1 331116 0
34313 34313 1 1 331213 0
34314 34314 1 1 331310 0
34315 34315 1 1 331407 0
34316 34316 1 1 331504 0
34317 34317 1 1 331601 0
34318 34318 1 1 331698 0
34319 34319 1 1 331795 0
34320 34320 1 1 331892 0
34321 34321 1 1 331989 0
34322 34322 1 1 332086 0
34323 34323 1 1 332183 0
34324 34324 1 1 332280 0
34325 34325 1 1 332377 0
34326 34326 1 1 332474 0
34327 34327 1 1 332571 0
34328 34328 1 1 332668 0
34329 34329 1 1 332765 0
34330 34330 1 1 332862 0
34331 34331 1 1 332959 0
34332 34332 1 1 333056 0
34333 34333 1 1 333153 0
34334 34334 1 1 333250 0
34335 34335 1 1 333347 0
34336 34336 1 1 333444 0
34337 34337 1 1 333541 0
34338 34338 1 1 333638 0
34339 34339 1 1 333735 0
34340 34340 1 1 333832 0
34341 34341 1 1 333929 0
34342 34342 1 1 334026 0
34343 34343 1 1 334123 0
34344 34344 1 1 334220 0
34345 34345 1 1 334317 0
34346 34346 1 1 334414 0
34347 34347 1 1 334511 0
34348 34348 1 1 334608 0
34349 34349 1 1 334705 0
34350 34350 1 1 334802 0
34351 34351 1 1 334899 0
34352 34352 1 1 334996 0
34353 34353 1 1 335093 0
34354 34354 1 1 335190 0
34355 34355 1 1 335287 0
34356 34356 1 1 335384 0
34357 34357 1 1 335481 0
34358 34358 1 1 335578 0
34359 34359 1 1 335675 0
34360 34360 1 1 335772 0
34361 34361 1 1 335869 0
34362 34362 1 1 335966 0
34363 34363 1 1 336063 0
34364 34364 1 1 336160 0
34365 34365 1 1 336257 0
34366 34366 1 1 336354 0
34367 34367 1 1 336451 0
34368 34368 1 1 336548 0
34369 34369 1 1 336645 0
34370 34370 1 1 336742 0
34371 34371 1 1 336839 0
34372 34372 1 1 336936 0
34373 34373 1 1 337033 0
34374 34374 1 1 337130 0
34375 34375 1 1 337227 0
34376 34376 1 1 337324 0
34377 34377 1 1 337421 0
34378 34378 1 1 337518 0
34379 34379 1 1 337615 0
34380 34380 1 1 337712 0
34381 34381 1 1 337809 0
34382 34382 1 1 337906 0
34383 34383 1 1 338003 0
34384 34384 1 1 338100 0
34385 34385 1 1 338197 0
34386 34386 1 1 338294 0
34387 34387 1 1 338391 0
34388 34388 1 1 338488 0
34389 34389 1 1 338585 0
34390 34390 1 1 338682 0
34391 34391 1 1 338779 0
34392 34392 1 1 338876 0
34393 34393 1 1 338973 0
34394 34394 1 1 339070 0
34395 34395 1 1 339167 0
34396 34396 1 1 339264 0
34397 34397 1 1 339361 0
34398 34398 1 1 339458 0
34399 34399 1 1 339555 0
34400 34400 1 1 339652 0
34401 34401 1 1 339749 0
34402 34402 1 1 339846 0
34403 34403 1 1 339943 0
34404 34404 1 1 340040 0
34405 34405 1 1 340137 0
34406 34406 1 1 340234 0
34407 34407 1 1 340331 0
34408 34408 1 1 340428 0
34409 34409 1 1 340525 0
34410 34410 1 1 340622 0
34411 34411 1 1 340719 0
34412 34412 1 1 340816 0
34413 34413 1 1 340913 0
34414 34414 1 1 341010 0
34415 34415 1 1 341107 0
34416 34416 1 1 341204 0
34417 34417 1 1 341301 0
34418 34418 1 1 341398 0
34419 34419 1 1 341495 0
34420 34420 1 1 341592 0
34421 34421 1 1 341689 0
34422 34422 1 1 341786 0
34423 34423 1 1 341883 0
34424 34424 1 1 341980 0
34425 34425 1 1 342077 0
34426 34426 1 1 342174 0
34427 34427 1 1 342271 0
34428 34428 1 1 342368 0
34429 34429 1 1 342465 0
34430 34430 1 1 342562 0
34431 34431 1 1 342659 0
34432 34432 1 1 342756 0
34433 34433 1 1 342853 0
34434 34434 1 1 342950 0
34435 34435 1 1 343047 0
34436 34436 1 1 343144 0
34437 34437 1 1 343241 0
34438 34438 1 1 343338 0
34439 34439 1 1 343435 0
34440 34440 1 1 343532 0
34441 34441 1 1 343629 0
34442 34442 1 1 343726 0
34443 34443 1 1 343823 0
34444 34444 1 1 343920 0
34445 34445 1 1 344017 0
34446 34446 1 1 344114 0
34447 34447 1 1 344211 0
34448 34448 1 1 344308 0
34449 34449 1 1 344405 0
34450 34450 1 1 344502 0
34451 34451 1 1 344599 0
34452 34452 1 1 344696 0
34453 34453 1 1 344793 0
34454 34454 1 1 344890 0
34455 34455 1 1 344987 0
34456 34456 1 1 345084 0
34457 34457 1 1 345181 0
34458 34458 1 1 345278 0
34459 34459 1 1 345375 0
34460 34460 1 1 345472 0
34461 34461 1 1 345569 0
34462 34462 1 1 345666 0
34463 34463 1 1 345763 0
34464 34464 1 1 345860 0
34465 34465 1 1 345957 0
34466 34466 1 1 346054 0
34467 34467 1 1 346151 0
34468 34468 1 1 346248 0
34469 34469 1 1 346345 0
34470 34470 1 1 346442 0
34471 34471 1 1 346539 0
34472 34472 1 1 346636 0
34473 34473 1 1 346733 0
34474 34474 1 1 346830 0
34475 34475 1 1 346927 0
34476 34476 1 1 347024 0
34477 34477 1 1 347121 0
34478 34478 1 1 347218 0
34479 34479 1 1 347315 0
34480 34480 1 1 347412 0
34481 34481 1 1 347509 0
34482 34482 1 1 347606 0
34483 34483 1 1 347703 0
34484 34484 1 1 347800 0
34485 34485 1 1 347897 0
34486 34486 1 1 347994 0
34487 34487 1 1 348091 0
34488 34488 1 1 348188 0
34489 34489 1 1 348285 0
34490 34490 1 1 348382 0
34491 34491 1 1 348479 0
34492 34492 1 1 348576 0
34493 34493 1 1 348673 0
34494 34494 1 1 348770 0
34495 34495 1 1 348867 0
34496 34496 1 1 348964 0
34497 34497 1 1 349061 0
34498 34498 1 1 349158 0
34499 34499 1 1 349255 0
34500 34500 1 1 349352 0
34501 34501 1 1 349449 0
34502 34502 1 1 349546 0
34503 34503 1 1 349643 0
34504 34504 1 1 349740 0
34505 34505 1 1 349837 0
34506 34506 1 1 349934 0
34507 34507 1 1 350031 0
34508 34508 1 1 350128 0
34509 34509 1 1 350225 0
34510 34510 1 1 350322 0
34511 34511 1 1 350419 0
34512 34512 1 1 350516 0
34513 34513 1 1 350613 0
34514 34514 1 1 350710 0
34515 34515 1 1 350807 0
34516 34516 1 1 350904 0
34517 34517 1 1 351001 0
34518 34518 1 1 351098 0
34519 34519 1 1 351195 0
34520 34520 1 1 351292 0
34521 34521 1 1 351389 0
34522 34522 1 1 351486 0
34523 34523 1 1 351583 0
34524 34524 1 1 351680 0
34525 34525 1 1 351777 0
34526 34526 1 1 351874 0
34527 34527 1 1 351971 0
34528 34528 1 1 352068 0
34529 34529 1 1 352165 0
34530 34530 1 1 352262 0
34531 34531 1 1 352359 0
34532 34532 1 1 352456 0
34533 34533 1 1 352553 0
34534 34534 1 1 352650 0
34535 34535 1 1 352747 0
34536 34536 1 1 352844 0
34537 34537 1 1 352941 0
34538 34538 1 1 353038 0
34539 34539 1 1 353135 0
34540 34540 1 1 353232 0
34541 34541 1 1 353329 0
34542 34542 1 1 353426 0
34543 34543 1 1 353523 0
34544 34544 1 1 353620 0
34545 34545 1 1 353717 0
34546 34546 1 1 353814 0
34547 34547 1 1 353911 0
34548 34548 1 1 354008 0
34549 34549 1 1 354105 0
34550 34550 1 1 354202 0
34551 34551 1 1 354299 0
34552 34552 1 1 354396 0
34553 34553 1 1 354493 0
34554 34554 1 1 354590 0
34555 34555 1 1 354687 0
34556 34556 1 1 354784 0
34557 34557 1 1 354881 0
34558 34558 1 1 354978 0
34559 34559 1 1 355075 0
34560 34560 1 1 355172 0
34561 34561 1 1 355269 0
34562 34562 1 1 355366 0
34563 34563 1 1 355463 0
34564 34564 1 1 355560 0
34565 34565 1 1 355657 0
34566 34566 1 1 355754 0
34567 34567 1 1 355851 0
34568 34568 1 1 355948 0
34569 34569 1 1 356045 0
34570 34570 1 1 356142 0
34571 34571 1 1 356239 0
34572 34572 1 1 356336 0
34573 34573 1 1 356433 0
34574 34574 1 1 356530 0
34575 34575 1 1 356627 0
34576 34576 1 1 356724 0
34577 34577 1 1 356821 0
34578 34578 1 1 356918 0
34579 34579 1 1 357015 0
34580 34580 1 1 357112 0
34581 34581 1 1 357209 0
34582 34582 1 1 357306 0
34583 34583 1 1 357403 0
34584 34584 1 1 357500 0
34585 34585 1 1 357597 0
34586 34586 1 1 357694 0
34587 34587 1 1 357791 0
34588 34588 1 1 357888 0
34589 34589 1 1 357985 0
34590 34590 1 1 358082 0
34591 34591 1 1 358179 0
34592 34592 1 1 358276 0
34593 34593 1 1 358373 0
34594 34594 1 1 358470 0
34595 34595 1 1 358567 0
34596 34596 1 1 358664 0
34597 34597 1 1 358761 0
34598 34598 1 1 358858 0
34599 34599 1 1 358955 0
34600 34600 1 1 359052 0
34601 34601 1 1 359149 0
34602 34602 1 1 359246 0
34603 34603 1 1 359343 0
34604 34604 1 1 359440 0
34605 34605 1 1 359537 0
34606 34606 1 1 359634 0
34607 34607 1 1 359731 0
34608 34608 1 1 359828 0
34609 34609 1 1 359925 0
34610 34610 1 1 360022 0
34611 34611 1 1 360119 0
34612 34612 1 1 360216 0
34613 34613 1 1 360313 0
34614 34614 1 1 360410 0
34615 34615 1 1 360507 0
34616 34616 1 1 360604 0
34617 34617 1 1 360701 0
34618 34618 1 1 360798 0
34619 34619 1 1 360895 0
34620 34620 1 1 360992 0
34621 34621 1 1 361089 0
34622 34622 1 1 361186 0
34623 34623 1 1 361283 0
34624 34624 1 1 361380 0
34625 34625 1 1 361477 0
34626 34626 1 1 361574 0
34627 34627 1 1 361671 0
34628 34628 1 1 361768 0
34629 34629 1 1 361865 0
34630 34630 1 1 361962 0
34631 34631 1 1 362059 0
34632 34632 1 1 362156 0
34633 34633 1 1 362253 0
34634 34634 1 1 362350 0
34635 34635 1 1 362447 0
34636 34636 1 1 362544 0
34637 34637 1 1 362641 0
34638 34638 1 1 362738 0
34639 34639 1 1 362835 0
34640 34640 1 1 362932 0
34641 34641 1 1 363029 0
34642 34642 1 1 363126 0
34643 34643 1 1 363223 0
34644 34644 1 1 363320 0
34645 34645 1 1 363417 0
34646 34646 1 1 363514 0
34647 34647 1 1 363611 0
34648 34648 1 1 363708 0
34649 34649 1 1 363805 0
34650 34650 1 1 363902 0
34651 34651 1 1 363999 0
34652 34652 1 1 364096 0
34653 34653 1 1 364193 0
34654 34654 1 1 364290 0
34655 34655 1 1 364387 0
34656 34656 1 1 364484 0
34657 34657 1 1 364581 0
34658 34658 1 1 364678 0
34659 34659 1 1 364775 0
34660 34660 1 1 364872 0
34661 34661 1 1 364969 0
34662 34662 1 1 365066 0
34663 34663 1 1 365163 0
34664 34664 1 1 365260 0
34665 34665 1 1 365357 0
34666 34666 1 1 365454 0
34667 34667 1 1 365551 0
34668 34668 1 1 365648 0
34669 34669 1 1 365745 0
34670 34670 1 1 365842 0
34671 34671 1 1 365939 0
34672 34672 1 1 366036 0
34673 34673 1 1 366133 0
34674 34674 1 1 366230 0
34675 34675 1 1 366327 0
34676 34676 1 1 366424 0
34677 34677 1 1 366521 0
34678 34678 1 1 366618 0
34679 34679 1 1 366715 0
34680 34680 1 1 366812 0
34681 34681 1 1 366909 0
34682 34682 1 1 367006 0
34683 34683 1 1 367103 0
34684 34684 1 1 367200 0
34685 34685 1 1 367297 0
34686 34686 1 1 367394 0
34687 34687 1 1 367491 0
34688 34688 1 1 367588 0
34689 34689 1 1 367685 0
34690 34690 1 1 367782 0
34691 34691 1 1 367879 0
34692 34692 1 1 367976 0
34693 34693 1 1 368073 0
34694 34694 1 1 368170 0
34695 34695 1 1 368267 0
34696 34696 1 1 368364 0
34697 34697 1 1 368461 0
34698 34698 1 1 368558 0
34699 34699 1 1 368655 0
34700 34700 1 1 368752 0
34701 34701 1 1 368849 0
34702 34702 1 1 368946 0
34703 34703 1 1 369043 0
34704 34704 1 1 369140 0
34705 34705 1 1 369237 0
34706 34706 1 1 369334 0
34707 34707 1 1 369431 0
34708 34708 1 1 369528 0
34709 34709 1 1 369625 0
34710 34710 1 1 369722 0
34711 34711 1 1 369819 0
34712 34712 1 1 369916 0
34713 34713 1 1 370013 0
34714 34714 1 1 370110 0
34715 34715 1 1 370207 0
34716 34716 1 1 370304 0
34717 34717 1 1 370401 0
34718 34718 1 1 370498 0
34719 34719 1 1 370595 0
34720 34720 1 1 370692 0
34721 34721 1 1 370789 0
34722 34722 1 1 370886 0
34723 34723 1 1 370983 0
34724 34724 1 1 371080 0
34725 34725 1 1 371177 0
34726 34726 1 1 371274 0
34727 34727 1 1 371371 0
34728 34728 1 1 371468 0
34729 34729 1 1 371565 0
34730 34730 1 1 371662 0
34731 34731 1 1 371759 0
34732 34732 1 1 371856 0
34733 34733 1 1 371953 0
34734 34734 1 1 372050 0
34735 34735 1 1 372147 0
34736 34736 1 1 372244 0
34737 34737 1 1 372341 0
34738 34738 1 1 372438 0
34739 34739 1 1 372535 0
34740 34740 1 1 372632 0
34741 34741 1 1 372729 0
34742 34742 1 1 372826 0
34743 34743 1 1 372923 0
34744 34744 1 1 373020 0
34745 34745 1 1 373117 0
34746 34746 1 1 373214 0
34747 34747 1 1 373311 0
34748 34748 1 1 373408 0
34749 34749 1 1 373505 0
34750 34750 1 1 373602 0
34751 34751 1 1 373699 0
34752 34752 1 1 373796 0
34753 34753 1 1 373893 0
34754 34754 1 1 373990 0
34755 34755 1 1 374087 0
34756 34756 1 1 374184 0
34757 34757 1 1 374281 0
34758 34758 1 1 374378 0
34759 34759 1 1 374475 0
34760 34760 1 1 374572 0
34761 34761 1 1 374669 0
34762 34762 1 1 374766 0
34763 34763 1 1 374863 0
34764 34764 1 1 374960 0
34765 34765 1 1 375057 0
34766 34766 1 1 375154 0
34767 34767 1 1 375251 0
34768 34768 1 1 375348 0
34769 34769 1 1 375445 0
34770 34770 1 1 375542 0
34771 34771 1 1 375639 0
34772 34772 1 1 375736 0
34773 34773 1 1 375833 0
34774 34774 1 1 375930 0
34775 34775 1 1 376027 0
34776 34776 1 1 376124 0
34777 34777 1 1 376221 0
34778 34778 1 1 376318 0
34779 34779 1 1 376415 0
34780 34780 1 1 376512 0
34781 34781 1 1 376609 0
34782 34782 1 1 376706 0
34783 34783 1 1 376803 0
34784 34784 1 1 376900 0
34785 34785 1 1 376997 0
34786 34786 1 1 377094 0
34787 34787 1 1 377191 0
34788 34788 1 1 377288 0
34789 34789 1 1 377385 0
34790 34790 1 1 377482 0
34791 34791 1 1 377579 0
34792 34792 1 1 377676 0
34793 34793 1 1 377773 0
34794 34794 1 1 377870 0
34795 34795 1 1 377967 0
34796 34796 1 1 378064 0
34797 34797 1 1 378161 0
34798 34798 1 1 378258 0
34799 34799 1 1 378355 0
34800 34800 1 1 378452 0
34801 34801 1 1 378549 0
34802 34802 1 1 378646 0
34803 34803 1 1 378743 0
34804 34804 1 1 378840 0
34805 34805 1 1 378937 0
34806 34806 1 1 379034 0
34807 34807 1 1 379131 0
34808 34808 1 1 379228 0
34809 34809 1 1 379325 0
34810 34810 1 1 379422 0
34811 34811 1 1 379519 0
34812 34812 1 1 379616 0
34813 34813 1 1 379713 0
34814 34814 1 1 379810 0
34815 34815 1 1 379907 0
34816 34816 1 1 380004 0
34817 34817 1 1 380101 0
34818 34818 1 1 380198 0
34819 34819 1 1 380295 0
34820 34820 1 1 380392 0
34821 34821 1 1 380489 0
34822 34822 1 1 380586 0
34823 34823 1 1 380683 0
34824 34824 1 1 380780 0
34825 34825 1 1 380877 0
34826 34826 1 1 380974 0
34827 34827 1 1 381071 0
34828 34828 1 1 381168 0
34829 34829 1 1 381265 0
34830 34830 1 1 381362 0
34831 34831 1 1 381459 0
34832 34832 1 1 381556 0
34833 34833 1 1 381653 0
34834 34834 1 1 381750 0
34835 34835 1 1 381847 0
34836 34836 1 1 381944 0
34837 34837 1 1 382041 0
34838 34838 1 1 382138 0
34839 34839 1 1 382235 0
34840 34840 1 1 382332 0
34841 34841 1 1 382429 0
34842 34842 1 1 382526 0
34843 34843 1 1 382623 0
34844 34844 1 1 382720 0
34845 34845 1 1 382817 0
34846 34846 1 1 382914 0
34847 34847 1 1 383011 0
34848 34848 1 1 383108 0
34849 34849 1 1 383205 0
34850 34850 1 1 383302 0
34851 34851 1 1 383399 0
34852 34852 1 1 383496 0
34853 34853 1 1 383593 0
34854 34854 1 1 383690 0
34855 34855 1 1 383787 0
34856 34856 1 1 383884 0
34857 34857 1 1 383981 0
34858 34858 1 1 384078 0
34859 34859 1 1 384175 0
34860 34860 1 1 384272 0
34861 34861 1 1 384369 0
34862 34862 1 1 384466 0
34863 34863 1 1 384563 0
34864 34864 1 1 384660 0
34865 34865 1 1 384757 0
34866 34866 1 1 384854 0
34867 34867 1 1 384951 0
34868 34868 1 1 385048 0
34869 34869 1 1 385145 0
34870 34870 1 1 385242 0
34871 34871 1 1 385339 0
34872 34872 1 1 385436 0
34873 34873 1 1 385533 0
34874 34874 1 1 385630 0
34875 34875 1 1 385727 0
34876 34876 1 1 385824 0
34877 34877 1 1 385921 0
34878 34878 1 1 386018 0
34879 34879 1 1 386115 0
34880 34880 1 1 386212 0
34881 34881 1 1 386309 0
34882 34882 1 1 386406 0
34883 34883 1 1 386503 0
34884 34884 1 1 386600 0
34885 34885 1 1 386697 0
34886 34886 1 1 386794 0
34887 34887 1 1 386891 0
34888 34888 1 1 386988 0
34889 34889 1 1 387085 0
34890 34890 1 1 387182 0
34891 34891 1 1 387279 0
34892 34892 1 1 387376 0
34893 34893 1 1 387473 0
34894 34894 1 1 387570 0
34895 34895 1 1 387667 0
34896 34896 1 1 387764 0
34897 34897 1 1 387861 0
34898 34898 1 1 387958 0
34899 34899 1 1 388055 0
34900 34900 1 1 388152 0
34901 34901 1 1 388249 0
34902 34902 1 1 388346 0
34903 34903 1 1 388443 0
34904 34904 1 1 388540 0
34905 34905 1 1 388637 0
34906 34906 1 1 388734 0
34907 34907 1 1 388831 0
34908 34908 1 1 388928 0
34909 34909 1 1 389025 0
34910 34910 1 1 389122 0
34911 34911 1 1 389219 0
34912 34912 1 1 389316 0
34913 34913 1 1 389413 0
34914 34914 1 1 389510 0
34915 34915 1 1 389607 0
34916 34916 1 1 389704 0
34917 34917 1 1 389801 0
34918 34918 1 1 389898 0
34919 34919 1 1 389995 0
34920 34920 1 1 390092 0
34921 34921 1 1 390189 0
34922 34922 1 1 390286 0
34923 34923 1 1 390383 0
34924 34924 1 1 390480 0
34925 34925 1 1 390577 0
34926 34926 1 1 390674 0
34927 34927 1 1 390771 0
34928 34928 1 1 390868 0
34929 34929 1 1 390965 0
34930 34930 1 1 391062 0
34931 34931 1 1 391159 0
34932 34932 1 1 391256 0
34933 34933 1 1 391353 0
34934 34934 1 1 391450 0
34935 34935 1 1 391547 0
34936 34936 1 1 391644 0
34937 34937 1 1 391741 0
34938 34938 1 1 391838 0
34939 34939 1 1 391935 0
34940 34940 1 1 392032 0
34941 34941 1 1 392129 0
34942 34942 1 1 392226 0
34943 34943 1 1 392323 0
34944 34944 1 1 392420 0
34945 34945 1 1 392517 0
34946 34946 1 1 392614 0
34947 34947 1 1 392711 0
34948 34948 1 1 392808 0
34949 34949 1 1 392905 0
34950 34950 1 1 393002 0
34951 34951 1 1 393099 0
34952 34952 1 1 393196 0
34953 34953 1 1 393293 0
34954 34954 1 1 393390 0
34955 34955 1 1 393487 0
34956 34956 1 1 393584 0
34957 34957 1 1 393681 0
34958 34958 1 1 393778 0
34959 34959 1 1 393875 0
34960 34960 1 1 393972 0
34961 34961 1 1 394069 0
34962 34962 1 1 394166 0
34963 34963 1 1 394263 0
34964 34964 1 1 394360 0
34965 34965 1 1 394457 0
34966 34966 1 1 394554 0
34967 34967 1 1 394651 0
34968 34968 1 1 394748 0
34969 34969 1 1 394845 0
34970 34970 1 1 394942 0
34971 34971 1 1 395039 0
34972 34972 1 1 395136 0
34973 34973 1 1 395233 0
34974 34974 1 1 395330 0
34975 34975 1 1 395427 0
34976 34976 1 1 395524 0
34977 34977 1 1 395621 0
34978 34978 1 1 395718 0
34979 34979 1 1 395815 0
34980 34980 1 1 395912 0
34981 34981 1 1 396009 0
34982 34982 1 1 396106 0
34983 34983 1 1 396203 0
34984 34984 1 1 396300 0
34985 34985 1 1 396397 0
34986 34986 1 1 396494 0
34987 34987 1 1 396591 0
34988 34988 1 1 396688 0
34989 34989 1 1 396785 0
34990 34990 1 1 396882 0
34991 34991 1 1 396979 0
34992 34992 1 1 397076 0
34993 34993 1 1 397173 0
34994 34994 1 1 397270 0
34995 34995 1 1 397367 0
34996 34996 1 1 397464 0
34997 34997 1 1 397561 0
34998 34998 1 1 397658 0
34999 34999 1 1 397755 0
35000 35000 1 1 397852 0
35001 35001 1 1 397949 0
35002 35002 1 1 398046 0
35003 35003 1 1 398143 0
35004 35004 1 1 398240 0
35005 35005 1 1 398337 0
35006 35006 1 1 398434 0
35007 35007 1 1 398531 0
35008 35008 1 1 398628 0
35009 35009 1 1 398725 0
35010 35010 1 1 398822 0
35011 35011 1 1 398919 0
35012 35012 1 1 399016 0
35013 35013 1 1 399113 0
35014 35014 1 1 399210 0
35015 35015 1 1 399307 0
35016 35016 1 1 399404 0
35017 35017 1 1 399501 0
35018 35018 1 1 399598 0
35019 35019 1 1 399695 0
35020 35020 1 1 399792 0
35021 35021 1 1 399889 0
35022 35022 1 1 399986 0
35023 35023 1 1 400083 0
35024 35024 1 1 400180 0
35025 35025 1 1 400277 0
35026 35026 1 1 400374 0
35027 35027 1 1 400471 0
35028 35028 1 1 400568 0
35029 35029 1 1 400665 0
35030 35030 1 1 400762 0
35031 35031 1 1 400859 0
35032 35032 1 1 400956 0
35033 35033 1 1 401053 0
35034 35034 1 1 401150 0
35035 35035 1 1 401247 0
35036 35036 1 1 401344 0
35037 35037 1 1 401441 0
35038 35038 1 1 401538 0
35039 35039 1 1 401635 0
35040 35040 1 1 401732 0
35041 35041 1 1 401829 0
35042 35042 1 1 401926 0
35043 35043 1 1 402023 0
35044 35044 1 1 402120 0
35045 35045 1 1 402217 0
35046 35046 1 1 402314 0
35047 35047 1 1 402411 0
35048 35048 1 1 402508 0
35049 35049 1 1 402605 0
35050 35050 1 1 402702 0
35051 35051 1 1 402799 0
35052 35052 1 1 402896 0
35053 35053 1 1 402993 0
35054 35054 1 1 403090 0
35055 35055 1 1 403187 0
35056 35056 1 1 403284 0
35057 35057 1 1 403381 0
35058 35058 1 1 403478 0
35059 35059 1 1 403575 0
35060 35060 1 1 403672 0
35061 35061 1 1 403769 0
35062 35062 1 1 403866 0
35063 35063 1 1 403963 0
35064 35064 1 1 404060 0
35065 35065 1 1 404157 0
35066 35066 1 1 404254 0
35067 35067 1 1 404351 0
35068 35068 1 1 404448 0
35069 35069 1 1 404545 0
35070 35070 1 1 404642 0
35071 35071 1 1 404739 0
35072 35072 1 1 404836 0
35073 35073 1 1 404933 0
35074 35074 1 1 405030 0
35075 35075 1 1 405127 0
35076 35076 1 1 405224 0
35077 35077 1 1 405321 0
35078 35078 1 1 405418 0
35079 35079 1 1 405515 0
35080 35080 1 1 405612 0
35081 35081 1 1 405709 0
35082 35082 1 1 405806 0
35083 35083 1 1 405903 0
35084 35084 1 1 406000 0
35085 35085 1 1 406097 0
35086 35086 1 1 406194 0
35087 35087 1 1 406291 0
35088 35088 1 1 406388 0
35089 35089 1 1 406485 0
35090 35090 1 1 406582 0
35091 35091 1 1 406679 0
35092 35092 1 1 406776 0
35093 35093 1 1 406873 0
35094 35094 1 1 406970 0
35095 35095 1 1 407067 0
35096 35096 1 1 407164 0
35097 35097 1 1 407261 0
35098 35098 1 1 407358 0
35099 35099 1 1 407455 0
35100 35100 1 1 407552 0
35101 35101 1 1 407649 0
35102 35102 1 1 407746 0
35103 35103 1 1 407843 0
35104 35104 1 1 407940 0
35105 35105 1 1 408037 0
35106 35106 1 1 408134 0
35107 35107 1 1 408231 0
35108 35108 1 1 408328 0
35109 35109 1 1 408425 0
35110 35110 1 1 408522 0
35111 35111 1 1 408619 0
35112 35112 1 1 408716 0
35113 35113 1 1 408813 0
35114 35114 1 1 408910 0
35115 35115 1 1 409007 0
35116 35116 1 1 409104 0
35117 35117 1 1 409201 0
35118 35118 1 1 409298 0
35119 35119 1 1 409395 0
35120 35120 1 1 409492 0
35121 35121 1 1 409589 0
35122 35122 1 1 409686 0
35123 35123 1 1 409783 0
35124 35124 1 1 409880 0
35125 35125 1 1 409977 0
35126 35126 1 1 410074 0
35127 35127 1 1 410171 0
35128 35128 1 1 410268 0
35129 35129 1 1 410365 0
35130 35130 1 1 410462 0
35131 35131 1 1 410559 0
35132 35132 1 1 410656 0
35133 35133 1 1 410753 0
35134 35134 1 1 410850 0
35135 35135 1 1 410947 0
35136 35136 1 1 411044 0
35137 35137 1 1 411141 0
35138 35138 1 1 411238 0
35139 35139 1 1 411335 0
35140 35140 1 1 411432 0
35141 35141 1 1 411529 0
35142 35142 1 1 411626 0
35143 35143 1 1 411723 0
35144 35144 1 1 411820 0
35145 35145 1 1 411917 0
35146 35146 1 1 412014 0
35147 35147 1 1 412111 0
35148 35148 1 1 412208 0
35149 35149 1 1 412305 0
35150 35150 1 1 412402 0
35151 35151 1 1 412499 0
35152 35152 1 1 412596 0
35153 35153 1 1 412693 0
35154 35154 1 1 412790 0
35155 35155 1 1 412887 0
35156 35156 1 1 412984 0
35157 35157 1 1 413081 0
35158 35158 1 1 413178 0
35159 35159 1 1 413275 0
35160 35160 1 1 413372 0
35161 35161 1 1 413469 0
35162 35162 1 1 413566 0
35163 35163 1 1 413663 0
35164 35164 1 1 413760 0
35165 35165 1 1 413857 0
35166 35166 1 1 413954 0
35167 35167 1 1 414051 0
35168 35168 1 1 414148 0
35169 35169 1 1 414245 0
35170 35170 1 1 414342 0
35171 35171 1 1 414439 0
35172 35172 1 1 414536 0
35173 35173 1 1 414633 0
35174 35174 1 1 414730 0
35175 35175 1 1 414827 0
35176 35176 1 1 414924 0
35177 35177 1 1 415021 0
35178 35178 1 1 415118 0
35179 35179 1 1 415215 0
35180 35180 1 1 415312 0
35181 35181 1 1 415409 0
35182 35182 1 1 415506 0
35183 35183 1 1 415603 0
35184 35184 1 1 415700 0
35185 35185 1 1 415797 0
35186 35186 1 1 415894 0
35187 35187 1 1 415991 0
35188 35188 1 1 416088 0
35189 35189 1 1 416185 0
35190 35190 1 1 416282 0
35191 35191 1 1 416379 0
35192 35192 1 1 416476 0
35193 35193 1 1 416573 0
35194 35194 1 1 416670 0
35195 35195 1 1 416767 0
35196 35196 1 1 416864 0
35197 35197 1 1 416961 0
35198 35198 1 1 417058 0
35199 35199 1 1 417155 0
35200 35200 1 1 417252 0
35201 35201 1 1 417349 0
35202 35202 1 1 417446 0
35203 35203 1 1 417543 0
35204 35204 1 1 417640 0
35205 35205 1 1 417737 0
35206 35206 1 1 417834 0
35207 35207 1 1 417931 0
35208 35208 1 1 418028 0
35209 35209 1 1 418125 0
35210 35210 1 1 418222 0
35211 35211 1 1 418319 0
35212 35212 1 1 418416 0
35213 35213 1 1 418513 0
35214 35214 1 1 418610 0
35215 35215 1 1 418707 0
35216 35216 1 1 418804 0
35217 35217 1 1 418901 0
35218 35218 1 1 418998 0
35219 35219 1 1 419095 0
35220 35220 1 1 419192 0
35221 35221 1 1 419289 0
35222 35222 1 1 419386 0
35223 35223 1 1 419483 0
35224 35224 1 1 419580 0
35225 35225 1 1 419677 0
35226 35226 1 1 419774 0
35227 35227 1 1 419871 0
35228 35228 1 1 419968 0
35229 35229 1 1 420065 0
35230 35230 1 1 420162 0
35231 35231 1 1 420259 0
35232 35232 1 1 420356 0
35233 35233 1 1 420453 0
35234 35234 1 1 420550 0
35235 35235 1 1 420647 0
35236 35236 1 1 420744 0
35237 35237 1 1 420841 0
35238 35238 1 1 420938 0
35239 35239 1 1 421035 0
35240 35240 1 1 421132 0
35241 35241 1 1 421229 0
35242 35242 1 1 421326 0
35243 35243 1 1 421423 0
35244 35244 1 1 421520 0
35245 35245 1 1 421617 0
35246 35246 1 1 421714 0
35247 35247 1 1 421811 0
35248 35248 1 1 421908 0
35249 35249 1 1 422005 0
35250 35250 1 1 422102 0
35251 35251 1 1 422199 0
35252 35252 1 1 422296 0
35253 35253 1 1 422393 0
35254 35254 1 1 422490 0
35255 35255 1 1 422587 0
35256 35256 1 1 422684 0
35257 35257 1 1 422781 0
35258 35258 1 1 422878 0
35259 35259 1 1 422975 0
35260 35260 1 1 423072 0
35261 35261 1 1 423169 0
35262 35262 1 1 423266 0
35263 35263 1 1 423363 0
35264 35264 1 1 423460 0
35265 35265 1 1 423557 0
35266 35266 1 1 423654 0
35267 35267 1 1 423751 0
35268 35268 1 1 423848 0
35269 35269 1 1 423945 0
35270 35270 1 1 424042 0
35271 35271 1 1 424139 0
35272 35272 1 1 424236 0
35273 35273 1 1 424333 0
35274 35274 1 1 424430 0
35275 35275 1 1 424527 0
35276 35276 1 1 424624 0
35277 35277 1 1 424721 0
35278 35278 1 1 424818 0
35279 35279 1 1 424915 0
35280 35280 1 1 425012 0
35281 35281 1 1 425109 0
35282 35282 1 1 425206 0
35283 35283 1 1 425303 0
35284 35284 1 1 425400 0
35285 35285 1 1 425497 0
35286 35286 1 1 425594 0
35287 35287 1 1 425691 0
35288 35288 1 1 425788 0
35289 35289 1 1 425885 0
35290 35290 1 1 425982 0
35291 35291 1 1 426079 0
35292 35292 1 1 426176 0
35293 35293 1 1 426273 0
35294 35294 1 1 426370 0
35295 35295 1 1 426467 0
35296 35296 1 1 426564 0
35297 35297 1 1 426661 0
35298 35298 1 1 426758 0
35299 35299 1 1 426855 0
35300 35300 1 1 426952 0
35301 35301 1 1 427049 0
35302 35302 1 1 427146 0
35303 35303 1 1 427243 0
35304 35304 1 1 427340 0
35305 35305 1 1 427437 0
35306 35306 1 1 427534 0
35307 35307 1 1 427631 0
35308 35308 1 1 427728 0
35309 35309 1 1 427825 0
35310 35310 1 1 427922 0
35311 35311 1 1 428019 0
35312 35312 1 1 428116 0
35313 35313 1 1 428213 0
35314 35314 1 1 428310 0
35315 35315 1 1 428407 0
35316 35316 1 1 428504 0
35317 35317 1 1 428601 0
35318 35318 1 1 428698 0
35319 35319 1 1 428795 0
35320 35320 1 1 428892 0
35321 35321 1 1 428989 0
35322 35322 1 1 429086 0
35323 35323 1 1 429183 0
35324 35324 1 1 429280 0
35325 35325 1 1 429377 0
35326 35326 1 1 429474 0
35327 35327 1 1 429571 0
35328 35328 1 1 429668 0
35329 35329 1 1 429765 0
35330 35330 1 1 429862 0
35331 35331 1 1 429959 0
35332 35332 1 1 430056 0
35333 35333 1 1 430153 0
35334 35334 1 1 430250 0
35335 35335 1 1 430347 0
35336 35336 1 1 430444 0
35337 35337 1 1 430541 0
35338 35338 1 1 430638 0
35339 35339 1 1 430735 0
35340 35340 1 1 430832 0
35341 35341 1 1 430929 0
35342 35342 1 1 431026 0
35343 35343 1 1 431123 0
35344 35344 1 1 431220 0
35345 35345 1 1 431317 0
35346 35346 1 1 431414 0
35347 35347 1 1 431511 0
35348 35348 1 1 431608 0
35349 35349 1 1 431705 0
35350 35350 1 1 431802 0
35351 35351 1 1 431899 0
35352 35352 1 1 431996 0
35353 35353 1 1 432093 0
35354 35354 1 1 432190 0
35355 35355 1 1 432287 0
35356 35356 1 1 432384 0
35357 35357 1 1 432481 0
35358 35358 1 1 432578 0
35359 35359 1 1 432675 0
35360 35360 1 1 432772 0
35361 35361 1 1 432869 0
35362 35362 1 1 432966 0
35363 35363 1 1 433063 0
35364 35364 1 1 433160 0
35365 35365 1 1 433257 0
35366 35366 1 1 433354 0
35367 35367 1 1 433451 0
35368 35368 1 1 433548 0
35369 35369 1 1 433645 0
35370 35370 1 1 433742 0
35371 35371 1 1 433839 0
35372 35372 1 1 433936 0
35373 35373 1 1 434033 0
35374 35374 1 1 434130 0
35375 35375 1 1 434227 0
35376 35376 1 1 434324 0
35377 35377 1 1 434421 0
35378 35378 1 1 434518 0
35379 35379 1 1 434615 0
35380 35380 1 1 434712 0
35381 35381 1 1 434809 0
35382 35382 1 1 434906 0
35383 35383 1 1 435003 0
35384 35384 1 1 435100 0
35385 35385 1 1 435197 0
35386 35386 1 1 435294 0
35387 35387 1 1 435391 0
35388 35388 1 1 435488 0
35389 35389 1 1 435585 0
35390 35390 1 1 435682 0
35391 35391 1 1 435779 0
35392 35392 1 1 435876 0
35393 35393 1 1 435973 0
35394 35394 1 1 436070 0
35395 35395 1 1 436167 0
35396 35396 1 1 436264 0
35397 35397 1 1 436361 0
35398 35398 1 1 436458 0
35399 35399 1 1 436555 0
35400 35400 1 1 436652 0
35401 35401 1 1 436749 0
35402 35402 1 1 436846 0
35403 35403 1 1 436943 0
35404 35404 1 1 437040 0
35405 35405 1 1 437137 0
35406 35406 1 1 437234 0
35407 35407 1 1 437331 0
35408 35408 1 1 437428 0
35409 35409 1 1 437525 0
35410 35410 1 1 437622 0
35411 35411 1 1 437719 0
35412 35412 1 1 437816 0
35413 35413 1 1 437913 0
35414 35414 1 1 438010 0
35415 35415 1 1 438107 0
35416 35416 1 1 438204 0
35417 35417 1 1 438301 0
35418 35418 1 1 438398 0
35419 35419 1 1 438495 0
35420 35420 1 1 438592 0
35421 35421 1 1 438689 0
35422 35422 1 1 438786 0
35423 35423 1 1 438883 0
35424 35424 1 1 438980 0
35425 35425 1 1 439077 0
35426 35426 1 1 439174 0
35427 35427 1 1 439271 0
35428 35428 1 1 439368 0
35429 35429 1 1 439465 0
35430 35430 1 1 439562 0
35431 35431 1 1 439659 0
35432 35432 1 1 439756 0
35433 35433 1 1 439853 0
35434 35434 1 1 439950 0
35435 35435 1 1 440047 0
35436 35436 1 1 440144 0
35437 35437 1 1 440241 0
35438 35438 1 1 440338 0
35439 35439 1 1 440435 0
35440 35440 1 1 440532 0
35441 35441 1 1 440629 0
35442 35442 1 1 440726 0
35443 35443 1 1 440823 0
35444 35444 1 1 440920 0
35445 35445 1 1 441017 0
35446 35446 1 1 441114 0
35447 35447 1 1 441211 0
35448 35448 1 1 441308 0
35449 35449 1 1 441405 0
35450 35450 1 1 441502 0
35451 35451 1 1 441599 0
35452 35452 1 1 441696 0
35453 35453 1 1 441793 0
35454 35454 1 1 441890 0
35455 35455 1 1 441987 0
35456 35456 1 1 442084 0
35457 35457 1 1 442181 0
35458 35458 1 1 442278 0
35459 35459 1 1 442375 0
35460 35460 1 1 442472 0
35461 35461 1 1 442569 0
35462 35462 1 1 442666 0
35463 35463 1 1 442763 0
35464 35464 1 1 442860 0
35465 35465 1 1 442957 0
35466 35466 1 1 443054 0
35467 35467 1 1 443151 0
35468 35468 1 1 443248 0
35469 35469 1 1 443345 0
35470 35470 1 1 443442 0
35471 35471 1 1 443539 0
35472 35472 1 1 443636 0
35473 35473 1 1 443733 0
35474 35474 1 1 443830 0
35475 35475 1 1 443927 0
35476 35476 1 1 444024 0
35477 35477 1 1 444121 0
35478 35478 1 1 444218 0
35479 35479 1 1 444315 0
35480 35480 1 1 444412 0
35481 35481 1 1 444509 0
35482 35482 1 1 444606 0
35483 35483 1 1 444703 0
35484 35484 1 1 444800 0
35485 35485 1 1 444897 0
35486 35486 1 1 444994 0
35487 35487 1 1 445091 0
35488 35488 1 1 445188 0
35489 35489 1 1 445285 0
35490 35490 1 1 445382 0
35491 35491 1 1 445479 0
35492 35492 1 1 445576 0
35493 35493 1 1 445673 0
35494 35494 1 1 445770 0
35495 35495 1 1 445867 0
35496 35496 1 1 445964 0
35497 35497 1 1 446061 0
35498 35498 1 1 446158 0
35499 35499 1 1 446255 0
35500 35500 1 1 446352 0
35501 35501 1 1 446449 0
35502 35502 1 1 446546 0
35503 35503 1 1 446643 0
35504 35504 1 1 446740 0
35505 35505 1 1 446837 0
35506 35506 1 1 446934 0
35507 35507 1 1 447031 0
35508 35508 1 1 447128 0
35509 35509 1 1 447225 0
35510 35510 1 1 447322 0
35511 35511 1 1 447419 0
35512 35512 1 1 447516 0
35513 35513 1 1 447613 0
35514 35514 1 1 447710 0
35515 35515 1 1 447807 0
35516 35516 1 1 447904 0
35517 35517 1 1 448001 0
35518 35518 1 1 448098 0
35519 35519 1 1 448195 0
35520 35520 1 1 448292 0
35521 35521 1 1 448389 0
35522 35522 1 1 448486 0
35523 35523 1 1 448583 0
35524 35524 1 1 448680 0
35525 35525 1 1 448777 0
35526 35526 1 1 448874 0
35527 35527 1 1 448971 0
35528 35528 1 1 449068 0
35529 35529 1 1 449165 0
35530 35530 1 1 449262 0
35531 35531 1 1 449359 0
35532 35532 1 1 449456 0
35533 35533 1 1 449553 0
35534 35534 1 1 449650 0
35535 35535 1 1 449747 0
35536 35536 1 1 449844 0
35537 35537 1 1 449941 0
35538 35538 1 1 450038 0
35539 35539 1 1 450135 0
35540 35540 1 1 450232 0
35541 35541 1 1 450329 0
35542 35542 1 1 450426 0
35543 35543 1 1 450523 0
35544 35544 1 1 450620 0
35545 35545 1 1 450717 0
35546 35546 1 1 450814 0
35547 35547 1 1 450911 0
35548 35548 1 1 451008 0
35549 35549 1 1 451105 0
35550 35550 1 1 451202 0
35551 35551 1 1 451299 0
35552 35552 1 1 451396 0
35553 35553 1 1 451493 0
35554 35554 1 1 451590 0
35555 35555 1 1 451687 0
35556 35556 1 1 451784 0
35557 35557 1 1 451881 0
35558 35558 1 1 451978 0
35559 35559 1 1 452075 0
35560 35560 1 1 452172 0
35561 35561 1 1 452269 0
35562 35562 1 1 452366 0
35563 35563 1 1 452463 0
35564 35564 1 1 452560 0
35565 35565 1 1 452657 0
35566 35566 1 1 452754 0
35567 35567 1 1 452851 0
35568 35568 1 1 452948 0
35569 35569 1 1 453045 0
35570 35570 1 1 453142 0
35571 35571 1 1 453239 0
35572 35572 1 1 453336 0
35573 35573 1 1 453433 0
35574 35574 1 1 453530 0
35575 35575 1 1 453627 0
35576 35576 1 1 453724 0
35577 35577 1 1 453821 0
35578 35578 1 1 453918 0
35579 35579 1 1 454015 0
35580 35580 1 1 454112 0
35581 35581 1 1 454209 0
35582 35582 1 1 454306 0
35583 35583 1 1 454403 0
35584 35584 1 1 454500 0
35585 35585 1 1 454597 0
35586 35586 1 1 454694 0
35587 35587 1 1 454791 0
35588 35588 1 1 454888 0
35589 35589 1 1 454985 0
35590 35590 1 1 455082 0
35591 35591 1 1 455179 0
35592 35592 1 1 455276 0
35593 35593 1 1 455373 0
35594 35594 1 1 455470 0
35595 35595 1 1 455567 0
35596 35596 1 1 455664 0
35597 35597 1 1 455761 0
35598 35598 1 1 455858 0
35599 35599 1 1 455955 0
35600 35600 1 1 456052 0
35601 35601 1 1 456149 0
35602 35602 1 1 456246 0
35603 35603 1 1 456343 0
35604 35604 1 1 456440 0
35605 35605 1 1 456537 0
35606 35606 1 1 456634 0
35607 35607 1 1 456731 0
35608 35608 1 1 456828 0
35609 35609 1 1 456925 0
35610 35610 1 1 457022 0
35611 35611 1 1 457119 0
35612 35612 1 1 457216 0
35613 35613 1 1 457313 0
35614 35614 1 1 457410 0
35615 35615 1 1 457507 0
35616 35616 1 1 457604 0
35617 35617 1 1 457701 0
35618 35618 1 1 457798 0
35619 35619 1 1 457895 0
35620 35620 1 1 457992 0
35621 35621 1 1 458089 0
35622 35622 1 1 458186 0
35623 35623 1 1 458283 0
35624 35624 1 1 458380 0
35625 35625 1 1 458477 0
35626 35626 1 1 458574 0
35627 35627 1 1 458671 0
35628 35628 1 1 458768 0
35629 35629 1 1 458865 0
35630 35630 1 1 458962 0
35631 35631 1 1 459059 0
35632 35632 1 1 459156 0
35633 35633 1 1 459253 0
35634 35634 1 1 459350 0
35635 35635 1 1 459447 0
35636 35636 1 1 459544 0
35637 35637 1 1 459641 0
35638 35638 1 1 459738 0
35639 35639 1 1 459835 0
35640 35640 1 1 459932 0
35641 35641 1 1 460029 0
35642 35642 1 1 460126 0
35643 35643 1 1 460223 0
35644 35644 1 1 460320 0
35645 35645 1 1 460417 0
35646 35646 1 1 460514 0
35647 35647 1 1 460611 0
35648 35648 1 1 460708 0
35649 35649 1 1 460805 0
35650 35650 1 1 460902 0
35651 35651 1 1 460999 0
35652 35652 1 1 461096 0
35653 35653 1 1 461193 0
35654 35654 1 1 461290 0
35655 35655 1 1 461387 0
35656 35656 1 1 461484 0
35657 35657 1 1 461581 0
35658 35658 1 1 461678 0
35659 35659 1 1 461775 0
35660 35660 1 1 461872 0
35661 35661 1 1 461969 0
35662 35662 1 1 462066 0
35663 35663 1 1 462163 0
35664 35664 1 1 462260 0
35665 35665 1 1 462357 0
35666 35666 1 1 462454 0
35667 35667 1 1 462551 0
35668 35668 1 1 462648 0
35669 35669 1 1 462745 0
35670 35670 1 1 462842 0
35671 35671 1 1 462939 0
35672 35672 1 1 463036 0
35673 35673 1 1 463133 0
35674 35674 1 1 463230 0
35675 35675 1 1 463327 0
35676 35676 1 1 463424 0
35677 35677 1 1 463521 0
35678 35678 1 1 463618 0
35679 35679 1 1 463715 0
35680 35680 1 1 463812 0
35681 35681 1 1 463909 0
35682 35682 1 1 464006 0
35683 35683 1 1 464103 0
35684 35684 1 1 464200 0
35685 35685 1 1 464297 0
35686 35686 1 1 464394 0
35687 35687 1 1 464491 0
35688 35688 1 1 464588 0
35689 35689 1 1 464685 0
35690 35690 1 1 464782 0
35691 35691 1 1 464879 0
35692 35692 1 1 464976 0
35693 35693 1 1 465073 0
35694 35694 1 1 465170 0
35695 35695 1 1 465267 0
35696 35696 1 1 465364 0
35697 35697 1 1 465461 0
35698 35698 1 1 465558 0
35699 35699 1 1 465655 0
35700 35700 1 1 465752 0
35701 35701 1 1 465849 0
35702 35702 1 1 465946 0
35703 35703 1 1 466043 0
35704 35704 1 1 466140 0
35705 35705 1 1 466237 0
35706 35706 1 1 466334 0
35707 35707 1 1 466431 0
35708 35708 1 1 466528 0
35709 35709 1 1 466625 0
35710 35710 1 1 466722 0
35711 35711 1 1 466819 0
35712 35712 1 1 466916 0
35713 35713 1 1 467013 0
35714 35714 1 1 467110 0
35715 35715 1 1 467207 0
35716 35716 1 1 467304 0
35717 35717 1 1 467401 0
35718 35718 1 1 467498 0
35719 35719 1 1 467595 0
35720 35720 1 1 467692 0
35721 35721 1 1 467789 0
35722 35722 1 1 467886 0
35723 35723 1 1 467983 0
35724 35724 1 1 468080 0
35725 35725 1 1 468177 0
35726 35726 1 1 468274 0
35727 35727 1 1 468371 0
35728 35728 1 1 468468 0
35729 35729 1 1 468565 0
35730 35730 1 1 468662 0
35731 35731 1 1 468759 0
35732 35732 1 1 468856 0
35733 35733 1 1 468953 0
35734 35734 1 1 469050 0
35735 35735 1 1 469147 0
35736 35736 1 1 469244 0
35737 35737 1 1 469341 0
35738 35738 1 1 469438 0
35739 35739 1 1 469535 0
35740 35740 1 1 469632 0
35741 35741 1 1 469729 0
35742 35742 1 1 469826 0
35743 35743 1 1 469923 0
35744 35744 1 1 470020 0
35745 35745 1 1 470117 0
35746 35746 1 1 470214 0
35747 35747 1 1 470311 0
35748 35748 1 1 470408 0
35749 35749 1 1 470505 0
35750 35750 1 1 470602 0
35751 35751 1 1 470699 0
35752 35752 1 1 470796 0
35753 35753 1 1 470893 0
35754 35754 1 1 470990 0
35755 35755 1 1 471087 0
35756 35756 1 1 471184 0
35757 35757 1 1 471281 0
35758 35758 1 1 471378 0
35759 35759 1 1 471475 0
35760 35760 1 1 471572 0
35761 35761 1 1 471669 0
35762 35762 1 1 471766 0
35763 35763 1 1 471863 0
35764 35764 1 1 471960 0
35765 35765 1 1 472057 0
35766 35766 1 1 472154 0
35767 35767 1 1 472251 0
35768 35768 1 1 472348 0
35769 35769 1 1 472445 0
35770 35770 1 1 472542 0
35771 35771 1 1 472639 0
35772 35772 1 1 472736 0
35773 35773 1 1 472833 0
35774 35774 1 1 472930 0
35775 35775 1 1 473027 0
35776 35776 1 1 473124 0
35777 35777 1 1 473221 0
35778 35778 1 1 473318 0
35779 35779 1 1 473415 0
35780 35780 1 1 473512 0
35781 35781 1 1 473609 0
35782 35782 1 1 473706 0
35783 35783 1 1 473803 0
35784 35784 1 1 473900 0
35785 35785 1 1 473997 0
35786 35786 1 1 474094 0
35787 35787 1 1 474191 0
35788 35788 1 1 474288 0
35789 35789 1 1 474385 0
35790 35790 1 1 474482 0
35791 35791 1 1 474579 0
35792 35792 1 1 474676 0
35793 35793 1 1 474773 0
35794 35794 1 1 474870 0
35795 35795 1 1 474967 0
35796 35796 1 1 475064 0
35797 35797 1 1 475161 0
35798 35798 1 1 475258 0
35799 35799 1 1 475355 0
35800 35800 1 1 475452 0
35801 35801 1 1 475549 0
35802 35802 1 1 475646 0
35803 35803 1 1 475743 0
35804 35804 1 1 475840 0
35805 35805 1 1 475937 0
35806 35806 1 1 476034 0
35807 35807 1 1 476131 0
35808 35808 1 1 476228 0
35809 35809 1 1 476325 0
35810 35810 1 1 476422 0
35811 35811 1 1 476519 0
35812 35812 1 1 476616 0
35813 35813 1 1 476713 0
35814 35814 1 1 476810 0
35815 35815 1 1 476907 0
35816 35816 1 1 477004 0
35817 35817 1 1 477101 0
35818 35818 1 1 477198 0
35819 35819 1 1 477295 0
35820 35820 1 1 477392 0
35821 35821 1 1 477489 0
35822 35822 1 1 477586 0
35823 35823 1 1 477683 0
35824 35824 1 1 477780 0
35825 35825 1 1 477877 0
35826 35826 1 1 477974 0
35827 35827 1 1 478071 0
35828 35828 1 1 478168 0
35829 35829 1 1 478265 0
35830 35830 1 1 478362 0
35831 35831 1 1 478459 0
35832 35832 1 1 478556 0
35833 35833 1 1 478653 0
35834 35834 1 1 478750 0
35835 35835 1 1 478847 0
35836 35836 1 1 478944 0
35837 35837 1 1 479041 0
35838 35838 1 1 479138 0
35839 35839 1 1 479235 0
35840 35840 1 1 479332 0
35841 35841 1 1 479429 0
35842 35842 1 1 479526 0
35843 35843 1 1 479623 0
35844 35844 1 1 479720 0
35845 35845 1 1 479817 0
35846 35846 1 1 479914 0
35847 35847 1 1 480011 0
35848 35848 1 1 480108 0
35849 35849 1 1 480205 0
35850 35850 1 1 480302 0
35851 35851 1 1 480399 0
35852 35852 1 1 480496 0
35853 35853 1 1 480593 0
35854 35854 1 1 480690 0
35855 35855 1 1 480787 0
35856 35856 1 1 480884 0
35857 35857 1 1 480981 0
35858 35858 1 1 481078 0
35859 35859 1 1 481175 0
35860 35860 1 1 481272 0
35861 35861 1 1 481369 0
35862 35862 1 1 481466 0
35863 35863 1 1 481563 0
35864 35864 1 1 481660 0
35865 35865 1 1 481757 0
35866 35866 1 1 481854 0
35867 35867 1 1 481951 0
35868 35868 1 1 482048 0
35869 35869 1 1 482145 0
35870 35870 1 1 482242 0
35871 35871 1 1 482339 0
35872 35872 1 1 482436 0
35873 35873 1 1 482533 0
35874 35874 1 1 482630 0
35875 35875 1 1 482727 0
35876 35876 1 1 482824 0
35877 35877 1 1 482921 0
35878 35878 1 1 483018 0
35879 35879 1 1 483115 0
35880 35880 1 1 483212 0
35881 35881 1 1 483309 0
35882 35882 1 1 483406 0
35883 35883 1 1 483503 0
35884 35884 1 1 483600 0
35885 35885 1 1 483697 0
35886 35886 1 1 483794 0
35887 35887 1 1 483891 0
35888 35888 1 1 483988 0
35889 35889 1 1 484085 0
35890 35890 1 1 484182 0
35891 35891 1 1 484279 0
35892 35892 1 1 484376 0
35893 35893 1 1 484473 0
35894 35894 1 1 484570 0
35895 35895 1 1 484667 0
35896 35896 1 1 484764 0
35897 35897 1 1 484861 0
35898 35898 1 1 484958 0
35899 35899 1 1 485055 0
35900 35900 1 1 485152 0
35901 35901 1 1 485249 0
35902 35902 1 1 485346 0
35903 35903 1 1 485443 0
35904 35904 1 1 485540 0
35905 35905 1 1 485637 0
35906 35906 1 1 485734 0
35907 35907 1 1 485831 0
35908 35908 1 1 485928 0
35909 35909 1 1 486025 0
35910 35910 1 1 486122 0
35911 35911 1 1 486219 0
35912 35912 1 1 486316 0
35913 35913 1 1 486413 0
35914 35914 1 1 486510 0
35915 35915 1 1 486607 0
35916 35916 1 1 486704 0
35917 35917 1 1 486801 0
35918 35918 1 1 486898 0
35919 35919 1 1 486995 0
35920 35920 1 1 487092 0
35921 35921 1 1 487189 0
35922 35922 1 1 487286 0
35923 35923 1 1 487383 0
35924 35924 1 1 487480 0
35925 35925 1 1 487577 0
35926 35926 1 1 487674 0
35927 35927 1 1 487771 0
35928 35928 1 1 487868 0
35929 35929 1 1 487965 0
35930 35930 1 1 488062 0
35931 35931 1 1 488159 0
35932 35932 1 1 488256 0
35933 35933 1 1 488353 0
35934 35934 1 1 488450 0
35935 35935 1 1 488547 0
35936 35936 1 1 488644 0
35937 35937 1 1 488741 0
35938 35938 1 1 488838 0
35939 35939 1 1 488935 0
35940 35940 1 1 489032 0
35941 35941 1 1 489129 0
35942 35942 1 1 489226 0
35943 35943 1 1 489323 0
35944 35944 1 1 489420 0
35945 35945 1 1 489517 0
35946 35946 1 1 489614 0
35947 35947 1 1 489711 0
35948 35948 1 1 489808 0
35949 35949 1 1 489905 0
35950 35950 1 1 490002 0
35951 35951 1 1 490099 0
35952 35952 1 1 490196 0
35953 35953 1 1 490293 0
35954 35954 1 1 490390 0
35955 35955 1 1 490487 0
35956 35956 1 1 490584 0
35957 35957 1 1 490681 0
35958 35958 1 1 490778 0
35959 35959 1 1 490875 0
35960 35960 1 1 490972 0
35961 35961 1 1 491069 0
35962 35962 1 1 491166 0
35963 35963 1 1 491263 0
35964 35964 1 1 491360 0
35965 35965 1 1 491457 0
35966 35966 1 1 491554 0
35967 35967 1 1 491651 0
35968 35968 1 1 491748 0
35969 35969 1 1 491845 0
35970 35970 1 1 491942 0
35971 35971 1 1 492039 0
35972 35972 1 1 492136 0
35973 35973 1 1 492233 0
35974 35974 1 1 492330 0
35975 35975 1 1 492427 0
35976 35976 1 1 492524 0
35977 35977 1 1 492621 0
35978 35978 1 1 492718 0
35979 35979 1 1 492815 0
35980 35980 1 1 492912 0
35981 35981 1 1 493009 0
35982 35982 1 1 493106 0
35983 35983 1 1 493203 0
35984 35984 1 1 493300 0
35985 35985 1 1 493397 0
35986 35986 1 1 493494 0
35987 35987 1 1 493591 0
35988 35988 1 1 493688 0
35989 35989 1 1 493785 0
35990 35990 1 1 493882 0
35991 35991 1 1 493979 0
35992 35992 1 1 494076 0
35993 35993 1 1 494173 0
35994 35994 1 1 494270 0
35995 35995 1 1 494367 0
35996 35996 1 1 494464 0
35997 35997 1 1 494561 0
35998 35998 1 1 494658 0
35999 35999 1 1 494755 0
36000 36000 1 1 494852 0
36001 36001 1 1 494949 0
36002 36002 1 1 495046 0
36003 36003 1 1 495143 0
36004 36004 1 1 495240 0
36005 36005 1 1 495337 0
36006 36006 1 1 495434 0
36007 36007 1 1 495531 0
36008 36008 1 1 495628 0
36009 36009 1 1 495725 0
36010 36010 1 1 495822 0
36011 36011 1 1 495919 0
36012 36012 1 1 496016 0
36013 36013 1 1 496113 0
36014 36014 1 1 496210 0
36015 36015 1 1 496307 0
36016 36016 1 1 496404 0
36017 36017 1 1 496501 0
36018 36018 1 1 496598 0
36019 36019 1 1 496695 0
36020 36020 1 1 496792 0
36021 36021 1 1 496889 0
36022 36022 1 1 496986 0
36023 36023 1 1 497083 0
36024 36024 1 1 497180 0
36025 36025 1 1 497277 0
36026 36026 1 1 497374 0
36027 36027 1 1 497471 0
36028 36028 1 1 497568 0
36029 36029 1 1 497665 0
36030 36030 1 1 497762 0
36031 36031 1 1 497859 0
36032 36032 1 1 497956 0
36033 36033 1 1 498053 0
36034 36034 1 1 498150 0
36035 36035 1 1 498247 0
36036 36036 1 1 498344 0
36037 36037 1 1 498441 0
36038 36038 1 1 498538 0
36039 36039 1 1 498635 0
36040 36040 1 1 498732 0
36041 36041 1 1 498829 0
36042 36042 1 1 498926 0
36043 36043 1 1 499023 0
36044 36044 1 1 499120 0
36045 36045 1 1 499217 0
36046 36046 1 1 499314 0
36047 36047 1 1 499411 0
36048 36048 1 1 499508 0
36049 36049 1 1 499605 0
36050 36050 1 1 499702 0
36051 36051 1 1 499799 0
36052 36052 1 1 499896 0
36053 36053 1 1 499993 0
36054 36054 1 1 500090 0
36055 36055 1 1 500187 0
36056 36056 1 1 500284 0
36057 36057 1 1 500381 0
36058 36058 1 1 500478 0
36059 36059 1 1 500575 0
36060 36060 1 1 500672 0
36061 36061 1 1 500769 0
36062 36062 1 1 500866 0
36063 36063 1 1 500963 0
36064 36064 1 1 501060 0
36065 36065 1 1 501157 0
36066 36066 1 1 501254 0
36067 36067 1 1 501351 0
36068 36068 1 1 501448 0
36069 36069 1 1 501545 0
36070 36070 1 1 501642 0
36071 36071 1 1 501739 0
36072 36072 1 1 501836 0
36073 36073 1 1 501933 0
36074 36074 1 1 502030 0
36075 36075 1 1 502127 0
36076 36076 1 1 502224 0
36077 36077 1 1 502321 0
36078 36078 1 1 502418 0
36079 36079 1 1 502515 0
36080 36080 1 1 502612 0
36081 36081 1 1 502709 0
36082 36082 1 1 502806 0
36083 36083 1 1 502903 0
36084 36084 1 1 503000 0
36085 36085 1 1 503097 0
36086 36086 1 1 503194 0
36087 36087 1 1 503291 0
36088 36088 1 1 503388 0
36089 36089 1 1 503485 0
36090 36090 1 1 503582 0
36091 36091 1 1 503679 0
36092 36092 1 1 503776 0
36093 36093 1 1 503873 0
36094 36094 1 1 503970 0
36095 36095 1 1 504067 0
36096 36096 1 1 504164 0
36097 36097 1 1 504261 0
36098 36098 1 1 504358 0
36099 36099 1 1 504455 0
36100 36100 1 1 504552 0
36101 36101 1 1 504649 0
36102 36102 1 1 504746 0
36103 36103 1 1 504843 0
36104 36104 1 1 504940 0
36105 36105 1 1 505037 0
36106 36106 1 1 505134 0
36107 36107 1 1 505231 0
36108 36108 1 1 505328 0
36109 36109 1 1 505425 0
36110 36110 1 1 505522 0
36111 36111 1 1 505619 0
36112 36112 1 1 505716 0
36113 36113 1 1 505813 0
36114 36114 1 1 505910 0
36115 36115 1 1 506007 0
36116 36116 1 1 506104 0
36117 36117 1 1 506201 0
36118 36118 1 1 506298 0
36119 36119 1 1 506395 0
36120 36120 1 1 506492 0
36121 36121 1 1 506589 0
36122 36122 1 1 506686 0
36123 36123 1 1 506783 0
36124 36124 1 1 506880 0
36125 36125 1 1 506977 0
36126 36126 1 1 507074 0
36127 36127 1 1 507171 0
36128 36128 1 1 507268 0
36129 36129 1 1 507365 0
36130 36130 1 1 507462 0
36131 36131 1 1 507559 0
36132 36132 1 1 507656 0
36133 36133 1 1 507753 0
36134 36134 1 1 507850 0
36135 36135 1 1 507947 0
36136 36136 1 1 508044 0
36137 36137 1 1 508141 0
36138 36138 1 1 508238 0
36139 36139 1 1 508335 0
36140 36140 1 1 508432 0
36141 36141 1 1 508529 0
36142 36142 1 1 508626 0
36143 36143 1 1 508723 0
36144 36144 1 1 508820 0
36145 36145 1 1 508917 0
36146 36146 1 1 509014 0
36147 36147 1 1 509111 0
36148 36148 1 1 509208 0
36149 36149 1 1 509305 0
36150 36150 1 1 509402 0
36151 36151 1 1 509499 0
36152 36152 1 1 509596 0
36153 36153 1 1 509693 0
36154 36154 1 1 509790 0
36155 36155 1 1 509887 0
36156 36156 1 1 509984 0
36157 36157 1 1 510081 0
36158 36158 1 1 510178 0
36159 36159 1 1 510275 0
36160 36160 1 1 510372 0
36161 36161 1 1 510469 0
36162 36162 1 1 510566 0
36163 36163 1 1 510663 0
36164 36164 1 1 510760 0
36165 36165 1 1 510857 0
36166 36166 1 1 510954 0
36167 36167 1 1 511051 0
36168 36168 1 1 511148 0
36169 36169 1 1 511245 0
36170 36170 1 1 511342 0
36171 36171 1 1 511439 0
36172 36172 1 1 511536 0
36173 36173 1 1 511633 0
36174 36174 1 1 511730 0
36175 36175 1 1 511827 0
36176 36176 1 1 511924 0
36177 36177 1 1 512021 0
36178 36178 1 1 512118 0
36179 36179 1 1 512215 0
36180 36180 1 1 512312 0
36181 36181 1 1 512409 0
36182 36182 1 1 512506 0
36183 36183 1 1 512603 0
36184 36184 1 1 512700 0
36185 36185 1 1 512797 0
36186 36186 1 1 512894 0
36187 36187 1 1 512991 0
36188 36188 1 1 513088 0
36189 36189 1 1 513185 0
36190 36190 1 1 513282 0
36191 36191 1 1 513379 0
36192 36192 1 1 513476 0
36193 36193 1 1 513573 0
36194 36194 1 1 513670 0
36195 36195 1 1 513767 0
36196 36196 1 1 513864 0
36197 36197 1 1 513961 0
36198 36198 1 1 514058 0
36199 36199 1 1 514155 0
36200 36200 1 1 514252 0
36201 36201 1 1 514349 0
36202 36202 1 1 514446 0
36203 36203 1 1 514543 0
36204 36204 1 1 514640 0
36205 36205 1 1 514737 0
36206 36206 1 1 514834 0
36207 36207 1 1 514931 0
36208 36208 1 1 515028 0
36209 36209 1 1 515125 0
36210 36210 1 1 515222 0
36211 36211 1 1 515319 0
36212 36212 1 1 515416 0
36213 36213 1 1 515513 0
36214 36214 1 1 515610 0
36215 36215 1 1 515707 0
36216 36216 1 1 515804 0
36217 36217 1 1 515901 0
36218 36218 1 1 515998 0
36219 36219 1 1 516095 0
36220 36220 1 1 516192 0
36221 36221 1 1 516289 0
36222 36222 1 1 516386 0
36223 36223 1 1 516483 0
36224 36224 1 1 516580 0
36225 36225 1 1 516677 0
36226 36226 1 1 516774 0
36227 36227 1 1 516871 0
36228 36228 1 1 516968 0
36229 36229 1 1 517065 0
36230 36230 1 1 517162 0
36231 36231 1 1 517259 0
36232 36232 1 1 517356 0
36233 36233 1 1 517453 0
36234 36234 1 1 517550 0
36235 36235 1 1 517647 0
36236 36236 1 1 517744 0
36237 36237 1 1 517841 0
36238 36238 1 1 517938 0
36239 36239 1 1 518035 0
36240 36240 1 1 518132 0
36241 36241 1 1 518229 0
36242 36242 1 1 518326 0
36243 36243 1 1 518423 0
36244 36244 1 1 518520 0
36245 36245 1 1 518617 0
36246 36246 1 1 518714 0
36247 36247 1 1 518811 0
36248 36248 1 1 518908 0
36249 36249 1 1 519005 0
36250 36250 1 1 519102 0
36251 36251 1 1 519199 0
36252 36252 1 1 519296 0
36253 36253 1 1 519393 0
36254 36254 1 1 519490 0
36255 36255 1 1 519587 0
36256 36256 1 1 519684 0
36257 36257 1 1 519781 0
36258 36258 1 1 519878 0
36259 36259 1 1 519975 0
36260 36260 1 1 520072 0
36261 36261 1 1 520169 0
36262 36262 1 1 520266 0
36263 36263 1 1 520363 0
36264 36264 1 1 520460 0
36265 36265 1 1 520557 0
36266 36266 1 1 520654 0
36267 36267 1 1 520751 0
36268 36268 1 1 520848 0
36269 36269 1 1 520945 0
36270 36270 1 1 521042 0
36271 36271 1 1 521139 0
36272 36272 1 1 521236 0
36273 36273 1 1 521333 0
36274 36274 1 1 521430 0
36275 36275 1 1 521527 0
36276 36276 1 1 521624 0
36277 36277 1 1 521721 0
36278 36278 1 1 521818 0
36279 36279 1 1 521915 0
36280 36280 1 1 522012 0
36281 36281 1 1 522109 0
36282 36282 1 1 522206 0
36283 36283 1 1 522303 0
36284 36284 1 1 522400 0
36285 36285 1 1 522497 0
36286 36286 1 1 522594 0
36287 36287 1 1 522691 0
36288 36288 1 1 522788 0
36289 36289 1 1 522885 0
36290 36290 1 1 522982 0
36291 36291 1 1 523079 0
36292 36292 1 1 523176 0
36293 36293 1 1 523273 0
36294 36294 1 1 523370 0
36295 36295 1 1 523467 0
36296 36296 1 1 523564 0
36297 36297 1 1 523661 0
36298 36298 1 1 523758 0
36299 36299 1 1 523855 0
36300 36300 1 1 523952 0
36301 36301 1 1 524049 0
36302 36302 1 1 524146 0
36303 36303 1 1 524243 0
36304 36304 1 1 524340 0
36305 36305 1 1 524437 0
36306 36306 1 1 524534 0
36307 36307 1 1 524631 0
36308 36308 1 1 524728 0
36309 36309 1 1 524825 0
36310 36310 1 1 524922 0
36311 36311 1 1 525019 0
36312 36312 1 1 525116 0
36313 36313 1 1 525213 0
36314 36314 1 1 525310 0
36315 36315 1 1 525407 0
36316 36316 1 1 525504 0
36317 36317 1 1 525601 0
36318 36318 1 1 525698 0
36319 36319 1 1 525795 0
36320 36320 1 1 525892 0
36321 36321 1 1 525989 0
36322 36322 1 1 526086 0
36323 36323 1 1 526183 0
36324 36324 1 1 526280 0
36325 36325 1 1 526377 0
36326 36326 1 1 526474 0
36327 36327 1 1 526571 0
36328 36328 1 1 526668 0
36329 36329 1 1 526765 0
36330 36330 1 1 526862 0
36331 36331 1 1 526959 0
36332 36332 1 1 527056 0
36333 36333 1 1 527153 0
36334 36334 1 1 527250 0
36335 36335 1 1 527347 0
36336 36336 1 1 527444 0
36337 36337 1 1 527541 0
36338 36338 1 1 527638 0
36339 36339 1 1 527735 0
36340 36340 1 1 527832 0
36341 36341 1 1 527929 0
36342 36342 1 1 528026 0
36343 36343 1 1 528123 0
36344 36344 1 1 528220 0
36345 36345 1 1 528317 0
36346 36346 1 1 528414 0
36347 36347 1 1 528511 0
36348 36348 1 1 528608 0
36349 36349 1 1 528705 0
36350 36350 1 1 528802 0
36351 36351 1 1 528899 0
36352 36352 1 1 528996 0
36353 36353 1 1 529093 0
36354 36354 1 1 529190 0
36355 36355 1 1 529287 0
36356 36356 1 1 529384 0
36357 36357 1 1 529481 0
36358 36358 1 1 529578 0
36359 36359 1 1 529675 0
36360 36360 1 1 529772 0
36361 36361 1 1 529869 0
36362 36362 1 1 529966 0
36363 36363 1 1 530063 0
36364 36364 1 1 530160 0
36365 36365 1 1 530257 0
36366 36366 1 1 530354 0
36367 36367 1 1 530451 0
36368 36368 1 1 530548 0
36369 36369 1 1 530645 0
36370 36370 1 1 530742 0
36371 36371 1 1 530839 0
36372 36372 1 1 530936 0
36373 36373 1 1 531033 0
36374 36374 1 1 531130 0
36375 36375 1 1 531227 0
36376 36376 1 1 531324 0
36377 36377 1 1 531421 0
36378 36378 1 1 531518 0
36379 36379 1 1 531615 0
36380 36380 1 1 531712 0
36381 36381 1 1 531809 0
36382 36382 1 1 531906 0
36383 36383 1 1 532003 0
36384 36384 1 1 532100 0
36385 36385 1 1 532197 0
36386 36386 1 1 532294 0
36387 36387 1 1 532391 0
36388 36388 1 1 532488 0
36389 36389 1 1 532585 0
36390 36390 1 1 532682 0
36391 36391 1 1 532779 0
36392 36392 1 1 532876 0
36393 36393 1 1 532973 0
36394 36394 1 1 533070 0
36395 36395 1 1 533167 0
36396 36396 1 1 533264 0
36397 36397 1 1 533361 0
36398 36398 1 1 533458 0
36399 36399 1 1 533555 0
36400 36400 1 1 533652 0
36401 36401 1 1 533749 0
36402 36402 1 1 533846 0
36403 36403 1 1 533943 0
36404 36404 1 1 534040 0
36405 36405 1 1 534137 0
36406 36406 1 1 534234 0
36407 36407 1 1 534331 0
36408 36408 1 1 534428 0
36409 36409 1 1 534525 0
36410 36410 1 1 534622 0
36411 36411 1 1 534719 0
36412 36412 1 1 534816 0
36413 36413 1 1 534913 0
36414 36414 1 1 535010 0
36415 36415 1 1 535107 0
36416 36416 1 1 535204 0
36417 36417 1 1 535301 0
36418 36418 1 1 535398 0
36419 36419 1 1 535495 0
36420 36420 1 1 535592 0
36421 36421 1 1 535689 0
36422 36422 1 1 535786 0
36423 36423 1 1 535883 0
36424 36424 1 1 535980 0
36425 36425 1 1 536077 0
36426 36426 1 1 536174 0
36427 36427 1 1 536271 0
36428 36428 1 1 536368 0
36429 36429 1 1 536465 0
36430 36430 1 1 536562 0
36431 36431 1 1 536659 0
36432 36432 1 1 536756 0
36433 36433 1 1 536853 0
36434 36434 1 1 536950 0
36435 36435 1 1 537047 0
36436 36436 1 1 537144 0
36437 36437 1 1 537241 0
36438 36438 1 1 537338 0
36439 36439 1 1 537435 0
36440 36440 1 1 537532 0
36441 36441 1 1 537629 0
36442 36442 1 1 537726 0
36443 36443 1 1 537823 0
36444 36444 1 1 537920 0
36445 36445 1 1 538017 0
36446 36446 1 1 538114 0
36447 36447 1 1 538211 0
36448 36448 1 1 538308 0
36449 36449 1 1 538405 0
36450 36450 1 1 538502 0
36451 36451 1 1 538599 0
36452 36452 1 1 538696 0
36453 36453 1 1 538793 0
36454 36454 1 1 538890 0
36455 36455 1 1 538987 0
36456 36456 1 1 539084 0
36457 36457 1 1 539181 0
36458 36458 1 1 539278 0
36459 36459 1 1 539375 0
36460 36460 1 1 539472 0
36461 36461 1 1 539569 0
36462 36462 1 1 539666 0
36463 36463 1 1 539763 0
36464 36464 1 1 539860 0
36465 36465 1 1 539957 0
36466 36466 1 1 540054 0
36467 36467 1 1 540151 0
36468 36468 1 1 540248 0
36469 36469 1 1 540345 0
36470 36470 1 1 540442 0
36471 36471 1 1 540539 0
36472 36472 1 1 540636 0
36473 36473 1 1 540733 0
36474 36474 1 1 540830 0
36475 36475 1 1 540927 0
36476 36476 1 1 541024 0
36477 36477 1 1 541121 0
36478 36478 1 1 541218 0
36479 36479 1 1 541315 0
36480 36480 1 1 541412 0
36481 36481 1 1 541509 0
36482 36482 1 1 541606 0
36483 36483 1 1 541703 0
36484 36484 1 1 541800 0
36485 36485 1 1 541897 0
36486 36486 1 1 541994 0
36487 36487 1 1 542091 0
36488 36488 1 1 542188 0
36489 36489 1 1 542285 0
36490 36490 1 1 542382 0
36491 36491 1 1 542479 0
36492 36492 1 1 542576 0
36493 36493 1 1 542673 0
36494 36494 1 1 542770 0
36495 36495 1 1 542867 0
36496 36496 1 1 542964 0
36497 36497 1 1 543061 0
36498 36498 1 1 543158 0
36499 36499 1 1 543255 0
36500 36500 1 1 543352 0
36501 36501 1 1 543449 0
36502 36502 1 1 543546 0
36503 36503 1 1 543643 0
36504 36504 1 1 543740 0
36505 36505 1 1 543837 0
36506 36506 1 1 543934 0
36507 36507 1 1 544031 0
36508 36508 1 1 544128 0
36509 36509 1 1 544225 0
36510 36510 1 1 544322 0
36511 36511 1 1 544419 0
36512 36512 1 1 544516 0
36513 36513 1 1 544613 0
36514 36514 1 1 544710 0
36515 36515 1 1 544807 0
36516 36516 1 1 544904 0
36517 36517 1 1 545001 0
36518 36518 1 1 545098 0
36519 36519 1 1 545195 0
36520 36520 1 1 545292 0
36521 36521 1 1 545389 0
36522 36522 1 1 545486 0
36523 36523 1 1 545583 0
36524 36524 1 1 545680 0
36525 36525 1 1 545777 0
36526 36526 1 1 545874 0
36527 36527 1 1 545971 0
36528 36528 1 1 546068 0
36529 36529 1 1 546165 0
36530 36530 1 1 546262 0
36531 36531 1 1 546359 0
36532 36532 1 1 546456 0
36533 36533 1 1 546553 0
36534 36534 1 1 546650 0
36535 36535 1 1 546747 0
36536 36536 1 1 546844 0
36537 36537 1 1 546941 0
36538 36538 1 1 547038 0
36539 36539 1 1 547135 0
36540 36540 1 1 547232 0
36541 36541 1 1 547329 0
36542 36542 1 1 547426 0
36543 36543 1 1 547523 0
36544 36544 1 1 547620 0
36545 36545 1 1 547717 0
36546 36546 1 1 547814 0
36547 36547 1 1 547911 0
36548 36548 1 1 548008 0
36549 36549 1 1 548105 0
36550 36550 1 1 548202 0
36551 36551 1 1 548299 0
36552 36552 1 1 548396 0
36553 36553 1 1 548493 0
36554 36554 1 1 548590 0
36555 36555 1 1 548687 0
36556 36556 1 1 548784 0
36557 36557 1 1 548881 0
36558 36558 1 1 548978 0
36559 36559 1 1 549075 0
36560 36560 1 1 549172 0
36561 36561 1 1 549269 0
36562 36562 1 1 549366 0
36563 36563 1 1 549463 0
36564 36564 1 1 549560 0
36565 36565 1 1 549657 0
36566 36566 1 1 549754 0
36567 36567 1 1 549851 0
36568 36568 1 1 549948 0
36569 36569 1 1 550045 0
36570 36570 1 1 550142 0
36571 36571 1 1 550239 0
36572 36572 1 1 550336 0
36573 36573 1 1 550433 0
36574 36574 1 1 550530 0
36575 36575 1 1 550627 0
36576 36576 1 1 550724 0
36577 36577 1 1 550821 0
36578 36578 1 1 550918 0
36579 36579 1 1 551015 0
36580 36580 1 1 551112 0
36581 36581 1 1 551209 0
36582 36582 1 1 551306 0
36583 36583 1 1 551403 0
36584 36584 1 1 551500 0
36585 36585 1 1 551597 0
36586 36586 1 1 551694 0
36587 36587 1 1 551791 0
36588 36588 1 1 551888 0
36589 36589 1 1 551985 0
36590 36590 1 1 552082 0
36591 36591 1 1 552179 0
36592 36592 1 1 552276 0
36593 36593 1 1 552373 0
36594 36594 1 1 552470 0
36595 36595 1 1 552567 0
36596 36596 1 1 552664 0
36597 36597 1 1 552761 0
36598 36598 1 1 552858 0
36599 36599 1 1 552955 0
36600 36600 1 1 553052 0
36601 36601 1 1 553149 0
36602 36602 1 1 553246 0
36603 36603 1 1 553343 0
36604 36604 1 1 553440 0
36605 36605 1 1 553537 0
36606 36606 1 1 553634 0
36607 36607 1 1 553731 0
36608 36608 1 1 553828 0
36609 36609 1 1 553925 0
36610 36610 1 1 554022 0
36611 36611 1 1 554119 0
36612 36612 1 1 554216 0
36613 36613 1 1 554313 0
36614 36614 1 1 554410 0
36615 36615 1 1 554507 0
36616 36616 1 1 554604 0
36617 36617 1 1 554701 0
36618 36618 1 1 554798 0
36619 36619 1 1 554895 0
36620 36620 1 1 554992 0
36621 36621 1 1 555089 0
36622 36622 1 1 555186 0
36623 36623 1 1 555283 0
36624 36624 1 1 555380 0
36625 36625 1 1 555477 0
36626 36626 1 1 555574 0
36627 36627 1 1 555671 0
36628 36628 1 1 555768 0
36629 36629 1 1 555865 0
36630 36630 1 1 555962 0
36631 36631 1 1 556059 0
36632 36632 1 1 556156 0
36633 36633 1 1 556253 0
36634 36634 1 1 556350 0
36635 36635 1 1 556447 0
36636 36636 1 1 556544 0
36637 36637 1 1 556641 0
36638 36638 1 1 556738 0
36639 36639 1 1 556835 0
36640 36640 1 1 556932 0
36641 36641 1 1 557029 0
36642 36642 1 1 557126 0
36643 36643 1 1 557223 0
36644 36644 1 1 557320 0
36645 36645 1 1 557417 0
36646 36646 1 1 557514 0
36647 36647 1 1 557611 0
36648 36648 1 1 557708 0
36649 36649 1 1 557805 0
36650 36650 1 1 557902 0
36651 36651 1 1 557999 0
36652 36652 1 1 558096 0
36653 36653 1 1 558193 0
36654 36654 1 1 558290 0
36655 36655 1 1 558387 0
36656 36656 1 1 558484 0
36657 36657 1 1 558581 0
36658 36658 1 1 558678 0
36659 36659 1 1 558775 0
36660 36660 1 1 558872 0
36661 36661 1 1 558969 0
36662 36662 1 1 559066 0
36663 36663 1 1 559163 0
36664 36664 1 1 559260 0
36665 36665 1 1 559357 0
36666 36666 1 1 559454 0
36667 36667 1 1 559551 0
36668 36668 1 1 559648 0
36669 36669 1 1 559745 0
36670 36670 1 1 559842 0
36671 36671 1 1 559939 0
36672 36672 1 1 560036 0
36673 36673 1 1 560133 0
36674 36674 1 1 560230 0
36675 36675 1 1 560327 0
36676 36676 1 1 560424 0
36677 36677 1 1 560521 0
36678 36678 1 1 560618 0
36679 36679 1 1 560715 0
36680 36680 1 1 560812 0
36681 36681 1 1 560909 0
36682 36682 1 1 561006 0
36683 36683 1 1 561103 0
36684 36684 1 1 561200 0
36685 36685 1 1 561297 0
36686 36686 1 1 561394 0
36687 36687 1 1 561491 0
36688 36688 1 1 561588 0
36689 36689 1 1 561685 0
36690 36690 1 1 561782 0
36691 36691 1 1 561879 0
36692 36692 1 1 561976 0
36693 36693 1 1 562073 0
36694 36694 1 1 562170 0
36695 36695 1 1 562267 0
36696 36696 1 1 562364 0
36697 36697 1 1 562461 0
36698 36698 1 1 562558 0
36699 36699 1 1 562655 0
36700 36700 1 1 562752 0
36701 36701 1 1 562849 0
36702 36702 1 1 562946 0
36703 36703 1 1 563043 0
36704 36704 1 1 563140 0
36705 36705 1 1 563237 0
36706 36706 1 1 563334 0
36707 36707 1 1 563431 0
36708 36708 1 1 563528 0
36709 36709 1 1 563625 0
36710 36710 1 1 563722 0
36711 36711 1 1 563819 0
36712 36712 1 1 563916 0
36713 36713 1 1 564013 0
36714 36714 1 1 564110 0
36715 36715 1 1 564207 0
36716 36716 1 1 564304 0
36717 36717 1 1 564401 0
36718 36718 1 1 564498 0
36719 36719 1 1 564595 0
36720 36720 1 1 564692 0
36721 36721 1 1 564789 0
36722 36722 1 1 564886 0
36723 36723 1 1 564983 0
36724 36724 1 1 565080 0
36725 36725 1 1 565177 0
36726 36726 1 1 565274 0
36727 36727 1 1 565371 0
36728 36728 1 1 565468 0
36729 36729 1 1 565565 0
36730 36730 1 1 565662 0
36731 36731 1 1 565759 0
36732 36732 1 1 565856 0
36733 36733 1 1 565953 0
36734 36734 1 1 566050 0
36735 36735 1 1 566147 0
36736 36736 1 1 566244 0
36737 36737 1 1 566341 0
36738 36738 1 1 566438 0
36739 36739 1 1 566535 0
36740 36740 1 1 566632 0
36741 36741 1 1 566729 0
36742 36742 1 1 566826 0
36743 36743 1 1 566923 0
36744 36744 1 1 567020 0
36745 36745 1 1 567117 0
36746 36746 1 1 567214 0
36747 36747 1 1 567311 0
36748 36748 1 1 567408 0
36749 36749 1 1 567505 0
36750 36750 1 1 567602 0
36751 36751 1 1 567699 0
36752 36752 1 1 567796 0
36753 36753 1 1 567893 0
36754 36754 1 1 567990 0
36755 36755 1 1 568087 0
36756 36756 1 1 568184 0
36757 36757 1 1 568281 0
36758 36758 1 1 568378 0
36759 36759 1 1 568475 0
36760 36760 1 1 568572 0
36761 36761 1 1 568669 0
36762 36762 1 1 568766 0
36763 36763 1 1 568863 0
36764 36764 1 1 568960 0
36765 36765 1 1 569057 0
36766 36766 1 1 569154 0
36767 36767 1 1 569251 0
36768 36768 1 1 569348 0
36769 36769 1 1 569445 0
36770 36770 1 1 569542 0
36771 36771 1 1 569639 0
36772 36772 1 1 569736 0
36773 36773 1 1 569833 0
36774 36774 1 1 569930 0
36775 36775 1 1 570027 0
36776 36776 1 1 570124 0
36777 36777 1 1 570221 0
36778 36778 1 1 570318 0
36779 36779 1 1 570415 0
36780 36780 1 1 570512 0
36781 36781 1 1 570609 0
36782 36782 1 1 570706 0
36783 36783 1 1 570803 0
36784 36784 1 1 570900 0
36785 36785 1 1 570997 0
36786 36786 1 1 571094 0
36787 36787 1 1 571191 0
36788 36788 1 1 571288 0
36789 36789 1 1 571385 0
36790 36790 1 1 571482 0
36791 36791 1 1 571579 0
36792 36792 1 1 571676 0
36793 36793 1 1 571773 0
36794 36794 1 1 571870 0
36795 36795 1 1 571967 0
36796 36796 1 1 572064 0
36797 36797 1 1 572161 0
36798 36798 1 1 572258 0
36799 36799 1 1 572355 0
36800 36800 1 1 572452 0
36801 36801 1 1 572549 0
36802 36802 1 1 572646 0
36803 36803 1 1 572743 0
36804 36804 1 1 572840 0
36805 36805 1 1 572937 0
36806 36806 1 1 573034 0
36807 36807 1 1 573131 0
36808 36808 1 1 573228 0
36809 36809 1 1 573325 0
36810 36810 1 1 573422 0
36811 36811 1 1 573519 0
36812 36812 1 1 573616 0
36813 36813 1 1 573713 0
36814 36814 1 1 573810 0
36815 36815 1 1 573907 0
36816 36816 1 1 574004 0
36817 36817 1 1 574101 0
36818 36818 1 1 574198 0
36819 36819 1 1 574295 0
36820 36820 1 1 574392 0
36821 36821 1 1 574489 0
36822 36822 1 1 574586 0
36823 36823 1 1 574683 0
36824 36824 1 1 574780 0
36825 36825 1 1 574877 0
36826 36826 1 1 574974 0
36827 36827 1 1 575071 0
36828 36828 1 1 575168 0
36829 36829 1 1 575265 0
36830 36830 1 1 575362 0
36831 36831 1 1 575459 0
36832 36832 1 1 575556 0
36833 36833 1 1 575653 0
36834 36834 1 1 575750 0
36835 36835 1 1 575847 0
36836 36836 1 1 575944 0
36837 36837 1 1 576041 0
36838 36838 1 1 576138 0
36839 36839 1 1 576235 0
36840 36840 1 1 576332 0
36841 36841 1 1 576429 0
36842 36842 1 1 576526 0
36843 36843 1 1 576623 0
36844 36844 1 1 576720 0
36845 36845 1 1 576817 0
36846 36846 1 1 576914 0
36847 36847 1 1 577011 0
36848 36848 1 1 577108 0
36849 36849 1 1 577205 0
36850 36850 1 1 577302 0
36851 36851 1 1 577399 0
36852 36852 1 1 577496 0
36853 36853 1 1 577593 0
36854 36854 1 1 577690 0
36855 36855 1 1 577787 0
36856 36856 1 1 577884 0
36857 36857 1 1 577981 0
36858 36858 1 1 578078 0
36859 36859 1 1 578175 0
36860 36860 1 1 578272 0
36861 36861 1 1 578369 0
36862 36862 1 1 578466 0
36863 36863 1 1 578563 0
36864 36864 1 1 578660 0
36865 36865 1 1 578757 0
36866 36866 1 1 578854 0
36867 36867 1 1 578951 0
36868 36868 1 1 579048 0
36869 36869 1 1 579145 0
36870 36870 1 1 579242 0
36871 36871 1 1 579339 0
36872 36872 1 1 579436 0
36873 36873 1 1 579533 0
36874 36874 1 1 579630 0
36875 36875 1 1 579727 0
36876 36876 1 1 579824 0
36877 36877 1 1 579921 0
36878 36878 1 1 580018 0
36879 36879 1 1 580115 0
36880 36880 1 1 580212 0
36881 36881 1 1 580309 0
36882 36882 1 1 580406 0
36883 36883 1 1 580503 0
36884 36884 1 1 580600 0
36885 36885 1 1 580697 0
36886 36886 1 1 580794 0
36887 36887 1 1 580891 0
36888 36888 1 1 580988 0
36889 36889 1 1 581085 0
36890 36890 1 1 581182 0
36891 36891 1 1 581279 0
36892 36892 1 1 581376 0
36893 36893 1 1 581473 0
36894 36894 1 1 581570 0
36895 36895 1 1 581667 0
36896 36896 1 1 581764 0
36897 36897 1 1 581861 0
36898 36898 1 1 581958 0
36899 36899 1 1 582055 0
36900 36900 1 1 582152 0
36901 36901 1 1 582249 0
36902 36902 1 1 582346 0
36903 36903 1 1 582443 0
36904 36904 1 1 582540 0
36905 36905 1 1 582637 0
36906 36906 1 1 582734 0
36907 36907 1 1 582831 0
36908 36908 1 1 582928 0
36909 36909 1 1 583025 0
36910 36910 1 1 583122 0
36911 36911 1 1 583219 0
36912 36912 1 1 583316 0
36913 36913 1 1 583413 0
36914 36914 1 1 583510 0
36915 36915 1 1 583607 0
36916 36916 1 1 583704 0
36917 36917 1 1 583801 0
36918 36918 1 1 583898 0
36919 36919 1 1 583995 0
36920 36920 1 1 584092 0
36921 36921 1 1 584189 0
36922 36922 1 1 584286 0
36923 36923 1 1 584383 0
36924 36924 1 1 584480 0
36925 36925 1 1 584577 0
36926 36926 1 1 584674 0
36927 36927 1 1 584771 0
36928 36928 1 1 584868 0
36929 36929 1 1 584965 0
36930 36930 1 1 585062 0
36931 36931 1 1 585159 0
36932 36932 1 1 585256 0
36933 36933 1 1 585353 0
36934 36934 1 1 585450 0
36935 36935 1 1 585547 0
36936 36936 1 1 585644 0
36937 36937 1 1 585741 0
36938 36938 1 1 585838 0
36939 36939 1 1 585935 0
36940 36940 1 1 586032 0
36941 36941 1 1 586129 0
36942 36942 1 1 586226 0
36943 36943 1 1 586323 0
36944 36944 1 1 586420 0
36945 36945 1 1 586517 0
36946 36946 1 1 586614 0
36947 36947 1 1 586711 0
36948 36948 1 1 586808 0
36949 36949 1 1 586905 0
36950 36950 1 1 587002 0
36951 36951 1 1 587099 0
36952 36952 1 1 587196 0
36953 36953 1 1 587293 0
36954 36954 1 1 587390 0
36955 36955 1 1 587487 0
36956 36956 1 1 587584 0
36957 36957 1 1 587681 0
36958 36958 1 1 587778 0
36959 36959 1 1 587875 0
36960 36960 1 1 587972 0
36961 36961 1 1 588069 0
36962 36962 1 1 588166 0
36963 36963 1 1 588263 0
36964 36964 1 1 588360 0
36965 36965 1 1 588457 0
36966 36966 1 1 588554 0
36967 36967 1 1 588651 0
36968 36968 1 1 588748 0
36969 36969 1 1 588845 0
36970 36970 1 1 588942 0
36971 36971 1 1 589039 0
36972 36972 1 1 589136 0
36973 36973 1 1 589233 0
36974 36974 1 1 589330 0
36975 36975 1 1 589427 0
36976 36976 1 1 589524 0
36977 36977 1 1 589621 0
36978 36978 1 1 589718 0
36979 36979 1 1 589815 0
36980 36980 1 1 589912 0
36981 36981 1 1 590009 0
36982 36982 1 1 590106 0
36983 36983 1 1 590203 0
36984 36984 1 1 590300 0
36985 36985 1 1 590397 0
36986 36986 1 1 590494 0
36987 36987 1 1 590591 0
36988 36988 1 1 590688 0
36989 36989 1 1 590785 0
36990 36990 1 1 590882 0
36991 36991 1 1 590979 0
36992 36992 1 1 591076 0
36993 36993 1 1 591173 0
36994 36994 1 1 591270 0
36995 36995 1 1 591367 0
36996 36996 1 1 591464 0
36997 36997 1 1 591561 0
36998 36998 1 1 591658 0
36999 36999 1 1 591755 0
37000 37000 1 1 591852 0
37001 37001 1 1 591949 0
37002 37002 1 1 592046 0
37003 37003 1 1 592143 0
37004 37004 1 1 592240 0
37005 37005 1 1 592337 0
37006 37006 1 1 592434 0
37007 37007 1 1 592531 0
37008 37008 1 1 592628 0
37009 37009 1 1 592725 0
37010 37010 1 1 592822 0
37011 37011 1 1 592919 0
37012 37012 1 1 593016 0
37013 37013 1 1 593113 0
37014 37014 1 1 593210 0
37015 37015 1 1 593307 0
37016 37016 1 1 593404 0
37017 37017 1 1 593501 0
37018 37018 1 1 593598 0
37019 37019 1 1 593695 0
37020 37020 1 1 593792 0
37021 37021 1 1 593889 0
37022 37022 1 1 593986 0
37023 37023 1 1 594083 0
37024 37024 1 1 594180 0
37025 37025 1 1 594277 0
37026 37026 1 1 594374 0
37027 37027 1 1 594471 0
37028 37028 1 1 594568 0
37029 37029 1 1 594665 0
37030 37030 1 1 594762 0
37031 37031 1 1 594859 0
37032 37032 1 1 594956 0
37033 37033 1 1 595053 0
37034 37034 1 1 595150 0
37035 37035 1 1 595247 0
37036 37036 1 1 595344 0
37037 37037 1 1 595441 0
37038 37038 1 1 595538 0
37039 37039 1 1 595635 0
37040 37040 1 1 595732 0
37041 37041 1 1 595829 0
37042 37042 1 1 595926 0
37043 37043 1 1 596023 0
37044 37044 1 1 596120 0
37045 37045 1 1 596217 0
37046 37046 1 1 596314 0
37047 37047 1 1 596411 0
37048 37048 1 1 596508 0
37049 37049 1 1 596605 0
37050 37050 1 1 596702 0
37051 37051 1 1 596799 0
37052 37052 1 1 596896 0
37053 37053 1 1 596993 0
37054 37054 1 1 597090 0
37055 37055 1 1 597187 0
37056 37056 1 1 597284 0
37057 37057 1 1 597381 0
37058 37058 1 1 597478 0
37059 37059 1 1 597575 0
37060 37060 1 1 597672 0
37061 37061 1 1 597769 0
37062 37062 1 1 597866 0
37063 37063 1 1 597963 0
37064 37064 1 1 598060 0
37065 37065 1 1 598157 0
37066 37066 1 1 598254 0
37067 37067 1 1 598351 0
37068 37068 1 1 598448 0
37069 37069 1 1 598545 0
37070 37070 1 1 598642 0
37071 37071 1 1 598739 0
37072 37072 1 1 598836 0
37073 37073 1 1 598933 0
37074 37074 1 1 599030 0
37075 37075 1 1 599127 0
37076 37076 1 1 599224 0
37077 37077 1 1 599321 0
37078 37078 1 1 599418 0
37079 37079 1 1 599515 0
37080 37080 1 1 599612 0
37081 37081 1 1 599709 0
37082 37082 1 1 599806 0
37083 37083 1 1 599903 0
37084 37084 1 1 600000 0
37085 37085 1 1 600097 0
37086 37086 1 1 600194 0
37087 37087 1 1 600291 0
37088 37088 1 1 600388 0
37089 37089 1 1 600485 0
37090 37090 1 1 600582 0
37091 37091 1 1 600679 0
37092 37092 1 1 600776 0
37093 37093 1 1 600873 0
37094 37094 1 1 600970 0
37095 37095 1 1 601067 0
37096 37096 1 1 601164 0
37097 37097 1 1 601261 0
37098 37098 1 1 601358 0
37099 37099 1 1 601455 0
37100 37100 1 1 601552 0
37101 37101 1 1 601649 0
37102 37102 1 1 601746 0
37103 37103 1 1 601843 0
37104 37104 1 1 601940 0
37105 37105 1 1 602037 0
37106 37106 1 1 602134 0
37107 37107 1 1 602231 0
37108 37108 1 1 602328 0
37109 37109 1 1 602425 0
37110 37110 1 1 602522 0
37111 37111 1 1 602619 0
37112 37112 1 1 602716 0
37113 37113 1 1 602813 0
37114 37114 1 1 602910 0
37115 37115 1 1 603007 0
37116 37116 1 1 603104 0
37117 37117 1 1 603201 0
37118 37118 1 1 603298 0
37119 37119 1 1 603395 0
37120 37120 1 1 603492 0
37121 37121 1 1 603589 0
37122 37122 1 1 603686 0
37123 37123 1 1 603783 0
37124 37124 1 1 603880 0
37125 37125 1 1 603977 0
37126 37126 1 1 604074 0
37127 37127 1 1 604171 0
37128 37128 1 1 604268 0
37129 37129 1 1 604365 0
37130 37130 1 1 604462 0
37131 37131 1 1 604559 0
37132 37132 1 1 604656 0
37133 37133 1 1 604753 0
37134 37134 1 1 604850 0
37135 37135 1 1 604947 0
37136 37136 1 1 605044 0
37137 37137 1 1 605141 0
37138 37138 1 1 605238 0
37139 37139 1 1 605335 0
37140 37140 1 1 605432 0
37141 37141 1 1 605529 0
37142 37142 1 1 605626 0
37143 37143 1 1 605723 0
37144 37144 1 1 605820 0
37145 37145 1 1 605917 0
37146 37146 1 1 606014 0
37147 37147 1 1 606111 0
37148 37148 1 1 606208 0
37149 37149 1 1 606305 0
37150 37150 1 1 606402 0
37151 37151 1 1 606499 0
37152 37152 1 1 606596 0
37153 37153 1 1 606693 0
37154 37154 1 1 606790 0
37155 37155 1 1 606887 0
37156 37156 1 1 606984 0
37157 37157 1 1 607081 0
37158 37158 1 1 607178 0
37159 37159 1 1 607275 0
37160 37160 1 1 607372 0
37161 37161 1 1 607469 0
37162 37162 1 1 607566 0
37163 37163 1 1 607663 0
37164 37164 1 1 607760 0
37165 37165 1 1 607857 0
37166 37166 1 1 607954 0
37167 37167 1 1 608051 0
37168 37168 1 1 608148 0
37169 37169 1 1 608245 0
37170 37170 1 1 608342 0
37171 37171 1 1 608439 0
37172 37172 1 1 608536 0
37173 37173 1 1 608633 0
37174 37174 1 1 608730 0
37175 37175 1 1 608827 0
37176 37176 1 1 608924 0
37177 37177 1 1 609021 0
37178 37178 1 1 609118 0
37179 37179 1 1 609215 0
37180 37180 1 1 609312 0
37181 37181 1 1 609409 0
37182 37182 1 1 609506 0
37183 37183 1 1 609603 0
37184 37184 1 1 609700 0
37185 37185 1 1 609797 0
37186 37186 1 1 609894 0
37187 37187 1 1 609991 0
37188 37188 1 1 610088 0
37189 37189 1 1 610185 0
37190 37190 1 1 610282 0
37191 37191 1 1 610379 0
37192 37192 1 1 610476 0
37193 37193 1 1 610573 0
37194 37194 1 1 610670 0
37195 37195 1 1 610767 0
37196 37196 1 1 610864 0
37197 37197 1 1 610961 0
37198 37198 1 1 611058 0
37199 37199 1 1 611155 0
37200 37200 1 1 611252 0
37201 37201 1 1 611349 0
37202 37202 1 1 611446 0
37203 37203 1 1 611543 0
37204 37204 1 1 611640 0
37205 37205 1 1 611737 0
37206 37206 1 1 611834 0
37207 37207 1 1 611931 0
37208 37208 1 1 612028 0
37209 37209 1 1 612125 0
37210 37210 1 1 612222 0
37211 37211 1 1 612319 0
37212 37212 1 1 612416 0
37213 37213 1 1 612513 0
37214 37214 1 1 612610 0
37215 37215 1 1 612707 0
37216 37216 1 1 612804 0
37217 37217 1 1 612901 0
37218 37218 1 1 612998 0
37219 37219 1 1 613095 0
37220 37220 1 1 613192 0
37221 37221 1 1 613289 0
37222 37222 1 1 613386 0
37223 37223 1 1 613483 0
37224 37224 1 1 613580 0
37225 37225 1 1 613677 0
37226 37226 1 1 613774 0
37227 37227 1 1 613871 0
37228 37228 1 1 613968 0
37229 37229 1 1 614065 0
37230 37230 1 1 614162 0
37231 37231 1 1 614259 0
37232 37232 1 1 614356 0
37233 37233 1 1 614453 0
37234 37234 1 1 614550 0
37235 37235 1 1 614647 0
37236 37236 1 1 614744 0
37237 37237 1 1 614841 0
37238 37238 1 1 614938 0
37239 37239 1 1 615035 0
37240 37240 1 1 615132 0
37241 37241 1 1 615229 0
37242 37242 1 1 615326 0
37243 37243 1 1 615423 0
37244 37244 1 1 615520 0
37245 37245 1 1 615617 0
37246 37246 1 1 615714 0
37247 37247 1 1 615811 0
37248 37248 1 1 615908 0
37249 37249 1 1 616005 0
37250 37250 1 1 616102 0
37251 37251 1 1 616199 0
37252 37252 1 1 616296 0
37253 37253 1 1 616393 0
37254 37254 1 1 616490 0
37255 37255 1 1 616587 0
37256 37256 1 1 616684 0
37257 37257 1 1 616781 0
37258 37258 1 1 616878 0
37259 37259 1 1 616975 0
37260 37260 1 1 617072 0
37261 37261 1 1 617169 0
37262 37262 1 1 617266 0
37263 37263 1 1 617363 0
37264 37264 1 1 617460 0
37265 37265 1 1 617557 0
37266 37266 1 1 617654 0
37267 37267 1 1 617751 0
37268 37268 1 1 617848 0
37269 37269 1 1 617945 0
37270 37270 1 1 618042 0
37271 37271 1 1 618139 0
37272 37272 1 1 618236 0
37273 37273 1 1 618333 0
37274 37274 1 1 618430 0
37275 37275 1 1 618527 0
37276 37276 1 1 618624 0
37277 37277 1 1 618721 0
37278 37278 1 1 618818 0
37279 37279 1 1 618915 0
37280 37280 1 1 619012 0
37281 37281 1 1 619109 0
37282 37282 1 1 619206 0
37283 37283 1 1 619303 0
37284 37284 1 1 619400 0
37285 37285 1 1 619497 0
37286 37286 1 1 619594 0
37287 37287 1 1 619691 0
37288 37288 1 1 619788 0
37289 37289 1 1 619885 0
37290 37290 1 1 619982 0
37291 37291 1 1 620079 0
37292 37292 1 1 620176 0
37293 37293 1 1 620273 0
37294 37294 1 1 620370 0
37295 37295 1 1 620467 0
37296 37296 1 1 620564 0
37297 37297 1 1 620661 0
37298 37298 1 1 620758 0
37299 37299 1 1 620855 0
37300 37300 1 1 620952 0
37301 37301 1 1 621049 0
37302 37302 1 1 621146 0
37303 37303 1 1 621243 0
37304 37304 1 1 621340 0
37305 37305 1 1 621437 0
37306 37306 1 1 621534 0
37307 37307 1 1 621631 0
37308 37308 1 1 621728 0
37309 37309 1 1 621825 0
37310 37310 1 1 621922 0
37311 37311 1 1 622019 0
37312 37312 1 1 622116 0
37313 37313 1 1 622213 0
37314 37314 1 1 622310 0
37315 37315 1 1 622407 0
37316 37316 1 1 622504 0
37317 37317 1 1 622601 0
37318 37318 1 1 622698 0
37319 37319 1 1 622795 0
37320 37320 1 1 622892 0
37321 37321 1 1 622989 0
37322 37322 1 1 623086 0
37323 37323 1 1 623183 0
37324 37324 1 1 623280 0
37325 37325 1 1 623377 0
37326 37326 1 1 623474 0
37327 37327 1 1 623571 0
37328 37328 1 1 623668 0
37329 37329 1 1 623765 0
37330 37330 1 1 623862 0
37331 37331 1 1 623959 0
37332 37332 1 1 624056 0
37333 37333 1 1 624153 0
37334 37334 1 1 624250 0
37335 37335 1 1 624347 0
37336 37336 1 1 624444 0
37337 37337 1 1 624541 0
37338 37338 1 1 624638 0
37339 37339 1 1 624735 0
37340 37340 1 1 624832 0
37341 37341 1 1 624929 0
37342 37342 1 1 625026 0
37343 37343 1 1 625123 0
37344 37344 1 1 625220 0
37345 37345 1 1 625317 0
37346 37346 1 1 625414 0
37347 37347 1 1 625511 0
37348 37348 1 1 625608 0
37349 37349 1 1 625705 0
37350 37350 1 1 625802 0
37351 37351 1 1 625899 0
37352 37352 1 1 625996 0
37353 37353 1 1 626093 0
37354 37354 1 1 626190 0
37355 37355 1 1 626287 0
37356 37356 1 1 626384 0
37357 37357 1 1 626481 0
37358 37358 1 1 626578 0
37359 37359 1 1 626675 0
37360 37360 1 1 626772 0
37361 37361 1 1 626869 0
37362 37362 1 1 626966 0
37363 37363 1 1 627063 0
37364 37364 1 1 627160 0
37365 37365 1 1 627257 0
37366 37366 1 1 627354 0
37367 37367 1 1 627451 0
37368 37368 1 1 627548 0
37369 37369 1 1 627645 0
37370 37370 1 1 627742 0
37371 37371 1 1 627839 0
37372 37372 1 1 627936 0
37373 37373 1 1 628033 0
37374 37374 1 1 628130 0
37375 37375 1 1 628227 0
37376 37376 1 1 628324 0
37377 37377 1 1 628421 0
37378 37378 1 1 628518 0
37379 37379 1 1 628615 0
37380 37380 1 1 628712 0
37381 37381 1 1 628809 0
37382 37382 1 1 628906 0
37383 37383 1 1 629003 0
37384 37384 1 1 629100 0
37385 37385 1 1 629197 0
37386 37386 1 1 629294 0
37387 37387 1 1 629391 0
37388 37388 1 1 629488 0
37389 37389 1 1 629585 0
37390 37390 1 1 629682 0
37391 37391 1 1 629779 0
37392 37392 1 1 629876 0
37393 37393 1 1 629973 0
37394 37394 1 1 630070 0
37395 37395 1 1 630167 0
37396 37396 1 1 630264 0
37397 37397 1 1 630361 0
37398 37398 1 1 630458 0
37399 37399 1 1 630555 0
37400 37400 1 1 630652 0
37401 37401 1 1 630749 0
37402 37402 1 1 630846 0
37403 37403 1 1 630943 0
37404 37404 1 1 631040 0
37405 37405 1 1 631137 0
37406 37406 1 1 631234 0
37407 37407 1 1 631331 0
37408 37408 1 1 631428 0
37409 37409 1 1 631525 0
37410 37410 1 1 631622 0
37411 37411 1 1 631719 0
37412 37412 1 1 631816 0
37413 37413 1 1 631913 0
37414 37414 1 1 632010 0
37415 37415 1 1 632107 0
37416 37416 1 1 632204 0
37417 37417 1 1 632301 0
37418 37418 1 1 632398 0
37419 37419 1 1 632495 0
37420 37420 1 1 632592 0
37421 37421 1 1 632689 0
37422 37422 1 1 632786 0
37423 37423 1 1 632883 0
37424 37424 1 1 632980 0
37425 37425 1 1 633077 0
37426 37426 1 1 633174 0
37427 37427 1 1 633271 0
37428 37428 1 1 633368 0
37429 37429 1 1 633465 0
37430 37430 1 1 633562 0
37431 37431 1 1 633659 0
37432 37432 1 1 633756 0
37433 37433 1 1 633853 0
37434 37434 1 1 633950 0
37435 37435 1 1 634047 0
37436 37436 1 1 634144 0
37437 37437 1 1 634241 0
37438 37438 1 1 634338 0
37439 37439 1 1 634435 0
37440 37440 1 1 634532 0
37441 37441 1 1 634629 0
37442 37442 1 1 634726 0
37443 37443 1 1 634823 0
37444 37444 1 1 634920 0
37445 37445 1 1 635017 0
37446 37446 1 1 635114 0
37447 37447 1 1 635211 0
37448 37448 1 1 635308 0
37449 37449 1 1 635405 0
37450 37450 1 1 635502 0
37451 37451 1 1 635599 0
37452 37452 1 1 635696 0
37453 37453 1 1 635793 0
37454 37454 1 1 635890 0
37455 37455 1 1 635987 0
37456 37456 1 1 636084 0
37457 37457 1 1 636181 0
37458 37458 1 1 636278 0
37459 37459 1 1 636375 0
37460 37460 1 1 636472 0
37461 37461 1 1 636569 0
37462 37462 1 1 636666 0
37463 37463 1 1 636763 0
37464 37464 1 1 636860 0
37465 37465 1 1 636957 0
37466 37466 1 1 637054 0
37467 37467 1 1 637151 0
37468 37468 1 1 637248 0
37469 37469 1 1 637345 0
37470 37470 1 1 637442 0
37471 37471 1 1 637539 0
37472 37472 1 1 637636 0
37473 37473 1 1 637733 0
37474 37474 1 1 637830 0
37475 37475 1 1 637927 0
37476 37476 1 1 638024 0
37477 37477 1 1 638121 0
37478 37478 1 1 638218 0
37479 37479 1 1 638315 0
37480 37480 1 1 638412 0
37481 37481 1 1 638509 0
37482 37482 1 1 638606 0
37483 37483 1 1 638703 0
37484 37484 1 1 638800 0
37485 37485 1 1 638897 0
37486 37486 1 1 638994 0
37487 37487 1 1 639091 0
37488 37488 1 1 639188 0
37489 37489 1 1 639285 0
37490 37490 1 1 639382 0
37491 37491 1 1 639479 0
37492 37492 1 1 639576 0
37493 37493 1 1 639673 0
37494 37494 1 1 639770 0
37495 37495 1 1 639867 0
37496 37496 1 1 639964 0
37497 37497 1 1 640061 0
37498 37498 1 1 640158 0
37499 37499 1 1 640255 0
37500 37500 1 1 640352 0
37501 37501 1 1 640449 0
37502 37502 1 1 640546 0
37503 37503 1 1 640643 0
37504 37504 1 1 640740 0
37505 37505 1 1 640837 0
37506 37506 1 1 640934 0
37507 37507 1 1 641031 0
37508 37508 1 1 641128 0
37509 37509 1 1 641225 0
37510 37510 1 1 641322 0
37511 37511 1 1 641419 0
37512 37512 1 1 641516 0
37513 37513 1 1 641613 0
37514 37514 1 1 641710 0
37515 37515 1 1 641807 0
37516 37516 1 1 641904 0
37517 37517 1 1 642001 0
37518 37518 1 1 642098 0
37519 37519 1 1 642195 0
37520 37520 1 1 642292 0
37521 37521 1 1 642389 0
37522 37522 1 1 642486 0
37523 37523 1 1 642583 0
37524 37524 1 1 642680 0
37525 37525 1 1 642777 0
37526 37526 1 1 642874 0
37527 37527 1 1 642971 0
37528 37528 1 1 643068 0
37529 37529 1 1 643165 0
37530 37530 1 1 643262 0
37531 37531 1 1 643359 0
37532 37532 1 1 643456 0
37533 37533 1 1 643553 0
37534 37534 1 1 643650 0
37535 37535 1 1 643747 0
37536 37536 1 1 643844 0
37537 37537 1 1 643941 0
37538 37538 1 1 644038 0
37539 37539 1 1 644135 0
37540 37540 1 1 644232 0
37541 37541 1 1 644329 0
37542 37542 1 1 644426 0
37543 37543 1 1 644523 0
37544 37544 1 1 644620 0
37545 37545 1 1 644717 0
37546 37546 1 1 644814 0
37547 37547 1 1 644911 0
37548 37548 1 1 645008 0
37549 37549 1 1 645105 0
37550 37550 1 1 645202 0
37551 37551 1 1 645299 0
37552 37552 1 1 645396 0
37553 37553 1 1 645493 0
37554 37554 1 1 645590 0
37555 37555 1 1 645687 0
37556 37556 1 1 645784 0
37557 37557 1 1 645881 0
37558 37558 1 1 645978 0
37559 37559 1 1 646075 0
37560 37560 1 1 646172 0
37561 37561 1 1 646269 0
37562 37562 1 1 646366 0
37563 37563 1 1 646463 0
37564 37564 1 1 646560 0
37565 37565 1 1 646657 0
37566 37566 1 1 646754 0
37567 37567 1 1 646851 0
37568 37568 1 1 646948 0
37569 37569 1 1 647045 0
37570 37570 1 1 647142 0
37571 37571 1 1 647239 0
37572 37572 1 1 647336 0
37573 37573 1 1 647433 0
37574 37574 1 1 647530 0
37575 37575 1 1 647627 0
37576 37576 1 1 647724 0
37577 37577 1 1 647821 0
37578 37578 1 1 647918 0
37579 37579 1 1 648015 0
37580 37580 1 1 648112 0
37581 37581 1 1 648209 0
37582 37582 1 1 648306 0
37583 37583 1 1 648403 0
37584 37584 1 1 648500 0
37585 37585 1 1 648597 0
37586 37586 1 1 648694 0
37587 37587 1 1 648791 0
37588 37588 1 1 648888 0
37589 37589 1 1 648985 0
37590 37590 1 1 649082 0
37591 37591 1 1 649179 0
37592 37592 1 1 649276 0
37593 37593 1 1 649373 0
37594 37594 1 1 649470 0
37595 37595 1 1 649567 0
37596 37596 1 1 649664 0
37597 37597 1 1 649761 0
37598 37598 1 1 649858 0
37599 37599 1 1 649955 0
37600 37600 1 1 650052 0
37601 37601 1 1 650149 0
37602 37602 1 1 650246 0
37603 37603 1 1 650343 0
37604 37604 1 1 650440 0
37605 37605 1 1 650537 0
37606 37606 1 1 650634 0
37607 37607 1 1 650731 0
37608 37608 1 1 650828 0
37609 37609 1 1 650925 0
37610 37610 1 1 651022 0
37611 37611 1 1 651119 0
37612 37612 1 1 651216 0
37613 37613 1 1 651313 0
37614 37614 1 1 651410 0
37615 37615 1 1 651507 0
37616 37616 1 1 651604 0
37617 37617 1 1 651701 0
37618 37618 1 1 651798 0
37619 37619 1 1 651895 0
37620 37620 1 1 651992 0
37621 37621 1 1 652089 0
37622 37622 1 1 652186 0
37623 37623 1 1 652283 0
37624 37624 1 1 652380 0
37625 37625 1 1 652477 0
37626 37626 1 1 652574 0
37627 37627 1 1 652671 0
37628 37628 1 1 652768 0
37629 37629 1 1 652865 0
37630 37630 1 1 652962 0
37631 37631 1 1 653059 0
37632 37632 1 1 653156 0
37633 37633 1 1 653253 0
37634 37634 1 1 653350 0
37635 37635 1 1 653447 0
37636 37636 1 1 653544 0
37637 37637 1 1 653641 0
37638 37638 1 1 653738 0
37639 37639 1 1 653835 0
37640 37640 1 1 653932 0
37641 37641 1 1 654029 0
37642 37642 1 1 654126 0
37643 37643 1 1 654223 0
37644 37644 1 1 654320 0
37645 37645 1 1 654417 0
37646 37646 1 1 654514 0
37647 37647 1 1 654611 0
37648 37648 1 1 654708 0
37649 37649 1 1 654805 0
37650 37650 1 1 654902 0
37651 37651 1 1 654999 0
37652 37652 1 1 655096 0
37653 37653 1 1 655193 0
37654 37654 1 1 655290 0
37655 37655 1 1 655387 0
37656 37656 1 1 655484 0
37657 37657 1 1 655581 0
37658 37658 1 1 655678 0
37659 37659 1 1 655775 0
37660 37660 1 1 655872 0
37661 37661 1 1 655969 0
37662 37662 1 1 656066 0
37663 37663 1 1 656163 0
37664 37664 1 1 656260 0
37665 37665 1 1 656357 0
37666 37666 1 1 656454 0
37667 37667 1 1 656551 0
37668 37668 1 1 656648 0
37669 37669 1 1 656745 0
37670 37670 1 1 656842 0
37671 37671 1 1 656939 0
37672 37672 1 1 657036 0
37673 37673 1 1 657133 0
37674 37674 1 1 657230 0
37675 37675 1 1 657327 0
37676 37676 1 1 657424 0
37677 37677 1 1 657521 0
37678 37678 1 1 657618 0
37679 37679 1 1 657715 0
37680 37680 1 1 657812 0
37681 37681 1 1 657909 0
37682 37682 1 1 658006 0
37683 37683 1 1 658103 0
37684 37684 1 1 658200 0
37685 37685 1 1 658297 0
37686 37686 1 1 658394 0
37687 37687 1 1 658491 0
37688 37688 1 1 658588 0
37689 37689 1 1 658685 0
37690 37690 1 1 658782 0
37691 37691 1 1 658879 0
37692 37692 1 1 658976 0
37693 37693 1 1 659073 0
37694 37694 1 1 659170 0
37695 37695 1 1 659267 0
37696 37696 1 1 659364 0
37697 37697 1 1 659461 0
37698 37698 1 1 659558 0
37699 37699 1 1 659655 0
37700 37700 1 1 659752 0
37701 37701 1 1 659849 0
37702 37702 1 1 659946 0
37703 37703 1 1 660043 0
37704 37704 1 1 660140 0
37705 37705 1 1 660237 0
37706 37706 1 1 660334 0
37707 37707 1 1 660431 0
37708 37708 1 1 660528 0
37709 37709 1 1 660625 0
37710 37710 1 1 660722 0
37711 37711 1 1 660819 0
37712 37712 1 1 660916 0
37713 37713 1 1 661013 0
37714 37714 1 1 661110 0
37715 37715 1 1 661207 0
37716 37716 1 1 661304 0
37717 37717 1 1 661401 0
37718 37718 1 1 661498 0
37719 37719 1 1 661595 0
37720 37720 1 1 661692 0
37721 37721 1 1 661789 0
37722 37722 1 1 661886 0
37723 37723 1 1 661983 0
37724 37724 1 1 662080 0
37725 37725 1 1 662177 0
37726 37726 1 1 662274 0
37727 37727 1 1 662371 0
37728 37728 1 1 662468 0
37729 37729 1 1 662565 0
37730 37730 1 1 662662 0
37731 37731 1 1 662759 0
37732 37732 1 1 662856 0
37733 37733 1 1 662953 0
37734 37734 1 1 663050 0
37735 37735 1 1 663147 0
37736 37736 1 1 663244 0
37737 37737 1 1 663341 0
37738 37738 1 1 663438 0
37739 37739 1 1 663535 0
37740 37740 1 1 663632 0
37741 37741 1 1 663729 0
37742 37742 1 1 663826 0
37743 37743 1 1 663923 0
37744 37744 1 1 664020 0
37745 37745 1 1 664117 0
37746 37746 1 1 664214 0
37747 37747 1 1 664311 0
37748 37748 1 1 664408 0
37749 37749 1 1 664505 0
37750 37750 1 1 664602 0
37751 37751 1 1 664699 0
37752 37752 1 1 664796 0
37753 37753 1 1 664893 0
37754 37754 1 1 664990 0
37755 37755 1 1 665087 0
37756 37756 1 1 665184 0
37757 37757 1 1 665281 0
37758 37758 1 1 665378 0
37759 37759 1 1 665475 0
37760 37760 1 1 665572 0
37761 37761 1 1 665669 0
37762 37762 1 1 665766 0
37763 37763 1 1 665863 0
37764 37764 1 1 665960 0
37765 37765 1 1 666057 0
37766 37766 1 1 666154 0
37767 37767 1 1 666251 0
37768 37768 1 1 666348 0
37769 37769 1 1 666445 0
37770 37770 1 1 666542 0
37771 37771 1 1 666639 0
37772 37772 1 1 666736 0
37773 37773 1 1 666833 0
37774 37774 1 1 666930 0
37775 37775 1 1 667027 0
37776 37776 1 1 667124 0
37777 37777 1 1 667221 0
37778 37778 1 1 667318 0
37779 37779 1 1 667415 0
37780 37780 1 1 667512 0
37781 37781 1 1 667609 0
37782 37782 1 1 667706 0
37783 37783 1 1 667803 0
37784 37784 1 1 667900 0
37785 37785 1 1 667997 0
37786 37786 1 1 668094 0
37787 37787 1 1 668191 0
37788 37788 1 1 668288 0
37789 37789 1 1 668385 0
37790 37790 1 1 668482 0
37791 37791 1 1 668579 0
37792 37792 1 1 668676 0
37793 37793 1 1 668773 0
37794 37794 1 1 668870 0
37795 37795 1 1 668967 0
37796 37796 1 1 669064 0
37797 37797 1 1 669161 0
37798 37798 1 1 669258 0
37799 37799 1 1 669355 0
37800 37800 1 1 669452 0
37801 37801 1 1 669549 0
37802 37802 1 1 669646 0
37803 37803 1 1 669743 0
37804 37804 1 1 669840 0
37805 37805 1 1 669937 0
37806 37806 1 1 670034 0
37807 37807 1 1 670131 0
37808 37808 1 1 670228 0
37809 37809 1 1 670325 0
37810 37810 1 1 670422 0
37811 37811 1 1 670519 0
37812 37812 1 1 670616 0
37813 37813 1 1 670713 0
37814 37814 1 1 670810 0
37815 37815 1 1 670907 0
37816 37816 1 1 671004 0
37817 37817 1 1 671101 0
37818 37818 1 1 671198 0
37819 37819 1 1 671295 0
37820 37820 1 1 671392 0
37821 37821 1 1 671489 0
37822 37822 1 1 671586 0
37823 37823 1 1 671683 0
37824 37824 1 1 671780 0
37825 37825 1 1 671877 0
37826 37826 1 1 671974 0
37827 37827 1 1 672071 0
37828 37828 1 1 672168 0
37829 37829 1 1 672265 0
37830 37830 1 1 672362 0
37831 37831 1 1 672459 0
37832 37832 1 1 672556 0
37833 37833 1 1 672653 0
37834 37834 1 1 672750 0
37835 37835 1 1 672847 0
37836 37836 1 1 672944 0
37837 37837 1 1 673041 0
37838 37838 1 1 673138 0
37839 37839 1 1 673235 0
37840 37840 1 1 673332 0
37841 37841 1 1 673429 0
37842 37842 1 1 673526 0
37843 37843 1 1 673623 0
37844 37844 1 1 673720 0
37845 37845 1 1 673817 0
37846 37846 1 1 673914 0
37847 37847 1 1 674011 0
37848 37848 1 1 674108 0
37849 37849 1 1 674205 0
37850 37850 1 1 674302 0
37851 37851 1 1 674399 0
37852 37852 1 1 674496 0
37853 37853 1 1 674593 0
37854 37854 1 1 674690 0
37855 37855 1 1 674787 0
37856 37856 1 1 674884 0
37857 37857 1 1 674981 0
37858 37858 1 1 675078 0
37859 37859 1 1 675175 0
37860 37860 1 1 675272 0
37861 37861 1 1 675369 0
37862 37862 1 1 675466 0
37863 37863 1 1 675563 0
37864 37864 1 1 675660 0
37865 37865 1 1 675757 0
37866 37866 1 1 675854 0
37867 37867 1 1 675951 0
37868 37868 1 1 676048 0
37869 37869 1 1 676145 0
37870 37870 1 1 676242 0
37871 37871 1 1 676339 0
37872 37872 1 1 676436 0
37873 37873 1 1 676533 0
37874 37874 1 1 676630 0
37875 37875 1 1 676727 0
37876 37876 1 1 676824 0
37877 37877 1 1 676921 0
37878 37878 1 1 677018 0
37879 37879 1 1 677115 0
37880 37880 1 1 677212 0
37881 37881 1 1 677309 0
37882 37882 1 1 677406 0
37883 37883 1 1 677503 0
37884 37884 1 1 677600 0
37885 37885 1 1 677697 0
37886 37886 1 1 677794 0
37887 37887 1 1 677891 0
37888 37888 1 1 677988 0
37889 37889 1 1 678085 0
37890 37890 1 1 678182 0
37891 37891 1 1 678279 0
37892 37892 1 1 678376 0
37893 37893 1 1 678473 0
37894 37894 1 1 678570 0
37895 37895 1 1 678667 0
37896 37896 1 1 678764 0
37897 37897 1 1 678861 0
37898 37898 1 1 678958 0
37899 37899 1 1 679055 0
37900 37900 1 1 679152 0
37901 37901 1 1 679249 0
37902 37902 1 1 679346 0
37903 37903 1 1 679443 0
37904 37904 1 1 679540 0
37905 37905 1 1 679637 0
37906 37906 1 1 679734 0
37907 37907 1 1 679831 0
37908 37908 1 1 679928 0
37909 37909 1 1 680025 0
37910 37910 1 1 680122 0
37911 37911 1 1 680219 0
37912 37912 1 1 680316 0
37913 37913 1 1 680413 0
37914 37914 1 1 680510 0
37915 37915 1 1 680607 0
37916 37916 1 1 680704 0
37917 37917 1 1 680801 0
37918 37918 1 1 680898 0
37919 37919 1 1 680995 0
37920 37920 1 1 681092 0
37921 37921 1 1 681189 0
37922 37922 1 1 681286 0
37923 37923 1 1 681383 0
37924 37924 1 1 681480 0
37925 37925 1 1 681577 0
37926 37926 1 1 681674 0
37927 37927 1 1 681771 0
37928 37928 1 1 681868 0
37929 37929 1 1 681965 0
37930 37930 1 1 682062 0
37931 37931 1 1 682159 0
37932 37932 1 1 682256 0
37933 37933 1 1 682353 0
37934 37934 1 1 682450 0
37935 37935 1 1 682547 0
37936 37936 1 1 682644 0
37937 37937 1 1 682741 0
37938 37938 1 1 682838 0
37939 37939 1 1 682935 0
37940 37940 1 1 683032 0
37941 37941 1 1 683129 0
37942 37942 1 1 683226 0
37943 37943 1 1 683323 0
37944 37944 1 1 683420 0
37945 37945 1 1 683517 0
37946 37946 1 1 683614 0
37947 37947 1 1 683711 0
37948 37948 1 1 683808 0
37949 37949 1 1 683905 0
37950 37950 1 1 684002 0
37951 37951 1 1 684099 0
37952 37952 1 1 684196 0
37953 37953 1 1 684293 0
37954 37954 1 1 684390 0
37955 37955 1 1 684487 0
37956 37956 1 1 684584 0
37957 37957 1 1 684681 0
37958 37958 1 1 684778 0
37959 37959 1 1 684875 0
37960 37960 1 1 684972 0
37961 37961 1 1 685069 0
37962 37962 1 1 685166 0
37963 37963 1 1 685263 0
37964 37964 1 1 685360 0
37965 37965 1 1 685457 0
37966 37966 1 1 685554 0
37967 37967 1 1 685651 0
37968 37968 1 1 685748 0
37969 37969 1 1 685845 0
37970 37970 1 1 685942 0
37971 37971 1 1 686039 0
37972 37972 1 1 686136 0
37973 37973 1 1 686233 0
37974 37974 1 1 686330 0
37975 37975 1 1 686427 0
37976 37976 1 1 686524 0
37977 37977 1 1 686621 0
37978 37978 1 1 686718 0
37979 37979 1 1 686815 0
37980 37980 1 1 686912 0
37981 37981 1 1 687009 0
37982 37982 1 1 687106 0
37983 37983 1 1 687203 0
37984 37984 1 1 687300 0
37985 37985 1 1 687397 0
37986 37986 1 1 687494 0
37987 37987 1 1 687591 0
37988 37988 1 1 687688 0
37989 37989 1 1 687785 0
37990 37990 1 1 687882 0
37991 37991 1 1 687979 0
37992 37992 1 1 688076 0
37993 37993 1 1 688173 0
37994 37994 1 1 688270 0
37995 37995 1 1 688367 0
37996 37996 1 1 688464 0
37997 37997 1 1 688561 0
37998 37998 1 1 688658 0
37999 37999 1 1 688755 0
38000 38000 1 1 688852 0
38001 38001 1 1 688949 0
38002 38002 1 1 689046 0
38003 38003 1 1 689143 0
38004 38004 1 1 689240 0
38005 38005 1 1 689337 0
38006 38006 1 1 689434 0
38007 38007 1 1 689531 0
38008 38008 1 1 689628 0
38009 38009 1 1 689725 0
38010 38010 1 1 689822 0
38011 38011 1 1 689919 0
38012 38012 1 1 690016 0
38013 38013 1 1 690113 0
38014 38014 1 1 690210 0
38015 38015 1 1 690307 0
38016 38016 1 1 690404 0
38017 38017 1 1 690501 0
38018 38018 1 1 690598 0
38019 38019 1 1 690695 0
38020 38020 1 1 690792 0
38021 38021 1 1 690889 0
38022 38022 1 1 690986 0
38023 38023 1 1 691083 0
38024 38024 1 1 691180 0
38025 38025 1 1 691277 0
38026 38026 1 1 691374 0
38027 38027 1 1 691471 0
38028 38028 1 1 691568 0
38029 38029 1 1 691665 0
38030 38030 1 1 691762 0
38031 38031 1 1 691859 0
38032 38032 1 1 691956 0
38033 38033 1 1 692053 0
38034 38034 1 1 692150 0
38035 38035 1 1 692247 0
38036 38036 1 1 692344 0
38037 38037 1 1 692441 0
38038 38038 1 1 692538 0
38039 38039 1 1 692635 0
38040 38040 1 1 692732 0
38041 38041 1 1 692829 0
38042 38042 1 1 692926 0
38043 38043 1 1 693023 0
38044 38044 1 1 693120 0
38045 38045 1 1 693217 0
38046 38046 1 1 693314 0
38047 38047 1 1 693411 0
38048 38048 1 1 693508 0
38049 38049 1 1 693605 0
38050 38050 1 1 693702 0
38051 38051 1 1 693799 0
38052 38052 1 1 693896 0
38053 38053 1 1 693993 0
38054 38054 1 1 694090 0
38055 38055 1 1 694187 0
38056 38056 1 1 694284 0
38057 38057 1 1 694381 0
38058 38058 1 1 694478 0
38059 38059 1 1 694575 0
38060 38060 1 1 694672 0
38061 38061 1 1 694769 0
38062 38062 1 1 694866 0
38063 38063 1 1 694963 0
38064 38064 1 1 695060 0
38065 38065 1 1 695157 0
38066 38066 1 1 695254 0
38067 38067 1 1 695351 0
38068 38068 1 1 695448 0
38069 38069 1 1 695545 0
38070 38070 1 1 695642 0
38071 38071 1 1 695739 0
38072 38072 1 1 695836 0
38073 38073 1 1 695933 0
38074 38074 1 1 696030 0
38075 38075 1 1 696127 0
38076 38076 1 1 696224 0
38077 38077 1 1 696321 0
38078 38078 1 1 696418 0
38079 38079 1 1 696515 0
38080 38080 1 1 696612 0
38081 38081 1 1 696709 0
38082 38082 1 1 696806 0
38083 38083 1 1 696903 0
38084 38084 1 1 697000 0
38085 38085 1 1 697097 0
38086 38086 1 1 697194 0
38087 38087 1 1 697291 0
38088 38088 1 1 697388 0
38089 38089 1 1 697485 0
38090 38090 1 1 697582 0
38091 38091 1 1 697679 0
38092 38092 1 1 697776 0
38093 38093 1 1 697873 0
38094 38094 1 1 697970 0
38095 38095 1 1 698067 0
38096 38096 1 1 698164 0
38097 38097 1 1 698261 0
38098 38098 1 1 698358 0
38099 38099 1 1 698455 0
38100 38100 1 1 698552 0
38101 38101 1 1 698649 0
38102 38102 1 1 698746 0
38103 38103 1 1 698843 0
38104 38104 1 1 698940 0
38105 38105 1 1 699037 0
38106 38106 1 1 699134 0
38107 38107 1 1 699231 0
38108 38108 1 1 699328 0
38109 38109 1 1 699425 0
38110 38110 1 1 699522 0
38111 38111 1 1 699619 0
38112 38112 1 1 699716 0
38113 38113 1 1 699813 0
38114 38114 1 1 699910 0
38115 38115 1 1 700007 0
38116 38116 1 1 700104 0
38117 38117 1 1 700201 0
38118 38118 1 1 700298 0
38119 38119 1 1 700395 0
38120 38120 1 1 700492 0
38121 38121 1 1 700589 0
38122 38122 1 1 700686 0
38123 38123 1 1 700783 0
38124 38124 1 1 700880 0
38125 38125 1 1 700977 0
38126 38126 1 1 701074 0
38127 38127 1 1 701171 0
38128 38128 1 1 701268 0
38129 38129 1 1 701365 0
38130 38130 1 1 701462 0
38131 38131 1 1 701559 0
38132 38132 1 1 701656 0
38133 38133 1 1 701753 0
38134 38134 1 1 701850 0
38135 38135 1 1 701947 0
38136 38136 1 1 702044 0
38137 38137 1 1 702141 0
38138 38138 1 1 702238 0
38139 38139 1 1 702335 0
38140 38140 1 1 702432 0
38141 38141 1 1 702529 0
38142 38142 1 1 702626 0
38143 38143 1 1 702723 0
38144 38144 1 1 702820 0
38145 38145 1 1 702917 0
38146 38146 1 1 703014 0
38147 38147 1 1 703111 0
38148 38148 1 1 703208 0
38149 38149 1 1 703305 0
38150 38150 1 1 703402 0
38151 38151 1 1 703499 0
38152 38152 1 1 703596 0
38153 38153 1 1 703693 0
38154 38154 1 1 703790 0
38155 38155 1 1 703887 0
38156 38156 1 1 703984 0
38157 38157 1 1 704081 0
38158 38158 1 1 704178 0
38159 38159 1 1 704275 0
38160 38160 1 1 704372 0
38161 38161 1 1 704469 0
38162 38162 1 1 704566 0
38163 38163 1 1 704663 0
38164 38164 1 1 704760 0
38165 38165 1 1 704857 0
38166 38166 1 1 704954 0
38167 38167 1 1 705051 0
38168 38168 1 1 705148 0
38169 38169 1 1 705245 0
38170 38170 1 1 705342 0
38171 38171 1 1 705439 0
38172 38172 1 1 705536 0
38173 38173 1 1 705633 0
38174 38174 1 1 705730 0
38175 38175 1 1 705827 0
38176 38176 1 1 705924 0
38177 38177 1 1 706021 0
38178 38178 1 1 706118 0
38179 38179 1 1 706215 0
38180 38180 1 1 706312 0
38181 38181 1 1 706409 0
38182 38182 1 1 706506 0
38183 38183 1 1 706603 0
38184 38184 1 1 706700 0
38185 38185 1 1 706797 0
38186 38186 1 1 706894 0
38187 38187 1 1 706991 0
38188 38188 1 1 707088 0
38189 38189 1 1 707185 0
38190 38190 1 1 707282 0
38191 38191 1 1 707379 0
38192 38192 1 1 707476 0
38193 38193 1 1 707573 0
38194 38194 1 1 707670 0
38195 38195 1 1 707767 0
38196 38196 1 1 707864 0
38197 38197 1 1 707961 0
38198 38198 1 1 708058 0
38199 38199 1 1 708155 0
38200 38200 1 1 708252 0
38201 38201 1 1 708349 0
38202 38202 1 1 708446 0
38203 38203 1 1 708543 0
38204 38204 1 1 708640 0
38205 38205 1 1 708737 0
38206 38206 1 1 708834 0
38207 38207 1 1 708931 0
38208 38208 1 1 709028 0
38209 38209 1 1 709125 0
38210 38210 1 1 709222 0
38211 38211 1 1 709319 0
38212 38212 1 1 709416 0
38213 38213 1 1 709513 0
38214 38214 1 1 709610 0
38215 38215 1 1 709707 0
38216 38216 1 1 709804 0
38217 38217 1 1 709901 0
38218 38218 1 1 709998 0
38219 38219 1 1 710095 0
38220 38220 1 1 710192 0
38221 38221 1 1 710289 0
38222 38222 1 1 710386 0
38223 38223 1 1 710483 0
38224 38224 1 1 710580 0
38225 38225 1 1 710677 0
38226 38226 1 1 710774 0
38227 38227 1 1 710871 0
38228 38228 1 1 710968 0
38229 38229 1 1 711065 0
38230 38230 1 1 711162 0
38231 38231 1 1 711259 0
38232 38232 1 1 711356 0
38233 38233 1 1 711453 0
38234 38234 1 1 711550 0
38235 38235 1 1 711647 0
38236 38236 1 1 711744 0
38237 38237 1 1 711841 0
38238 38238 1 1 711938 0
38239 38239 1 1 712035 0
38240 38240 1 1 712132 0
38241 38241 1 1 712229 0
38242 38242 1 1 712326 0
38243 38243 1 1 712423 0
38244 38244 1 1 712520 0
38245 38245 1 1 712617 0
38246 38246 1 1 712714 0
38247 38247 1 1 712811 0
38248 38248 1 1 712908 0
38249 38249 1 1 713005 0
38250 38250 1 1 713102 0
38251 38251 1 1 713199 0
38252 38252 1 1 713296 0
38253 38253 1 1 713393 0
38254 38254 1 1 713490 0
38255 38255 1 1 713587 0
38256 38256 1 1 713684 0
38257 38257 1 1 713781 0
38258 38258 1 1 713878 0
38259 38259 1 1 713975 0
38260 38260 1 1 714072 0
38261 38261 1 1 714169 0
38262 38262 1 1 714266 0
38263 38263 1 1 714363 0
38264 38264 1 1 714460 0
38265 38265 1 1 714557 0
38266 38266 1 1 714654 0
38267 38267 1 1 714751 0
38268 38268 1 1 714848 0
38269 38269 1 1 714945 0
38270 38270 1 1 715042 0
38271 38271 1 1 715139 0
38272 38272 1 1 715236 0
38273 38273 1 1 715333 0
38274 38274 1 1 715430 0
38275 38275 1 1 715527 0
38276 38276 1 1 715624 0
38277 38277 1 1 715721 0
38278 38278 1 1 715818 0
38279 38279 1 1 715915 0
38280 38280 1 1 716012 0
38281 38281 1 1 716109 0
38282 38282 1 1 716206 0
38283 38283 1 1 716303 0
38284 38284 1 1 716400 0
38285 38285 1 1 716497 0
38286 38286 1 1 716594 0
38287 38287 1 1 716691 0
38288 38288 1 1 716788 0
38289 38289 1 1 716885 0
38290 38290 1 1 716982 0
38291 38291 1 1 717079 0
38292 38292 1 1 717176 0
38293 38293 1 1 717273 0
38294 38294 1 1 717370 0
38295 38295 1 1 717467 0
38296 38296 1 1 717564 0
38297 38297 1 1 717661 0
38298 38298 1 1 717758 0
38299 38299 1 1 717855 0
38300 38300 1 1 717952 0
38301 38301 1 1 718049 0
38302 38302 1 1 718146 0
38303 38303 1 1 718243 0
38304 38304 1 1 718340 0
38305 38305 1 1 718437 0
38306 38306 1 1 718534 0
38307 38307 1 1 718631 0
38308 38308 1 1 718728 0
38309 38309 1 1 718825 0
38310 38310 1 1 718922 0
38311 38311 1 1 719019 0
38312 38312 1 1 719116 0
38313 38313 1 1 719213 0
38314 38314 1 1 719310 0
38315 38315 1 1 719407 0
38316 38316 1 1 719504 0
38317 38317 1 1 719601 0
38318 38318 1 1 719698 0
38319 38319 1 1 719795 0
38320 38320 1 1 719892 0
38321 38321 1 1 719989 0
38322 38322 1 1 720086 0
38323 38323 1 1 720183 0
38324 38324 1 1 720280 0
38325 38325 1 1 720377 0
38326 38326 1 1 720474 0
38327 38327 1 1 720571 0
38328 38328 1 1 720668 0
38329 38329 1 1 720765 0
38330 38330 1 1 720862 0
38331 38331 1 1 720959 0
38332 38332 1 1 721056 0
38333 38333 1 1 721153 0
38334 38334 1 1 721250 0
38335 38335 1 1 721347 0
38336 38336 1 1 721444 0
38337 38337 1 1 721541 0
38338 38338 1 1 721638 0
38339 38339 1 1 721735 0
38340 38340 1 1 721832 0
38341 38341 1 1 721929 0
38342 38342 1 1 722026 0
38343 38343 1 1 722123 0
38344 38344 1 1 722220 0
38345 38345 1 1 722317 0
38346 38346 1 1 722414 0
38347 38347 1 1 722511 0
38348 38348 1 1 722608 0
38349 38349 1 1 722705 0
38350 38350 1 1 722802 0
38351 38351 1 1 722899 0
38352 38352 1 1 722996 0
38353 38353 1 1 723093 0
38354 38354 1 1 723190 0
38355 38355 1 1 723287 0
38356 38356 1 1 723384 0
38357 38357 1 1 723481 0
38358 38358 1 1 723578 0
38359 38359 1 1 723675 0
38360 38360 1 1 723772 0
38361 38361 1 1 723869 0
38362 38362 1 1 723966 0
38363 38363 1 1 724063 0
38364 38364 1 1 724160 0
38365 38365 1 1 724257 0
38366 38366 1 1 724354 0
38367 38367 1 1 724451 0
38368 38368 1 1 724548 0
38369 38369 1 1 724645 0
38370 38370 1 1 724742 0
38371 38371 1 1 724839 0
38372 38372 1 1 724936 0
38373 38373 1 1 725033 0
38374 38374 1 1 725130 0
38375 38375 1 1 725227 0
38376 38376 1 1 725324 0
38377 38377 1 1 725421 0
38378 38378 1 1 725518 0
38379 38379 1 1 725615 0
38380 38380 1 1 725712 0
38381 38381 1 1 725809 0
38382 38382 1 1 725906 0
38383 38383 1 1 726003 0
38384 38384 1 1 726100 0
38385 38385 1 1 726197 0
38386 38386 1 1 726294 0
38387 38387 1 1 726391 0
38388 38388 1 1 726488 0
38389 38389 1 1 726585 0
38390 38390 1 1 726682 0
38391 38391 1 1 726779 0
38392 38392 1 1 726876 0
38393 38393 1 1 726973 0
38394 38394 1 1 727070 0
38395 38395 1 1 727167 0
38396 38396 1 1 727264 0
38397 38397 1 1 727361 0
38398 38398 1 1 727458 0
38399 38399 1 1 727555 0
38400 38400 1 1 727652 0
38401 38401 1 1 727749 0
38402 38402 1 1 727846 0
38403 38403 1 1 727943 0
38404 38404 1 1 728040 0
38405 38405 1 1 728137 0
38406 38406 1 1 728234 0
38407 38407 1 1 728331 0
38408 38408 1 1 728428 0
38409 38409 1 1 728525 0
38410 38410 1 1 728622 0
38411 38411 1 1 728719 0
38412 38412 1 1 728816 0
38413 38413 1 1 728913 0
38414 38414 1 1 729010 0
38415 38415 1 1 729107 0
38416 38416 1 1 729204 0
38417 38417 1 1 729301 0
38418 38418 1 1 729398 0
38419 38419 1 1 729495 0
38420 38420 1 1 729592 0
38421 38421 1 1 729689 0
38422 38422 1 1 729786 0
38423 38423 1 1 729883 0
38424 38424 1 1 729980 0
38425 38425 1 1 730077 0
38426 38426 1 1 730174 0
38427 38427 1 1 730271 0
38428 38428 1 1 730368 0
38429 38429 1 1 730465 0
38430 38430 1 1 730562 0
38431 38431 1 1 730659 0
38432 38432 1 1 730756 0
38433 38433 1 1 730853 0
38434 38434 1 1 730950 0
38435 38435 1 1 731047 0
38436 38436 1 1 731144 0
38437 38437 1 1 731241 0
38438 38438 1 1 731338 0
38439 38439 1 1 731435 0
38440 38440 1 1 731532 0
38441 38441 1 1 731629 0
38442 38442 1 1 731726 0
38443 38443 1 1 731823 0
38444 38444 1 1 731920 0
38445 38445 1 1 732017 0
38446 38446 1 1 732114 0
38447 38447 1 1 732211 0
38448 38448 1 1 732308 0
38449 38449 1 1 732405 0
38450 38450 1 1 732502 0
38451 38451 1 1 732599 0
38452 38452 1 1 732696 0
38453 38453 1 1 732793 0
38454 38454 1 1 732890 0
38455 38455 1 1 732987 0
38456 38456 1 1 733084 0
38457 38457 1 1 733181 0
38458 38458 1 1 733278 0
38459 38459 1 1 733375 0
38460 38460 1 1 733472 0
38461 38461 1 1 733569 0
38462 38462 1 1 733666 0
38463 38463 1 1 733763 0
38464 38464 1 1 733860 0
38465 38465 1 1 733957 0
38466 38466 1 1 734054 0
38467 38467 1 1 734151 0
38468 38468 1 1 734248 0
38469 38469 1 1 734345 0
38470 38470 1 1 734442 0
38471 38471 1 1 734539 0
38472 38472 1 1 734636 0
38473 38473 1 1 734733 0
38474 38474 1 1 734830 0
38475 38475 1 1 734927 0
38476 38476 1 1 735024 0
38477 38477 1 1 735121 0
38478 38478 1 1 735218 0
38479 38479 1 1 735315 0
38480 38480 1 1 735412 0
38481 38481 1 1 735509 0
38482 38482 1 1 735606 0
38483 38483 1 1 735703 0
38484 38484 1 1 735800 0
38485 38485 1 1 735897 0
38486 38486 1 1 735994 0
38487 38487 1 1 736091 0
38488 38488 1 1 736188 0
38489 38489 1 1 736285 0
38490 38490 1 1 736382 0
38491 38491 1 1 736479 0
38492 38492 1 1 736576 0
38493 38493 1 1 736673 0
38494 38494 1 1 736770 0
38495 38495 1 1 736867 0
38496 38496 1 1 736964 0
38497 38497 1 1 737061 0
38498 38498 1 1 737158 0
38499 38499 1 1 737255 0
38500 38500 1 1 737352 0
38501 38501 1 1 737449 0
38502 38502 1 1 737546 0
38503 38503 1 1 737643 0
38504 38504 1 1 737740 0
38505 38505 1 1 737837 0
38506 38506 1 1 737934 0
38507 38507 1 1 738031 0
38508 38508 1 1 738128 0
38509 38509 1 1 738225 0
38510 38510 1 1 738322 0
38511 38511 1 1 738419 0
38512 38512 1 1 738516 0
38513 38513 1 1 738613 0
38514 38514 1 1 738710 0
38515 38515 1 1 738807 0
38516 38516 1 1 738904 0
38517 38517 1 1 739001 0
38518 38518 1 1 739098 0
38519 38519 1 1 739195 0
38520 38520 1 1 739292 0
38521 38521 1 1 739389 0
38522 38522 1 1 739486 0
38523 38523 1 1 739583 0
38524 38524 1 1 739680 0
38525 38525 1 1 739777 0
38526 38526 1 1 739874 0
38527 38527 1 1 739971 0
38528 38528 1 1 740068 0
38529 38529 1 1 740165 0
38530 38530 1 1 740262 0
38531 38531 1 1 740359 0
38532 38532 1 1 740456 0
38533 38533 1 1 740553 0
38534 38534 1 1 740650 0
38535 38535 1 1 740747 0
38536 38536 1 1 740844 0
38537 38537 1 1 740941 0
38538 38538 1 1 741038 0
38539 38539 1 1 741135 0
38540 38540 1 1 741232 0
38541 38541 1 1 741329 0
38542 38542 1 1 741426 0
38543 38543 1 1 741523 0
38544 38544 1 1 741620 0
38545 38545 1 1 741717 0
38546 38546 1 1 741814 0
38547 38547 1 1 741911 0
38548 38548 1 1 742008 0
38549 38549 1 1 742105 0
38550 38550 1 1 742202 0
38551 38551 1 1 742299 0
38552 38552 1 1 742396 0
38553 38553 1 1 742493 0
38554 38554 1 1 742590 0
38555 38555 1 1 742687 0
38556 38556 1 1 742784 0
38557 38557 1 1 742881 0
38558 38558 1 1 742978 0
38559 38559 1 1 743075 0
38560 38560 1 1 743172 0
38561 38561 1 1 743269 0
38562 38562 1 1 743366 0
38563 38563 1 1 743463 0
38564 38564 1 1 743560 0
38565 38565 1 1 743657 0
38566 38566 1 1 743754 0
38567 38567 1 1 743851 0
38568 38568 1 1 743948 0
38569 38569 1 1 744045 0
38570 38570 1 1 744142 0
38571 38571 1 1 744239 0
38572 38572 1 1 744336 0
38573 38573 1 1 744433 0
38574 38574 1 1 744530 0
38575 38575 1 1 744627 0
38576 38576 1 1 744724 0
38577 38577 1 1 744821 0
38578 38578 1 1 744918 0
38579 38579 1 1 745015 0
38580 38580 1 1 745112 0
38581 38581 1 1 745209 0
38582 38582 1 1 745306 0
38583 38583 1 1 745403 0
38584 38584 1 1 745500 0
38585 38585 1 1 745597 0
38586 38586 1 1 745694 0
38587 38587 1 1 745791 0
38588 38588 1 1 745888 0
38589 38589 1 1 745985 0
38590 38590 1 1 746082 0
38591 38591 1 1 746179 0
38592 38592 1 1 746276 0
38593 38593 1 1 746373 0
38594 38594 1 1 746470 0
38595 38595 1 1 746567 0
38596 38596 1 1 746664 0
38597 38597 1 1 746761 0
38598 38598 1 1 746858 0
38599 38599 1 1 746955 0
38600 38600 1 1 747052 0
38601 38601 1 1 747149 0
38602 38602 1 1 747246 0
38603 38603 1 1 747343 0
38604 38604 1 1 747440 0
38605 38605 1 1 747537 0
38606 38606 1 1 747634 0
38607 38607 1 1 747731 0
38608 38608 1 1 747828 0
38609 38609 1 1 747925 0
38610 38610 1 1 748022 0
38611 38611 1 1 748119 0
38612 38612 1 1 748216 0
38613 38613 1 1 748313 0
38614 38614 1 1 748410 0
38615 38615 1 1 748507 0
38616 38616 1 1 748604 0
38617 38617 1 1 748701 0
38618 38618 1 1 748798 0
38619 38619 1 1 748895 0
38620 38620 1 1 748992 0
38621 38621 1 1 749089 0
38622 38622 1 1 749186 0
38623 38623 1 1 749283 0
38624 38624 1 1 749380 0
38625 38625 1 1 749477 0
38626 38626 1 1 749574 0
38627 38627 1 1 749671 0
38628 38628 1 1 749768 0
38629 38629 1 1 749865 0
38630 38630 1 1 749962 0
38631 38631 1 1 750059 0
38632 38632 1 1 750156 0
38633 38633 1 1 750253 0
38634 38634 1 1 750350 0
38635 38635 1 1 750447 0
38636 38636 1 1 750544 0
38637 38637 1 1 750641 0
38638 38638 1 1 750738 0
38639 38639 1 1 750835 0
38640 38640 1 1 750932 0
38641 38641 1 1 751029 0
38642 38642 1 1 751126 0
38643 38643 1 1 751223 0
38644 38644 1 1 751320 0
38645 38645 1 1 751417 0
38646 38646 1 1 751514 0
38647 38647 1 1 751611 0
38648 38648 1 1 751708 0
38649 38649 1 1 751805 0
38650 38650 1 1 751902 0
38651 38651 1 1 751999 0
38652 38652 1 1 752096 0
38653 38653 1 1 752193 0
38654 38654 1 1 752290 0
38655 38655 1 1 752387 0
38656 38656 1 1 752484 0
38657 38657 1 1 752581 0
38658 38658 1 1 752678 0
38659 38659 1 1 752775 0
38660 38660 1 1 752872 0
38661 38661 1 1 752969 0
38662 38662 1 1 753066 0
38663 38663 1 1 753163 0
38664 38664 1 1 753260 0
38665 38665 1 1 753357 0
38666 38666 1 1 753454 0
38667 38667 1 1 753551 0
38668 38668 1 1 753648 0
38669 38669 1 1 753745 0
38670 38670 1 1 753842 0
38671 38671 1 1 753939 0
38672 38672 1 1 754036 0
38673 38673 1 1 754133 0
38674 38674 1 1 754230 0
38675 38675 1 1 754327 0
38676 38676 1 1 754424 0
38677 38677 1 1 754521 0
38678 38678 1 1 754618 0
38679 38679 1 1 754715 0
38680 38680 1 1 754812 0
38681 38681 1 1 754909 0
38682 38682 1 1 755006 0
38683 38683 1 1 755103 0
38684 38684 1 1 755200 0
38685 38685 1 1 755297 0
38686 38686 1 1 755394 0
38687 38687 1 1 755491 0
38688 38688 1 1 755588 0
38689 38689 1 1 755685 0
38690 38690 1 1 755782 0
38691 38691 1 1 755879 0
38692 38692 1 1 755976 0
38693 38693 1 1 756073 0
38694 38694 1 1 756170 0
38695 38695 1 1 756267 0
38696 38696 1 1 756364 0
38697 38697 1 1 756461 0
38698 38698 1 1 756558 0
38699 38699 1 1 756655 0
38700 38700 1 1 756752 0
38701 38701 1 1 756849 0
38702 38702 1 1 756946 0
38703 38703 1 1 757043 0
38704 38704 1 1 757140 0
38705 38705 1 1 757237 0
38706 38706 1 1 757334 0
38707 38707 1 1 757431 0
38708 38708 1 1 757528 0
38709 38709 1 1 757625 0
38710 38710 1 1 757722 0
38711 38711 1 1 757819 0
38712 38712 1 1 757916 0
38713 38713 1 1 758013 0
38714 38714 1 1 758110 0
38715 38715 1 1 758207 0
38716 38716 1 1 758304 0
38717 38717 1 1 758401 0
38718 38718 1 1 758498 0
38719 38719 1 1 758595 0
38720 38720 1 1 758692 0
38721 38721 1 1 758789 0
38722 38722 1 1 758886 0
38723 38723 1 1 758983 0
38724 38724 1 1 759080 0
38725 38725 1 1 759177 0
38726 38726 1 1 759274 0
38727 38727 1 1 759371 0
38728 38728 1 1 759468 0
38729 38729 1 1 759565 0
38730 38730 1 1 759662 0
38731 38731 1 1 759759 0
38732 38732 1 1 759856 0
38733 38733 1 1 759953 0
38734 38734 1 1 760050 0
38735 38735 1 1 760147 0
38736 38736 1 1 760244 0
38737 38737 1 1 760341 0
38738 38738 1 1 760438 0
38739 38739 1 1 760535 0
38740 38740 1 1 760632 0
38741 38741 1 1 760729 0
38742 38742 1 1 760826 0
38743 38743 1 1 760923 0
38744 38744 1 1 761020 0
38745 38745 1 1 761117 0
38746 38746 1 1 761214 0
38747 38747 1 1 761311 0
38748 38748 1 1 761408 0
38749 38749 1 1 761505 0
38750 38750 1 1 761602 0
38751 38751 1 1 761699 0
38752 38752 1 1 761796 0
38753 38753 1 1 761893 0
38754 38754 1 1 761990 0
38755 38755 1 1 762087 0
38756 38756 1 1 762184 0
38757 38757 1 1 762281 0
38758 38758 1 1 762378 0
38759 38759 1 1 762475 0
38760 38760 1 1 762572 0
38761 38761 1 1 762669 0
38762 38762 1 1 762766 0
38763 38763 1 1 762863 0
38764 38764 1 1 762960 0
38765 38765 1 1 763057 0
38766 38766 1 1 763154 0
38767 38767 1 1 763251 0
38768 38768 1 1 763348 0
38769 38769 1 1 763445 0
38770 38770 1 1 763542 0
38771 38771 1 1 763639 0
38772 38772 1 1 763736 0
38773 38773 1 1 763833 0
38774 38774 1 1 763930 0
38775 38775 1 1 764027 0
38776 38776 1 1 764124 0
38777 38777 1 1 764221 0
38778 38778 1 1 764318 0
38779 38779 1 1 764415 0
38780 38780 1 1 764512 0
38781 38781 1 1 764609 0
38782 38782 1 1 764706 0
38783 38783 1 1 764803 0
38784 38784 1 1 764900 0
38785 38785 1 1 764997 0
38786 38786 1 1 765094 0
38787 38787 1 1 765191 0
38788 38788 1 1 765288 0
38789 38789 1 1 765385 0
38790 38790 1 1 765482 0
38791 38791 1 1 765579 0
38792 38792 1 1 765676 0
38793 38793 1 1 765773 0
38794 38794 1 1 765870 0
38795 38795 1 1 765967 0
38796 38796 1 1 766064 0
38797 38797 1 1 766161 0
38798 38798 1 1 766258 0
38799 38799 1 1 766355 0
38800 38800 1 1 766452 0
38801 38801 1 1 766549 0
38802 38802 1 1 766646 0
38803 38803 1 1 766743 0
38804 38804 1 1 766840 0
38805 38805 1 1 766937 0
38806 38806 1 1 767034 0
38807 38807 1 1 767131 0
38808 38808 1 1 767228 0
38809 38809 1 1 767325 0
38810 38810 1 1 767422 0
38811 38811 1 1 767519 0
38812 38812 1 1 767616 0
38813 38813 1 1 767713 0
38814 38814 1 1 767810 0
38815 38815 1 1 767907 0
38816 38816 1 1 768004 0
38817 38817 1 1 768101 0
38818 38818 1 1 768198 0
38819 38819 1 1 768295 0
38820 38820 1 1 768392 0
38821 38821 1 1 768489 0
38822 38822 1 1 768586 0
38823 38823 1 1 768683 0
38824 38824 1 1 768780 0
38825 38825 1 1 768877 0
38826 38826 1 1 768974 0
38827 38827 1 1 769071 0
38828 38828 1 1 769168 0
38829 38829 1 1 769265 0
38830 38830 1 1 769362 0
38831 38831 1 1 769459 0
38832 38832 1 1 769556 0
38833 38833 1 1 769653 0
38834 38834 1 1 769750 0
38835 38835 1 1 769847 0
38836 38836 1 1 769944 0
38837 38837 1 1 770041 0
38838 38838 1 1 770138 0
38839 38839 1 1 770235 0
38840 38840 1 1 770332 0
38841 38841 1 1 770429 0
38842 38842 1 1 770526 0
38843 38843 1 1 770623 0
38844 38844 1 1 770720 0
38845 38845 1 1 770817 0
38846 38846 1 1 770914 0
38847 38847 1 1 771011 0
38848 38848 1 1 771108 0
38849 38849 1 1 771205 0
38850 38850 1 1 771302 0
38851 38851 1 1 771399 0
38852 38852 1 1 771496 0
38853 38853 1 1 771593 0
38854 38854 1 1 771690 0
38855 38855 1 1 771787 0
38856 38856 1 1 771884 0
38857 38857 1 1 771981 0
38858 38858 1 1 772078 0
38859 38859 1 1 772175 0
38860 38860 1 1 772272 0
38861 38861 1 1 772369 0
38862 38862 1 1 772466 0
38863 38863 1 1 772563 0
38864 38864 1 1 772660 0
38865 38865 1 1 772757 0
38866 38866 1 1 772854 0
38867 38867 1 1 772951 0
38868 38868 1 1 773048 0
38869 38869 1 1 773145 0
38870 38870 1 1 773242 0
38871 38871 1 1 773339 0
38872 38872 1 1 773436 0
38873 38873 1 1 773533 0
38874 38874 1 1 773630 0
38875 38875 1 1 773727 0
38876 38876 1 1 773824 0
38877 38877 1 1 773921 0
38878 38878 1 1 774018 0
38879 38879 1 1 774115 0
38880 38880 1 1 774212 0
38881 38881 1 1 774309 0
38882 38882 1 1 774406 0
38883 38883 1 1 774503 0
38884 38884 1 1 774600 0
38885 38885 1 1 774697 0
38886 38886 1 1 774794 0
38887 38887 1 1 774891 0
38888 38888 1 1 774988 0
38889 38889 1 1 775085 0
38890 38890 1 1 775182 0
38891 38891 1 1 775279 0
38892 38892 1 1 775376 0
38893 38893 1 1 775473 0
38894 38894 1 1 775570 0
38895 38895 1 1 775667 0
38896 38896 1 1 775764 0
38897 38897 1 1 775861 0
38898 38898 1 1 775958 0
38899 38899 1 1 776055 0
38900 38900 1 1 776152 0
38901 38901 1 1 776249 0
38902 38902 1 1 776346 0
38903 38903 1 1 776443 0
38904 38904 1 1 776540 0
38905 38905 1 1 776637 0
38906 38906 1 1 776734 0
38907 38907 1 1 776831 0
38908 38908 1 1 776928 0
38909 38909 1 1 777025 0
38910 38910 1 1 777122 0
38911 38911 1 1 777219 0
38912 38912 1 1 777316 0
38913 38913 1 1 777413 0
38914 38914 1 1 777510 0
38915 38915 1 1 777607 0
38916 38916 1 1 777704 0
38917 38917 1 1 777801 0
38918 38918 1 1 777898 0
38919 38919 1 1 777995 0
38920 38920 1 1 778092 0
38921 38921 1 1 778189 0
38922 38922 1 1 778286 0
38923 38923 1 1 778383 0
38924 38924 1 1 778480 0
38925 38925 1 1 778577 0
38926 38926 1 1 778674 0
38927 38927 1 1 778771 0
38928 38928 1 1 778868 0
38929 38929 1 1 778965 0
38930 38930 1 1 779062 0
38931 38931 1 1 779159 0
38932 38932 1 1 779256 0
38933 38933 1 1 779353 0
38934 38934 1 1 779450 0
38935 38935 1 1 779547 0
38936 38936 1 1 779644 0
38937 38937 1 1 779741 0
38938 38938 1 1 779838 0
38939 38939 1 1 779935 0
38940 38940 1 1 780032 0
38941 38941 1 1 780129 0
38942 38942 1 1 780226 0
38943 38943 1 1 780323 0
38944 38944 1 1 780420 0
38945 38945 1 1 780517 0
38946 38946 1 1 780614 0
38947 38947 1 1 780711 0
38948 38948 1 1 780808 0
38949 38949 1 1 780905 0
38950 38950 1 1 781002 0
38951 38951 1 1 781099 0
38952 38952 1 1 781196 0
38953 38953 1 1 781293 0
38954 38954 1 1 781390 0
38955 38955 1 1 781487 0
38956 38956 1 1 781584 0
38957 38957 1 1 781681 0
38958 38958 1 1 781778 0
38959 38959 1 1 781875 0
38960 38960 1 1 781972 0
38961 38961 1 1 782069 0
38962 38962 1 1 782166 0
38963 38963 1 1 782263 0
38964 38964 1 1 782360 0
38965 38965 1 1 782457 0
38966 38966 1 1 782554 0
38967 38967 1 1 782651 0
38968 38968 1 1 782748 0
38969 38969 1 1 782845 0
38970 38970 1 1 782942 0
38971 38971 1 1 783039 0
38972 38972 1 1 783136 0
38973 38973 1 1 783233 0
38974 38974 1 1 783330 0
38975 38975 1 1 783427 0
38976 38976 1 1 783524 0
38977 38977 1 1 783621 0
38978 38978 1 1 783718 0
38979 38979 1 1 783815 0
38980 38980 1 1 783912 0
38981 38981 1 1 784009 0
38982 38982 1 1 784106 0
38983 38983 1 1 784203 0
38984 38984 1 1 784300 0
38985 38985 1 1 784397 0
38986 38986 1 1 784494 0
38987 38987 1 1 784591 0
38988 38988 1 1 784688 0
38989 38989 1 1 784785 0
38990 38990 1 1 784882 0
38991 38991 1 1 784979 0
38992 38992 1 1 785076 0
38993 38993 1 1 785173 0
38994 38994 1 1 785270 0
38995 38995 1 1 785367 0
38996 38996 1 1 785464 0
38997 38997 1 1 785561 0
38998 38998 1 1 785658 0
38999 38999 1 1 785755 0
39000 39000 1 1 785852 0
39001 39001 1 1 785949 0
39002 39002 1 1 786046 0
39003 39003 1 1 786143 0
39004 39004 1 1 786240 0
39005 39005 1 1 786337 0
39006 39006 1 1 786434 0
39007 39007 1 1 786531 0
39008 39008 1 1 786628 0
39009 39009 1 1 786725 0
39010 39010 1 1 786822 0
39011 39011 1 1 786919 0
39012 39012 1 1 787016 0
39013 39013 1 1 787113 0
39014 39014 1 1 787210 0
39015 39015 1 1 787307 0
39016 39016 1 1 787404 0
39017 39017 1 1 787501 0
39018 39018 1 1 787598 0
39019 39019 1 1 787695 0
39020 39020 1 1 787792 0
39021 39021 1 1 787889 0
39022 39022 1 1 787986 0
39023 39023 1 1 788083 0
39024 39024 1 1 788180 0
39025 39025 1 1 788277 0
39026 39026 1 1 788374 0
39027 39027 1 1 788471 0
39028 39028 1 1 788568 0
39029 39029 1 1 788665 0
39030 39030 1 1 788762 0
39031 39031 1 1 788859 0
39032 39032 1 1 788956 0
39033 39033 1 1 789053 0
39034 39034 1 1 789150 0
39035 39035 1 1 789247 0
39036 39036 1 1 789344 0
39037 39037 1 1 789441 0
39038 39038 1 1 789538 0
39039 39039 1 1 789635 0
39040 39040 1 1 789732 0
39041 39041 1 1 789829 0
39042 39042 1 1 789926 0
39043 39043 1 1 790023 0
39044 39044 1 1 790120 0
39045 39045 1 1 790217 0
39046 39046 1 1 790314 0
39047 39047 1 1 790411 0
39048 39048 1 1 790508 0
39049 39049 1 1 790605 0
39050 39050 1 1 790702 0
39051 39051 1 1 790799 0
39052 39052 1 1 790896 0
39053 39053 1 1 790993 0
39054 39054 1 1 791090 0
39055 39055 1 1 791187 0
39056 39056 1 1 791284 0
39057 39057 1 1 791381 0
39058 39058 1 1 791478 0
39059 39059 1 1 791575 0
39060 39060 1 1 791672 0
39061 39061 1 1 791769 0
39062 39062 1 1 791866 0
39063 39063 1 1 791963 0
39064 39064 1 1 792060 0
39065 39065 1 1 792157 0
39066 39066 1 1 792254 0
39067 39067 1 1 792351 0
39068 39068 1 1 792448 0
39069 39069 1 1 792545 0
39070 39070 1 1 792642 0
39071 39071 1 1 792739 0
39072 39072 1 1 792836 0
39073 39073 1 1 792933 0
39074 39074 1 1 793030 0
39075 39075 1 1 793127 0
39076 39076 1 1 793224 0
39077 39077 1 1 793321 0
39078 39078 1 1 793418 0
39079 39079 1 1 793515 0
39080 39080 1 1 793612 0
39081 39081 1 1 793709 0
39082 39082 1 1 793806 0
39083 39083 1 1 793903 0
39084 39084 1 1 794000 0
39085 39085 1 1 794097 0
39086 39086 1 1 794194 0
39087 39087 1 1 794291 0
39088 39088 1 1 794388 0
39089 39089 1 1 794485 0
39090 39090 1 1 794582 0
39091 39091 1 1 794679 0
39092 39092 1 1 794776 0
39093 39093 1 1 794873 0
39094 39094 1 1 794970 0
39095 39095 1 1 795067 0
39096 39096 1 1 795164 0
39097 39097 1 1 795261 0
39098 39098 1 1 795358 0
39099 39099 1 1 795455 0
39100 39100 1 1 795552 0
39101 39101 1 1 795649 0
39102 39102 1 1 795746 0
39103 39103 1 1 795843 0
39104 39104 1 1 795940 0
39105 39105 1 1 796037 0
39106 39106 1 1 796134 0
39107 39107 1 1 796231 0
39108 39108 1 1 796328 0
39109 39109 1 1 796425 0
39110 39110 1 1 796522 0
39111 39111 1 1 796619 0
39112 39112 1 1 796716 0
39113 39113 1 1 796813 0
39114 39114 1 1 796910 0
39115 39115 1 1 797007 0
39116 39116 1 1 797104 0
39117 39117 1 1 797201 0
39118 39118 1 1 797298 0
39119 39119 1 1 797395 0
39120 39120 1 1 797492 0
39121 39121 1 1 797589 0
39122 39122 1 1 797686 0
39123 39123 1 1 797783 0
39124 39124 1 1 797880 0
39125 39125 1 1 797977 0
39126 39126 1 1 798074 0
39127 39127 1 1 798171 0
39128 39128 1 1 798268 0
39129 39129 1 1 798365 0
39130 39130 1 1 798462 0
39131 39131 1 1 798559 0
39132 39132 1 1 798656 0
39133 39133 1 1 798753 0
39134 39134 1 1 798850 0
39135 39135 1 1 798947 0
39136 39136 1 1 799044 0
39137 39137 1 1 799141 0
39138 39138 1 1 799238 0
39139 39139 1 1 799335 0
39140 39140 1 1 799432 0
39141 39141 1 1 799529 0
39142 39142 1 1 799626 0
39143 39143 1 1 799723 0
39144 39144 1 1 799820 0
39145 39145 1 1 799917 0
39146 39146 1 1 800014 0
39147 39147 1 1 800111 0
39148 39148 1 1 800208 0
39149 39149 1 1 800305 0
39150 39150 1 1 800402 0
39151 39151 1 1 800499 0
39152 39152 1 1 800596 0
39153 39153 1 1 800693 0
39154 39154 1 1 800790 0
39155 39155 1 1 800887 0
39156 39156 1 1 800984 0
39157 39157 1 1 801081 0
39158 39158 1 1 801178 0
39159 39159 1 1 801275 0
39160 39160 1 1 801372 0
39161 39161 1 1 801469 0
39162 39162 1 1 801566 0
39163 39163 1 1 801663 0
39164 39164 1 1 801760 0
39165 39165 1 1 801857 0
39166 39166 1 1 801954 0
39167 39167 1 1 802051 0
39168 39168 1 1 802148 0
39169 39169 1 1 802245 0
39170 39170 1 1 802342 0
39171 39171 1 1 802439 0
39172 39172 1 1 802536 0
39173 39173 1 1 802633 0
39174 39174 1 1 802730 0
39175 39175 1 1 802827 0
39176 39176 1 1 802924 0
39177 39177 1 1 803021 0
39178 39178 1 1 803118 0
39179 39179 1 1 803215 0
39180 39180 1 1 803312 0
39181 39181 1 1 803409 0
39182 39182 1 1 803506 0
39183 39183 1 1 803603 0
39184 39184 1 1 803700 0
39185 39185 1 1 803797 0
39186 39186 1 1 803894 0
39187 39187 1 1 803991 0
39188 39188 1 1 804088 0
39189 39189 1 1 804185 0
39190 39190 1 1 804282 0
39191 39191 1 1 804379 0
39192 39192 1 1 804476 0
39193 39193 1 1 804573 0
39194 39194 1 1 804670 0
39195 39195 1 1 804767 0
39196 39196 1 1 804864 0
39197 39197 1 1 804961 0
39198 39198 1 1 805058 0
39199 39199 1 1 805155 0
39200 39200 1 1 805252 0
39201 39201 1 1 805349 0
39202 39202 1 1 805446 0
39203 39203 1 1 805543 0
39204 39204 1 1 805640 0
39205 39205 1 1 805737 0
39206 39206 1 1 805834 0
39207 39207 1 1 805931 0
39208 39208 1 1 806028 0
39209 39209 1 1 806125 0
39210 39210 1 1 806222 0
39211 39211 1 1 806319 0
39212 39212 1 1 806416 0
39213 39213 1 1 806513 0
39214 39214 1 1 806610 0
39215 39215 1 1 806707 0
39216 39216 1 1 806804 0
39217 39217 1 1 806901 0
39218 39218 1 1 806998 0
39219 39219 1 1 807095 0
39220 39220 1 1 807192 0
39221 39221 1 1 807289 0
39222 39222 1 1 807386 0
39223 39223 1 1 807483 0
39224 39224 1 1 807580 0
39225 39225 1 1 807677 0
39226 39226 1 1 807774 0
39227 39227 1 1 807871 0
39228 39228 1 1 807968 0
39229 39229 1 1 808065 0
39230 39230 1 1 808162 0
39231 39231 1 1 808259 0
39232 39232 1 1 808356 0
39233 39233 1 1 808453 0
39234 39234 1 1 808550 0
39235 39235 1 1 808647 0
39236 39236 1 1 808744 0
39237 39237 1 1 808841 0
39238 39238 1 1 808938 0
39239 39239 1 1 809035 0
39240 39240 1 1 809132 0
39241 39241 1 1 809229 0
39242 39242 1 1 809326 0
39243 39243 1 1 809423 0
39244 39244 1 1 809520 0
39245 39245 1 1 809617 0
39246 39246 1 1 809714 0
39247 39247 1 1 809811 0
39248 39248 1 1 809908 0
39249 39249 1 1 810005 0
39250 39250 1 1 810102 0
39251 39251 1 1 810199 0
39252 39252 1 1 810296 0
39253 39253 1 1 810393 0
39254 39254 1 1 810490 0
39255 39255 1 1 810587 0
39256 39256 1 1 810684 0
39257 39257 1 1 810781 0
39258 39258 1 1 810878 0
39259 39259 1 1 810975 0
39260 39260 1 1 811072 0
39261 39261 1 1 811169 0
39262 39262 1 1 811266 0
39263 39263 1 1 811363 0
39264 39264 1 1 811460 0
39265 39265 1 1 811557 0
39266 39266 1 1 811654 0
39267 39267 1 1 811751 0
39268 39268 1 1 811848 0
39269 39269 1 1 811945 0
39270 39270 1 1 812042 0
39271 39271 1 1 812139 0
39272 39272 1 1 812236 0
39273 39273 1 1 812333 0
39274 39274 1 1 812430 0
39275 39275 1 1 812527 0
39276 39276 1 1 812624 0
39277 39277 1 1 812721 0
39278 39278 1 1 812818 0
39279 39279 1 1 812915 0
39280 39280 1 1 813012 0
39281 39281 1 1 813109 0
39282 39282 1 1 813206 0
39283 39283 1 1 813303 0
39284 39284 1 1 813400 0
39285 39285 1 1 813497 0
39286 39286 1 1 813594 0
39287 39287 1 1 813691 0
39288 39288 1 1 813788 0
39289 39289 1 1 813885 0
39290 39290 1 1 813982 0
39291 39291 1 1 814079 0
39292 39292 1 1 814176 0
39293 39293 1 1 814273 0
39294 39294 1 1 814370 0
39295 39295 1 1 814467 0
39296 39296 1 1 814564 0
39297 39297 1 1 814661 0
39298 39298 1 1 814758 0
39299 39299 1 1 814855 0
39300 39300 1 1 814952 0
39301 39301 1 1 815049 0
39302 39302 1 1 815146 0
39303 39303 1 1 815243 0
39304 39304 1 1 815340 0
39305 39305 1 1 815437 0
39306 39306 1 1 815534 0
39307 39307 1 1 815631 0
39308 39308 1 1 815728 0
39309 39309 1 1 815825 0
39310 39310 1 1 815922 0
39311 39311 1 1 816019 0
39312 39312 1 1 816116 0
39313 39313 1 1 816213 0
39314 39314 1 1 816310 0
39315 39315 1 1 816407 0
39316 39316 1 1 816504 0
39317 39317 1 1 816601 0
39318 39318 1 1 816698 0
39319 39319 1 1 816795 0
39320 39320 1 1 816892 0
39321 39321 1 1 816989 0
39322 39322 1 1 817086 0
39323 39323 1 1 817183 0
39324 39324 1 1 817280 0
39325 39325 1 1 817377 0
39326 39326 1 1 817474 0
39327 39327 1 1 817571 0
39328 39328 1 1 817668 0
39329 39329 1 1 817765 0
39330 39330 1 1 817862 0
39331 39331 1 1 817959 0
39332 39332 1 1 818056 0
39333 39333 1 1 818153 0
39334 39334 1 1 818250 0
39335 39335 1 1 818347 0
39336 39336 1 1 818444 0
39337 39337 1 1 818541 0
39338 39338 1 1 818638 0
39339 39339 1 1 818735 0
39340 39340 1 1 818832 0
39341 39341 1 1 818929 0
39342 39342 1 1 819026 0
39343 39343 1 1 819123 0
39344 39344 1 1 819220 0
39345 39345 1 1 819317 0
39346 39346 1 1 819414 0
39347 39347 1 1 819511 0
39348 39348 1 1 819608 0
39349 39349 1 1 819705 0
39350 39350 1 1 819802 0
39351 39351 1 1 819899 0
39352 39352 1 1 819996 0
39353 39353 1 1 820093 0
39354 39354 1 1 820190 0
39355 39355 1 1 820287 0
39356 39356 1 1 820384 0
39357 39357 1 1 820481 0
39358 39358 1 1 820578 0
39359 39359 1 1 820675 0
39360 39360 1 1 820772 0
39361 39361 1 1 820869 0
39362 39362 1 1 820966 0
39363 39363 1 1 821063 0
39364 39364 1 1 821160 0
39365 39365 1 1 821257 0
39366 39366 1 1 821354 0
39367 39367 1 1 821451 0
39368 39368 1 1 821548 0
39369 39369 1 1 821645 0
39370 39370 1 1 821742 0
39371 39371 1 1 821839 0
39372 39372 1 1 821936 0
39373 39373 1 1 822033 0
39374 39374 1 1 822130 0
39375 39375 1 1 822227 0
39376 39376 1 1 822324 0
39377 39377 1 1 822421 0
39378 39378 1 1 822518 0
39379 39379 1 1 822615 0
39380 39380 1 1 822712 0
39381 39381 1 1 822809 0
39382 39382 1 1 822906 0
39383 39383 1 1 823003 0
39384 39384 1 1 823100 0
39385 39385 1 1 823197 0
39386 39386 1 1 823294 0
39387 39387 1 1 823391 0
39388 39388 1 1 823488 0
39389 39389 1 1 823585 0
39390 39390 1 1 823682 0
39391 39391 1 1 823779 0
39392 39392 1 1 823876 0
39393 39393 1 1 823973 0
39394 39394 1 1 824070 0
39395 39395 1 1 824167 0
39396 39396 1 1 824264 0
39397 39397 1 1 824361 0
39398 39398 1 1 824458 0
39399 39399 1 1 824555 0
39400 39400 1 1 824652 0
39401 39401 1 1 824749 0
39402 39402 1 1 824846 0
39403 39403 1 1 824943 0
39404 39404 1 1 825040 0
39405 39405 1 1 825137 0
39406 39406 1 1 825234 0
39407 39407 1 1 825331 0
39408 39408 1 1 825428 0
39409 39409 1 1 825525 0
39410 39410 1 1 825622 0
39411 39411 1 1 825719 0
39412 39412 1 1 825816 0
39413 39413 1 1 825913 0
39414 39414 1 1 826010 0
39415 39415 1 1 826107 0
39416 39416 1 1 826204 0
39417 39417 1 1 826301 0
39418 39418 1 1 826398 0
39419 39419 1 1 826495 0
39420 39420 1 1 826592 0
39421 39421 1 1 826689 0
39422 39422 1 1 826786 0
39423 39423 1 1 826883 0
39424 39424 1 1 826980 0
39425 39425 1 1 827077 0
39426 39426 1 1 827174 0
39427 39427 1 1 827271 0
39428 39428 1 1 827368 0
39429 39429 1 1 827465 0
39430 39430 1 1 827562 0
39431 39431 1 1 827659 0
39432 39432 1 1 827756 0
39433 39433 1 1 827853 0
39434 39434 1 1 827950 0
39435 39435 1 1 828047 0
39436 39436 1 1 828144 0
39437 39437 1 1 828241 0
39438 39438 1 1 828338 0
39439 39439 1 1 828435 0
39440 39440 1 1 828532 0
39441 39441 1 1 828629 0
39442 39442 1 1 828726 0
39443 39443 1 1 828823 0
39444 39444 1 1 828920 0
39445 39445 1 1 829017 0
39446 39446 1 1 829114 0
39447 39447 1 1 829211 0
39448 39448 1 1 829308 0
39449 39449 1 1 829405 0
39450 39450 1 1 829502 0
39451 39451 1 1 829599 0
39452 39452 1 1 829696 0
39453 39453 1 1 829793 0
39454 39454 1 1 829890 0
39455 39455 1 1 829987 0
39456 39456 1 1 830084 0
39457 39457 1 1 830181 0
39458 39458 1 1 830278 0
39459 39459 1 1 830375 0
39460 39460 1 1 830472 0
39461 39461 1 1 830569 0
39462 39462 1 1 830666 0
39463 39463 1 1 830763 0
39464 39464 1 1 830860 0
39465 39465 1 1 830957 0
39466 39466 1 1 831054 0
39467 39467 1 1 831151 0
39468 39468 1 1 831248 0
39469 39469 1 1 831345 0
39470 39470 1 1 831442 0
39471 39471 1 1 831539 0
39472 39472 1 1 831636 0
39473 39473 1 1 831733 0
39474 39474 1 1 831830 0
39475 39475 1 1 831927 0
39476 39476 1 1 832024 0
39477 39477 1 1 832121 0
39478 39478 1 1 832218 0
39479 39479 1 1 832315 0
39480 39480 1 1 832412 0
39481 39481 1 1 832509 0
39482 39482 1 1 832606 0
39483 39483 1 1 832703 0
39484 39484 1 1 832800 0
39485 39485 1 1 832897 0
39486 39486 1 1 832994 0
39487 39487 1 1 833091 0
39488 39488 1 1 833188 0
39489 39489 1 1 833285 0
39490 39490 1 1 833382 0
39491 39491 1 1 833479 0
39492 39492 1 1 833576 0
39493 39493 1 1 833673 0
39494 39494 1 1 833770 0
39495 39495 1 1 833867 0
39496 39496 1 1 833964 0
39497 39497 1 1 834061 0
39498 39498 1 1 834158 0
39499 39499 1 1 834255 0
39500 39500 1 1 834352 0
39501 39501 1 1 834449 0
39502 39502 1 1 834546 0
39503 39503 1 1 834643 0
39504 39504 1 1 834740 0
39505 39505 1 1 834837 0
39506 39506 1 1 834934 0
39507 39507 1 1 835031 0
39508 39508 1 1 835128 0
39509 39509 1 1 835225 0
39510 39510 1 1 835322 0
39511 39511 1 1 835419 0
39512 39512 1 1 835516 0
39513 39513 1 1 835613 0
39514 39514 1 1 835710 0
39515 39515 1 1 835807 0
39516 39516 1 1 835904 0
39517 39517 1 1 836001 0
39518 39518 1 1 836098 0
39519 39519 1 1 836195 0
39520 39520 1 1 836292 0
39521 39521 1 1 836389 0
39522 39522 1 1 836486 0
39523 39523 1 1 836583 0
39524 39524 1 1 836680 0
39525 39525 1 1 836777 0
39526 39526 1 1 836874 0
39527 39527 1 1 836971 0
39528 39528 1 1 837068 0
39529 39529 1 1 837165 0
39530 39530 1 1 837262 0
39531 39531 1 1 837359 0
39532 39532 1 1 837456 0
39533 39533 1 1 837553 0
39534 39534 1 1 837650 0
39535 39535 1 1 837747 0
39536 39536 1 1 837844 0
39537 39537 1 1 837941 0
39538 39538 1 1 838038 0
39539 39539 1 1 838135 0
39540 39540 1 1 838232 0
39541 39541 1 1 838329 0
39542 39542 1 1 838426 0
39543 39543 1 1 838523 0
39544 39544 1 1 838620 0
39545 39545 1 1 838717 0
39546 39546 1 1 838814 0
39547 39547 1 1 838911 0
39548 39548 1 1 839008 0
39549 39549 1 1 839105 0
39550 39550 1 1 839202 0
39551 39551 1 1 839299 0
39552 39552 1 1 839396 0
39553 39553 1 1 839493 0
39554 39554 1 1 839590 0
39555 39555 1 1 839687 0
39556 39556 1 1 839784 0
39557 39557 1 1 839881 0
39558 39558 1 1 839978 0
39559 39559 1 1 840075 0
39560 39560 1 1 840172 0
39561 39561 1 1 840269 0
39562 39562 1 1 840366 0
39563 39563 1 1 840463 0
39564 39564 1 1 840560 0
39565 39565 1 1 840657 0
39566 39566 1 1 840754 0
39567 39567 1 1 840851 0
39568 39568 1 1 840948 0
39569 39569 1 1 841045 0
39570 39570 1 1 841142 0
39571 39571 1 1 841239 0
39572 39572 1 1 841336 0
39573 39573 1 1 841433 0
39574 39574 1 1 841530 0
39575 39575 1 1 841627 0
39576 39576 1 1 841724 0
39577 39577 1 1 841821 0
39578 39578 1 1 841918 0
39579 39579 1 1 842015 0
39580 39580 1 1 842112 0
39581 39581 1 1 842209 0
39582 39582 1 1 842306 0
39583 39583 1 1 842403 0
39584 39584 1 1 842500 0
39585 39585 1 1 842597 0
39586 39586 1 1 842694 0
39587 39587 1 1 842791 0
39588 39588 1 1 842888 0
39589 39589 1 1 842985 0
39590 39590 1 1 843082 0
39591 39591 1 1 843179 0
39592 39592 1 1 843276 0
39593 39593 1 1 843373 0
39594 39594 1 1 843470 0
39595 39595 1 1 843567 0
39596 39596 1 1 843664 0
39597 39597 1 1 843761 0
39598 39598 1 1 843858 0
39599 39599 1 1 843955 0
39600 39600 1 1 844052 0
39601 39601 1 1 844149 0
39602 39602 1 1 844246 0
39603 39603 1 1 844343 0
39604 39604 1 1 844440 0
39605 39605 1 1 844537 0
39606 39606 1 1 844634 0
39607 39607 1 1 844731 0
39608 39608 1 1 844828 0
39609 39609 1 1 844925 0
39610 39610 1 1 845022 0
39611 39611 1 1 845119 0
39612 39612 1 1 845216 0
39613 39613 1 1 845313 0
39614 39614 1 1 845410 0
39615 39615 1 1 845507 0
39616 39616 1 1 845604 0
39617 39617 1 1 845701 0
39618 39618 1 1 845798 0
39619 39619 1 1 845895 0
39620 39620 1 1 845992 0
39621 39621 1 1 846089 0
39622 39622 1 1 846186 0
39623 39623 1 1 846283 0
39624 39624 1 1 846380 0
39625 39625 1 1 846477 0
39626 39626 1 1 846574 0
39627 39627 1 1 846671 0
39628 39628 1 1 846768 0
39629 39629 1 1 846865 0
39630 39630 1 1 846962 0
39631 39631 1 1 847059 0
39632 39632 1 1 847156 0
39633 39633 1 1 847253 0
39634 39634 1 1 847350 0
39635 39635 1 1 847447 0
39636 39636 1 1 847544 0
39637 39637 1 1 847641 0
39638 39638 1 1 847738 0
39639 39639 1 1 847835 0
39640 39640 1 1 847932 0
39641 39641 1 1 848029 0
39642 39642 1 1 848126 0
39643 39643 1 1 848223 0
39644 39644 1 1 848320 0
39645 39645 1 1 848417 0
39646 39646 1 1 848514 0
39647 39647 1 1 848611 0
39648 39648 1 1 848708 0
39649 39649 1 1 848805 0
39650 39650 1 1 848902 0
39651 39651 1 1 848999 0
39652 39652 1 1 849096 0
39653 39653 1 1 849193 0
39654 39654 1 1 849290 0
39655 39655 1 1 849387 0
39656 39656 1 1 849484 0
39657 39657 1 1 849581 0
39658 39658 1 1 849678 0
39659 39659 1 1 849775 0
39660 39660 1 1 849872 0
39661 39661 1 1 849969 0
39662 39662 1 1 850066 0
39663 39663 1 1 850163 0
39664 39664 1 1 850260 0
39665 39665 1 1 850357 0
39666 39666 1 1 850454 0
39667 39667 1 1 850551 0
39668 39668 1 1 850648 0
39669 39669 1 1 850745 0
39670 39670 1 1 850842 0
39671 39671 1 1 850939 0
39672 39672 1 1 851036 0
39673 39673 1 1 851133 0
39674 39674 1 1 851230 0
39675 39675 1 1 851327 0
39676 39676 1 1 851424 0
39677 39677 1 1 851521 0
39678 39678 1 1 851618 0
39679 39679 1 1 851715 0
39680 39680 1 1 851812 0
39681 39681 1 1 851909 0
39682 39682 1 1 852006 0
39683 39683 1 1 852103 0
39684 39684 1 1 852200 0
39685 39685 1 1 852297 0
39686 39686 1 1 852394 0
39687 39687 1 1 852491 0
39688 39688 1 1 852588 0
39689 39689 1 1 852685 0
39690 39690 1 1 852782 0
39691 39691 1 1 852879 0
39692 39692 1 1 852976 0
39693 39693 1 1 853073 0
39694 39694 1 1 853170 0
39695 39695 1 1 853267 0
39696 39696 1 1 853364 0
39697 39697 1 1 853461 0
39698 39698 1 1 853558 0
39699 39699 1 1 853655 0
39700 39700 1 1 853752 0
39701 39701 1 1 853849 0
39702 39702 1 1 853946 0
39703 39703 1 1 854043 0
39704 39704 1 1 854140 0
39705 39705 1 1 854237 0
39706 39706 1 1 854334 0
39707 39707 1 1 854431 0
39708 39708 1 1 854528 0
39709 39709 1 1 854625 0
39710 39710 1 1 854722 0
39711 39711 1 1 854819 0
39712 39712 1 1 854916 0
39713 39713 1 1 855013 0
39714 39714 1 1 855110 0
39715 39715 1 1 855207 0
39716 39716 1 1 855304 0
39717 39717 1 1 855401 0
39718 39718 1 1 855498 0
39719 39719 1 1 855595 0
39720 39720 1 1 855692 0
39721 39721 1 1 855789 0
39722 39722 1 1 855886 0
39723 39723 1 1 855983 0
39724 39724 1 1 856080 0
39725 39725 1 1 856177 0
39726 39726 1 1 856274 0
39727 39727 1 1 856371 0
39728 39728 1 1 856468 0
39729 39729 1 1 856565 0
39730 39730 1 1 856662 0
39731 39731 1 1 856759 0
39732 39732 1 1 856856 0
39733 39733 1 1 856953 0
39734 39734 1 1 857050 0
39735 39735 1 1 857147 0
39736 39736 1 1 857244 0
39737 39737 1 1 857341 0
39738 39738 1 1 857438 0
39739 39739 1 1 857535 0
39740 39740 1 1 857632 0
39741 39741 1 1 857729 0
39742 39742 1 1 857826 0
39743 39743 1 1 857923 0
39744 39744 1 1 858020 0
39745 39745 1 1 858117 0
39746 39746 1 1 858214 0
39747 39747 1 1 858311 0
39748 39748 1 1 858408 0
39749 39749 1 1 858505 0
39750 39750 1 1 858602 0
39751 39751 1 1 858699 0
39752 39752 1 1 858796 0
39753 39753 1 1 858893 0
39754 39754 1 1 858990 0
39755 39755 1 1 859087 0
39756 39756 1 1 859184 0
39757 39757 1 1 859281 0
39758 39758 1 1 859378 0
39759 39759 1 1 859475 0
39760 39760 1 1 859572 0
39761 39761 1 1 859669 0
39762 39762 1 1 859766 0
39763 39763 1 1 859863 0
39764 39764 1 1 859960 0
39765 39765 1 1 860057 0
39766 39766 1 1 860154 0
39767 39767 1 1 860251 0
39768 39768 1 1 860348 0
39769 39769 1 1 860445 0
39770 39770 1 1 860542 0
39771 39771 1 1 860639 0
39772 39772 1 1 860736 0
39773 39773 1 1 860833 0
39774 39774 1 1 860930 0
39775 39775 1 1 861027 0
39776 39776 1 1 861124 0
39777 39777 1 1 861221 0
39778 39778 1 1 861318 0
39779 39779 1 1 861415 0
39780 39780 1 1 861512 0
39781 39781 1 1 861609 0
39782 39782 1 1 861706 0
39783 39783 1 1 861803 0
39784 39784 1 1 861900 0
39785 39785 1 1 861997 0
39786 39786 1 1 862094 0
39787 39787 1 1 862191 0
39788 39788 1 1 862288 0
39789 39789 1 1 862385 0
39790 39790 1 1 862482 0
39791 39791 1 1 862579 0
39792 39792 1 1 862676 0
39793 39793 1 1 862773 0
39794 39794 1 1 862870 0
39795 39795 1 1 862967 0
39796 39796 1 1 863064 0
39797 39797 1 1 863161 0
39798 39798 1 1 863258 0
39799 39799 1 1 863355 0
39800 39800 1 1 863452 0
39801 39801 1 1 863549 0
39802 39802 1 1 863646 0
39803 39803 1 1 863743 0
39804 39804 1 1 863840 0
39805 39805 1 1 863937 0
39806 39806 1 1 864034 0
39807 39807 1 1 864131 0
39808 39808 1 1 864228 0
39809 39809 1 1 864325 0
39810 39810 1 1 864422 0
39811 39811 1 1 864519 0
39812 39812 1 1 864616 0
39813 39813 1 1 864713 0
39814 39814 1 1 864810 0
39815 39815 1 1 864907 0
39816 39816 1 1 865004 0
39817 39817 1 1 865101 0
39818 39818 1 1 865198 0
39819 39819 1 1 865295 0
39820 39820 1 1 865392 0
39821 39821 1 1 865489 0
39822 39822 1 1 865586 0
39823 39823 1 1 865683 0
39824 39824 1 1 865780 0
39825 39825 1 1 865877 0
39826 39826 1 1 865974 0
39827 39827 1 1 866071 0
39828 39828 1 1 866168 0
39829 39829 1 1 866265 0
39830 39830 1 1 866362 0
39831 39831 1 1 866459 0
39832 39832 1 1 866556 0
39833 39833 1 1 866653 0
39834 39834 1 1 866750 0
39835 39835 1 1 866847 0
39836 39836 1 1 866944 0
39837 39837 1 1 867041 0
39838 39838 1 1 867138 0
39839 39839 1 1 867235 0
39840 39840 1 1 867332 0
39841 39841 1 1 867429 0
39842 39842 1 1 867526 0
39843 39843 1 1 867623 0
39844 39844 1 1 867720 0
39845 39845 1 1 867817 0
39846 39846 1 1 867914 0
39847 39847 1 1 868011 0
39848 39848 1 1 868108 0
39849 39849 1 1 868205 0
39850 39850 1 1 868302 0
39851 39851 1 1 868399 0
39852 39852 1 1 868496 0
39853 39853 1 1 868593 0
39854 39854 1 1 868690 0
39855 39855 1 1 868787 0
39856 39856 1 1 868884 0
39857 39857 1 1 868981 0
39858 39858 1 1 869078 0
39859 39859 1 1 869175 0
39860 39860 1 1 869272 0
39861 39861 1 1 869369 0
39862 39862 1 1 869466 0
39863 39863 1 1 869563 0
39864 39864 1 1 869660 0
39865 39865 1 1 869757 0
39866 39866 1 1 869854 0
39867 39867 1 1 869951 0
39868 39868 1 1 870048 0
39869 39869 1 1 870145 0
39870 39870 1 1 870242 0
39871 39871 1 1 870339 0
39872 39872 1 1 870436 0
39873 39873 1 1 870533 0
39874 39874 1 1 870630 0
39875 39875 1 1 870727 0
39876 39876 1 1 870824 0
39877 39877 1 1 870921 0
39878 39878 1 1 871018 0
39879 39879 1 1 871115 0
39880 39880 1 1 871212 0
39881 39881 1 1 871309 0
39882 39882 1 1 871406 0
39883 39883 1 1 871503 0
39884 39884 1 1 871600 0
39885 39885 1 1 871697 0
39886 39886 1 1 871794 0
39887 39887 1 1 871891 0
39888 39888 1 1 871988 0
39889 39889 1 1 872085 0
39890 39890 1 1 872182 0
39891 39891 1 1 872279 0
39892 39892 1 1 872376 0
39893 39893 1 1 872473 0
39894 39894 1 1 872570 0
39895 39895 1 1 872667 0
39896 39896 1 1 872764 0
39897 39897 1 1 872861 0
39898 39898 1 1 872958 0
39899 39899 1 1 873055 0
39900 39900 1 1 873152 0
39901 39901 1 1 873249 0
39902 39902 1 1 873346 0
39903 39903 1 1 873443 0
39904 39904 1 1 873540 0
39905 39905 1 1 873637 0
39906 39906 1 1 873734 0
39907 39907 1 1 873831 0
39908 39908 1 1 873928 0
39909 39909 1 1 874025 0
39910 39910 1 1 874122 0
39911 39911 1 1 874219 0
39912 39912 1 1 874316 0
39913 39913 1 1 874413 0
39914 39914 1 1 874510 0
39915 39915 1 1 874607 0
39916 39916 1 1 874704 0
39917 39917 1 1 874801 0
39918 39918 1 1 874898 0
39919 39919 1 1 874995 0
39920 39920 1 1 875092 0
39921 39921 1 1 875189 0
39922 39922 1 1 875286 0
39923 39923 1 1 875383 0
39924 39924 1 1 875480 0
39925 39925 1 1 875577 0
39926 39926 1 1 875674 0
39927 39927 1 1 875771 0
39928 39928 1 1 875868 0
39929 39929 1 1 875965 0
39930 39930 1 1 876062 0
39931 39931 1 1 876159 0
39932 39932 1 1 876256 0
39933 39933 1 1 876353 0
39934 39934 1 1 876450 0
39935 39935 1 1 876547 0
39936 39936 1 1 876644 0
39937 39937 1 1 876741 0
39938 39938 1 1 876838 0
39939 39939 1 1 876935 0
39940 39940 1 1 877032 0
39941 39941 1 1 877129 0
39942 39942 1 1 877226 0
39943 39943 1 1 877323 0
39944 39944 1 1 877420 0
39945 39945 1 1 877517 0
39946 39946 1 1 877614 0
39947 39947 1 1 877711 0
39948 39948 1 1 877808 0
39949 39949 1 1 877905 0
39950 39950 1 1 878002 0
39951 39951 1 1 878099 0
39952 39952 1 1 878196 0
39953 39953 1 1 878293 0
39954 39954 1 1 878390 0
39955 39955 1 1 878487 0
39956 39956 1 1 878584 0
39957 39957 1 1 878681 0
39958 39958 1 1 878778 0
39959 39959 1 1 878875 0
39960 39960 1 1 878972 0
39961 39961 1 1 879069 0
39962 39962 1 1 879166 0
39963 39963 1 1 879263 0
39964 39964 1 1 879360 0
39965 39965 1 1 879457 0
39966 39966 1 1 879554 0
39967 39967 1 1 879651 0
39968 39968 1 1 879748 0
39969 39969 1 1 879845 0
39970 39970 1 1 879942 0
39971 39971 1 1 880039 0
39972 39972 1 1 880136 0
39973 39973 1 1 880233 0
39974 39974 1 1 880330 0
39975 39975 1 1 880427 0
39976 39976 1 1 880524 0
39977 39977 1 1 880621 0
39978 39978 1 1 880718 0
39979 39979 1 1 880815 0
39980 39980 1 1 880912 0
39981 39981 1 1 881009 0
39982 39982 1 1 881106 0
39983 39983 1 1 881203 0
39984 39984 1 1 881300 0
39985 39985 1 1 881397 0
39986 39986 1 1 881494 0
39987 39987 1 1 881591 0
39988 39988 1 1 881688 0
39989 39989 1 1 881785 0
39990 39990 1 1 881882 0
39991 39991 1 1 881979 0
39992 39992 1 1 882076 0
39993 39993 1 1 882173 0
39994 39994 1 1 882270 0
39995 39995 1 1 882367 0
39996 39996 1 1 882464 0
39997 39997 1 1 882561 0
39998 39998 1 1 882658 0
39999 39999 1 1 882755 0
40000 40000 1 1 882852 0
